,COD_ACIDENTE,DISTRITO,LATITUDE,LONGITUDE,VIA,KM,QT_FLIGEIROS,QT_FGRAVES,QT_MORTOS,QT_VIAS_SENTIDO,VEL_LIM_LOCAL,BERMA_VIA,CONDICAO_ADERENCIA,FAIXA_RODAGEM,FATOR_ATMOSFERICO,INTERSECAO_VIA,LOCALIZACAO,LUMINOSIDADE,PERFIL_VIA,PLANTA_VIA,SITUACAO_ACIDENTE,TIPO_NATUREZA,DIA_SEMANA,FLAG_FERIADO,QT_VEICULOS,COD_FREGUESIA,DATA,HORA,GRAVIDADE,ERA_DIA,MAU_TEMPO,ESTRADA_SECA,DENSIDADE_TOTAL,COD_DISTRITO_INE,COD_CONCELHO_INE,COD_FREGUESIA_INE,TOTAL
4988,2008328490,Braga,41.501682,-8.435194000000001,EN(d)309,30.65,1,0,0,1.0,50,Berma pavimentada,Seco e limpo,Dois sentidos,Bom tempo,Em rotunda,Dentro das localidades,Em pleno dia,Com inclinação,Curva,Em plena via,Colisão,QUINTA-FEIRA ,0,2,22,2008-05-10,8,ligeiro,Sim,Nao,Sim,155.0,1,2,22,2381
4995,2010441959,Braga,41.436246999999995,-8.145715,A7,57.95,1,0,0,2.0,120,Berma pavimentada,Molhado,Sentido único,Chuva,Fora da intersecção,Fora das localidades,Em pleno dia,Com inclinação,Recta,Em plena via,Despiste,TERÇA-FEIRA  ,0,1,22,2010-01-13,16,ligeiro,Sim,Sim,Nao,155.0,1,2,22,2381
5001,2008304727,Braga,41.528265000000005,-8.29553,ER310,6.95,3,0,0,2.0,50,Sem berma ou impraticável,Molhado,Dois sentidos,Chuva,Em entroncamento,Dentro das localidades,Em pleno dia,Com inclinação,Recta,Em plena via,Colisão,SEXTA-FEIRA  ,0,2,22,2007-12-03,9,ligeiro,Sim,Sim,Nao,155.0,1,2,22,2381
5008,2012614137,Braga,41.446065999999995,-8.155472999999999,EN206,55.1,2,0,0,1.0,50,Sem berma ou impraticável,Molhado,Dois sentidos,Chuva,Fora da intersecção,Dentro das localidades,Em pleno dia,Com inclinação,Recta,Em plena via,Colisão,DOMINGO      ,0,2,22,2012-04-11,13,ligeiro,Sim,Sim,Nao,155.0,1,2,22,2381
5020,2010482608,Braga,41.50159,-8.435186,EN(d)309,30.64,2,0,0,1.0,50,Berma pavimentada,Seco e limpo,Dois sentidos,Bom tempo,Em rotunda,Dentro das localidades,Em pleno dia,Com inclinação,Curva,Em plena via,Colisão,SEGUNDA-FEIRA,0,2,22,2010-07-30,18,ligeiro,Sim,Nao,Sim,155.0,1,2,22,2381
5038,2011519165,Braga,41.444948,-8.157258,EN206,54.9,1,0,0,1.0,50,Sem berma ou impraticável,Húmido,Dois sentidos,Chuva,Fora da intersecção,Dentro das localidades,Em pleno dia,Em patamar,Curva,Na berma,Despiste,DOMINGO      ,0,1,22,2011-01-11,10,ligeiro,Sim,Sim,Nao,155.0,1,2,22,2381
5052,2008344803,Braga,41.501682,-8.435194000000001,EN(d)309,30.65,1,0,0,1.0,50,Berma não pavimentada,Seco e limpo,Dois sentidos,Bom tempo,Em rotunda,Fora das localidades,Em pleno dia,Com inclinação,Curva,Em plena via,Colisão,SÁBADO       ,0,2,22,2008-10-29,12,ligeiro,Sim,Nao,Sim,155.0,1,2,22,2381
5064,2012579573,Braga,41.436246999999995,-8.145715,A7,57.95,1,0,0,2.0,120,Berma pavimentada,Molhado,Sentido único,Chuva,Fora da intersecção,Fora das localidades,Em pleno dia,Com inclinação,Recta,Em plena via,Despiste,DOMINGO      ,0,1,22,2011-11-03,10,ligeiro,Sim,Sim,Nao,155.0,1,2,22,2381
5065,2012631248,Braga,41.40918,-7.966908,EN304,129.85,4,0,0,1.0,50,Berma não pavimentada,Seco e limpo,Dois sentidos,Bom tempo,Fora da intersecção,Dentro das localidades,Em pleno dia,Em patamar,Curva,Em plena via,Despiste,TERÇA-FEIRA  ,0,1,22,2012-07-29,7,ligeiro,Sim,Nao,Sim,155.0,1,2,22,2381
5077,2009408915,Braga,41.497863,-8.435098,EN(d)309,30.22,0,1,0,2.0,50,Berma pavimentada,Seco e limpo,Dois sentidos,Bom tempo,Fora da intersecção,Dentro das localidades,Em pleno dia,Em patamar,Recta,No passeio,Atropelamento,SEGUNDA-FEIRA,0,1,22,2009-08-28,13,ligeiro,Sim,Nao,Sim,155.0,1,2,22,2381
5091,2011523791,Braga,41.445091999999995,-8.142671,EN206,56.3,2,0,0,1.0,50,Berma pavimentada,Seco e limpo,Dois sentidos,Bom tempo,Em cruzamento,Dentro das localidades,Em pleno dia,Com inclinação,Recta,Em plena via,Colisão,DOMINGO      ,0,2,22,2011-02-03,9,ligeiro,Sim,Nao,Sim,155.0,1,2,22,2381
5093,2012608175,Braga,41.411390000000004,-7.96793,EN304,130.1,1,0,0,1.0,50,Sem berma ou impraticável,Seco e limpo,Dois sentidos,Bom tempo,Fora da intersecção,Fora das localidades,Em pleno dia,Com inclinação,Curva,Em plena via,Despiste,SEXTA-FEIRA  ,0,1,22,2012-03-23,15,ligeiro,Sim,Nao,Sim,155.0,1,2,22,2381
5109,2010452578,Braga,41.438327,-8.135346,EN206,57.73,1,0,0,1.0,50,Berma pavimentada,Húmido,Dois sentidos,Chuva,Em entroncamento,Dentro das localidades,"Noite, com iluminação",Com inclinação,Curva,Em plena via,Despiste,DOMINGO      ,0,1,22,2010-03-26,20,ligeiro,Nao,Sim,Nao,155.0,1,2,22,2381
5121,2007300565,Braga,41.437365,-8.133955,EN206,58.19,1,0,0,1.0,50,Berma não pavimentada,Seco e limpo,Dois sentidos,Bom tempo,Em cruzamento,Fora das localidades,"Noite, com iluminação",Em patamar,Recta,Em plena via,Atropelamento,SÁBADO       ,0,1,22,2007-11-11,20,ligeiro,Nao,Nao,Sim,155.0,1,2,22,2381
5137,2010469744,Braga,41.446319,-8.150324000000001,EN206,55.62,4,0,0,1.0,50,Berma pavimentada,Seco e limpo,Dois sentidos,Bom tempo,Fora da intersecção,Dentro das localidades,Em pleno dia,Com inclinação,Recta,No passeio,Despiste,SEGUNDA-FEIRA,0,1,22,2010-06-26,17,ligeiro,Sim,Nao,Sim,155.0,1,2,22,2381
5141,2011562093,Braga,41.501682,-8.435194000000001,EN(d)309,30.65,1,0,0,1.0,50,Berma pavimentada,Seco e limpo,Dois sentidos,Bom tempo,Em rotunda,Dentro das localidades,Em pleno dia,Em patamar,Recta,Em plena via,Colisão,SEXTA-FEIRA  ,0,2,22,2011-08-24,5,ligeiro,Sim,Nao,Sim,155.0,1,2,22,2381
5142,2010491570,Braga,41.502691999999996,-8.435175,EN(d)309,30.76,1,0,0,1.0,50,Berma não pavimentada,Seco e limpo,Dois sentidos,Bom tempo,Em entroncamento,Dentro das localidades,Em pleno dia,Em patamar,Recta,Em plena via,Atropelamento,QUARTA-FEIRA ,0,1,22,2010-09-21,13,ligeiro,Sim,Nao,Sim,155.0,1,2,22,2381
5173,2008344577,Braga,41.531381,-8.292411999999999,ER310,6.5,1,0,0,1.0,50,Sem berma ou impraticável,Seco e limpo,Dois sentidos,Bom tempo,Fora da intersecção,Dentro das localidades,Em pleno dia,Em patamar,Curva,Na berma,Despiste,SÁBADO       ,0,1,22,2008-10-18,16,ligeiro,Sim,Nao,Sim,155.0,1,2,22,2381
5199,2009409810,Braga,41.528265000000005,-8.29553,ER310,6.95,2,0,0,1.0,50,Berma pavimentada,Seco e limpo,Dois sentidos,Bom tempo,Em entroncamento,Dentro das localidades,"Noite, com iluminação",Em patamar,Recta,Em plena via,Colisão,SEXTA-FEIRA  ,0,2,22,2009-08-09,20,ligeiro,Nao,Nao,Sim,155.0,1,2,22,2381
5211,2012597611,Braga,41.533505,-8.287967,ER310,6.05,1,0,0,1.0,50,Sem berma ou impraticável,Húmido,Dois sentidos,Bom tempo,Fora da intersecção,Dentro das localidades,Em pleno dia,Em patamar,Curva,Em plena via,Colisão,QUARTA-FEIRA ,1,2,22,2012-01-01,12,ligeiro,Sim,Nao,Nao,155.0,1,2,22,2381
5214,2008301934,Braga,41.44505,-8.156605,EN206,54.95,1,0,0,1.0,50,Sem berma ou impraticável,Seco e limpo,Dois sentidos,Bom tempo,NÃO DEFINIDO,Dentro das localidades,Em pleno dia,Em patamar,Recta,Na berma,Despiste,SEGUNDA-FEIRA,0,1,22,2007-11-18,11,ligeiro,Sim,Nao,Sim,155.0,1,2,22,2381
5224,2011523788,Braga,41.416344,-7.977453,EN304,128.15,1,0,0,2.0,50,Berma pavimentada,Seco e limpo,Dois sentidos,Bom tempo,Em entroncamento,Dentro das localidades,"Noite, com iluminação",Em patamar,Recta,Em plena via,Colisão,SÁBADO       ,0,2,22,2011-02-08,18,ligeiro,Nao,Nao,Sim,155.0,1,2,22,2381
5244,2008337288,Braga,41.446045,-8.145963,EN206,56.0,1,0,0,1.0,50,Sem berma ou impraticável,Seco e limpo,Dois sentidos,Bom tempo,Fora da intersecção,Dentro das localidades,Em pleno dia,Com inclinação,Curva,Em plena via,Colisão,SEXTA-FEIRA  ,0,3,22,2008-08-04,14,ligeiro,Sim,Nao,Sim,155.0,1,2,22,2381
5252,2011555108,Braga,41.446298,-8.160599000000001,EN206,54.6,1,0,0,1.0,50,Berma não pavimentada,Molhado,Dois sentidos,Chuva,Fora da intersecção,Dentro das localidades,Em pleno dia,Em patamar,Curva,Em plena via,Despiste,QUINTA-FEIRA ,0,1,22,2011-07-09,12,ligeiro,Sim,Sim,Nao,155.0,1,2,22,2381
5253,2012608172,Braga,41.530674,-8.293069000000001,ER310,6.6,1,0,0,1.0,50,Berma pavimentada,Seco e limpo,Dois sentidos,Bom tempo,Fora da intersecção,Dentro das localidades,Em pleno dia,Em patamar,Curva,Na berma,Colisão,DOMINGO      ,0,2,22,2012-03-30,10,ligeiro,Sim,Nao,Sim,155.0,1,2,22,2381
5257,2009390954,Braga,41.415991999999996,-7.977082000000001,EN304,128.2,1,0,0,1.0,50,Berma pavimentada,Seco e limpo,Dois sentidos,Bom tempo,Em entroncamento,Dentro das localidades,Em pleno dia,Em patamar,Curva,Em plena via,Colisão,QUINTA-FEIRA ,0,2,22,2009-06-12,9,ligeiro,Sim,Nao,Sim,155.0,1,2,22,2381
5259,2008302170,Braga,41.498272,-8.435378,EN(d)309,30.27,1,0,0,1.0,50,Sem berma ou impraticável,Seco e limpo,Dois sentidos,Bom tempo,Em entroncamento,Dentro das localidades,Aurora ou crepúsculo,Em patamar,Recta,Em plena via,Colisão,SÁBADO       ,0,2,22,2007-11-16,17,ligeiro,Nao,Nao,Sim,155.0,1,2,22,2381
5274,2012579563,Braga,41.447813000000004,-8.158934,EN206,54.2,1,0,0,1.0,50,Berma não pavimentada,Molhado,Dois sentidos,Chuva,Fora da intersecção,Dentro das localidades,Em pleno dia,Em patamar,Recta,Em plena via,Colisão,SEGUNDA-FEIRA,0,3,22,2011-11-09,8,ligeiro,Sim,Sim,Nao,155.0,1,2,22,2381
5275,2007293615,Braga,41.531269,-8.2926,ER310,6.52,2,0,0,1.0,60,Berma pavimentada,Molhado,Dois sentidos,Chuva,Em entroncamento,Dentro das localidades,Em pleno dia,Em patamar,Recta,Em plena via,Colisão,QUARTA-FEIRA ,0,2,22,2007-08-26,8,ligeiro,Sim,Sim,Nao,155.0,1,2,22,2381
5282,2009373218,Braga,41.447813000000004,-8.158934,EN206,54.2,2,0,0,2.0,50,Sem berma ou impraticável,Molhado,Dois sentidos,Chuva,Em via de desaceleração,Dentro das localidades,Em pleno dia,Em patamar,Curva,Na berma,Despiste,SEXTA-FEIRA  ,0,1,22,2009-04-06,13,ligeiro,Sim,Sim,Nao,155.0,1,2,22,2381
5286,2012618215,Braga,41.436893,-8.135674,EN206,57.9,2,0,0,1.0,50,Berma não pavimentada,Húmido,Dois sentidos,Chuva,Fora da intersecção,Dentro das localidades,Em pleno dia,Com inclinação,Curva,Na berma,Despiste,QUINTA-FEIRA ,1,1,22,2012-05-01,15,ligeiro,Sim,Sim,Nao,155.0,1,2,22,2381
5293,2007274145,Braga,41.616412,-8.255436999999999,EN103,58.83,1,0,0,2.0,50,Berma pavimentada,Molhado,Dois sentidos,Chuva,Fora da intersecção,Dentro das localidades,"Noite, sem iluminação",Com inclinação,Curva,Em plena via,Colisão,SEXTA-FEIRA  ,0,2,21,2007-02-10,18,ligeiro,Nao,Sim,Nao,290.9,1,2,21,8528
5298,2007275667,Braga,41.608759,-8.270031,EN103,57.05,1,0,0,1.0,50,Berma pavimentada,Molhado,Dois sentidos,Chuva,Fora da intersecção,Dentro das localidades,Em pleno dia,Com inclinação,Curva,Em plena via,Colisão,SEGUNDA-FEIRA,0,2,21,2007-02-24,11,ligeiro,Sim,Sim,Nao,290.9,1,2,21,8528
5300,2007277775,Braga,41.532433000000005,-8.384772,EN(d)309,42.1,1,0,0,1.0,50,Berma pavimentada,Seco e limpo,Sentido único,Bom tempo,Em rotunda,Dentro das localidades,"Noite, com iluminação",Em patamar,Curva,Em plena via,Colisão,DOMINGO      ,0,2,21,2007-03-17,21,ligeiro,Nao,Nao,Sim,290.9,1,2,21,8528
5309,2007293148,Braga,41.598781,-8.277144,EN103,55.6,1,0,0,1.0,50,Berma pavimentada,Seco e limpo,Dois sentidos,Bom tempo,NÃO DEFINIDO,Dentro das localidades,Em pleno dia,Em patamar,Recta,No passeio,Despiste,SÁBADO       ,0,1,21,2007-08-23,18,ligeiro,Sim,Nao,Sim,290.9,1,2,21,8528
5319,2008303776,Braga,41.599159,-8.276652,EN103,55.66,0,2,0,2.0,50,Berma pavimentada,Seco e limpo,Dois sentidos,Bom tempo,Fora da intersecção,Dentro das localidades,Em pleno dia,Em patamar,Recta,Em plena via,Colisão,SÁBADO       ,0,2,21,2007-12-26,13,ligeiro,Sim,Nao,Sim,290.9,1,2,21,8528
5323,2008323667,Braga,41.614159,-8.252267999999999,EN103,59.3,2,0,0,1.0,50,Berma pavimentada,Molhado,Dois sentidos,Chuva,Fora da intersecção,Dentro das localidades,Em pleno dia,Com inclinação,Curva,Em plena via,Despiste,SEGUNDA-FEIRA,0,1,21,2008-04-20,12,ligeiro,Sim,Sim,Nao,290.9,1,2,21,8528
5328,2008310079,Braga,41.679069,-8.370256,EN205-3,7.0,0,0,1,1.0,80,Sem berma ou impraticável,Seco e limpo,Dois sentidos,Bom tempo,NÃO DEFINIDO,Dentro das localidades,Em pleno dia,Em patamar,Curva,Em plena via,Despiste,SÁBADO       ,0,1,21,2008-02-10,11,ligeiro,Sim,Nao,Sim,290.9,1,2,21,8528
5343,2009358154,Braga,41.597749,-8.280066999999999,EN103,55.32,2,0,0,1.0,90,Berma pavimentada,Molhado,Dois sentidos,Chuva,Em entroncamento,Dentro das localidades,Em pleno dia,Com inclinação,Recta,Em plena via,Colisão,DOMINGO      ,0,2,21,2009-01-29,11,ligeiro,Sim,Sim,Nao,290.9,1,2,21,8528
5346,2009351922,Braga,41.683088,-8.370657000000001,EN205-3,7.7,1,0,0,1.0,50,Berma pavimentada,Seco e limpo,Dois sentidos,Bom tempo,Fora da intersecção,Dentro das localidades,"Noite, com iluminação",Em patamar,Recta,Em plena via,Atropelamento,DOMINGO      ,0,1,21,2008-12-09,19,ligeiro,Nao,Nao,Sim,290.9,1,2,21,8528
5364,2009409773,Braga,41.603882,-8.27433,EN103,56.3,3,0,0,2.0,90,Berma pavimentada,Seco e limpo,Dois sentidos,Bom tempo,Fora da intersecção,Dentro das localidades,Em pleno dia,Com inclinação,Curva,Em plena via,Colisão,QUINTA-FEIRA ,0,2,21,2009-08-14,15,ligeiro,Sim,Nao,Sim,290.9,1,2,21,8528
5372,2010428115,Braga,41.676999,-8.372108,EN205-3,6.72,1,0,0,1.0,50,Sem berma ou impraticável,Húmido,Sentido único,Chuva,Fora da intersecção,Dentro das localidades,"Noite, sem iluminação",Em patamar,Recta,Em plena via,Colisão,TERÇA-FEIRA  ,0,2,21,2009-11-06,18,ligeiro,Nao,Sim,Nao,290.9,1,2,21,8528
5387,2010486996,Braga,41.599415,-8.27633,EN103,55.7,2,0,0,1.0,50,Sem berma ou impraticável,Seco e limpo,Dois sentidos,Bom tempo,Fora da intersecção,Dentro das localidades,Em pleno dia,Em patamar,Recta,Na berma,Despiste,QUARTA-FEIRA ,0,1,21,2010-08-01,7,ligeiro,Sim,Nao,Sim,290.9,1,2,21,8528
5396,2011527201,Braga,41.616187,-8.253989,EN103,59.0,1,0,0,1.0,50,Berma não pavimentada,Molhado,Dois sentidos,Chuva,Fora da intersecção,Dentro das localidades,Em pleno dia,Com inclinação,Curva,Na berma,Despiste,TERÇA-FEIRA  ,0,1,21,2011-03-27,12,ligeiro,Sim,Sim,Nao,290.9,1,2,21,8528
5399,2011529704,Braga,41.610042,-8.259781,EN103,58.0,4,0,0,1.0,90,Sem berma ou impraticável,Seco e limpo,Dois sentidos,Bom tempo,Fora da intersecção,Fora das localidades,Em pleno dia,Em patamar,Recta,Em plena via,Colisão,QUINTA-FEIRA ,0,4,21,2011-04-26,17,ligeiro,Sim,Nao,Sim,290.9,1,2,21,8528
5402,2011542164,Braga,41.596099,-8.281361,EN103,55.1,2,0,0,1.0,50,Berma não pavimentada,Seco e limpo,Dois sentidos,Bom tempo,Em cruzamento,Dentro das localidades,Em pleno dia,Em patamar,Recta,Em plena via,Colisão,TERÇA-FEIRA  ,0,2,21,2011-05-17,10,ligeiro,Sim,Nao,Sim,290.9,1,2,21,8528
5406,2011555077,Braga,41.606273,-8.272975,EN103,56.6,3,0,0,1.0,90,Berma pavimentada,Molhado,Dois sentidos,Chuva,Fora da intersecção,Fora das localidades,Em pleno dia,Em patamar,Recta,Em plena via,Colisão,QUINTA-FEIRA ,0,2,21,2011-07-09,13,ligeiro,Sim,Sim,Nao,290.9,1,2,21,8528
5416,2011567644,Braga,41.61333,-8.251911,EN103,59.4,1,0,0,1.0,50,Berma pavimentada,Seco e limpo,Dois sentidos,Bom tempo,Fora da intersecção,Dentro das localidades,Em pleno dia,Com inclinação,Curva,Em plena via,Despiste,SEGUNDA-FEIRA,0,1,21,2011-09-19,11,ligeiro,Sim,Nao,Sim,290.9,1,2,21,8528
5421,2012589883,Braga,41.598659999999995,-8.277308999999999,EN103,55.58,1,0,0,1.0,50,Sem berma ou impraticável,Húmido,Dois sentidos,Chuva,Fora da intersecção,Dentro das localidades,"Noite, com iluminação",Em patamar,Curva,Em plena via,Despiste,QUINTA-FEIRA ,0,1,21,2011-12-04,20,ligeiro,Nao,Sim,Nao,290.9,1,2,21,8528
5422,2012589893,Braga,41.684058,-8.367422,EN205-3,8.0,2,0,0,1.0,70,Berma não pavimentada,Molhado,Dois sentidos,Chuva,Fora da intersecção,Dentro das localidades,Em pleno dia,Com inclinação,Curva,Na berma,Despiste,QUINTA-FEIRA ,0,1,21,2011-12-04,16,ligeiro,Sim,Sim,Nao,290.9,1,2,21,8528
5424,2012579548,Braga,41.61333,-8.251911,EN103,59.4,2,0,0,1.0,50,Berma não pavimentada,Molhado,Dois sentidos,Chuva,Fora da intersecção,Dentro das localidades,Em pleno dia,Com inclinação,Curva,Na berma,Despiste,SEGUNDA-FEIRA,0,1,21,2011-11-09,10,ligeiro,Sim,Sim,Nao,290.9,1,2,21,8528
5433,2012638727,Braga,41.608306,-8.270055000000001,EN103,57.0,1,0,0,2.0,50,Sem berma ou impraticável,Molhado,Dois sentidos,Chuva,Fora da intersecção,Dentro das localidades,Em pleno dia,Em patamar,Recta,Na berma,Despiste,SÁBADO       ,0,1,21,2012-08-24,16,ligeiro,Sim,Sim,Nao,290.9,1,2,21,8528
5437,2013670465,Braga,41.610381,-8.259376,EN103,58.05,1,0,0,2.0,50,Berma pavimentada,Seco e limpo,Dois sentidos,Bom tempo,Em cruzamento,Dentro das localidades,Em pleno dia,Em patamar,Recta,Em plena via,Colisão,SEGUNDA-FEIRA,0,2,21,2012-12-01,10,ligeiro,Sim,Nao,Sim,290.9,1,2,21,8528
5446,2011505922,Braga,41.609303000000004,-8.264056,EN103,57.6,1,0,0,1.0,50,Berma pavimentada,Seco e limpo,Dois sentidos,Bom tempo,Fora da intersecção,Dentro das localidades,Em pleno dia,Em patamar,Recta,No passeio,Atropelamento,SÁBADO       ,0,1,21,2010-11-03,8,ligeiro,Sim,Nao,Sim,290.9,1,2,21,8528
5448,2011514552,Braga,41.608306,-8.270055000000001,EN103,57.0,1,0,0,1.0,50,Berma não pavimentada,Seco e limpo,Dois sentidos,Bom tempo,Em entroncamento,Dentro das localidades,Em pleno dia,Em patamar,Recta,Em plena via,Colisão,SEGUNDA-FEIRA,0,2,21,2010-12-03,11,ligeiro,Sim,Nao,Sim,290.9,1,2,21,8528
5463,2010456119,Braga,41.440478999999996,-8.019727,EN(d)304,121.3,1,0,0,1.0,50,Berma não pavimentada,Molhado,Dois sentidos,Chuva,Fora da intersecção,Dentro das localidades,Em pleno dia,Com inclinação,Curva,Em plena via,Despiste,TERÇA-FEIRA  ,0,1,21,2010-04-03,16,ligeiro,Sim,Sim,Nao,290.9,1,2,21,8528
5467,2011528995,Braga,41.609509,-8.268828,EN103,57.2,1,0,0,1.0,50,Berma pavimentada,Molhado,Dois sentidos,Chuva,Em cruzamento,Dentro das localidades,Em pleno dia,Com inclinação,Curva,Na berma,Despiste,DOMINGO      ,0,1,21,2011-03-14,16,ligeiro,Sim,Sim,Nao,290.9,1,2,21,8528
5484,2011555141,Braga,41.615771,-8.255897000000001,EN103,58.75,1,0,0,1.0,50,Berma pavimentada,Molhado,Dois sentidos,Chuva,Fora da intersecção,Dentro das localidades,"Noite, com iluminação",Com inclinação,Recta,Na berma,Despiste,QUINTA-FEIRA ,0,1,21,2011-07-09,1,ligeiro,Nao,Sim,Nao,290.9,1,2,21,8528
5486,2007275664,Braga,41.609497999999995,-8.260746000000001,EN103,57.9,1,0,0,1.0,50,Berma pavimentada,Molhado,Dois sentidos,Chuva,Fora da intersecção,Dentro das localidades,Em pleno dia,Em patamar,Recta,Em plena via,Colisão,TERÇA-FEIRA  ,0,4,21,2007-02-19,17,ligeiro,Sim,Sim,Nao,290.9,1,2,21,8528
5487,2012636455,Braga,41.598426,-8.278184,EN103,55.5,2,1,0,1.0,50,Berma pavimentada,Molhado,Dois sentidos,Chuva,Fora da intersecção,Dentro das localidades,Em pleno dia,Em patamar,Recta,Em plena via,Colisão,SÁBADO       ,0,2,21,2012-08-24,8,ligeiro,Sim,Sim,Nao,290.9,1,2,21,8528
5491,2012636917,Braga,41.440658,-8.018171,EN(d)304,121.47,1,0,0,1.0,50,Sem berma ou impraticável,Seco e limpo,Dois sentidos,Bom tempo,Em entroncamento,Dentro das localidades,Em pleno dia,Em patamar,Curva,Em plena via,Colisão,SEXTA-FEIRA  ,0,2,21,2012-08-12,0,ligeiro,Sim,Nao,Sim,290.9,1,2,21,8528
5495,2011500206,Braga,41.596099,-8.281361,EN103,55.1,1,0,0,1.0,50,Berma pavimentada,Molhado,Dois sentidos,Chuva,Em cruzamento,Dentro das localidades,Em pleno dia,Em patamar,Recta,Em plena via,Colisão,SEGUNDA-FEIRA,0,2,21,2010-10-29,17,ligeiro,Sim,Sim,Nao,290.9,1,2,21,8528
5496,2010428117,Braga,41.535136,-8.383529,EN(d)309,42.42,1,0,0,1.0,50,Sem berma ou impraticável,Húmido,Dois sentidos,Chuva,Em entroncamento,Dentro das localidades,"Noite, com iluminação",Em patamar,Recta,Em plena via,Colisão,DOMINGO      ,0,2,21,2009-11-10,23,ligeiro,Nao,Sim,Nao,290.9,1,2,21,8528
5516,2007276670,Braga,41.614106,-8.256625999999999,EN103,58.55,2,0,0,1.0,50,Berma pavimentada,Molhado,Dois sentidos,Chuva,Fora da intersecção,Dentro das localidades,Em pleno dia,Em patamar,Curva,Em plena via,Colisão,DOMINGO      ,0,2,21,2007-03-06,15,ligeiro,Sim,Sim,Nao,290.9,1,2,21,8528
5529,2008321391,Braga,41.616467,-8.255393,EN103,58.84,2,0,0,1.0,50,Berma pavimentada,Molhado,Dois sentidos,Chuva,Fora da intersecção,Dentro das localidades,Em pleno dia,Com inclinação,Curva,Em plena via,Colisão,SÁBADO       ,0,2,21,2008-03-27,11,ligeiro,Sim,Sim,Nao,290.9,1,2,21,8528
5553,2012589884,Braga,41.606711,-8.272939,EN103,56.65,1,0,0,1.0,50,Berma pavimentada,Molhado,Dois sentidos,Chuva,Fora da intersecção,Fora das localidades,"Noite, sem iluminação",Com inclinação,Curva,Em plena via,Despiste,QUARTA-FEIRA ,0,1,21,2011-12-09,23,ligeiro,Nao,Sim,Nao,290.9,1,2,21,8528
5565,2008327080,Braga,41.610042,-8.259781,EN103,58.0,2,0,0,1.0,50,Sem berma ou impraticável,Molhado,Dois sentidos,Chuva,Fora da intersecção,Dentro das localidades,"Noite, sem iluminação",Em patamar,Recta,Na berma,Despiste,SEGUNDA-FEIRA,0,1,21,2008-05-24,1,ligeiro,Nao,Sim,Nao,290.9,1,2,21,8528
5569,2010468574,Braga,41.616706,-8.254989,EN103,58.88,2,0,0,1.0,50,Berma pavimentada,Húmido,Dois sentidos,Chuva,Fora da intersecção,Dentro das localidades,Em pleno dia,Com inclinação,Curva,Em plena via,Colisão,TERÇA-FEIRA  ,1,2,21,2010-06-10,13,ligeiro,Sim,Sim,Nao,290.9,1,2,21,8528
5573,2007295661,Braga,41.604671999999994,-8.273867,EN103,56.4,3,0,0,1.0,50,Berma pavimentada,Molhado,Dois sentidos,Chuva,Fora da intersecção,Dentro das localidades,Em pleno dia,Com inclinação,Curva,Em plena via,Colisão,QUINTA-FEIRA ,0,2,21,2007-09-30,11,ligeiro,Sim,Sim,Nao,290.9,1,2,21,8528
5575,2011511681,Braga,41.439478,-8.025537,EN(d)304,120.75,2,0,0,1.0,50,Berma pavimentada,Seco e limpo,Dois sentidos,Bom tempo,Fora da intersecção,Dentro das localidades,Em pleno dia,Em patamar,Recta,Na berma,Despiste,DOMINGO      ,0,1,21,2010-12-24,16,ligeiro,Sim,Nao,Sim,290.9,1,2,21,8528
5576,2013663291,Braga,41.604671999999994,-8.273867,EN103,56.4,2,0,0,1.0,50,Berma pavimentada,Seco e limpo,Dois sentidos,Bom tempo,Fora da intersecção,Dentro das localidades,Em pleno dia,Com inclinação,Recta,Em plena via,Despiste,SÁBADO       ,0,1,21,2012-11-07,13,ligeiro,Sim,Nao,Sim,290.9,1,2,21,8528
5583,2011510110,Braga,41.599415,-8.27633,EN103,55.7,0,0,2,2.0,50,Berma pavimentada,Molhado,Dois sentidos,Chuva,Fora da intersecção,Dentro das localidades,"Noite, com iluminação",Em patamar,Curva,Em plena via,Despiste,SEXTA-FEIRA  ,0,1,21,2010-12-06,23,grave,Nao,Sim,Nao,290.9,1,2,21,8528
5610,2011561971,Braga,41.608909999999995,-8.262334,EN103,57.75,5,0,0,1.0,50,Berma pavimentada,Seco e limpo,Dois sentidos,Bom tempo,Fora da intersecção,Dentro das localidades,Em pleno dia,Em patamar,Recta,Em plena via,Despiste,SEGUNDA-FEIRA,0,1,21,2011-08-21,17,ligeiro,Sim,Nao,Sim,290.9,1,2,21,8528
5613,2012636980,Braga,41.686811999999996,-8.366584,EN205-3,8.32,3,0,0,1.0,90,Sem berma ou impraticável,Seco e limpo,Dois sentidos,Chuva,Fora da intersecção,Fora das localidades,"Noite, sem iluminação",Em patamar,Recta,Em plena via,Colisão,DOMINGO      ,0,2,21,2012-08-14,21,ligeiro,Nao,Sim,Sim,290.9,1,2,21,8528
5622,2009402032,Braga,41.681791,-8.370549,EN205-3,7.45,1,0,0,1.0,50,Berma pavimentada,Seco e limpo,Dois sentidos,Bom tempo,Fora da intersecção,Dentro das localidades,Em pleno dia,Com inclinação,Curva,Em plena via,Colisão,SEXTA-FEIRA  ,0,2,21,2009-07-17,16,ligeiro,Sim,Nao,Sim,290.9,1,2,21,8528