,COD_ACIDENTE,DISTRITO,LATITUDE,LONGITUDE,VIA,KM,QT_FLIGEIROS,QT_FGRAVES,QT_MORTOS,QT_VIAS_SENTIDO,VEL_LIM_LOCAL,BERMA_VIA,CONDICAO_ADERENCIA,FAIXA_RODAGEM,FATOR_ATMOSFERICO,INTERSECAO_VIA,LOCALIZACAO,LUMINOSIDADE,PERFIL_VIA,PLANTA_VIA,SITUACAO_ACIDENTE,TIPO_NATUREZA,DIA_SEMANA,FLAG_FERIADO,QT_VEICULOS,COD_FREGUESIA,DATA,HORA,GRAVIDADE,ERA_DIA,MAU_TEMPO,ESTRADA_SECA,DENSIDADE_TOTAL,COD_DISTRITO_INE,COD_CONCELHO_INE,COD_FREGUESIA_INE,TOTAL
5639,2009373813,Braga,41.615026,-8.253435000000001,EN103,59.15,3,0,0,1.0,50,Berma não pavimentada,Húmido,Dois sentidos,Chuva,Fora da intersecção,Fora das localidades,Em pleno dia,Com inclinação,Recta,Em plena via,Colisão,SÁBADO       ,0,2,21,2009-04-29,7,ligeiro,Sim,Sim,Nao,290.9,1,2,21,8528
5652,2009383214,Braga,41.616187,-8.253989,EN103,59.0,1,0,0,2.0,50,Berma não pavimentada,Molhado,Dois sentidos,Chuva,Fora da intersecção,Fora das localidades,Em pleno dia,Com inclinação,Curva,Em plena via,Colisão,QUARTA-FEIRA ,0,3,21,2009-05-25,8,ligeiro,Sim,Sim,Nao,290.9,1,2,21,8528
5671,2007289770,Braga,41.401984999999996,-8.456199,A7,26.2,1,0,0,2.0,60,Berma pavimentada,Seco e limpo,Sentido único,Bom tempo,Fora da intersecção,Fora das localidades,"Noite, sem iluminação",Em patamar,Recta,Em plena via,Colisão,DOMINGO      ,0,2,21,2007-07-20,22,ligeiro,Nao,Nao,Sim,290.9,1,2,21,8528
5673,2010486572,Braga,41.609192,-8.269899,EN103,57.1,2,0,0,1.0,50,Sem berma ou impraticável,Molhado,Dois sentidos,Chuva,Fora da intersecção,Dentro das localidades,"Noite, com iluminação",Com inclinação,Curva,Na berma,Despiste,TERÇA-FEIRA  ,0,1,21,2010-08-23,20,ligeiro,Nao,Sim,Nao,290.9,1,2,21,8528
5675,2012589885,Braga,41.614332,-8.252317,EN103,59.28,1,0,0,1.0,90,Sem berma ou impraticável,Húmido,Dois sentidos,Nevoeiro,Fora da intersecção,Dentro das localidades,"Noite, sem iluminação",Em patamar,Curva,Em plena via,Despiste,SÁBADO       ,0,1,21,2011-12-06,6,ligeiro,Nao,Sim,Nao,290.9,1,2,21,8528
5681,2008327960,Braga,41.611539,-8.258444,EN103,58.2,1,0,0,1.0,50,Berma pavimentada,Molhado,Dois sentidos,Chuva,Fora da intersecção,Dentro das localidades,Em pleno dia,Com inclinação,Curva,Em plena via,Despiste,QUARTA-FEIRA ,0,1,21,2008-05-09,17,ligeiro,Sim,Sim,Nao,290.9,1,2,21,8528
5693,2009371769,Braga,41.609552,-8.265813,EN103,57.45,0,1,0,1.0,50,Berma pavimentada,Seco e limpo,Dois sentidos,Bom tempo,Em entroncamento,Dentro das localidades,"Noite, com iluminação",Em patamar,Recta,Em plena via,Despiste,DOMINGO      ,0,1,21,2009-03-10,22,ligeiro,Nao,Nao,Sim,290.9,1,2,21,8528
5698,2008321694,Braga,41.614159,-8.252267999999999,EN103,59.3,2,0,0,2.0,50,Berma pavimentada,Molhado,Dois sentidos,Chuva,Em via de aceleração,Fora das localidades,Em pleno dia,Em patamar,Recta,Em plena via,Despiste,DOMINGO      ,0,1,21,2008-03-11,14,ligeiro,Sim,Sim,Nao,290.9,1,2,21,8528
5701,2007294569,Braga,41.611539,-8.258444,EN103,58.2,1,0,0,1.0,50,NÃO DEFINIDO,Seco e limpo,Sentido único,Bom tempo,NÃO DEFINIDO,Dentro das localidades,Em pleno dia,Em patamar,Curva,Em plena via,Despiste,SÁBADO       ,0,1,21,2007-09-09,17,ligeiro,Sim,Nao,Sim,290.9,1,2,21,8528
5702,2010457473,Braga,41.613021,-8.257375999999999,EN103,58.4,1,0,0,1.0,50,Sem berma ou impraticável,Molhado,Dois sentidos,Chuva,Fora da intersecção,Dentro das localidades,Em pleno dia,Com inclinação,Recta,Em plena via,Despiste,SEXTA-FEIRA  ,0,1,21,2010-04-22,11,ligeiro,Sim,Sim,Nao,290.9,1,2,21,8528
5714,2007286876,Braga,41.609509,-8.268828,EN103,57.2,1,0,0,1.0,40,Berma pavimentada,Molhado,Dois sentidos,Chuva,Em entroncamento,Dentro das localidades,"Noite, com iluminação",Com inclinação,Curva,Em plena via,Despiste,QUINTA-FEIRA ,0,1,21,2007-06-25,1,ligeiro,Nao,Sim,Nao,290.9,1,2,21,8528
5717,2013662889,Braga,41.609303000000004,-8.264056,EN103,57.6,0,0,1,1.0,50,Berma pavimentada,Seco e limpo,Dois sentidos,Bom tempo,Fora da intersecção,Dentro das localidades,"Noite, com iluminação",Em patamar,Recta,Em plena via,Colisão,SEXTA-FEIRA  ,0,2,21,2012-11-28,21,ligeiro,Nao,Nao,Sim,290.9,1,2,21,8528
5721,2008344575,Braga,41.614159,-8.252267999999999,EN103,59.3,2,0,0,1.0,50,Berma pavimentada,Molhado,Dois sentidos,Chuva,Fora da intersecção,Dentro das localidades,Em pleno dia,Com inclinação,Curva,Em plena via,Despiste,QUINTA-FEIRA ,0,1,21,2008-10-16,16,ligeiro,Sim,Sim,Nao,290.9,1,2,21,8528
5722,2008341795,Braga,41.609192,-8.269899,EN103,57.1,2,0,0,1.0,50,Berma não pavimentada,Húmido,Dois sentidos,Chuva,Fora da intersecção,Dentro das localidades,Em pleno dia,Com inclinação,Curva,Em plena via,Despiste,TERÇA-FEIRA  ,0,1,21,2008-09-05,16,ligeiro,Sim,Sim,Nao,290.9,1,2,21,8528
5723,2010453759,Braga,41.602977,-8.275592,EN103,56.15,1,0,0,1.0,90,Berma pavimentada,Seco e limpo,Dois sentidos,Bom tempo,Fora da intersecção,Fora das localidades,Em pleno dia,Com inclinação,Curva,Em plena via,Colisão,SEGUNDA-FEIRA,0,2,21,2010-03-10,15,ligeiro,Sim,Nao,Sim,290.9,1,2,21,8528
5730,2011528996,Braga,41.616172,-8.255609,EN103,58.8,1,0,0,1.0,50,Sem berma ou impraticável,Molhado,Dois sentidos,Chuva,Fora da intersecção,Dentro das localidades,Em pleno dia,Com inclinação,Curva,Na berma,Despiste,DOMINGO      ,0,1,21,2011-03-14,13,ligeiro,Sim,Sim,Nao,290.9,1,2,21,8528
5733,2009389466,Braga,41.616554,-8.255288,EN103,58.85,1,0,0,2.0,50,Berma pavimentada,Molhado,Dois sentidos,Chuva,Fora da intersecção,Dentro das localidades,Em pleno dia,Com inclinação,Curva,Na berma,Despiste,SÁBADO       ,0,1,21,2009-06-08,14,ligeiro,Sim,Sim,Nao,290.9,1,2,21,8528
5747,2012645521,Braga,41.616009999999996,-8.253989,EN103,59.02,1,0,0,1.0,50,Berma não pavimentada,Molhado,Dois sentidos,Chuva,Fora da intersecção,Dentro das localidades,Em pleno dia,Com inclinação,Curva,Na berma,Despiste,TERÇA-FEIRA  ,0,1,21,2012-09-24,14,ligeiro,Sim,Sim,Nao,290.9,1,2,21,8528
5770,2009409319,Braga,41.683088,-8.370657000000001,EN205-3,7.7,1,0,0,1.0,50,Berma pavimentada,Húmido,Dois sentidos,Chuva,Fora da intersecção,Dentro das localidades,"Noite, com iluminação",Com inclinação,Curva,Em plena via,Atropelamento,QUARTA-FEIRA ,0,1,21,2009-08-24,20,ligeiro,Nao,Sim,Nao,290.9,1,2,21,8528
5777,2008344802,Braga,41.61333,-8.251911,EN103,59.4,1,0,0,1.0,50,Berma pavimentada,Molhado,Sentido único,Chuva,Fora da intersecção,Dentro das localidades,Em pleno dia,Com inclinação,Curva,Em plena via,Despiste,SEGUNDA-FEIRA,0,1,21,2008-10-31,8,ligeiro,Sim,Sim,Nao,290.9,1,2,21,8528
5779,2013656954,Braga,41.616172,-8.255609,EN103,58.8,1,0,0,1.0,90,Sem berma ou impraticável,Húmido,Dois sentidos,Chuva,Fora da intersecção,Fora das localidades,Em pleno dia,Com inclinação,Curva,Em plena via,Colisão,SEXTA-FEIRA  ,0,3,21,2012-10-08,10,ligeiro,Sim,Sim,Nao,290.9,1,2,21,8528
5782,2008348547,Braga,41.610042,-8.259781,EN103,58.0,1,0,0,1.0,50,Berma não pavimentada,Seco e limpo,Sentido único,Bom tempo,Em entroncamento,Dentro das localidades,Em pleno dia,Em patamar,Recta,Em plena via,Colisão,QUARTA-FEIRA ,0,3,21,2008-11-02,16,ligeiro,Sim,Nao,Sim,290.9,1,2,21,8528
5785,2010469703,Braga,41.609556,-8.266417,EN103,57.4,2,0,0,1.0,50,Berma pavimentada,Seco e limpo,Dois sentidos,Bom tempo,Fora da intersecção,Dentro das localidades,"Noite, com iluminação",Em patamar,Recta,Em plena via,Colisão,QUARTA-FEIRA ,0,2,21,2010-06-22,0,ligeiro,Nao,Nao,Sim,290.9,1,2,21,8528
5787,2011540696,Braga,41.682029,-8.370718,EN205-3,7.48,1,0,0,1.0,50,Berma pavimentada,Seco e limpo,Dois sentidos,Bom tempo,Em entroncamento,Dentro das localidades,"Noite, com iluminação",Em patamar,Curva,Na berma,Atropelamento,SÁBADO       ,0,1,21,2011-05-09,1,ligeiro,Nao,Nao,Sim,290.9,1,2,21,8528
5804,2007271534,Braga,41.400701,-8.515748,EN204,38.6,1,0,0,1.0,50,Berma pavimentada,Seco e limpo,Dois sentidos,Bom tempo,Em cruzamento,Dentro das localidades,Em pleno dia,Com inclinação,Recta,Em plena via,Colisão,QUINTA-FEIRA ,0,2,2,2007-01-12,11,ligeiro,Sim,Nao,Sim,373.8,1,1,2,1373
5816,2007273428,Braga,41.388627,-8.505281,EN204,40.5,1,0,0,1.0,50,Sem berma ou impraticável,Molhado,Dois sentidos,Chuva,Fora da intersecção,Dentro das localidades,Em pleno dia,Com inclinação,Recta,Em plena via,Colisão,SEXTA-FEIRA  ,0,2,2,2007-01-18,15,ligeiro,Sim,Sim,Nao,373.8,1,1,2,1373
5849,2007280489,Braga,41.486948999999996,-8.751278,EN(d)13,38.4,1,0,0,1.0,50,Berma pavimentada,Seco e limpo,Dois sentidos,Bom tempo,Fora da intersecção,Dentro das localidades,Em pleno dia,Em patamar,Recta,Em plena via,Colisão,SEGUNDA-FEIRA,0,2,2,2007-04-04,17,ligeiro,Sim,Nao,Sim,373.8,1,1,2,1373
5904,2007277213,Braga,41.368507,-8.007710000000001,EN210,22.02,0,0,1,1.0,90,Berma pavimentada,Seco e limpo,Dois sentidos,Bom tempo,Fora da intersecção,Fora das localidades,"Noite, sem iluminação",Em patamar,Recta,Em plena via,Atropelamento,TERÇA-FEIRA  ,0,1,2,2007-03-24,5,ligeiro,Nao,Nao,Sim,373.8,1,1,2,1373
5909,2007277772,Braga,41.389587,-8.510846,EN14,26.75,1,0,0,1.0,50,Berma pavimentada,Seco e limpo,Dois sentidos,Bom tempo,Em cruzamento,Dentro das localidades,"Noite, com iluminação",Em patamar,Curva,Em plena via,Colisão,SÁBADO       ,0,2,2,2007-03-16,19,ligeiro,Nao,Nao,Sim,373.8,1,1,2,1373
5956,2007290919,Braga,41.614313,-8.633094999999999,ER204,14.85,2,0,0,1.0,80,Sem berma ou impraticável,Seco e limpo,Dois sentidos,Bom tempo,Fora da intersecção,Dentro das localidades,Em pleno dia,Em patamar,Curva,Em plena via,Colisão,SEGUNDA-FEIRA,0,2,2,2007-07-21,16,ligeiro,Sim,Nao,Sim,373.8,1,1,2,1373
5966,2007283696,Braga,41.473110999999996,-8.746628999999999,EN(d)13,36.8,1,0,0,2.0,50,Berma pavimentada,Seco e limpo,Dois sentidos,Bom tempo,Em cruzamento,Dentro das localidades,"Noite, com iluminação",Em patamar,Recta,Em plena via,Colisão,SEXTA-FEIRA  ,0,2,2,2007-05-17,21,ligeiro,Nao,Nao,Sim,373.8,1,1,2,1373
6009,2007298131,Braga,41.469657,-8.746624,EN(d)13,36.5,1,0,0,1.0,50,Berma pavimentada,Seco e limpo,Dois sentidos,NÃO DEFINIDO,Fora da intersecção,Dentro das localidades,NÃO DEFINIDO,Em patamar,Recta,Em plena via,Despiste,QUARTA-FEIRA ,0,1,2,2007-10-11,18,ligeiro,Nao,Sim,Sim,373.8,1,1,2,1373
6057,2007293617,Braga,41.553528,-8.219547,ER207,68.3,1,0,0,2.0,50,Berma não pavimentada,Seco e limpo,Dois sentidos,Bom tempo,Fora da intersecção,Dentro das localidades,Em pleno dia,Em patamar,Curva,Em plena via,Colisão,SÁBADO       ,0,2,2,2007-08-17,15,ligeiro,Sim,Nao,Sim,373.8,1,1,2,1373
6117,2008308023,Braga,41.611563000000004,-8.632966,ER204,15.25,1,0,0,1.0,80,Berma pavimentada,Húmido,Dois sentidos,Nevoeiro,Em via de desaceleração,Dentro das localidades,Em pleno dia,Em Lomba,Curva,Em plena via,Despiste,QUINTA-FEIRA ,0,1,2,2008-01-22,8,ligeiro,Sim,Sim,Nao,373.8,1,1,2,1373
6137,2007301140,Braga,41.483534999999996,-8.749635000000001,EN(d)13,38.0,2,0,0,1.0,50,Berma pavimentada,Seco e limpo,Sentido único,Bom tempo,Em rotunda,Dentro das localidades,"Noite, com iluminação",Em patamar,Curva,Em plena via,Despiste,SÁBADO       ,0,1,2,2007-11-11,3,ligeiro,Nao,Nao,Sim,373.8,1,1,2,1373
6239,2008333245,Braga,41.480413,-8.747618,EN(d)13,37.6,4,0,0,1.0,50,Berma não pavimentada,Húmido,Dois sentidos,Chuva,Em entroncamento,Dentro das localidades,Em pleno dia,Em patamar,Recta,Em plena via,Colisão,TERÇA-FEIRA  ,0,3,2,2008-07-10,19,ligeiro,Sim,Sim,Nao,373.8,1,1,2,1373
6276,2008340682,Braga,41.388627,-8.505281,EN204,40.5,1,0,0,1.0,50,Sem berma ou impraticável,Molhado,Dois sentidos,Chuva,Fora da intersecção,Dentro das localidades,Em pleno dia,Com inclinação,Curva,Em plena via,Despiste,TERÇA-FEIRA  ,0,1,2,2008-09-05,14,ligeiro,Sim,Sim,Nao,373.8,1,1,2,1373
6286,2008340796,Braga,41.480396,-8.743367999999998,A28,42.6,1,0,0,2.0,120,Berma pavimentada,Seco e limpo,Sentido único,Bom tempo,Fora da intersecção,Fora das localidades,"Noite, com iluminação",Em patamar,Recta,Em plena via,Despiste,DOMINGO      ,0,1,2,2008-09-20,2,ligeiro,Nao,Nao,Sim,373.8,1,1,2,1373
6301,2008328297,Braga,41.469657,-8.746624,EN(d)13,36.5,2,0,0,1.0,50,Berma pavimentada,Molhado,Sentido único,Chuva,Fora da intersecção,Dentro das localidades,Em pleno dia,Em patamar,Recta,Em plena via,Despiste,TERÇA-FEIRA  ,0,1,2,2008-05-14,7,ligeiro,Sim,Sim,Nao,373.8,1,1,2,1373
6414,2008337319,Braga,41.374513,-8.308243,EN106,3.19,1,0,0,1.0,50,Berma pavimentada,Seco e limpo,Dois sentidos,Bom tempo,Fora da intersecção,Dentro das localidades,Em pleno dia,Em patamar,Recta,Na berma,Atropelamento,TERÇA-FEIRA  ,0,1,2,2008-08-02,18,ligeiro,Sim,Nao,Sim,373.8,1,1,2,1373
6440,2009351434,Braga,41.478929,-8.746396,EN(d)13,37.4,2,0,0,2.0,50,Sem berma ou impraticável,Seco e limpo,Dois sentidos,Bom tempo,Fora da intersecção,Dentro das localidades,Em pleno dia,Em patamar,Curva,Na berma,Despiste,DOMINGO      ,0,1,2,2008-12-20,11,ligeiro,Sim,Nao,Sim,373.8,1,1,2,1373
6503,2008344544,Braga,41.484058000000005,-8.749845,EN(d)13,38.06,2,0,0,2.0,50,Berma pavimentada,Seco e limpo,Sentido único,Bom tempo,Em rotunda,Dentro das localidades,"Noite, com iluminação",Em patamar,Curva,Em plena via,Despiste,DOMINGO      ,0,1,2,2008-10-24,0,ligeiro,Nao,Nao,Sim,373.8,1,1,2,1373
6585,2009373215,Braga,41.475045,-7.994915,EN206,74.2,1,0,0,2.0,90,Berma não pavimentada,Molhado,Dois sentidos,Chuva,Fora da intersecção,Fora das localidades,Em pleno dia,Com inclinação,Curva,Na berma,Despiste,TERÇA-FEIRA  ,0,1,2,2009-04-15,9,ligeiro,Sim,Sim,Nao,373.8,1,1,2,1373
6586,2009373293,Braga,41.480413,-8.747618,EN(d)13,37.6,1,0,0,2.0,50,Berma pavimentada,Seco e limpo,Dois sentidos,Bom tempo,Em entroncamento,Dentro das localidades,Em pleno dia,Em patamar,Recta,Em plena via,Colisão,DOMINGO      ,0,2,2,2009-04-02,12,ligeiro,Sim,Nao,Sim,373.8,1,1,2,1373
6621,2009390944,Braga,41.362536,-8.005967,EN210,23.1,1,0,0,1.0,90,Berma pavimentada,Molhado,Dois sentidos,Chuva,Fora da intersecção,Fora das localidades,Em pleno dia,Com inclinação,Recta,Na berma,Despiste,DOMINGO      ,0,1,2,2009-06-09,17,ligeiro,Sim,Sim,Nao,373.8,1,1,2,1373
6675,2009409747,Braga,41.521802,-8.41927,EN101,94.45,1,0,0,2.0,50,Berma pavimentada,Seco e limpo,Dois sentidos,Bom tempo,Fora da intersecção,Dentro das localidades,"Noite, com iluminação",Em patamar,Recta,Em plena via,Colisão,QUARTA-FEIRA ,0,2,2,2009-08-02,2,ligeiro,Nao,Nao,Sim,373.8,1,1,2,1373
6738,2010437280,Braga,41.472536,-8.746628,EN(d)13,36.75,0,0,1,1.0,50,Berma pavimentada,Húmido,Dois sentidos,Chuva,Fora da intersecção,Dentro das localidades,"Noite, com iluminação",Em patamar,Recta,Em plena via,Atropelamento,QUARTA-FEIRA ,0,1,2,2010-01-20,19,ligeiro,Nao,Sim,Nao,373.8,1,1,2,1373
6791,2010438681,Braga,41.678115000000005,-8.534253,ER308,21.95,1,0,0,1.0,50,Berma não pavimentada,Molhado,Dois sentidos,Chuva,Fora da intersecção,Dentro das localidades,Em pleno dia,Em patamar,Recta,Em plena via,Colisão,QUINTA-FEIRA ,0,2,2,2010-01-04,9,ligeiro,Sim,Sim,Nao,373.8,1,1,2,1373
6904,2010477749,Braga,41.521313,-8.419393,EN101,94.5,2,0,0,2.0,50,Berma pavimentada,Seco e limpo,Dois sentidos,Bom tempo,Fora da intersecção,Dentro das localidades,"Noite, com iluminação",Em patamar,Recta,Em plena via,Colisão,SEGUNDA-FEIRA,0,2,2,2010-07-02,22,ligeiro,Nao,Nao,Sim,373.8,1,1,2,1373
6915,2010486592,Braga,41.473288000000004,-8.003555,EN206,73.1,1,0,0,1.0,90,Sem berma ou impraticável,Seco e limpo,Dois sentidos,Bom tempo,Fora da intersecção,Fora das localidades,"Noite, com iluminação",Em patamar,Recta,Na berma,Despiste,SEXTA-FEIRA  ,0,1,2,2010-08-08,23,ligeiro,Nao,Nao,Sim,373.8,1,1,2,1373
6981,2010479429,Braga,41.484411,-8.749967,EN(d)13,38.1,1,0,0,1.0,50,Berma pavimentada,Húmido,Sentido único,Chuva,Em rotunda,Dentro das localidades,"Noite, com iluminação",Em patamar,Curva,Na berma,Despiste,QUINTA-FEIRA ,0,1,2,2010-07-21,0,ligeiro,Nao,Sim,Nao,373.8,1,1,2,1373
7028,2011500366,Braga,41.391698,-8.495197000000001,A3,27.83,1,0,0,2.0,120,Berma pavimentada,Molhado,Sentido único,NÃO DEFINIDO,Fora da intersecção,Fora das localidades,Em pleno dia,Com inclinação,Curva,Em plena via,Despiste,SEGUNDA-FEIRA,0,1,2,2010-10-29,15,ligeiro,Sim,Sim,Nao,373.8,1,1,2,1373
7124,2011529039,Braga,41.502148,-7.9975570000000005,EN205,103.6,2,0,0,1.0,50,Berma não pavimentada,Molhado,Dois sentidos,Chuva,Fora da intersecção,Dentro das localidades,Em pleno dia,Em patamar,Curva,Em plena via,Colisão,SEXTA-FEIRA  ,0,2,2,2011-03-12,13,ligeiro,Sim,Sim,Nao,373.8,1,1,2,1373
7194,2011548704,Braga,41.519088,-8.419921,EN101,94.75,3,0,0,1.0,50,Berma pavimentada,Seco e limpo,Sentido único,Bom tempo,Fora da intersecção,Dentro das localidades,Em pleno dia,Com inclinação,Recta,Em plena via,Colisão,SEXTA-FEIRA  ,0,2,2,2011-06-28,18,ligeiro,Sim,Nao,Sim,373.8,1,1,2,1373
7296,2012602383,Braga,41.521313,-8.419393,EN101,94.5,0,1,0,1.0,50,Berma pavimentada,Seco e limpo,Dois sentidos,Bom tempo,Fora da intersecção,Dentro das localidades,"Noite, com iluminação",Em patamar,Recta,Em plena via,Atropelamento,SEGUNDA-FEIRA,0,1,2,2012-02-03,19,ligeiro,Nao,Nao,Sim,373.8,1,1,2,1373
7309,2012589935,Braga,41.502736999999996,-7.997310000000001,EN205,103.53,1,0,0,1.0,50,Berma não pavimentada,Húmido,Dois sentidos,Chuva,Fora da intersecção,Dentro das localidades,Em pleno dia,Em patamar,Recta,Em plena via,Atropelamento,SEXTA-FEIRA  ,0,1,2,2011-12-05,16,ligeiro,Sim,Sim,Nao,373.8,1,1,2,1373
7349,2012591626,Braga,41.366523,-8.308906,EN106,4.1,1,0,0,1.0,50,Berma pavimentada,Seco e limpo,Dois sentidos,Bom tempo,Fora da intersecção,Dentro das localidades,Em pleno dia,Com inclinação,Curva,Em plena via,Colisão,SEGUNDA-FEIRA,0,3,2,2011-12-30,15,ligeiro,Sim,Nao,Sim,373.8,1,1,2,1373
7419,2012612585,Braga,41.475411,-8.746637,EN(d)13,37.0,1,0,0,1.0,50,Berma pavimentada,Seco e limpo,Dois sentidos,Bom tempo,Fora da intersecção,Dentro das localidades,Em pleno dia,Em patamar,Recta,Em plena via,Colisão,SEXTA-FEIRA  ,0,2,2,2012-04-26,10,ligeiro,Sim,Nao,Sim,373.8,1,1,2,1373
7435,2012630969,Braga,41.499515,-7.993460000000001,EN205,104.07,1,0,0,1.0,50,Sem berma ou impraticável,Húmido,Dois sentidos,Chuva,Fora da intersecção,Dentro das localidades,Em pleno dia,Em patamar,Curva,Na berma,Despiste,SEXTA-FEIRA  ,0,1,2,2012-07-26,7,ligeiro,Sim,Sim,Nao,373.8,1,1,2,1373
7439,2012608153,Braga,41.472536,-8.746628,EN(d)13,36.75,2,0,0,1.0,50,Berma pavimentada,Seco e limpo,Dois sentidos,Bom tempo,Fora da intersecção,Dentro das localidades,Em pleno dia,Em patamar,Recta,Em plena via,Colisão,SEXTA-FEIRA  ,0,2,2,2012-03-23,11,ligeiro,Sim,Nao,Sim,373.8,1,1,2,1373
7489,2012651424,Braga,41.486125,-8.750762,EN(d)13,38.3,0,1,0,1.0,50,Berma pavimentada,Seco e limpo,Dois sentidos,Bom tempo,Fora da intersecção,Dentro das localidades,Em pleno dia,Em patamar,Recta,Em plena via,Atropelamento,DOMINGO      ,0,1,2,2012-10-04,11,ligeiro,Sim,Nao,Sim,373.8,1,1,2,1373
7607,2009358505,Braga,41.51774,-8.420127,EN101,94.9,1,0,0,1.0,50,Berma pavimentada,Seco e limpo,Dois sentidos,Bom tempo,Fora da intersecção,Dentro das localidades,Em pleno dia,Em patamar,Recta,Em parque de estacionamento,Despiste,DOMINGO      ,0,1,2,2009-02-27,8,ligeiro,Sim,Nao,Sim,373.8,1,1,2,1373
7689,2007273426,Braga,41.413449,-8.507725,ER206,22.4,1,0,0,1.0,50,Berma pavimentada,Húmido,Dois sentidos,Chuva,Fora da intersecção,Dentro das localidades,"Noite, com iluminação",Em patamar,Recta,Em plena via,Colisão,TERÇA-FEIRA  ,0,2,2,2007-01-16,23,ligeiro,Nao,Sim,Nao,373.8,1,1,2,1373
7701,2007285483,Braga,41.478737,-8.742591000000001,A28,42.4,1,0,0,2.0,120,Berma pavimentada,Seco e limpo,Sentido único,Bom tempo,Fora da intersecção,Fora das localidades,Em pleno dia,Em patamar,Recta,Em plena via,Despiste,TERÇA-FEIRA  ,0,1,2,2007-06-01,12,ligeiro,Sim,Nao,Sim,373.8,1,1,2,1373
7734,2008324533,Braga,41.391477,-8.495147,A3,27.8,1,0,0,2.0,120,Berma pavimentada,Molhado,Sentido único,Chuva,Fora da intersecção,Fora das localidades,"Noite, sem iluminação",Em patamar,Curva,Em plena via,Despiste,DOMINGO      ,0,1,2,2008-04-08,20,ligeiro,Nao,Sim,Nao,373.8,1,1,2,1373
7761,2007289649,Braga,41.500586,-7.995982000000001,EN205,103.82,3,0,0,2.0,50,Berma não pavimentada,Seco e limpo,Dois sentidos,Bom tempo,Em via de desaceleração,Dentro das localidades,"Noite, com iluminação",Em patamar,Curva,Em plena via,Colisão,SÁBADO       ,0,2,2,2007-07-08,3,ligeiro,Nao,Nao,Sim,373.8,1,1,2,1373
7767,2007291267,Braga,41.552389,-8.224528999999999,ER207,67.8,0,1,0,2.0,50,Berma não pavimentada,Seco e limpo,Dois sentidos,Bom tempo,Fora da intersecção,Dentro das localidades,Em pleno dia,Com inclinação,Curva,Em plena via,Atropelamento,SÁBADO       ,0,1,2,2007-08-06,17,ligeiro,Sim,Nao,Sim,373.8,1,1,2,1373
7792,2010423964,Braga,41.481843,-8.748953,EN(d)13,37.8,1,0,0,2.0,50,Berma pavimentada,Húmido,Dois sentidos,Chuva,Fora da intersecção,Dentro das localidades,"Noite, com iluminação",Em patamar,Recta,Na berma,Despiste,QUARTA-FEIRA ,0,1,2,2009-10-20,19,ligeiro,Nao,Sim,Nao,373.8,1,1,2,1373
7801,2009387182,Braga,41.487984000000004,-8.751907000000001,EN(d)13,38.53,1,0,0,2.0,50,Berma pavimentada,Seco e limpo,Dois sentidos,Bom tempo,Fora da intersecção,Dentro das localidades,Em pleno dia,Em patamar,Recta,Em plena via,Colisão,SEGUNDA-FEIRA,0,2,2,2009-05-18,10,ligeiro,Sim,Nao,Sim,373.8,1,1,2,1373
7832,2010424018,Braga,41.471284999999995,-8.000555,EN206,73.5,1,0,0,1.0,90,Berma pavimentada,Molhado,Dois sentidos,Chuva,Fora da intersecção,Fora das localidades,Em pleno dia,Com inclinação,Curva,Em plena via,Colisão,SÁBADO       ,0,1,2,2009-10-23,13,ligeiro,Sim,Sim,Nao,373.8,1,1,2,1373
7847,2011527191,Braga,41.481213000000004,-8.748543,EN(d)13,37.72,1,0,0,1.0,50,Berma pavimentada,Seco e limpo,Dois sentidos,Bom tempo,Em entroncamento,Dentro das localidades,Em pleno dia,Em patamar,Curva,Em plena via,Colisão,DOMINGO      ,0,2,2,2011-03-31,8,ligeiro,Sim,Nao,Sim,373.8,1,1,2,1373
7859,2011559562,Braga,41.481074,-8.748397,EN(d)13,37.7,0,1,0,2.0,50,Berma não pavimentada,Húmido,Dois sentidos,Bom tempo,Fora da intersecção,Dentro das localidades,"Noite, com iluminação",Em patamar,Recta,Em plena via,Atropelamento,QUARTA-FEIRA ,0,1,2,2011-08-06,21,ligeiro,Nao,Nao,Nao,373.8,1,1,2,1373
7878,2011573947,Braga,41.475045,-7.994915,EN206,74.2,1,0,0,1.0,90,Berma não pavimentada,Molhado,Dois sentidos,Chuva,Fora da intersecção,Fora das localidades,Em pleno dia,Com inclinação,Curva,Em plena via,Colisão,QUINTA-FEIRA ,0,2,2,2011-10-25,9,ligeiro,Sim,Sim,Nao,373.8,1,1,2,1373
8038,2007278536,Braga,41.355636,-8.011915,EN210,24.02,1,0,0,1.0,50,Berma pavimentada,Seco e limpo,Dois sentidos,Bom tempo,Fora da intersecção,Fora das localidades,Em pleno dia,Com inclinação,Curva,Em plena via,Despiste,QUINTA-FEIRA ,0,1,2,2007-03-26,15,ligeiro,Sim,Nao,Sim,373.8,1,1,2,1373
8059,2009353647,Braga,41.520024,-8.41971,EN101,94.65,2,1,0,1.0,50,Berma pavimentada,Molhado,Dois sentidos,Chuva,Em entroncamento,Dentro das localidades,Em pleno dia,Em patamar,Curva,Em plena via,Colisão,QUARTA-FEIRA ,0,2,2,2008-12-06,14,ligeiro,Sim,Sim,Nao,373.8,1,1,2,1373
8067,2011547946,Braga,41.611134,-8.632856,ER204,15.3,1,0,0,1.0,50,Sem berma ou impraticável,Seco e limpo,Dois sentidos,Bom tempo,Fora da intersecção,Dentro das localidades,Em pleno dia,Em patamar,Curva,Na berma,Despiste,SEGUNDA-FEIRA,0,1,2,2011-06-08,20,ligeiro,Sim,Nao,Sim,373.8,1,1,2,1373