,COD_ACIDENTE,DISTRITO,LATITUDE,LONGITUDE,VIA,KM,QT_FLIGEIROS,QT_FGRAVES,QT_MORTOS,QT_VIAS_SENTIDO,VEL_LIM_LOCAL,BERMA_VIA,CONDICAO_ADERENCIA,FAIXA_RODAGEM,FATOR_ATMOSFERICO,INTERSECAO_VIA,LOCALIZACAO,LUMINOSIDADE,PERFIL_VIA,PLANTA_VIA,SITUACAO_ACIDENTE,TIPO_NATUREZA,DIA_SEMANA,FLAG_FERIADO,QT_VEICULOS,COD_FREGUESIA,DATA,HORA,GRAVIDADE,ERA_DIA,MAU_TEMPO,ESTRADA_SECA,DENSIDADE_TOTAL,COD_DISTRITO_INE,COD_CONCELHO_INE,COD_FREGUESIA_INE,TOTAL
8096,2007275668,Braga,41.523091,-8.418948,EN101,94.3,1,0,0,1.0,50,Sem berma ou impraticável,Molhado,Dois sentidos,Chuva,Em entroncamento,Dentro das localidades,"Noite, com iluminação",Em patamar,Recta,Em plena via,Colisão,SEXTA-FEIRA  ,0,2,2,2007-02-21,22,ligeiro,Nao,Sim,Nao,373.8,1,1,2,1373
8111,2010482738,Braga,41.680343,-8.530292999999999,ER308,22.4,1,0,0,1.0,50,Sem berma ou impraticável,Molhado,Dois sentidos,Chuva,Fora da intersecção,Dentro das localidades,Em pleno dia,Em patamar,Curva,Em plena via,Despiste,TERÇA-FEIRA  ,0,2,2,2010-08-23,10,ligeiro,Sim,Sim,Nao,373.8,1,1,2,1373
8131,2010496279,Braga,41.487195,-8.751435,EN(d)13,38.43,1,0,0,1.0,50,Berma não pavimentada,Seco e limpo,Dois sentidos,Bom tempo,Fora da intersecção,Dentro das localidades,"Noite, com iluminação",Em patamar,Recta,Na berma,Despiste,QUARTA-FEIRA ,0,1,2,2010-10-14,22,ligeiro,Nao,Nao,Sim,373.8,1,1,2,1373
8132,2007272882,Braga,41.518640000000005,-8.420001,EN101,94.8,4,0,0,1.0,50,Berma pavimentada,Seco e limpo,Dois sentidos,Bom tempo,Em entroncamento,Dentro das localidades,"Noite, com iluminação",Com inclinação,Recta,Em plena via,Colisão,TERÇA-FEIRA  ,0,2,2,2007-01-27,22,ligeiro,Nao,Nao,Sim,373.8,1,1,2,1373
8135,2010441939,Braga,41.391698,-8.495197000000001,A3,27.83,1,0,0,3.0,120,Berma pavimentada,Húmido,Sentido único,Chuva,Fora da intersecção,Fora das localidades,"Noite, sem iluminação",Em patamar,Recta,Em plena via,Atropelamento,SÁBADO       ,0,1,2,2010-01-22,18,ligeiro,Nao,Sim,Nao,373.8,1,1,2,1373
8158,2007272868,Braga,41.518640000000005,-8.420001,EN101,94.8,1,0,0,1.0,50,Sem berma ou impraticável,Molhado,Dois sentidos,Chuva,Fora da intersecção,Dentro das localidades,Em pleno dia,Com inclinação,Recta,Em plena via,Colisão,SEXTA-FEIRA  ,0,2,2,2007-01-18,8,ligeiro,Sim,Sim,Nao,373.8,1,1,2,1373
8183,2012630976,Braga,41.371931,-8.000291,EN210,21.1,1,0,0,1.0,90,Sem berma ou impraticável,Seco e limpo,Dois sentidos,Bom tempo,Fora da intersecção,Dentro das localidades,Em pleno dia,Com inclinação,Recta,Na berma,Despiste,SEXTA-FEIRA  ,0,1,2,2012-07-20,20,ligeiro,Sim,Nao,Sim,373.8,1,1,2,1373
8345,2012579194,Braga,41.39192,-8.495248,A3,27.85,2,0,0,2.0,120,Berma pavimentada,Molhado,Sentido único,Chuva,Fora da intersecção,Fora das localidades,Em pleno dia,Em patamar,Curva,Em plena via,Despiste,SEGUNDA-FEIRA,0,1,2,2011-11-15,8,ligeiro,Sim,Sim,Nao,373.8,1,1,2,1373
8448,2012613120,Braga,41.476461,-8.746436,EN(d)13,37.12,1,0,0,1.0,50,Berma pavimentada,Seco e limpo,Dois sentidos,Bom tempo,Fora da intersecção,Dentro das localidades,Em pleno dia,Em patamar,Recta,Na berma,Despiste,SEXTA-FEIRA  ,0,1,2,2012-04-09,14,ligeiro,Sim,Nao,Sim,373.8,1,1,2,1373
8482,2012589937,Braga,41.478929,-8.746396,EN(d)13,37.4,1,0,0,1.0,50,Berma pavimentada,Molhado,Dois sentidos,Chuva,Fora da intersecção,Dentro das localidades,Aurora ou crepúsculo,Em patamar,Recta,Na berma,Despiste,QUINTA-FEIRA ,0,1,2,2011-12-04,5,ligeiro,Nao,Sim,Nao,373.8,1,1,2,1373
8493,2010464641,Braga,41.500992,-7.996633999999999,EN205,103.75,1,0,0,1.0,50,Berma não pavimentada,Seco e limpo,Dois sentidos,Bom tempo,Fora da intersecção,Dentro das localidades,Em pleno dia,Em patamar,Recta,Em plena via,Colisão,QUARTA-FEIRA ,0,2,2,2010-05-24,9,ligeiro,Sim,Nao,Sim,373.8,1,1,2,1373
8526,2013664945,Braga,41.475411,-8.746637,EN(d)13,37.0,1,0,0,1.0,50,Berma pavimentada,Seco e limpo,Dois sentidos,Bom tempo,Fora da intersecção,Dentro das localidades,Em pleno dia,Em patamar,Recta,Na berma,Despiste,QUARTA-FEIRA ,0,1,2,2012-11-27,9,ligeiro,Sim,Nao,Sim,373.8,1,1,2,1373
8569,2007278520,Braga,41.398221,-8.516328999999999,EN204,38.9,1,0,0,1.0,50,Sem berma ou impraticável,Molhado,Dois sentidos,Chuva,Fora da intersecção,Fora das localidades,Em pleno dia,Com inclinação,Curva,Em plena via,Colisão,DOMINGO      ,0,2,2,2007-03-28,13,ligeiro,Sim,Sim,Nao,373.8,1,1,2,1373
8590,2007289769,Braga,41.490316,-8.753105999999999,EN(d)13,38.8,1,0,0,2.0,50,Berma pavimentada,Seco e limpo,Dois sentidos,Bom tempo,Em cruzamento,Dentro das localidades,Em pleno dia,Em patamar,Curva,Em plena via,Colisão,SEGUNDA-FEIRA,0,2,2,2007-07-21,14,ligeiro,Sim,Nao,Sim,373.8,1,1,2,1373
8601,2012583122,Braga,41.490316,-8.753105999999999,EN(d)13,38.8,1,0,0,1.0,50,Sem berma ou impraticável,Seco e limpo,Dois sentidos,Bom tempo,Em entroncamento,Dentro das localidades,Aurora ou crepúsculo,Em patamar,Curva,Em plena via,Atropelamento,QUINTA-FEIRA ,0,1,2,2011-11-17,17,ligeiro,Nao,Nao,Sim,373.8,1,1,2,1373
8668,2010441957,Braga,41.484761999999996,-8.744297,A28,43.1,1,0,0,1.0,60,Berma pavimentada,Húmido,Sentido único,Bom tempo,Em via de desaceleração,Fora das localidades,Em pleno dia,Em patamar,Recta,Em plena via,Colisão,DOMINGO      ,0,2,2,2010-01-12,16,ligeiro,Sim,Nao,Nao,373.8,1,1,2,1373
8682,2010429508,Braga,41.484761999999996,-8.744297,A28,43.1,1,0,0,2.0,80,Berma pavimentada,Molhado,Sentido único,Chuva,Fora da intersecção,Fora das localidades,"Noite, com iluminação",Em patamar,Curva,Em plena via,Colisão,DOMINGO      ,0,2,2,2009-11-27,20,ligeiro,Nao,Sim,Nao,373.8,1,1,2,1373
8690,2010428078,Braga,41.472974,-7.998483,EN206,73.82,1,0,0,1.0,50,Sem berma ou impraticável,Molhado,Dois sentidos,Chuva,Fora da intersecção,Dentro das localidades,Em pleno dia,Com inclinação,Curva,Na berma,Despiste,QUARTA-FEIRA ,0,1,2,2009-11-12,7,ligeiro,Sim,Sim,Nao,373.8,1,1,2,1373
8743,2011500352,Braga,41.613147,-8.631844000000001,ER204,15.04,1,0,0,1.0,50,Berma pavimentada,Seco e limpo,Dois sentidos,Bom tempo,Em entroncamento,Dentro das localidades,Em pleno dia,Com inclinação,Curva,Em plena via,Colisão,SÁBADO       ,0,2,2,2010-10-16,17,ligeiro,Sim,Nao,Sim,373.8,1,1,2,1373
8790,2010491585,Braga,41.550194,-8.221654,ER207,67.4,1,0,0,1.0,50,Berma pavimentada,Seco e limpo,Dois sentidos,Bom tempo,Fora da intersecção,Dentro das localidades,Em pleno dia,Em patamar,Recta,Em plena via,Colisão,DOMINGO      ,0,3,2,2010-09-30,12,ligeiro,Sim,Nao,Sim,373.8,1,1,2,1373
8858,2008324839,Braga,41.617427,-8.635861,ER204,14.4,2,0,0,1.0,50,Sem berma ou impraticável,Seco e limpo,Dois sentidos,Bom tempo,Fora da intersecção,Dentro das localidades,Em pleno dia,Em patamar,Curva,Em plena via,Colisão,DOMINGO      ,0,2,2,2008-04-14,10,ligeiro,Sim,Nao,Sim,373.8,1,1,2,1373
9039,2012597528,Braga,41.475231,-7.993792,EN206,74.3,2,0,0,1.0,50,Sem berma ou impraticável,"Com gelo, geada ou neve",Dois sentidos,Bom tempo,Fora da intersecção,Dentro das localidades,Em pleno dia,Em patamar,Curva,Na berma,Despiste,SÁBADO       ,0,1,2,2012-01-09,8,ligeiro,Sim,Nao,Nao,373.8,1,1,2,1373
9053,2011563874,Braga,41.475411,-8.746637,EN(d)13,37.0,4,0,0,1.0,50,Berma pavimentada,Seco e limpo,Dois sentidos,Bom tempo,Fora da intersecção,Dentro das localidades,Em pleno dia,Em patamar,Recta,Em plena via,Colisão,QUINTA-FEIRA ,0,2,2,2011-08-07,14,ligeiro,Sim,Nao,Sim,373.8,1,1,2,1373
9120,2007295666,Braga,41.364321999999994,-8.303737,EN207-1,13.35,1,0,0,1.0,50,Berma pavimentada,Seco e limpo,Dois sentidos,Bom tempo,NÃO DEFINIDO,Dentro das localidades,Em pleno dia,Em patamar,Curva,Em plena via,Colisão,SEXTA-FEIRA  ,0,2,2,2007-09-25,8,ligeiro,Sim,Nao,Sim,373.8,1,1,2,1373
9128,2007299743,Braga,41.518190000000004,-8.420066,EN101,94.85,1,0,0,1.0,50,Berma pavimentada,Seco e limpo,Dois sentidos,Bom tempo,Fora da intersecção,Dentro das localidades,Em pleno dia,Em patamar,Recta,Em plena via,Colisão,SEXTA-FEIRA  ,0,2,2,2007-10-18,9,ligeiro,Sim,Nao,Sim,373.8,1,1,2,1373
9161,2011554262,Braga,41.479711,-8.746903,EN(d)13,37.5,1,1,0,1.0,50,Berma não pavimentada,Seco e limpo,Dois sentidos,Bom tempo,Fora da intersecção,Dentro das localidades,Em pleno dia,Em patamar,Curva,Em plena via,Colisão,SEXTA-FEIRA  ,0,2,2,2011-07-10,12,ligeiro,Sim,Nao,Sim,373.8,1,1,2,1373
9178,2007284911,Braga,41.388946000000004,-8.506366,EN204,40.4,0,1,0,1.0,50,Berma pavimentada,Seco e limpo,Dois sentidos,Bom tempo,Fora da intersecção,Dentro das localidades,Em pleno dia,Com inclinação,Curva,Na berma,Atropelamento,TERÇA-FEIRA  ,0,1,2,2007-06-12,18,ligeiro,Sim,Nao,Sim,373.8,1,1,2,1373
9195,2009409487,Braga,41.605101,-8.630988,ER204,16.1,1,0,0,2.0,30,Sem berma ou impraticável,Seco e limpo,Dois sentidos,Bom tempo,Fora da intersecção,Dentro das localidades,Em pleno dia,Com inclinação,Curva,Em plena via,Colisão,SEGUNDA-FEIRA,0,2,2,2009-08-23,12,ligeiro,Sim,Nao,Sim,373.8,1,1,2,1373
9241,2008301955,Braga,41.490316,-8.753105999999999,EN(d)13,38.8,1,0,0,1.0,80,Berma pavimentada,Seco e limpo,Dois sentidos,NÃO DEFINIDO,Em cruzamento,Dentro das localidades,Em pleno dia,Em patamar,Curva,Em plena via,Colisão,SEGUNDA-FEIRA,0,2,2,2007-11-18,15,ligeiro,Sim,Sim,Sim,373.8,1,1,2,1373
9250,2009389568,Braga,41.48571,-8.750513,EN(d)13,38.25,1,0,0,2.0,50,Berma não pavimentada,Seco e limpo,Dois sentidos,Bom tempo,Em entroncamento,Dentro das localidades,Em pleno dia,Em patamar,Recta,Em plena via,Colisão,DOMINGO      ,0,2,2,2009-06-15,18,ligeiro,Sim,Nao,Sim,373.8,1,1,2,1373
9254,2010479434,Braga,41.481432,-8.74874,EN(d)13,37.75,1,0,0,1.0,50,Berma pavimentada,Seco e limpo,Dois sentidos,Bom tempo,Em entroncamento,Dentro das localidades,"Noite, com iluminação",Em patamar,Recta,Em plena via,Colisão,DOMINGO      ,0,2,2,2010-07-29,1,ligeiro,Nao,Nao,Sim,373.8,1,1,2,1373
9263,2010460593,Braga,41.614695000000005,-8.632822,ER204,14.8,1,0,0,1.0,50,Sem berma ou impraticável,Seco e limpo,Dois sentidos,Bom tempo,Fora da intersecção,Dentro das localidades,Em pleno dia,Em patamar,Curva,Em plena via,Colisão,TERÇA-FEIRA  ,0,3,2,2010-04-08,7,ligeiro,Sim,Nao,Sim,373.8,1,1,2,1373
9319,2011567575,Braga,41.490732,-8.753342,EN(d)13,38.85,1,0,0,1.0,50,Berma pavimentada,Seco e limpo,Dois sentidos,Bom tempo,Fora da intersecção,Dentro das localidades,Em pleno dia,Em patamar,Recta,Em plena via,Colisão,DOMINGO      ,0,2,2,2011-09-12,11,ligeiro,Sim,Nao,Sim,373.8,1,1,2,1373
9383,2011503570,Braga,41.471284999999995,-8.000555,EN206,73.5,1,1,0,1.0,50,Sem berma ou impraticável,Húmido,Dois sentidos,Chuva,Fora da intersecção,Fora das localidades,Em pleno dia,Com inclinação,Curva,Em plena via,Despiste,QUINTA-FEIRA ,0,1,2,2010-11-18,9,ligeiro,Sim,Sim,Nao,373.8,1,1,2,1373
9409,2008307922,Braga,41.490316,-8.753105999999999,EN(d)13,38.8,1,0,0,1.0,50,Berma pavimentada,Seco e limpo,Dois sentidos,Bom tempo,Em cruzamento,Dentro das localidades,Em pleno dia,Em patamar,Curva,Em plena via,Colisão,SEGUNDA-FEIRA,0,2,2,2008-01-31,15,ligeiro,Sim,Nao,Sim,373.8,1,1,2,1373
9425,2013663287,Braga,41.387952,-8.504617999999999,EN204,40.6,1,0,0,1.0,50,Berma pavimentada,Molhado,Dois sentidos,Chuva,Fora da intersecção,Dentro das localidades,Em pleno dia,Com inclinação,Curva,Em plena via,Colisão,DOMINGO      ,0,2,2,2012-11-02,8,ligeiro,Sim,Sim,Nao,373.8,1,1,2,1373
9661,2012636240,Braga,41.549876,-8.220587,ER207,67.3,0,0,1,1.0,50,Berma não pavimentada,Seco e limpo,Dois sentidos,Bom tempo,Fora da intersecção,Dentro das localidades,Em pleno dia,Com inclinação,Curva,Em plena via,Despiste,SEXTA-FEIRA  ,0,1,2,2012-08-12,10,ligeiro,Sim,Nao,Sim,373.8,1,1,2,1373
9669,2008322101,Braga,41.478929,-8.746396,EN(d)13,37.4,2,0,0,1.0,50,Berma não pavimentada,Molhado,Dois sentidos,Chuva,Fora da intersecção,Dentro das localidades,"Noite, com iluminação",Em patamar,Recta,Em plena via,Colisão,SEXTA-FEIRA  ,0,2,2,2008-03-09,3,ligeiro,Nao,Sim,Nao,373.8,1,1,2,1373
9727,2011512453,Braga,41.470811,-8.746628,EN(d)13,36.6,1,0,0,1.0,50,Berma não pavimentada,Molhado,Dois sentidos,Chuva,Fora da intersecção,Fora das localidades,Em pleno dia,Em patamar,Curva,Na berma,Despiste,SEXTA-FEIRA  ,0,1,2,2010-12-28,11,ligeiro,Sim,Sim,Nao,373.8,1,1,2,1373
9739,2011562096,Braga,41.480396,-8.743367999999998,A28,42.6,1,0,0,2.0,120,Berma pavimentada,Seco e limpo,Sentido único,Bom tempo,Fora da intersecção,Fora das localidades,Em pleno dia,Em patamar,Recta,Em plena via,Despiste,DOMINGO      ,0,1,2,2011-08-20,18,ligeiro,Sim,Nao,Sim,373.8,1,1,2,1373
9794,2012630975,Braga,41.378506,-7.994674000000001,EN210,20.07,4,0,0,2.0,90,Berma pavimentada,Seco e limpo,Dois sentidos,Bom tempo,Em cruzamento,Dentro das localidades,Em pleno dia,Em patamar,Curva,Em plena via,Colisão,QUARTA-FEIRA ,0,2,2,2012-07-19,14,ligeiro,Sim,Nao,Sim,373.8,1,1,2,1373
9882,2013656973,Braga,41.488191,-8.752034,EN(d)13,38.55,1,0,0,1.0,50,Berma pavimentada,Húmido,Dois sentidos,Chuva,Em entroncamento,Dentro das localidades,Em pleno dia,Em patamar,Recta,Em plena via,Colisão,SEGUNDA-FEIRA,0,2,2,2012-10-11,17,ligeiro,Sim,Sim,Nao,373.8,1,1,2,1373
9915,2010491512,Braga,41.490316,-8.753105999999999,EN(d)13,38.8,2,0,0,1.0,50,Berma pavimentada,Seco e limpo,Dois sentidos,Bom tempo,Em entroncamento,Dentro das localidades,Em pleno dia,Em patamar,Recta,Em plena via,Colisão,QUARTA-FEIRA ,0,2,2,2010-09-04,10,ligeiro,Sim,Nao,Sim,373.8,1,1,2,1373
10109,2010442017,Braga,41.557342999999996,-8.215539,ER207,68.9,2,0,0,1.0,90,Sem berma ou impraticável,Seco e limpo,Dois sentidos,Bom tempo,Fora da intersecção,Fora das localidades,Aurora ou crepúsculo,Em patamar,Curva,Em plena via,Colisão,TERÇA-FEIRA  ,0,2,2,2010-01-08,17,ligeiro,Nao,Nao,Sim,373.8,1,1,2,1373
10199,2010464674,Braga,41.491015999999995,-8.745486999999999,A28,43.8,1,0,0,2.0,120,Berma pavimentada,Seco e limpo,Sentido único,Bom tempo,Fora da intersecção,Fora das localidades,Em pleno dia,Em patamar,Curva,Em plena via,Despiste,QUINTA-FEIRA ,0,1,2,2010-05-31,17,ligeiro,Sim,Nao,Sim,373.8,1,1,2,1373
10235,2009409317,Braga,41.475411,-8.746637,EN(d)13,37.0,1,0,0,2.0,40,Berma pavimentada,Seco e limpo,Sentido único,Bom tempo,Em rotunda,Fora das localidades,"Noite, com iluminação",Em patamar,Curva,Na berma,Despiste,SEXTA-FEIRA  ,0,1,2,2009-08-09,23,ligeiro,Nao,Nao,Sim,373.8,1,1,2,1373
10275,2011518983,Braga,41.51774,-8.420127,EN101,94.9,1,0,0,2.0,50,Berma pavimentada,Seco e limpo,Dois sentidos,Bom tempo,Fora da intersecção,Dentro das localidades,Em pleno dia,Em patamar,Recta,Em plena via,Colisão,SEGUNDA-FEIRA,0,2,2,2011-01-12,12,ligeiro,Sim,Nao,Sim,373.8,1,1,2,1373
10316,2008348550,Braga,41.388627,-8.505281,EN204,40.5,3,0,0,1.0,50,Sem berma ou impraticável,Molhado,Dois sentidos,Chuva,Fora da intersecção,Dentro das localidades,Em pleno dia,Com inclinação,Curva,Em plena via,Colisão,SÁBADO       ,0,2,2,2008-11-04,12,ligeiro,Sim,Sim,Nao,373.8,1,1,2,1373
10356,2008326857,Braga,41.676351000000004,-8.535006,ER308,21.75,1,0,0,1.0,50,Berma pavimentada,Seco e limpo,Dois sentidos,Bom tempo,Em entroncamento,Dentro das localidades,Em pleno dia,Com inclinação,Recta,Em plena via,Colisão,TERÇA-FEIRA  ,0,2,2,2008-05-31,14,ligeiro,Sim,Nao,Sim,373.8,1,1,2,1373
10391,2012638674,Braga,41.480413,-8.747618,EN(d)13,37.6,1,0,0,1.0,50,Berma pavimentada,Seco e limpo,Dois sentidos,Bom tempo,Em entroncamento,Dentro das localidades,Em pleno dia,Em patamar,Recta,Em plena via,Colisão,SEGUNDA-FEIRA,0,2,2,2012-08-20,19,ligeiro,Sim,Nao,Sim,373.8,1,1,2,1373
10393,2008337170,Braga,41.523091,-8.418948,EN101,94.3,1,0,0,1.0,50,Sem berma ou impraticável,Seco e limpo,Dois sentidos,Bom tempo,Fora da intersecção,Dentro das localidades,Em pleno dia,Em patamar,Recta,Em plena via,Colisão,SÁBADO       ,0,2,2,2008-08-22,12,ligeiro,Sim,Nao,Sim,373.8,1,1,2,1373
10445,2009355679,Braga,41.478929,-8.746396,EN(d)13,37.4,1,0,0,2.0,50,Sem berma ou impraticável,Húmido,Dois sentidos,Chuva,Fora da intersecção,Dentro das localidades,Em pleno dia,Em patamar,Recta,Na berma,Colisão,QUARTA-FEIRA ,0,2,2,2009-01-15,16,ligeiro,Sim,Sim,Nao,373.8,1,1,2,1373
10463,2012628942,Braga,41.676351000000004,-8.535006,ER308,21.75,1,0,0,1.0,50,Berma não pavimentada,Molhado,Dois sentidos,Chuva,Fora da intersecção,Dentro das localidades,Em pleno dia,Em patamar,Curva,Em plena via,Despiste,DOMINGO      ,0,1,2,2012-06-12,9,ligeiro,Sim,Sim,Nao,373.8,1,1,2,1373
10468,2008341725,Braga,41.3646,-8.306722,EN106,4.4,1,0,0,3.0,50,Berma pavimentada,Seco e limpo,Dois sentidos,Bom tempo,Em entroncamento,Dentro das localidades,Em pleno dia,Com inclinação,Recta,Em plena via,Colisão,SÁBADO       ,0,2,2,2008-09-14,9,ligeiro,Sim,Nao,Sim,373.8,1,1,2,1373
10474,2007294073,Braga,41.51684,-8.420237,EN101,95.0,1,0,0,1.0,50,Berma pavimentada,Seco e limpo,Dois sentidos,Bom tempo,Fora da intersecção,Dentro das localidades,Em pleno dia,Em patamar,Curva,Em plena via,Despiste,DOMINGO      ,0,1,2,2007-08-07,9,ligeiro,Sim,Nao,Sim,373.8,1,1,2,1373
10548,2010476250,Braga,41.390581,-8.495032,A3,27.7,1,1,0,2.0,120,Berma pavimentada,Seco e limpo,Sentido único,Bom tempo,Fora da intersecção,Fora das localidades,Em pleno dia,Com inclinação,Curva,Em plena via,Despiste,SÁBADO       ,0,1,2,2010-07-06,16,ligeiro,Sim,Nao,Sim,373.8,1,1,2,1373
10585,2013656274,Braga,41.353534,-8.010812,EN210,24.3,1,0,0,1.0,90,Berma pavimentada,Húmido,Dois sentidos,Chuva,Fora da intersecção,Fora das localidades,"Noite, sem iluminação",Em patamar,Curva,Em plena via,Despiste,SEXTA-FEIRA  ,0,1,2,2012-10-31,23,ligeiro,Nao,Sim,Nao,373.8,1,1,2,1373
10626,2007271429,Braga,41.460677000000004,-8.183478,EN206,49.6,1,0,0,1.0,50,Sem berma ou impraticável,Húmido,Dois sentidos,Bom tempo,Em entroncamento,Dentro das localidades,Em pleno dia,Com inclinação,Curva,Em plena via,Colisão,SEGUNDA-FEIRA,0,2,9,2007-01-04,12,ligeiro,Sim,Nao,Nao,200.4,1,1,9,2482
10637,2007279227,Braga,41.530242,-8.755379,EN103-1,12.1,2,0,0,1.0,50,Berma pavimentada,Molhado,Dois sentidos,Chuva,Fora da intersecção,Dentro das localidades,"Noite, com iluminação",Em patamar,Recta,Na berma,Colisão,SEXTA-FEIRA  ,0,2,9,2007-04-02,22,ligeiro,Nao,Sim,Nao,200.4,1,1,9,2482
10646,2007282247,Braga,41.457221999999994,-8.186689,EN206,49.2,1,0,0,1.0,50,Berma pavimentada,Seco e limpo,Dois sentidos,Bom tempo,Em entroncamento,Fora das localidades,Em pleno dia,Com inclinação,Curva,Em plena via,Colisão,SEXTA-FEIRA  ,0,2,9,2007-05-06,12,ligeiro,Sim,Nao,Sim,200.4,1,1,9,2482
10677,2007289673,Braga,41.630292,-8.373805,EN205,49.8,3,0,0,1.0,40,Berma não pavimentada,Molhado,Dois sentidos,Chuva,Fora da intersecção,Dentro das localidades,Em pleno dia,Em patamar,Recta,Na berma,Despiste,QUINTA-FEIRA ,0,1,9,2007-07-01,11,ligeiro,Sim,Sim,Nao,200.4,1,1,9,2482
10679,2007288462,Braga,41.516381,-8.771455,EN(d)13,42.4,1,0,0,1.0,50,Berma pavimentada,Seco e limpo,Dois sentidos,Bom tempo,Fora da intersecção,Dentro das localidades,Em pleno dia,Em patamar,Recta,Em plena via,Atropelamento,QUINTA-FEIRA ,0,1,9,2007-07-07,18,ligeiro,Sim,Nao,Sim,200.4,1,1,9,2482
10715,2007300566,Braga,41.456846999999996,-8.186959,EN206,49.16,1,0,0,1.0,50,Berma pavimentada,Seco e limpo,Dois sentidos,Bom tempo,Fora da intersecção,Fora das localidades,Aurora ou crepúsculo,Com inclinação,Recta,Em plena via,Atropelamento,SÁBADO       ,0,1,9,2007-11-11,16,ligeiro,Nao,Nao,Sim,200.4,1,1,9,2482
10759,2008308789,Braga,41.520877,-8.774422,EN(d)13,43.0,1,0,0,1.0,80,Berma pavimentada,Molhado,Dois sentidos,Chuva,Fora da intersecção,Dentro das localidades,"Noite, com iluminação",Em patamar,Recta,Em plena via,Despiste,DOMINGO      ,0,1,9,2008-01-13,18,ligeiro,Nao,Sim,Nao,200.4,1,1,9,2482
10771,2008301956,Braga,41.525288,-8.771503,EN103-1,13.65,1,0,0,1.0,50,Berma não pavimentada,Seco e limpo,Dois sentidos,Bom tempo,Em via de aceleração,Fora das localidades,Em pleno dia,Em patamar,Recta,Em plena via,Colisão,DOMINGO      ,0,2,9,2007-11-17,12,ligeiro,Sim,Nao,Sim,200.4,1,1,9,2482
10800,2008327090,Braga,41.529783,-8.752931,EN103-1,11.9,1,0,0,1.0,50,Berma pavimentada,Seco e limpo,Dois sentidos,Bom tempo,Fora da intersecção,Dentro das localidades,Em pleno dia,Em patamar,Recta,Em plena via,Despiste,SEXTA-FEIRA  ,0,1,9,2008-05-16,15,ligeiro,Sim,Nao,Sim,200.4,1,1,9,2482
10809,2008318388,Braga,41.529322,-8.750502000000001,EN103-1,11.7,1,0,0,1.0,50,Berma pavimentada,Molhado,Dois sentidos,Chuva,Fora da intersecção,Dentro das localidades,Em pleno dia,Em patamar,Recta,Na berma,Despiste,TERÇA-FEIRA  ,0,1,9,2008-02-24,8,ligeiro,Sim,Sim,Nao,200.4,1,1,9,2482
10810,2008318427,Braga,41.53045,-8.756519,EN103-1,12.2,2,0,0,1.0,50,Berma pavimentada,Seco e limpo,Dois sentidos,Bom tempo,Fora da intersecção,Dentro das localidades,Em pleno dia,Em patamar,Recta,Em plena via,Colisão,SÁBADO       ,0,3,9,2008-02-16,16,ligeiro,Sim,Nao,Sim,200.4,1,1,9,2482
10817,2008321701,Braga,41.518407,-8.752849000000001,A28,47.0,1,0,0,2.0,120,Berma pavimentada,Húmido,Sentido único,NÃO DEFINIDO,Fora da intersecção,Fora das localidades,Em pleno dia,Em patamar,Recta,Em plena via,Despiste,SEXTA-FEIRA  ,0,1,9,2008-03-15,7,ligeiro,Sim,Sim,Nao,200.4,1,1,9,2482
10818,2008321944,Braga,41.576178000000006,-8.237608,ER205,69.0,3,0,0,1.0,50,Sem berma ou impraticável,Molhado,Dois sentidos,Chuva,Fora da intersecção,Dentro das localidades,Em pleno dia,Com inclinação,Recta,Em plena via,Colisão,SÁBADO       ,0,2,9,2008-03-10,13,ligeiro,Sim,Sim,Nao,200.4,1,1,9,2482
10819,2008321968,Braga,41.630395,-8.374485,EN205,49.74,1,0,0,1.0,50,Berma pavimentada,Seco e limpo,Dois sentidos,Bom tempo,Fora da intersecção,Dentro das localidades,Em pleno dia,Em patamar,Recta,Em plena via,Colisão,SEXTA-FEIRA  ,0,2,9,2008-03-09,14,ligeiro,Sim,Nao,Sim,200.4,1,1,9,2482
10825,2008323642,Braga,41.398543,-8.244257000000001,A7,47.0,1,0,0,3.0,120,Berma pavimentada,Seco e limpo,Sentido único,Bom tempo,Em via de aceleração,Fora das localidades,Em pleno dia,Com inclinação,Recta,Em plena via,Despiste,TERÇA-FEIRA  ,0,1,9,2008-04-27,14,ligeiro,Sim,Nao,Sim,200.4,1,1,9,2482
10851,2008330586,Braga,41.582357,-8.514246,ER205,34.8,1,0,0,1.0,50,Sem berma ou impraticável,Seco e limpo,Dois sentidos,Bom tempo,Fora da intersecção,Dentro das localidades,Em pleno dia,Em patamar,Recta,Em plena via,Atropelamento,QUARTA-FEIRA ,0,1,9,2008-06-07,11,ligeiro,Sim,Nao,Sim,200.4,1,1,9,2482
10853,2008333657,Braga,41.459277,-8.185192,EN206,49.42,4,0,0,1.0,50,Berma não pavimentada,Molhado,Dois sentidos,Chuva,Fora da intersecção,Dentro das localidades,Em pleno dia,Com inclinação,Recta,Em plena via,Colisão,DOMINGO      ,0,2,9,2008-07-25,8,ligeiro,Sim,Sim,Nao,200.4,1,1,9,2482
10886,2008344550,Braga,41.62872,-8.371046,EN205,50.1,1,0,0,1.0,50,Berma pavimentada,Seco e limpo,Dois sentidos,Bom tempo,Fora da intersecção,Dentro das localidades,Em pleno dia,Em patamar,Recta,Em plena via,Atropelamento,SEGUNDA-FEIRA,0,1,9,2008-10-31,9,ligeiro,Sim,Nao,Sim,200.4,1,1,9,2482