,COD_ACIDENTE,DISTRITO,LATITUDE,LONGITUDE,VIA,KM,QT_FLIGEIROS,QT_FGRAVES,QT_MORTOS,QT_VIAS_SENTIDO,VEL_LIM_LOCAL,BERMA_VIA,CONDICAO_ADERENCIA,FAIXA_RODAGEM,FATOR_ATMOSFERICO,INTERSECAO_VIA,LOCALIZACAO,LUMINOSIDADE,PERFIL_VIA,PLANTA_VIA,SITUACAO_ACIDENTE,TIPO_NATUREZA,DIA_SEMANA,FLAG_FERIADO,QT_VEICULOS,COD_FREGUESIA,DATA,HORA,GRAVIDADE,ERA_DIA,MAU_TEMPO,ESTRADA_SECA,DENSIDADE_TOTAL,COD_DISTRITO_INE,COD_CONCELHO_INE,COD_FREGUESIA_INE,TOTAL
10887,2008344664,Braga,41.528560999999996,-8.764059,EN103-1,12.9,1,0,0,2.0,50,Berma pavimentada,Seco e limpo,Dois sentidos,Bom tempo,Em entroncamento,Dentro das localidades,Em pleno dia,Em patamar,Recta,Em plena via,Colisão,SEXTA-FEIRA  ,0,2,9,2008-10-23,16,ligeiro,Sim,Nao,Sim,200.4,1,1,9,2482
10892,2008329384,Braga,41.529659,-8.752277000000001,EN103-1,11.85,1,0,1,1.0,50,Berma pavimentada,Húmido,Dois sentidos,Chuva,Em via de aceleração,Fora das localidades,Em pleno dia,Em patamar,Recta,Em plena via,Colisão,SÁBADO       ,0,2,9,2008-06-15,10,ligeiro,Sim,Sim,Nao,200.4,1,1,9,2482
10902,2008337358,Braga,41.459720000000004,-8.184802000000001,EN206,49.47,1,0,0,1.0,90,Berma não pavimentada,Molhado,Dois sentidos,Chuva,Fora da intersecção,Fora das localidades,Em pleno dia,Com inclinação,Curva,Em plena via,Colisão,SÁBADO       ,0,2,9,2008-08-11,19,ligeiro,Sim,Sim,Nao,200.4,1,1,9,2482
10920,2009357563,Braga,41.528814000000004,-8.747812,EN103-1,11.46,2,0,0,1.0,50,Berma pavimentada,Molhado,Dois sentidos,Chuva,Fora da intersecção,Dentro das localidades,Em pleno dia,Em patamar,Recta,No passeio,Despiste,DOMINGO      ,0,1,9,2009-01-18,9,ligeiro,Sim,Sim,Nao,200.4,1,1,9,2482
10950,2009399643,Braga,41.62872,-8.371046,EN205,50.1,1,0,0,1.0,50,Berma pavimentada,Seco e limpo,Dois sentidos,Bom tempo,Fora da intersecção,Dentro das localidades,Em pleno dia,Em patamar,Recta,Em plena via,Atropelamento,SEXTA-FEIRA  ,0,1,9,2009-07-23,18,ligeiro,Sim,Nao,Sim,200.4,1,1,9,2482
10951,2009399644,Braga,41.630837,-8.35755,EN205,51.4,1,0,0,1.0,50,Berma pavimentada,Seco e limpo,Sentido único,Bom tempo,Fora da intersecção,Dentro das localidades,Em pleno dia,Em patamar,Recta,Em plena via,Atropelamento,SÁBADO       ,0,1,9,2009-07-29,9,ligeiro,Sim,Nao,Sim,200.4,1,1,9,2482
10952,2009394664,Braga,41.458159,-8.186016,EN206,49.3,1,0,0,1.0,50,Berma pavimentada,Seco e limpo,Dois sentidos,Bom tempo,Fora da intersecção,Dentro das localidades,Em pleno dia,Com inclinação,Curva,Em plena via,Atropelamento,SEGUNDA-FEIRA,0,1,9,2009-07-08,8,ligeiro,Sim,Nao,Sim,200.4,1,1,9,2482
10984,2009383139,Braga,41.577327000000004,-8.246674,ER205,67.9,2,0,0,1.0,50,Berma pavimentada,Seco e limpo,Dois sentidos,Bom tempo,Fora da intersecção,Dentro das localidades,"Noite, com iluminação",Com inclinação,Recta,Na berma,Despiste,QUARTA-FEIRA ,0,1,9,2009-05-08,21,ligeiro,Nao,Nao,Sim,200.4,1,1,9,2482
10986,2009389570,Braga,41.529659,-8.752277000000001,EN103-1,11.85,1,0,0,1.0,50,Berma pavimentada,Molhado,Dois sentidos,Chuva,Fora da intersecção,Dentro das localidades,Em pleno dia,Em patamar,Recta,Em plena via,Colisão,SEGUNDA-FEIRA,1,2,9,2009-06-10,11,ligeiro,Sim,Sim,Nao,200.4,1,1,9,2482
10994,2009418107,Braga,41.523384,-8.7757,EN(d)13,43.3,1,0,0,1.0,50,Berma não pavimentada,Seco e limpo,Dois sentidos,Bom tempo,Fora da intersecção,Dentro das localidades,Em pleno dia,Em patamar,Recta,Em plena via,Colisão,QUARTA-FEIRA ,0,2,9,2009-09-22,8,ligeiro,Sim,Nao,Sim,200.4,1,1,9,2482
11004,2009417828,Braga,41.528372999999995,-8.764457,EN103-1,12.94,2,0,0,1.0,50,Berma pavimentada,Seco e limpo,Dois sentidos,Bom tempo,Fora da intersecção,Dentro das localidades,"Noite, com iluminação",Em patamar,Recta,Em plena via,Colisão,SEGUNDA-FEIRA,0,3,9,2009-09-15,20,ligeiro,Nao,Nao,Sim,200.4,1,1,9,2482
11012,2009409738,Braga,41.399716999999995,-8.247052,A7,46.73,1,0,0,2.0,60,Berma pavimentada,Seco e limpo,Sentido único,Bom tempo,Em ramo de ligação - entrada,Fora das localidades,Em pleno dia,Com inclinação,Curva,Na berma,Despiste,SEXTA-FEIRA  ,0,1,9,2009-08-09,18,ligeiro,Sim,Nao,Sim,200.4,1,1,9,2482
11036,2010428110,Braga,41.399716999999995,-8.247052,A7,46.73,1,0,0,2.0,60,Berma pavimentada,Seco e limpo,Sentido único,Bom tempo,Em ramo de ligação - entrada,Fora das localidades,Em pleno dia,Em patamar,Curva,Em plena via,Despiste,QUINTA-FEIRA ,0,1,9,2009-11-02,11,ligeiro,Sim,Nao,Sim,200.4,1,1,9,2482
11095,2010477768,Braga,41.577890999999994,-8.247633,ER205,67.8,1,0,0,1.0,50,Berma não pavimentada,Seco e limpo,Dois sentidos,Bom tempo,Fora da intersecção,Dentro das localidades,Em pleno dia,Com inclinação,Recta,Em plena via,Colisão,SEGUNDA-FEIRA,0,2,9,2010-07-13,18,ligeiro,Sim,Nao,Sim,200.4,1,1,9,2482
11098,2010486641,Braga,41.529512,-8.776082,EN(d)13,44.0,2,0,0,1.0,50,Berma pavimentada,Seco e limpo,Dois sentidos,Bom tempo,Em cruzamento,Dentro das localidades,Em pleno dia,Em patamar,Recta,Em plena via,Colisão,SEXTA-FEIRA  ,0,3,9,2010-08-08,18,ligeiro,Sim,Nao,Sim,200.4,1,1,9,2482
11103,2010468620,Braga,41.533802,-8.605611,ER205,24.2,1,0,0,1.0,50,Berma não pavimentada,Seco e limpo,Dois sentidos,Bom tempo,Em entroncamento,Dentro das localidades,Em pleno dia,Em patamar,Recta,Em plena via,Colisão,QUARTA-FEIRA ,0,2,9,2010-06-11,9,ligeiro,Sim,Nao,Sim,200.4,1,1,9,2482
11109,2010469692,Braga,41.529884,-8.753454,EN103-1,11.94,2,0,0,1.0,50,Berma não pavimentada,Seco e limpo,Dois sentidos,Bom tempo,Fora da intersecção,Dentro das localidades,Em pleno dia,Em patamar,Recta,Em plena via,Colisão,SEGUNDA-FEIRA,0,2,9,2010-06-20,9,ligeiro,Sim,Nao,Sim,200.4,1,1,9,2482
11131,2010488472,Braga,41.399716999999995,-8.247052,A7,46.73,0,0,1,2.0,60,Berma pavimentada,Seco e limpo,Sentido único,Bom tempo,Fora da intersecção,Fora das localidades,"Noite, com iluminação",Com inclinação,Curva,Na berma,Despiste,SÁBADO       ,0,2,9,2010-09-18,19,ligeiro,Nao,Nao,Sim,200.4,1,1,9,2482
11150,2011505947,Braga,41.528795,-8.747711,EN103-1,11.45,2,0,0,1.0,50,Berma pavimentada,Molhado,Dois sentidos,Chuva,Fora da intersecção,Dentro das localidades,Em pleno dia,Com inclinação,Recta,Em plena via,Despiste,SEXTA-FEIRA  ,0,1,9,2010-11-13,11,ligeiro,Sim,Sim,Nao,200.4,1,1,9,2482
11159,2011506737,Braga,41.525828999999995,-8.769944,EN103-1,13.5,2,0,0,2.0,70,Berma pavimentada,Seco e limpo,Dois sentidos,Bom tempo,Fora da intersecção,Dentro das localidades,Sol escandeante,Em patamar,Recta,Em plena via,Colisão,SEXTA-FEIRA  ,0,2,9,2010-11-24,16,ligeiro,Sim,Nao,Sim,200.4,1,1,9,2482
11162,2011506738,Braga,41.528622,-8.776203,EN(d)13,43.9,1,0,0,1.0,50,Berma pavimentada,Molhado,Dois sentidos,Chuva,Fora da intersecção,Dentro das localidades,"Noite, com iluminação",Em patamar,Recta,Em plena via,Atropelamento,QUARTA-FEIRA ,0,1,9,2010-11-17,18,ligeiro,Nao,Sim,Nao,200.4,1,1,9,2482
11166,2011512447,Braga,41.529215,-8.749941999999999,EN103-1,11.65,1,0,0,1.0,50,Berma pavimentada,Húmido,Dois sentidos,Chuva,Em cruzamento,Dentro das localidades,Em pleno dia,Em patamar,Recta,Em plena via,Colisão,DOMINGO      ,0,2,9,2010-12-30,12,ligeiro,Sim,Sim,Nao,200.4,1,1,9,2482
11179,2011523763,Braga,41.680507,-8.108414999999999,EN103,77.3,1,0,0,1.0,50,Sem berma ou impraticável,Seco e limpo,Dois sentidos,Bom tempo,Fora da intersecção,Dentro das localidades,"Noite, sem iluminação",Em patamar,Recta,Em plena via,Colisão,SEGUNDA-FEIRA,0,2,9,2011-02-09,19,ligeiro,Nao,Nao,Sim,200.4,1,1,9,2482
11196,2011529603,Braga,41.399716999999995,-8.247052,A7,46.73,1,0,0,2.0,60,Berma pavimentada,Molhado,Sentido único,Chuva,Em ramo de ligação - entrada,Fora das localidades,Em pleno dia,Com inclinação,Curva,Em plena via,Despiste,SEGUNDA-FEIRA,0,1,9,2011-04-29,19,ligeiro,Sim,Sim,Nao,200.4,1,1,9,2482
11241,2011567609,Braga,41.525202,-8.772066,EN103-1,13.7,1,0,0,1.0,50,Berma não pavimentada,Seco e limpo,Reversível,Bom tempo,Em rotunda,Dentro das localidades,Em pleno dia,Em patamar,Curva,Em plena via,Colisão,QUINTA-FEIRA ,0,2,9,2011-09-21,7,ligeiro,Sim,Nao,Sim,200.4,1,1,9,2482
11242,2011567611,Braga,41.517095,-8.770866,EN(d)13,42.5,2,0,0,1.0,50,Berma pavimentada,Seco e limpo,Dois sentidos,Bom tempo,Fora da intersecção,Dentro das localidades,Em pleno dia,Em patamar,Curva,Em plena via,Colisão,SEXTA-FEIRA  ,0,2,9,2011-09-22,17,ligeiro,Sim,Nao,Sim,200.4,1,1,9,2482
11247,2011563817,Braga,41.520877,-8.774422,EN(d)13,43.0,1,0,0,1.0,50,Berma pavimentada,Molhado,Dois sentidos,Chuva,Fora da intersecção,Dentro das localidades,"Noite, com iluminação",Em patamar,Recta,Na berma,Despiste,DOMINGO      ,1,1,9,2011-08-15,3,ligeiro,Nao,Sim,Nao,200.4,1,1,9,2482
11248,2011563875,Braga,41.528560999999996,-8.764059,EN103-1,12.9,1,0,0,1.0,50,Berma pavimentada,Seco e limpo,Dois sentidos,Bom tempo,Em cruzamento,Dentro das localidades,Em pleno dia,Em patamar,Recta,Em plena via,Colisão,QUINTA-FEIRA ,0,2,9,2011-08-07,11,ligeiro,Sim,Nao,Sim,200.4,1,1,9,2482
11267,2011573839,Braga,41.529512,-8.776082,EN(d)13,44.0,1,0,0,1.0,50,Berma pavimentada,Seco e limpo,Dois sentidos,Bom tempo,Fora da intersecção,Dentro das localidades,"Noite, sem iluminação",Em patamar,Recta,Em plena via,Colisão,SEXTA-FEIRA  ,0,2,9,2011-10-15,21,ligeiro,Nao,Nao,Sim,200.4,1,1,9,2482
11273,2012597614,Braga,41.577991,-8.239624000000001,ER205,68.6,2,0,0,1.0,50,Sem berma ou impraticável,Húmido,Dois sentidos,Bom tempo,Fora da intersecção,Dentro das localidades,Em pleno dia,Com inclinação,Curva,Na berma,Despiste,SÁBADO       ,0,1,9,2012-01-15,11,ligeiro,Sim,Nao,Nao,200.4,1,1,9,2482
11274,2012597615,Braga,41.62872,-8.371046,EN205,50.1,1,0,0,1.0,50,Berma pavimentada,Molhado,Dois sentidos,Chuva,Em entroncamento,Dentro das localidades,Em pleno dia,Em patamar,Recta,Em plena via,Colisão,SÁBADO       ,0,3,9,2012-01-04,13,ligeiro,Sim,Sim,Nao,200.4,1,1,9,2482
11276,2012589880,Braga,41.577574,-8.23977,ER205,68.55,1,0,0,1.0,50,Sem berma ou impraticável,Húmido,Dois sentidos,Bom tempo,Fora da intersecção,Dentro das localidades,Em pleno dia,Com inclinação,Curva,Em plena via,Colisão,SEGUNDA-FEIRA,0,2,9,2011-12-02,10,ligeiro,Sim,Nao,Nao,200.4,1,1,9,2482
11290,2012579533,Braga,41.399716999999995,-8.247052,A7,46.73,1,0,0,2.0,120,Berma pavimentada,Molhado,Sentido único,Chuva,Fora da intersecção,Fora das localidades,Em pleno dia,Com inclinação,Curva,Em plena via,Despiste,QUARTA-FEIRA ,0,1,9,2011-11-11,14,ligeiro,Sim,Sim,Nao,200.4,1,1,9,2482
11300,2012600597,Braga,41.529322,-8.750502000000001,EN103-1,11.7,2,0,0,1.0,90,Berma pavimentada,Seco e limpo,Dois sentidos,Bom tempo,Em entroncamento,Dentro das localidades,Em pleno dia,Em patamar,Recta,Em plena via,Colisão,QUARTA-FEIRA ,0,2,9,2012-02-16,17,ligeiro,Sim,Nao,Sim,200.4,1,1,9,2482
11328,2012626718,Braga,41.399716999999995,-8.247052,A7,46.73,3,0,0,2.0,40,Berma pavimentada,Seco e limpo,Sentido único,Bom tempo,Em ramo de ligação - saída,Fora das localidades,Em pleno dia,Com inclinação,Recta,Na berma,Colisão,QUARTA-FEIRA ,0,2,9,2012-06-26,15,ligeiro,Sim,Nao,Sim,200.4,1,1,9,2482
11331,2012612561,Braga,41.455558,-8.188373,EN206,49.0,1,0,0,1.0,70,Berma pavimentada,Molhado,Sentido único,Chuva,Em via de desaceleração,Fora das localidades,Em pleno dia,Com inclinação,Curva,Em plena via,Despiste,SEGUNDA-FEIRA,0,1,9,2012-04-17,15,ligeiro,Sim,Sim,Nao,200.4,1,1,9,2482
11333,2012619947,Braga,41.399716999999995,-8.247052,A7,46.73,1,0,0,2.0,60,Berma pavimentada,Molhado,Sentido único,Chuva,Fora da intersecção,Fora das localidades,Em pleno dia,Com inclinação,Curva,Em plena via,Despiste,SEGUNDA-FEIRA,0,1,9,2012-05-04,15,ligeiro,Sim,Sim,Nao,200.4,1,1,9,2482
11334,2012619956,Braga,41.529783,-8.752931,EN103-1,11.9,1,0,0,1.0,90,Berma pavimentada,Molhado,Dois sentidos,Chuva,Em entroncamento,Fora das localidades,Em pleno dia,Em patamar,Recta,Em plena via,Colisão,SEXTA-FEIRA  ,0,2,9,2012-05-02,6,ligeiro,Sim,Sim,Nao,200.4,1,1,9,2482
11338,2012620045,Braga,41.578249,-8.238705,ER205,68.7,1,0,0,1.0,50,Sem berma ou impraticável,Molhado,Sentido único,Chuva,Fora da intersecção,Dentro das localidades,Em pleno dia,Em patamar,Recta,Na berma,Despiste,SEGUNDA-FEIRA,0,1,9,2012-05-04,13,ligeiro,Sim,Sim,Nao,200.4,1,1,9,2482
11339,2012620046,Braga,41.571034999999995,-8.230426,ER205,69.95,1,0,0,1.0,50,Berma não pavimentada,Molhado,Dois sentidos,Chuva,Fora da intersecção,Dentro das localidades,Em pleno dia,Em patamar,Curva,Na berma,Despiste,SEXTA-FEIRA  ,0,1,9,2012-05-02,19,ligeiro,Sim,Sim,Nao,200.4,1,1,9,2482
11341,2012617537,Braga,41.67751,-8.127695,EN103,75.3,0,1,3,1.0,90,Berma pavimentada,Seco e limpo,Dois sentidos,Bom tempo,Fora da intersecção,Fora das localidades,Em pleno dia,Com inclinação,Curva,Em plena via,Colisão,QUARTA-FEIRA ,0,2,9,2012-05-17,17,muito grave,Sim,Nao,Sim,200.4,1,1,9,2482
11359,2012645020,Braga,41.399716999999995,-8.247052,A7,46.73,1,0,0,2.0,40,Berma pavimentada,Seco e limpo,Sentido único,Bom tempo,Em ramo de ligação - entrada,Fora das localidades,Em pleno dia,Com inclinação,Curva,Em plena via,Despiste,SEXTA-FEIRA  ,0,1,9,2012-09-10,14,ligeiro,Sim,Nao,Sim,200.4,1,1,9,2482
11370,2012637172,Braga,41.575156,-8.251059,ER205,67.35,1,0,0,1.0,50,Berma não pavimentada,Seco e limpo,Dois sentidos,Bom tempo,Fora da intersecção,Dentro das localidades,Em pleno dia,Em patamar,Recta,Em plena via,Colisão,DOMINGO      ,0,2,9,2012-08-08,8,ligeiro,Sim,Nao,Sim,200.4,1,1,9,2482
11388,2013671601,Braga,41.399716999999995,-8.247052,A7,46.73,2,0,0,2.0,60,Berma pavimentada,Molhado,Sentido único,Bom tempo,Em ramo de ligação - saída,Fora das localidades,Em pleno dia,Com inclinação,Curva,Em plena via,Despiste,DOMINGO      ,0,1,9,2012-12-06,15,ligeiro,Sim,Nao,Nao,200.4,1,1,9,2482
11402,2013663292,Braga,41.399716999999995,-8.247052,A7,46.73,1,0,0,2.0,60,Berma pavimentada,Molhado,Sentido único,Bom tempo,Fora da intersecção,Fora das localidades,Em pleno dia,Com inclinação,Curva,Em plena via,Despiste,TERÇA-FEIRA  ,0,1,9,2012-11-09,9,ligeiro,Sim,Nao,Nao,200.4,1,1,9,2482
11413,2008346624,Braga,41.53045,-8.756519,EN103-1,12.2,1,0,0,1.0,50,Berma pavimentada,Seco e limpo,Dois sentidos,Bom tempo,Fora da intersecção,Dentro das localidades,Em pleno dia,Em patamar,Recta,Em plena via,Colisão,SÁBADO       ,0,3,9,2008-10-12,15,ligeiro,Sim,Nao,Sim,200.4,1,1,9,2482
11414,2007298109,Braga,41.679876,-8.113831,EN103,76.75,1,0,0,1.0,50,Sem berma ou impraticável,Húmido,Dois sentidos,Chuva,Fora da intersecção,Dentro das localidades,"Noite, com iluminação",Em patamar,Recta,Em plena via,Atropelamento,SÁBADO       ,0,1,9,2007-10-02,19,ligeiro,Nao,Sim,Nao,200.4,1,1,9,2482
11415,2009351797,Braga,41.45528,-8.190615,EN206,48.84,1,0,0,2.0,90,Berma pavimentada,"Com gelo, geada ou neve",Sentido único,Bom tempo,Fora da intersecção,Fora das localidades,Em pleno dia,Em patamar,Curva,Em plena via,Colisão,DOMINGO      ,0,2,9,2008-12-15,9,ligeiro,Sim,Nao,Nao,200.4,1,1,9,2482
11417,2008340687,Braga,41.397525,-8.238524,A7,47.5,1,0,0,3.0,110,Sem berma ou impraticável,Seco e limpo,Sentido único,Bom tempo,Fora da intersecção,Fora das localidades,"Noite, sem iluminação",Com inclinação,Recta,Na berma,Despiste,TERÇA-FEIRA  ,0,1,9,2008-09-11,3,ligeiro,Nao,Nao,Sim,200.4,1,1,9,2482
11424,2010431380,Braga,41.57727,-8.240151,ER205,68.5,1,0,0,1.0,50,Berma não pavimentada,Molhado,Dois sentidos,Chuva,Fora da intersecção,Dentro das localidades,Em pleno dia,Com inclinação,Curva,Em plena via,Colisão,QUINTA-FEIRA ,0,2,9,2009-12-28,15,ligeiro,Sim,Sim,Nao,200.4,1,1,9,2482
11433,2012636952,Braga,41.529469,-8.762048,EN103-1,12.7,1,0,0,1.0,50,Berma não pavimentada,Seco e limpo,Dois sentidos,Bom tempo,Em cruzamento,Dentro das localidades,Aurora ou crepúsculo,Em patamar,Recta,Em plena via,Colisão,TERÇA-FEIRA  ,0,2,9,2012-08-10,20,ligeiro,Nao,Nao,Sim,200.4,1,1,9,2482
11454,2008346557,Braga,41.526291,-8.750623,A28,47.9,1,0,0,2.0,100,Berma pavimentada,Seco e limpo,Sentido único,Bom tempo,Fora da intersecção,Fora das localidades,Em pleno dia,Em patamar,Curva,Na berma,Colisão,DOMINGO      ,0,2,9,2008-10-02,17,ligeiro,Sim,Nao,Sim,200.4,1,1,9,2482
11470,2009373238,Braga,41.528560999999996,-8.764059,EN103-1,12.9,1,0,0,1.0,50,Berma pavimentada,Seco e limpo,Dois sentidos,Bom tempo,Em entroncamento,Dentro das localidades,Aurora ou crepúsculo,Em patamar,Recta,Em plena via,Colisão,SEGUNDA-FEIRA,0,4,9,2009-04-03,19,ligeiro,Nao,Nao,Sim,200.4,1,1,9,2482
11478,2010428093,Braga,41.528560999999996,-8.764059,EN103-1,12.9,2,0,0,1.0,50,Berma pavimentada,Molhado,Dois sentidos,Chuva,Em entroncamento,Dentro das localidades,"Noite, sem iluminação",Em patamar,Recta,Na berma,Colisão,QUINTA-FEIRA ,0,2,9,2009-11-13,18,ligeiro,Nao,Sim,Nao,200.4,1,1,9,2482
11502,2009409337,Braga,41.529773999999996,-8.751649,A28,48.3,1,0,0,2.0,60,Berma pavimentada,Seco e limpo,Sentido único,Bom tempo,Em via de desaceleração,Fora das localidades,"Noite, com iluminação",Em patamar,Curva,Em plena via,Colisão,QUARTA-FEIRA ,0,2,9,2009-08-19,21,ligeiro,Nao,Nao,Sim,200.4,1,1,9,2482
11503,2009400530,Braga,41.529543,-8.751619999999999,EN103-1,11.8,1,0,0,1.0,50,Sem berma ou impraticável,Seco e limpo,Dois sentidos,Bom tempo,Em entroncamento,Dentro das localidades,Em pleno dia,Em patamar,Recta,Em plena via,Colisão,SÁBADO       ,0,2,9,2009-07-29,7,ligeiro,Sim,Nao,Sim,200.4,1,1,9,2482
11507,2010456953,Braga,41.523886,-8.775953,EN(d)13,43.36,1,0,0,2.0,50,Berma pavimentada,Molhado,Dois sentidos,Chuva,Fora da intersecção,Fora das localidades,Em pleno dia,Em patamar,Recta,Em plena via,Colisão,QUINTA-FEIRA ,0,2,9,2010-04-21,9,ligeiro,Sim,Sim,Nao,200.4,1,1,9,2482
11509,2010424056,Braga,41.528039,-8.751085,A28,48.1,1,0,0,2.0,120,Berma pavimentada,Molhado,Sentido único,Chuva,Fora da intersecção,Fora das localidades,Em pleno dia,Com inclinação,Recta,Na berma,Despiste,DOMINGO      ,0,1,9,2009-10-07,13,ligeiro,Sim,Sim,Nao,200.4,1,1,9,2482
11526,2011567652,Braga,41.582357,-8.514246,ER205,34.8,1,0,0,1.0,50,Sem berma ou impraticável,Seco e limpo,Dois sentidos,Bom tempo,Fora da intersecção,Dentro das localidades,"Noite, com iluminação",Com inclinação,Curva,Em plena via,Colisão,SÁBADO       ,0,2,9,2011-09-23,23,ligeiro,Nao,Nao,Sim,200.4,1,1,9,2482
11527,2011500371,Braga,41.523637,-8.751127,A28,47.6,1,0,0,2.0,120,Berma pavimentada,Molhado,Sentido único,Chuva,Fora da intersecção,Fora das localidades,Em pleno dia,Em patamar,Recta,Em plena via,Despiste,TERÇA-FEIRA  ,0,1,9,2010-10-30,17,ligeiro,Sim,Sim,Nao,200.4,1,1,9,2482
11528,2011529636,Braga,41.577327000000004,-8.246674,ER205,67.9,2,0,0,1.0,50,Berma pavimentada,Seco e limpo,Dois sentidos,Bom tempo,Fora da intersecção,Dentro das localidades,Em pleno dia,Com inclinação,Curva,Na berma,Despiste,SEXTA-FEIRA  ,0,1,9,2011-04-04,13,ligeiro,Sim,Nao,Sim,200.4,1,1,9,2482
11534,2010468567,Braga,41.399716999999995,-8.247052,A7,46.73,1,0,0,2.0,60,Berma pavimentada,Molhado,Sentido único,Chuva,Em ramo de ligação - saída,Fora das localidades,Em pleno dia,Com inclinação,Curva,Em plena via,Despiste,SEGUNDA-FEIRA,0,1,9,2010-06-09,14,ligeiro,Sim,Sim,Nao,200.4,1,1,9,2482
11546,2013669726,Braga,41.515836,-8.753781,A28,46.7,1,0,0,2.0,120,Berma pavimentada,Húmido,Sentido único,Bom tempo,Fora da intersecção,Fora das localidades,Aurora ou crepúsculo,Em patamar,Recta,Em plena via,Despiste,QUINTA-FEIRA ,0,1,9,2012-12-26,7,ligeiro,Nao,Nao,Nao,200.4,1,1,9,2482
11549,2008329447,Braga,41.576817,-8.245677,ER205,68.0,0,1,0,1.0,50,Sem berma ou impraticável,Seco e limpo,Dois sentidos,Bom tempo,Fora da intersecção,Dentro das localidades,"Noite, sem iluminação",Com inclinação,Curva,Em plena via,Atropelamento,QUINTA-FEIRA ,0,1,9,2008-06-24,0,ligeiro,Nao,Nao,Sim,200.4,1,1,9,2482
11567,2008322828,Braga,41.572774,-8.234973,ER205,69.5,0,1,0,1.0,50,Berma pavimentada,Seco e limpo,Dois sentidos,Bom tempo,Fora da intersecção,Dentro das localidades,"Noite, com iluminação",Com inclinação,Recta,Em plena via,Atropelamento,QUARTA-FEIRA ,0,1,9,2008-04-05,22,ligeiro,Nao,Nao,Sim,200.4,1,1,9,2482
11573,2013656970,Braga,41.525202,-8.772066,EN103-1,13.7,1,0,0,1.0,50,Berma não pavimentada,Molhado,Sentido único,Chuva,Em rotunda,Dentro das localidades,Em pleno dia,Em patamar,Curva,Em plena via,Despiste,SEXTA-FEIRA  ,0,1,9,2012-10-08,12,ligeiro,Sim,Sim,Nao,200.4,1,1,9,2482
11593,2008348410,Braga,41.527189,-8.767011,EN103-1,13.2,1,0,0,1.0,50,Berma pavimentada,Seco e limpo,Dois sentidos,Bom tempo,Fora da intersecção,Dentro das localidades,Em pleno dia,Em patamar,Recta,Em plena via,Despiste,SEGUNDA-FEIRA,0,1,9,2008-11-06,13,ligeiro,Sim,Nao,Sim,200.4,1,1,9,2482
11595,2011514779,Braga,41.52718,-8.750788,A28,48.0,2,0,0,2.0,120,Berma pavimentada,Molhado,Sentido único,Chuva,Fora da intersecção,Fora das localidades,Em pleno dia,Em patamar,Recta,Em plena via,Colisão,DOMINGO      ,0,2,9,2010-12-02,12,ligeiro,Sim,Sim,Nao,200.4,1,1,9,2482
11602,2009409812,Braga,41.629894,-8.372788,EN205,49.9,1,0,0,1.0,50,Berma não pavimentada,Seco e limpo,Dois sentidos,Bom tempo,Fora da intersecção,Dentro das localidades,Em pleno dia,Em patamar,Recta,Em plena via,Colisão,TERÇA-FEIRA  ,0,2,9,2009-08-12,18,ligeiro,Sim,Nao,Sim,200.4,1,1,9,2482
11605,2010478921,Braga,41.515836,-8.753781,A28,46.7,1,0,0,2.0,120,Berma pavimentada,Seco e limpo,Sentido único,Bom tempo,Fora da intersecção,Fora das localidades,Em pleno dia,Com inclinação,Curva,Na berma,Despiste,DOMINGO      ,0,1,9,2010-07-18,19,ligeiro,Sim,Nao,Sim,200.4,1,1,9,2482
11609,2010424110,Braga,41.530569,-8.757681,EN103-1,12.3,1,0,0,1.0,50,Berma pavimentada,Seco e limpo,Dois sentidos,Bom tempo,Fora da intersecção,Dentro das localidades,Em pleno dia,Com inclinação,Recta,Em plena via,Colisão,SEGUNDA-FEIRA,0,2,9,2009-10-13,18,ligeiro,Sim,Nao,Sim,200.4,1,1,9,2482
11619,2008340862,Braga,41.514965000000004,-8.754010000000001,A28,46.6,1,0,0,2.0,120,Berma pavimentada,Seco e limpo,Sentido único,Bom tempo,Fora da intersecção,Fora das localidades,Em pleno dia,Em patamar,Curva,Em plena via,Colisão,DOMINGO      ,0,2,9,2008-09-26,17,ligeiro,Sim,Nao,Sim,200.4,1,1,9,2482
11622,2007285282,Braga,41.528560999999996,-8.764059,EN103-1,12.9,2,0,0,1.0,50,Berma pavimentada,Seco e limpo,Dois sentidos,Bom tempo,Em entroncamento,Dentro das localidades,Em pleno dia,Em patamar,Recta,Em plena via,Colisão,QUARTA-FEIRA ,0,2,9,2007-06-02,16,ligeiro,Sim,Nao,Sim,200.4,1,1,9,2482
11627,2012600485,Braga,41.569841,-8.231261,ER205,70.1,1,0,0,1.0,50,Sem berma ou impraticável,Seco e limpo,Dois sentidos,Bom tempo,Em entroncamento,Fora das localidades,"Noite, com iluminação",Em patamar,Curva,Em plena via,Colisão,SEXTA-FEIRA  ,0,2,9,2012-02-06,21,ligeiro,Nao,Nao,Sim,200.4,1,1,9,2482
11656,2011573880,Braga,41.678228999999995,-8.125256,EN103,75.52,1,0,0,1.0,50,Berma pavimentada,Seco e limpo,Dois sentidos,Bom tempo,Fora da intersecção,Dentro das localidades,"Noite, sem iluminação",Em patamar,Recta,Em plena via,Colisão,QUINTA-FEIRA ,0,1,9,2011-10-08,21,ligeiro,Nao,Nao,Sim,200.4,1,1,9,2482