,COD_ACIDENTE,DISTRITO,LATITUDE,LONGITUDE,VIA,KM,QT_FLIGEIROS,QT_FGRAVES,QT_MORTOS,QT_VIAS_SENTIDO,VEL_LIM_LOCAL,BERMA_VIA,CONDICAO_ADERENCIA,FAIXA_RODAGEM,FATOR_ATMOSFERICO,INTERSECAO_VIA,LOCALIZACAO,LUMINOSIDADE,PERFIL_VIA,PLANTA_VIA,SITUACAO_ACIDENTE,TIPO_NATUREZA,DIA_SEMANA,FLAG_FERIADO,QT_VEICULOS,COD_FREGUESIA,DATA,HORA,GRAVIDADE,ERA_DIA,MAU_TEMPO,ESTRADA_SECA,DENSIDADE_TOTAL,COD_DISTRITO_INE,COD_CONCELHO_INE,COD_FREGUESIA_INE,TOTAL
11662,2010429518,Braga,41.629463,-8.371922,EN205,49.99,1,0,0,1.0,50,Berma pavimentada,Seco e limpo,Dois sentidos,Chuva,Fora da intersecção,Dentro das localidades,Em pleno dia,Em patamar,Recta,Em plena via,Colisão,QUINTA-FEIRA ,0,3,9,2009-11-24,7,ligeiro,Sim,Sim,Sim,200.4,1,1,9,2482
11675,2010430363,Braga,41.529512,-8.776082,EN(d)13,44.0,0,1,0,1.0,50,Berma pavimentada,Molhado,Dois sentidos,Chuva,Fora da intersecção,Dentro das localidades,"Noite, com iluminação",Em patamar,Recta,Em plena via,Colisão,TERÇA-FEIRA  ,0,2,9,2009-11-06,17,ligeiro,Nao,Sim,Nao,200.4,1,1,9,2482
11679,2008323982,Braga,41.680328,-8.1077,EN103,77.37,1,0,0,1.0,90,Sem berma ou impraticável,Molhado,Dois sentidos,Chuva,Fora da intersecção,Fora das localidades,"Noite, sem iluminação",Com inclinação,Curva,Em plena via,Despiste,SEXTA-FEIRA  ,0,1,9,2008-04-29,21,ligeiro,Nao,Sim,Nao,200.4,1,1,9,2482
11686,2009359650,Braga,41.530304,-8.759986,EN103-1,12.5,1,0,0,1.0,50,Berma pavimentada,Seco e limpo,Dois sentidos,Bom tempo,Fora da intersecção,Dentro das localidades,Em pleno dia,Em patamar,Recta,Em plena via,Despiste,TERÇA-FEIRA  ,0,1,9,2009-02-23,16,ligeiro,Sim,Nao,Sim,200.4,1,1,9,2482
11708,2011523615,Braga,41.528795,-8.747711,EN103-1,11.45,1,0,0,1.0,50,Berma não pavimentada,Seco e limpo,Dois sentidos,Bom tempo,Fora da intersecção,Dentro das localidades,Em pleno dia,Com inclinação,Curva,Em plena via,Colisão,SEGUNDA-FEIRA,0,2,9,2011-02-15,15,ligeiro,Sim,Nao,Sim,200.4,1,1,9,2482
11750,2010491544,Braga,41.529783,-8.752931,EN103-1,11.9,1,0,0,1.0,50,Sem berma ou impraticável,Seco e limpo,Dois sentidos,Bom tempo,Em entroncamento,Fora das localidades,"Noite, com iluminação",Em patamar,Recta,Em plena via,Colisão,SEXTA-FEIRA  ,0,2,9,2010-09-28,20,ligeiro,Nao,Nao,Sim,200.4,1,1,9,2482
11751,2012614341,Braga,41.397648,-8.237397999999999,A7,47.6,3,0,0,3.0,120,Berma pavimentada,Seco e limpo,Sentido único,Bom tempo,Fora da intersecção,Fora das localidades,Aurora ou crepúsculo,Em patamar,Curva,Em plena via,Colisão,SEGUNDA-FEIRA,0,2,9,2012-03-31,19,ligeiro,Nao,Nao,Sim,200.4,1,1,9,2482
11755,2010460605,Braga,41.527640000000005,-8.766033,EN103-1,13.1,1,0,0,2.0,50,Berma pavimentada,Molhado,Dois sentidos,Chuva,Fora da intersecção,Dentro das localidades,"Noite, com iluminação",Em patamar,Recta,Em plena via,Colisão,TERÇA-FEIRA  ,0,2,9,2010-04-03,21,ligeiro,Nao,Sim,Nao,200.4,1,1,9,2482
11766,2007289638,Braga,41.459091,-8.185331,EN206,49.4,1,0,0,1.0,90,Berma não pavimentada,Seco e limpo,Dois sentidos,Bom tempo,Fora da intersecção,Fora das localidades,Em pleno dia,Em patamar,Recta,Em plena via,Despiste,QUINTA-FEIRA ,0,1,9,2007-07-07,10,ligeiro,Sim,Nao,Sim,200.4,1,1,9,2482
11791,2008301931,Braga,41.459462,-8.185052,EN206,49.44,1,0,0,1.0,50,Berma pavimentada,Molhado,Dois sentidos,Chuva,Fora da intersecção,Dentro das localidades,"Noite, com iluminação",Com inclinação,Recta,Em plena via,Colisão,SEXTA-FEIRA  ,0,2,9,2007-11-21,19,ligeiro,Nao,Sim,Nao,200.4,1,1,9,2482
11814,2009399658,Braga,41.518926,-8.752658,A28,47.06,1,0,0,2.0,120,Berma pavimentada,Seco e limpo,Sentido único,Bom tempo,Fora da intersecção,Fora das localidades,Em pleno dia,Em patamar,Recta,Em plena via,Colisão,SÁBADO       ,0,2,9,2009-07-18,13,ligeiro,Sim,Nao,Sim,200.4,1,1,9,2482
11830,2008308067,Braga,41.627213,-8.368212,EN205,50.4,1,0,0,1.0,50,Berma pavimentada,Seco e limpo,Sentido único,Bom tempo,Em rotunda,Dentro das localidades,Em pleno dia,Com inclinação,Curva,Em plena via,Colisão,DOMINGO      ,0,2,9,2008-01-30,15,ligeiro,Sim,Nao,Sim,200.4,1,1,9,2482
11857,2011523810,Braga,41.399716999999995,-8.247052,A7,46.73,1,0,0,2.0,120,Berma pavimentada,Molhado,Sentido único,Chuva,Em ramo de ligação - entrada,Fora das localidades,Em pleno dia,Com inclinação,Curva,Em plena via,Despiste,SEGUNDA-FEIRA,0,1,9,2011-02-09,12,ligeiro,Sim,Sim,Nao,200.4,1,1,9,2482
11876,2011567891,Braga,41.399716999999995,-8.247052,A7,46.73,2,0,0,2.0,60,Berma pavimentada,Molhado,Sentido único,Chuva,Fora da intersecção,Fora das localidades,Em pleno dia,Com inclinação,Curva,Em plena via,Despiste,DOMINGO      ,0,1,9,2011-09-01,9,ligeiro,Sim,Sim,Nao,200.4,1,1,9,2482
11888,2010429490,Braga,41.520272999999996,-8.771526,EN(d)13,42.8,2,0,0,1.0,50,Berma não pavimentada,Molhado,Dois sentidos,Chuva,Fora da intersecção,Dentro das localidades,Em pleno dia,Em patamar,Recta,Em plena via,Colisão,SEXTA-FEIRA  ,0,2,9,2009-11-25,9,ligeiro,Sim,Sim,Nao,200.4,1,1,9,2482
11912,2010423992,Braga,41.399716999999995,-8.247052,A7,46.73,1,0,0,2.0,60,Berma pavimentada,Molhado,Sentido único,Chuva,Fora da intersecção,Fora das localidades,Em pleno dia,Com inclinação,Curva,Na berma,Despiste,SEGUNDA-FEIRA,0,1,9,2009-10-24,8,ligeiro,Sim,Sim,Nao,200.4,1,1,9,2482
11945,2011523834,Braga,41.527279,-8.766816,EN103-1,13.18,1,0,0,1.0,50,Sem berma ou impraticável,Seco e limpo,Dois sentidos,Bom tempo,Fora da intersecção,Dentro das localidades,Em pleno dia,Em patamar,Recta,Em plena via,Colisão,QUINTA-FEIRA ,0,2,9,2011-02-23,9,ligeiro,Sim,Nao,Sim,200.4,1,1,9,2482
11954,2007285133,Braga,41.526291,-8.750623,A28,47.9,1,0,0,2.0,120,Berma pavimentada,Seco e limpo,Sentido único,Bom tempo,Fora da intersecção,Fora das localidades,Em pleno dia,Em patamar,Curva,Em plena via,Despiste,SÁBADO       ,0,1,9,2007-06-04,16,ligeiro,Sim,Nao,Sim,200.4,1,1,9,2482
11962,2008321949,Braga,41.577890999999994,-8.247633,ER205,67.8,1,0,0,1.0,50,Berma não pavimentada,Seco e limpo,Dois sentidos,Bom tempo,Fora da intersecção,Dentro das localidades,Em pleno dia,Com inclinação,Curva,Em plena via,Colisão,TERÇA-FEIRA  ,0,2,9,2008-03-12,15,ligeiro,Sim,Nao,Sim,200.4,1,1,9,2482
11977,2008304738,Braga,41.442336,-8.167478,ER207,49.79,1,0,0,1.0,50,Sem berma ou impraticável,Molhado,Dois sentidos,Chuva,Fora da intersecção,Fora das localidades,Em pleno dia,Em patamar,Curva,Em plena via,Despiste,QUARTA-FEIRA ,1,1,9,2007-12-01,9,ligeiro,Sim,Sim,Nao,200.4,1,1,9,2482
11995,2008348552,Braga,41.528906,-8.751377,A28,48.2,2,0,0,2.0,100,Berma pavimentada,Seco e limpo,Sentido único,Bom tempo,Fora da intersecção,Fora das localidades,"Noite, com iluminação",Em patamar,Recta,Em plena via,Colisão,SÁBADO       ,0,2,9,2008-11-04,18,ligeiro,Nao,Nao,Sim,200.4,1,1,9,2482
12011,2009373752,Braga,41.630236,-8.359138,EN205,51.25,2,0,0,1.0,50,Berma pavimentada,Molhado,Sentido único,Chuva,Em rotunda,Dentro das localidades,Em pleno dia,Com inclinação,Curva,Na berma,Despiste,SEXTA-FEIRA  ,0,1,9,2009-04-17,11,ligeiro,Sim,Sim,Nao,200.4,1,1,9,2482
12014,2009358207,Braga,41.524512,-8.750859,A28,47.7,2,0,0,2.0,120,Berma pavimentada,Molhado,Sentido único,Bom tempo,Fora da intersecção,Fora das localidades,Em pleno dia,Em patamar,Curva,Em plena via,Colisão,SEGUNDA-FEIRA,0,2,9,2009-01-19,15,ligeiro,Sim,Nao,Nao,200.4,1,1,9,2482
12020,2009389477,Braga,41.515836,-8.753781,A28,46.7,2,0,0,2.0,120,Berma pavimentada,Seco e limpo,Sentido único,Bom tempo,Fora da intersecção,Fora das localidades,Em pleno dia,Em patamar,Recta,Em plena via,Colisão,QUINTA-FEIRA ,0,2,9,2009-06-01,8,ligeiro,Sim,Nao,Sim,200.4,1,1,9,2482
12021,2008337872,Braga,41.627945000000004,-8.370385,EN205,50.2,1,0,0,1.0,50,Berma pavimentada,Seco e limpo,Dois sentidos,Bom tempo,Em rotunda,Fora das localidades,Em pleno dia,Em patamar,Curva,Em plena via,Atropelamento,TERÇA-FEIRA  ,0,1,9,2008-08-19,8,ligeiro,Sim,Nao,Sim,200.4,1,1,9,2482
12023,2009383199,Braga,41.577991,-8.239624000000001,ER205,68.6,1,0,0,1.0,50,Sem berma ou impraticável,Molhado,Dois sentidos,Chuva,Fora da intersecção,Dentro das localidades,Em pleno dia,Com inclinação,Curva,Na berma,Despiste,SÁBADO       ,0,1,9,2009-05-16,8,ligeiro,Sim,Sim,Nao,200.4,1,1,9,2482
12049,2012630942,Braga,41.515836,-8.753781,A28,46.7,1,0,0,2.0,120,Berma pavimentada,Seco e limpo,Sentido único,Bom tempo,Fora da intersecção,Fora das localidades,"Noite, sem iluminação",Em patamar,Recta,Em plena via,Despiste,QUARTA-FEIRA ,0,1,9,2012-07-30,2,ligeiro,Nao,Nao,Sim,200.4,1,1,9,2482
12057,2007291252,Braga,41.520315999999994,-8.773166,EN(d)13,42.9,1,1,0,1.0,80,Berma pavimentada,Seco e limpo,Dois sentidos,Bom tempo,Em entroncamento,Dentro das localidades,"Noite, com iluminação",Em patamar,Recta,Em plena via,Despiste,SEXTA-FEIRA  ,0,1,9,2007-08-05,3,ligeiro,Nao,Nao,Sim,200.4,1,1,9,2482
12070,2008307446,Braga,41.528622,-8.776203,EN(d)13,43.9,0,2,0,1.0,50,Berma pavimentada,Seco e limpo,Dois sentidos,Bom tempo,Em entroncamento,Dentro das localidades,"Noite, com iluminação",Em patamar,Recta,Em plena via,Colisão,SEGUNDA-FEIRA,0,2,9,2008-01-20,20,ligeiro,Nao,Nao,Sim,200.4,1,1,9,2482
12074,2012645455,Braga,41.447662,-8.170525999999999,ER207,50.5,1,0,0,1.0,50,Berma não pavimentada,Molhado,Dois sentidos,Chuva,Fora da intersecção,Dentro das localidades,Em pleno dia,Com inclinação,Curva,Na berma,Despiste,QUARTA-FEIRA ,0,1,9,2012-09-25,12,ligeiro,Sim,Sim,Nao,200.4,1,1,9,2482
12078,2007295655,Braga,41.630775,-8.35815,EN205,51.35,1,0,0,2.0,30,Berma pavimentada,Com gravilha ou areia,Dois sentidos,Bom tempo,Em entroncamento,Dentro das localidades,Em pleno dia,Com inclinação,Curva,Na berma,Atropelamento,TERÇA-FEIRA  ,0,1,9,2007-09-23,12,ligeiro,Sim,Nao,Nao,200.4,1,1,9,2482
12091,2012618210,Braga,41.458813,-8.185541,EN206,49.37,1,0,0,1.0,50,Sem berma ou impraticável,Seco e limpo,Dois sentidos,Bom tempo,Fora da intersecção,Fora das localidades,Em pleno dia,Em patamar,Recta,Em plena via,Colisão,QUINTA-FEIRA ,0,2,9,2012-05-12,15,ligeiro,Sim,Nao,Sim,200.4,1,1,9,2482
12092,2011523837,Braga,41.525433,-8.770963,EN103-1,13.6,2,0,0,1.0,50,Berma pavimentada,Molhado,Dois sentidos,Chuva,Fora da intersecção,Dentro das localidades,Em pleno dia,Em patamar,Recta,Em plena via,Colisão,TERÇA-FEIRA  ,0,3,9,2011-02-16,18,ligeiro,Sim,Sim,Nao,200.4,1,1,9,2482
12146,2008302178,Braga,41.515836,-8.753781,A28,46.7,1,0,0,2.0,120,Berma pavimentada,Molhado,Sentido único,Chuva,Fora da intersecção,Fora das localidades,"Noite, sem iluminação",Em patamar,Recta,Em plena via,Despiste,SÁBADO       ,0,1,9,2007-11-22,0,ligeiro,Nao,Sim,Nao,200.4,1,1,9,2482
12168,2010464621,Braga,41.525614000000004,-8.770442999999998,EN103-1,13.55,1,0,0,1.0,50,Sem berma ou impraticável,Seco e limpo,Dois sentidos,Bom tempo,Fora da intersecção,Dentro das localidades,Em pleno dia,Em patamar,Recta,Em plena via,Colisão,QUINTA-FEIRA ,0,2,9,2010-05-25,14,ligeiro,Sim,Nao,Sim,200.4,1,1,9,2482
12176,2011523754,Braga,41.576178000000006,-8.237608,ER205,69.0,1,0,0,1.0,50,Sem berma ou impraticável,Molhado,Sentido único,Chuva,Fora da intersecção,Dentro das localidades,Em pleno dia,Em patamar,Curva,Em plena via,Colisão,SÁBADO       ,0,2,9,2011-02-08,16,ligeiro,Sim,Sim,Nao,200.4,1,1,9,2482
12217,2013671607,Braga,41.399716999999995,-8.247052,A7,46.73,1,0,0,2.0,60,Berma pavimentada,Molhado,Sentido único,Chuva,Fora da intersecção,Fora das localidades,Em pleno dia,Com inclinação,Curva,Em plena via,Despiste,TERÇA-FEIRA  ,0,1,9,2012-12-13,9,ligeiro,Sim,Sim,Nao,200.4,1,1,9,2482
12239,2012591637,Braga,41.679874,-8.115578,EN103,76.6,1,0,0,1.0,50,Sem berma ou impraticável,Seco e limpo,Dois sentidos,Bom tempo,Fora da intersecção,Dentro das localidades,"Noite, com iluminação",Em patamar,Recta,Em plena via,Despiste,SÁBADO       ,0,1,9,2011-12-17,5,ligeiro,Nao,Nao,Sim,200.4,1,1,9,2482
12246,2008337335,Braga,41.52915,-8.749606,EN103-1,11.62,2,0,0,1.0,50,Berma não pavimentada,Seco e limpo,Dois sentidos,Bom tempo,Em cruzamento,Dentro das localidades,Em pleno dia,Em patamar,Recta,Em plena via,Colisão,SEXTA-FEIRA  ,0,3,9,2008-08-04,9,ligeiro,Sim,Nao,Sim,200.4,1,1,9,2482
12252,2008304759,Braga,41.527189,-8.767011,EN103-1,13.2,1,0,0,1.0,50,Berma não pavimentada,Húmido,Dois sentidos,Chuva,Fora da intersecção,Dentro das localidades,Em pleno dia,Em patamar,Recta,Em plena via,Despiste,SÁBADO       ,0,1,9,2007-12-09,13,ligeiro,Sim,Sim,Nao,200.4,1,1,9,2482
12266,2012618197,Braga,41.520383,-8.773977,EN(d)13,42.95,2,0,0,1.0,50,Berma pavimentada,Seco e limpo,Dois sentidos,Bom tempo,Fora da intersecção,Dentro das localidades,Em pleno dia,Com inclinação,Curva,Em plena via,Colisão,QUARTA-FEIRA ,0,2,9,2012-05-06,15,ligeiro,Sim,Nao,Sim,200.4,1,1,9,2482
12276,2010441942,Braga,41.529322,-8.750502000000001,EN103-1,11.7,1,0,0,1.0,80,Berma pavimentada,Seco e limpo,Sentido único,Bom tempo,Em cruzamento,Fora das localidades,Em pleno dia,Em patamar,Recta,Em plena via,Colisão,SÁBADO       ,0,2,9,2010-01-28,11,ligeiro,Sim,Nao,Sim,200.4,1,1,9,2482
12302,2007277792,Braga,41.523637,-8.751127,A28,47.6,1,0,0,2.0,120,Berma pavimentada,Seco e limpo,Sentido único,Bom tempo,Fora da intersecção,Fora das localidades,Em pleno dia,Em patamar,Recta,Em plena via,Despiste,TERÇA-FEIRA  ,0,1,9,2007-03-30,7,ligeiro,Sim,Nao,Sim,200.4,1,1,9,2482
12306,2009366658,Braga,41.627945000000004,-8.370385,EN205,50.2,1,0,0,1.0,50,Berma pavimentada,Seco e limpo,Dois sentidos,Bom tempo,Fora da intersecção,Dentro das localidades,"Noite, com iluminação",Em patamar,Recta,Em plena via,Atropelamento,TERÇA-FEIRA  ,0,1,9,2009-03-06,22,ligeiro,Nao,Nao,Sim,200.4,1,1,9,2482
12309,2011517146,Braga,41.528622,-8.776203,EN(d)13,43.9,2,0,0,1.0,50,Berma pavimentada,Seco e limpo,Dois sentidos,Bom tempo,Fora da intersecção,Dentro das localidades,"Noite, com iluminação",Em patamar,Recta,Em plena via,Atropelamento,QUINTA-FEIRA ,0,1,9,2011-01-31,18,ligeiro,Nao,Nao,Sim,200.4,1,1,9,2482
12314,2010452661,Braga,41.399716999999995,-8.247052,A7,46.73,1,0,0,2.0,40,Berma pavimentada,Molhado,Sentido único,Chuva,Em ramo de ligação - entrada,Fora das localidades,Aurora ou crepúsculo,Com inclinação,Curva,Em plena via,Despiste,QUINTA-FEIRA ,0,1,9,2010-03-29,18,ligeiro,Nao,Sim,Nao,200.4,1,1,9,2482
12321,2013656239,Braga,41.529044,-8.763008000000001,EN103-1,12.8,1,0,0,1.0,50,Berma pavimentada,Seco e limpo,Dois sentidos,Bom tempo,Fora da intersecção,Dentro das localidades,"Noite, com iluminação",Com inclinação,Recta,Em plena via,Colisão,TERÇA-FEIRA  ,0,2,9,2012-10-28,18,ligeiro,Nao,Nao,Sim,200.4,1,1,9,2482
12323,2010429469,Braga,41.529322,-8.750502000000001,EN103-1,11.7,1,0,0,2.0,50,Berma pavimentada,Seco e limpo,Sentido único,Bom tempo,Em entroncamento,Fora das localidades,Em pleno dia,Em patamar,Recta,Em plena via,Despiste,QUINTA-FEIRA ,0,1,9,2009-11-24,9,ligeiro,Sim,Nao,Sim,200.4,1,1,9,2482
12339,2007278524,Braga,41.526963,-8.767501,EN103-1,13.25,1,0,0,2.0,50,Berma não pavimentada,Seco e limpo,Dois sentidos,Bom tempo,Fora da intersecção,Dentro das localidades,Em pleno dia,Em patamar,Recta,Na berma,Despiste,SEGUNDA-FEIRA,0,1,9,2007-03-29,19,ligeiro,Sim,Nao,Sim,200.4,1,1,9,2482
12353,2007294577,Braga,41.457221999999994,-8.186689,EN206,49.2,2,0,0,1.0,50,Berma pavimentada,Seco e limpo,Dois sentidos,Bom tempo,Em entroncamento,Fora das localidades,Em pleno dia,Em patamar,Curva,Em plena via,Colisão,SEXTA-FEIRA  ,0,2,9,2007-09-03,14,ligeiro,Sim,Nao,Sim,200.4,1,1,9,2482
12403,2011524748,Braga,41.399716999999995,-8.247052,A7,46.73,1,0,0,2.0,70,Berma pavimentada,Molhado,Sentido único,Chuva,Fora da intersecção,Fora das localidades,"Noite, com iluminação",Com inclinação,Curva,Em plena via,Colisão,DOMINGO      ,0,2,9,2011-02-14,20,ligeiro,Nao,Sim,Nao,200.4,1,1,9,2482
12406,2007290906,Braga,41.528560999999996,-8.764059,EN103-1,12.9,2,0,0,1.0,50,Berma pavimentada,Seco e limpo,Dois sentidos,Bom tempo,Em cruzamento,Dentro das localidades,Em pleno dia,Com inclinação,Recta,Em plena via,Colisão,QUINTA-FEIRA ,0,2,9,2007-07-29,14,ligeiro,Sim,Nao,Sim,200.4,1,1,9,2482
12419,2012619951,Braga,41.399716999999995,-8.247052,A7,46.73,1,0,0,2.0,60,Berma pavimentada,Molhado,Sentido único,Chuva,Em ramo de ligação - entrada,Fora das localidades,Em pleno dia,Com inclinação,Curva,Em plena via,Despiste,SEGUNDA-FEIRA,0,1,9,2012-05-04,11,ligeiro,Sim,Sim,Nao,200.4,1,1,9,2482
12423,2011529588,Braga,41.399716999999995,-8.247052,A7,46.73,2,0,0,2.0,60,Berma pavimentada,Molhado,Sentido único,Chuva,Fora da intersecção,Fora das localidades,Em pleno dia,Com inclinação,Curva,Em plena via,Colisão,QUINTA-FEIRA ,0,3,9,2011-04-20,19,ligeiro,Sim,Sim,Nao,200.4,1,1,9,2482
12434,2010486600,Braga,41.443512,-8.168242999999999,ER207,49.95,2,0,0,1.0,50,Berma não pavimentada,Seco e limpo,Dois sentidos,Bom tempo,Fora da intersecção,Fora das localidades,Em pleno dia,Em patamar,Recta,Em plena via,Despiste,QUINTA-FEIRA ,0,1,9,2010-08-13,10,ligeiro,Sim,Nao,Sim,200.4,1,1,9,2482
12442,2007298108,Braga,41.678579,-8.107225999999999,EN103,77.6,2,0,0,1.0,90,Berma não pavimentada,Seco e limpo,Dois sentidos,Bom tempo,Fora da intersecção,Fora das localidades,Em pleno dia,Em patamar,Curva,Em plena via,Colisão,DOMINGO      ,0,2,9,2007-10-08,13,ligeiro,Sim,Nao,Sim,200.4,1,1,9,2482
12449,2012608619,Braga,41.524512,-8.750859,A28,47.7,1,0,0,2.0,110,Berma pavimentada,Molhado,Sentido único,Chuva,Fora da intersecção,Fora das localidades,Em pleno dia,Com inclinação,Recta,Em plena via,Despiste,SEGUNDA-FEIRA,0,1,9,2012-03-03,11,ligeiro,Sim,Sim,Nao,200.4,1,1,9,2482
12459,2011527189,Braga,41.529301000000004,-8.75039,EN103-1,11.69,2,0,0,1.0,50,Sem berma ou impraticável,Seco e limpo,Sentido único,Bom tempo,Em entroncamento,Dentro das localidades,Em pleno dia,Em Lomba,Recta,Em plena via,Colisão,QUINTA-FEIRA ,0,2,9,2011-03-23,18,ligeiro,Sim,Nao,Sim,200.4,1,1,9,2482
12466,2007281260,Braga,41.576807,-8.242591000000001,ER205,68.28,1,0,0,1.0,50,Berma pavimentada,Seco e limpo,Dois sentidos,Bom tempo,NÃO DEFINIDO,Dentro das localidades,Em pleno dia,Em patamar,Recta,Em plena via,Atropelamento,QUARTA-FEIRA ,0,1,9,2007-04-17,19,ligeiro,Sim,Nao,Sim,200.4,1,1,9,2482
12473,2013669714,Braga,41.399716999999995,-8.247052,A7,46.73,1,0,0,2.0,60,Berma pavimentada,Molhado,Dois sentidos,Chuva,Em ramo de ligação - saída,Fora das localidades,"Noite, com iluminação",Com inclinação,Curva,Na berma,Despiste,SEXTA-FEIRA  ,0,1,9,2012-12-21,20,ligeiro,Nao,Sim,Nao,200.4,1,1,9,2482
12502,2010429509,Braga,41.517808,-8.753072,A28,46.93,1,0,0,2.0,120,Berma pavimentada,Molhado,Sentido único,Chuva,Fora da intersecção,Fora das localidades,Em pleno dia,Em patamar,Recta,Em plena via,Colisão,SEXTA-FEIRA  ,0,2,9,2009-11-25,17,ligeiro,Sim,Sim,Nao,200.4,1,1,9,2482
12508,2009355868,Braga,41.630292,-8.373805,EN205,49.8,3,0,0,1.0,40,Berma não pavimentada,Seco e limpo,Dois sentidos,Bom tempo,Fora da intersecção,Dentro das localidades,Em pleno dia,Em patamar,Curva,Em plena via,Colisão,QUINTA-FEIRA ,0,2,9,2009-01-10,14,ligeiro,Sim,Nao,Sim,200.4,1,1,9,2482
12514,2007289587,Braga,41.397785,-8.242085000000001,A7,47.2,2,0,0,2.0,120,Berma pavimentada,Seco e limpo,Sentido único,Bom tempo,Fora da intersecção,Fora das localidades,Em pleno dia,Com inclinação,Recta,Em plena via,Colisão,DOMINGO      ,0,2,9,2007-07-15,6,ligeiro,Sim,Nao,Sim,200.4,1,1,9,2482
12523,2011555960,Braga,41.528560999999996,-8.764059,EN103-1,12.9,2,0,0,1.0,50,Berma pavimentada,Seco e limpo,Dois sentidos,Bom tempo,Fora da intersecção,Dentro das localidades,Em pleno dia,Em patamar,Recta,Em plena via,Colisão,QUINTA-FEIRA ,0,2,9,2011-07-26,15,ligeiro,Sim,Nao,Sim,200.4,1,1,9,2482
12524,2009418116,Braga,41.530242,-8.755379,EN103-1,12.1,1,0,0,1.0,50,Berma pavimentada,Seco e limpo,Dois sentidos,Bom tempo,Em rotunda,Dentro das localidades,Em pleno dia,Em patamar,Curva,Em plena via,Colisão,QUARTA-FEIRA ,0,2,9,2009-09-16,8,ligeiro,Sim,Nao,Sim,200.4,1,1,9,2482
12538,2013669716,Braga,41.399716999999995,-8.247052,A7,46.73,1,0,0,2.0,60,Berma pavimentada,Húmido,Sentido único,Bom tempo,Em ramo de ligação - entrada,Fora das localidades,Em pleno dia,Com inclinação,Curva,Na berma,Despiste,SÁBADO       ,0,1,9,2012-12-22,8,ligeiro,Sim,Nao,Nao,200.4,1,1,9,2482
12543,2012578680,Braga,41.629414000000004,-8.371825999999999,EN205,50.0,0,1,0,1.0,50,Berma pavimentada,Seco e limpo,Dois sentidos,Bom tempo,Em entroncamento,Dentro das localidades,Em pleno dia,Em patamar,Recta,Em plena via,Atropelamento,DOMINGO      ,0,1,9,2011-11-08,8,ligeiro,Sim,Nao,Sim,200.4,1,1,9,2482
12564,2011529601,Braga,41.515836,-8.753781,A28,46.7,1,0,0,2.0,120,Berma pavimentada,Seco e limpo,Sentido único,Bom tempo,Fora da intersecção,Fora das localidades,"Noite, sem iluminação",Em patamar,Recta,Em plena via,Despiste,SEXTA-FEIRA  ,0,1,9,2011-04-27,21,ligeiro,Nao,Nao,Sim,200.4,1,1,9,2482
12565,2013670446,Braga,41.528622,-8.776203,EN(d)13,43.9,1,0,0,1.0,50,Berma pavimentada,Molhado,Dois sentidos,Chuva,Fora da intersecção,Dentro das localidades,Em pleno dia,Em patamar,Recta,Em plena via,Colisão,TERÇA-FEIRA  ,0,2,9,2012-12-13,12,ligeiro,Sim,Sim,Nao,200.4,1,1,9,2482
12569,2012628821,Braga,41.578294,-8.239274,ER205,68.65,1,0,0,1.0,50,Sem berma ou impraticável,Molhado,Dois sentidos,Chuva,Fora da intersecção,Dentro das localidades,Em pleno dia,Com inclinação,Curva,Na berma,Despiste,QUINTA-FEIRA ,1,1,9,2012-06-10,10,ligeiro,Sim,Sim,Nao,200.4,1,1,9,2482
12600,2010433745,Braga,41.528898,-8.748261,EN103-1,11.5,1,0,0,1.0,50,Berma pavimentada,Seco e limpo,Dois sentidos,Bom tempo,Em rotunda,Dentro das localidades,Em pleno dia,Em patamar,Curva,Em plena via,Colisão,QUARTA-FEIRA ,0,2,9,2009-12-11,9,ligeiro,Sim,Nao,Sim,200.4,1,1,9,2482
12602,2011555953,Braga,41.576088,-8.250192,ER205,67.48,2,0,0,1.0,50,Berma pavimentada,Seco e limpo,Dois sentidos,Bom tempo,Fora da intersecção,Dentro das localidades,Em pleno dia,Com inclinação,Recta,Em plena via,Colisão,QUARTA-FEIRA ,0,3,9,2011-07-25,8,ligeiro,Sim,Nao,Sim,200.4,1,1,9,2482
12616,2010424072,Braga,41.529469,-8.762048,EN103-1,12.7,1,0,0,1.0,50,Berma pavimentada,Seco e limpo,Dois sentidos,Bom tempo,Fora da intersecção,Dentro das localidades,Aurora ou crepúsculo,Em patamar,Recta,Em plena via,Colisão,QUARTA-FEIRA ,0,2,9,2009-10-26,18,ligeiro,Nao,Nao,Sim,200.4,1,1,9,2482
12645,2011505925,Braga,41.67846,-8.12326,EN103,75.7,1,0,0,1.0,50,Berma pavimentada,Seco e limpo,Dois sentidos,Bom tempo,Em entroncamento,Dentro das localidades,Em pleno dia,Em patamar,Curva,Em plena via,Colisão,SEGUNDA-FEIRA,0,2,9,2010-11-04,17,ligeiro,Sim,Nao,Sim,200.4,1,1,9,2482
12662,2010463493,Braga,41.397573,-8.237928,A7,47.55,1,0,0,2.0,120,Berma pavimentada,Seco e limpo,Sentido único,Bom tempo,Fora da intersecção,Fora das localidades,Em pleno dia,Com inclinação,Recta,Em plena via,Despiste,QUARTA-FEIRA ,0,1,9,2010-05-13,18,ligeiro,Sim,Nao,Sim,200.4,1,1,9,2482