,COD_ACIDENTE,DISTRITO,LATITUDE,LONGITUDE,VIA,KM,QT_FLIGEIROS,QT_FGRAVES,QT_MORTOS,QT_VIAS_SENTIDO,VEL_LIM_LOCAL,BERMA_VIA,CONDICAO_ADERENCIA,FAIXA_RODAGEM,FATOR_ATMOSFERICO,INTERSECAO_VIA,LOCALIZACAO,LUMINOSIDADE,PERFIL_VIA,PLANTA_VIA,SITUACAO_ACIDENTE,TIPO_NATUREZA,DIA_SEMANA,FLAG_FERIADO,QT_VEICULOS,COD_FREGUESIA,DATA,HORA,GRAVIDADE,ERA_DIA,MAU_TEMPO,ESTRADA_SECA,DENSIDADE_TOTAL,COD_DISTRITO_INE,COD_CONCELHO_INE,COD_FREGUESIA_INE,TOTAL
12669,2007273382,Braga,41.526736,-8.767989,EN103-1,13.3,1,0,0,1.0,90,Sem berma ou impraticável,Seco e limpo,Dois sentidos,Bom tempo,Fora da intersecção,Fora das localidades,Em pleno dia,Em patamar,Recta,Em plena via,Despiste,DOMINGO      ,0,1,9,2007-01-25,14,ligeiro,Sim,Nao,Sim,200.4,1,1,9,2482
12685,2009383208,Braga,41.528906,-8.751377,A28,48.2,1,0,0,2.0,40,Berma pavimentada,Seco e limpo,Sentido único,Bom tempo,Em via de desaceleração,Fora das localidades,Em pleno dia,Em patamar,Curva,Na berma,Despiste,SEGUNDA-FEIRA,0,1,9,2009-05-18,11,ligeiro,Sim,Nao,Sim,200.4,1,1,9,2482
12686,2012628478,Braga,41.577890999999994,-8.247633,ER205,67.8,2,0,0,1.0,50,Berma pavimentada,Húmido,Dois sentidos,Chuva,Fora da intersecção,Dentro das localidades,"Noite, com iluminação",Em patamar,Curva,Na berma,Despiste,SEXTA-FEIRA  ,0,1,9,2012-06-05,20,ligeiro,Nao,Sim,Nao,200.4,1,1,9,2482
12696,2011506718,Braga,41.399716999999995,-8.247052,A7,46.73,1,0,0,2.0,60,Berma pavimentada,Molhado,Sentido único,Chuva,Em ramo de ligação - entrada,Fora das localidades,"Noite, com iluminação",Com inclinação,Curva,Na berma,Despiste,SEXTA-FEIRA  ,0,1,9,2010-11-19,23,ligeiro,Nao,Sim,Nao,200.4,1,1,9,2482
12721,2012626685,Braga,41.575902,-8.250364999999999,ER205,67.45,1,0,0,1.0,50,Berma pavimentada,Seco e limpo,Dois sentidos,Bom tempo,Fora da intersecção,Dentro das localidades,Em pleno dia,Em patamar,Recta,Em plena via,Colisão,SÁBADO       ,0,2,9,2012-06-28,18,ligeiro,Sim,Nao,Sim,200.4,1,1,9,2482
12723,2009372080,Braga,41.455254,-8.189747,EN206,48.9,0,1,0,2.0,90,Berma pavimentada,Seco e limpo,Sentido único,Bom tempo,Fora da intersecção,Fora das localidades,"Noite, com iluminação",Em patamar,Curva,Em plena via,Despiste,TERÇA-FEIRA  ,0,1,9,2009-03-28,5,ligeiro,Nao,Nao,Sim,200.4,1,1,9,2482
12725,2007295656,Braga,41.630534000000004,-8.35867,EN205,51.3,1,0,0,1.0,50,Sem berma ou impraticável,Com gravilha ou areia,Dois sentidos,Bom tempo,Em via de desaceleração,Dentro das localidades,Em pleno dia,Com inclinação,Curva,Em plena via,Despiste,SEGUNDA-FEIRA,0,1,9,2007-09-22,18,ligeiro,Sim,Nao,Nao,200.4,1,1,9,2482
12788,2007279204,Braga,41.361185,-8.295903,EN207-1,12.45,1,0,0,3.0,80,Berma pavimentada,Seco e limpo,Dois sentidos,Bom tempo,Em ramo de ligação - entrada,Dentro das localidades,"Noite, com iluminação",Em patamar,Recta,Em plena via,Colisão,DOMINGO      ,0,2,1,2007-04-15,20,ligeiro,Nao,Nao,Sim,9.5,1,1,1,373
12852,2007278535,Braga,41.368697,-8.108086,ER101-4,9.7,1,0,0,1.0,50,Sem berma ou impraticável,Seco e limpo,Dois sentidos,Bom tempo,Fora da intersecção,Dentro das localidades,Em pleno dia,NÃO DEFINIDO,Recta,Em plena via,Colisão,TERÇA-FEIRA  ,0,2,1,2007-03-24,15,ligeiro,Sim,Nao,Sim,9.5,1,1,1,373
12918,2007284895,Braga,41.598009000000005,-8.773025,A28,56.5,6,1,0,2.0,120,Berma pavimentada,Molhado,Sentido único,Chuva,Fora da intersecção,Fora das localidades,"Noite, sem iluminação",Com inclinação,Recta,Em plena via,Colisão,SÁBADO       ,1,4,1,2007-06-10,4,ligeiro,Nao,Sim,Nao,9.5,1,1,1,373
12932,2007285132,Braga,41.60833,-8.775276,A28,57.7,2,0,0,2.0,120,Berma pavimentada,Seco e limpo,Sentido único,Bom tempo,Fora da intersecção,Fora das localidades,"Noite, sem iluminação",Com inclinação,Curva,Em plena via,Despiste,DOMINGO      ,0,1,1,2007-06-05,3,ligeiro,Nao,Nao,Sim,9.5,1,1,1,373
12937,2007295667,Braga,41.361955,-8.300158,EN207-1,12.85,2,0,0,1.0,50,Sem berma ou impraticável,Seco e limpo,Dois sentidos,Bom tempo,Fora da intersecção,Dentro das localidades,Em pleno dia,Em patamar,Recta,Em plena via,Despiste,QUINTA-FEIRA ,0,1,1,2007-09-19,9,ligeiro,Sim,Nao,Sim,9.5,1,1,1,373
12996,2007294061,Braga,41.599413,-8.774522,A28,56.7,1,0,0,2.0,120,Berma pavimentada,Seco e limpo,Sentido único,Bom tempo,Fora da intersecção,Fora das localidades,Em pleno dia,Com inclinação,Curva,Em plena via,Despiste,TERÇA-FEIRA  ,0,1,1,2007-08-31,9,ligeiro,Sim,Nao,Sim,9.5,1,1,1,373
13056,2007301138,Braga,41.586892999999996,-8.399980000000001,ER205-4,6.4,1,0,0,1.0,50,Berma pavimentada,Seco e limpo,Dois sentidos,Bom tempo,Fora da intersecção,Dentro das localidades,Em pleno dia,Em patamar,Recta,Em plena via,Colisão,QUINTA-FEIRA ,0,2,1,2007-11-15,14,ligeiro,Sim,Nao,Sim,9.5,1,1,1,373
13131,2008327182,Braga,41.615117,-8.77661,EN(d)13,54.1,4,0,0,1.0,50,Berma pavimentada,Seco e limpo,Dois sentidos,Bom tempo,Fora da intersecção,Dentro das localidades,Em pleno dia,Com inclinação,Recta,Em plena via,Colisão,DOMINGO      ,0,2,1,2008-05-18,16,ligeiro,Sim,Nao,Sim,9.5,1,1,1,373
13151,2008321378,Braga,41.592649,-8.382936,ER205-4,4.5,2,0,0,1.0,50,Sem berma ou impraticável,Húmido,Dois sentidos,Bom tempo,Fora da intersecção,Dentro das localidades,"Noite, com iluminação",Com inclinação,Curva,Em plena via,Colisão,TERÇA-FEIRA  ,0,2,1,2008-03-18,21,ligeiro,Nao,Nao,Nao,9.5,1,1,1,373
13176,2008333810,Braga,41.608183000000004,-8.779913,EN(d)13,53.2,2,0,0,1.0,50,Sem berma ou impraticável,Molhado,Dois sentidos,Chuva,Fora da intersecção,Dentro das localidades,"Noite, com iluminação",Com inclinação,Recta,Em plena via,Colisão,TERÇA-FEIRA  ,0,2,1,2008-07-04,21,ligeiro,Nao,Sim,Nao,9.5,1,1,1,373
13183,2008333889,Braga,41.595839,-8.770913,A28,56.2,2,0,0,2.0,120,Berma pavimentada,Molhado,Sentido único,Chuva,Fora da intersecção,Fora das localidades,Aurora ou crepúsculo,Com inclinação,Curva,Em plena via,Despiste,TERÇA-FEIRA  ,0,1,1,2008-07-27,20,ligeiro,Nao,Sim,Nao,9.5,1,1,1,373
13223,2008328863,Braga,41.560748,-8.656812,EN103,15.1,1,0,0,1.0,50,Berma pavimentada,Húmido,Dois sentidos,NÃO DEFINIDO,Fora da intersecção,Fora das localidades,"Noite, sem iluminação",Em patamar,Curva,Em plena via,Despiste,DOMINGO      ,0,1,1,2008-05-12,4,ligeiro,Nao,Sim,Nao,9.5,1,1,1,373
13285,2009366757,Braga,41.560748,-8.656812,EN103,15.1,1,0,0,1.0,50,Berma não pavimentada,Seco e limpo,Dois sentidos,Bom tempo,Fora da intersecção,Dentro das localidades,Em pleno dia,Em patamar,Curva,Em plena via,Colisão,SEXTA-FEIRA  ,0,2,1,2009-03-14,12,ligeiro,Sim,Nao,Sim,9.5,1,1,1,373
13293,2009355877,Braga,41.585696999999996,-8.765082000000001,A28,54.95,2,0,0,2.0,120,Berma pavimentada,Seco e limpo,Sentido único,Bom tempo,Fora da intersecção,Fora das localidades,"Noite, sem iluminação",Com inclinação,Curva,Em plena via,Colisão,SEXTA-FEIRA  ,0,3,1,2009-01-11,23,ligeiro,Nao,Nao,Sim,9.5,1,1,1,373
13304,2009358151,Braga,41.596618,-8.771507000000001,A28,56.3,1,0,0,3.0,120,Berma pavimentada,Molhado,Sentido único,Chuva,Fora da intersecção,Fora das localidades,Em pleno dia,Com inclinação,Curva,Em plena via,Colisão,TERÇA-FEIRA  ,0,3,1,2009-01-25,12,ligeiro,Sim,Sim,Nao,9.5,1,1,1,373
13316,2008344662,Braga,41.561515,-8.657488,EN103,15.0,1,0,0,1.0,50,Berma não pavimentada,Seco e limpo,Dois sentidos,Bom tempo,Fora da intersecção,Dentro das localidades,Em pleno dia,Com inclinação,Recta,Em plena via,Colisão,SEXTA-FEIRA  ,0,2,1,2008-10-17,14,ligeiro,Sim,Nao,Sim,9.5,1,1,1,373
13354,2009351815,Braga,41.598695,-8.7738,A28,56.6,1,0,0,2.0,120,Berma pavimentada,Molhado,Sentido único,Chuva,Fora da intersecção,Fora das localidades,Em pleno dia,Em patamar,Recta,Em plena via,Despiste,TERÇA-FEIRA  ,0,1,1,2008-12-11,14,ligeiro,Sim,Sim,Nao,9.5,1,1,1,373
13379,2008337186,Braga,41.585815999999994,-8.402569,ER205-4,6.65,2,0,0,1.0,50,Berma não pavimentada,Seco e limpo,Dois sentidos,Bom tempo,Fora da intersecção,Dentro das localidades,Em pleno dia,Em patamar,Recta,Em plena via,Colisão,DOMINGO      ,0,3,1,2008-08-28,8,ligeiro,Sim,Nao,Sim,9.5,1,1,1,373
13387,2008347609,Braga,41.585034,-8.404002,ER205-4,6.8,1,0,0,1.0,50,Sem berma ou impraticável,Seco e limpo,Dois sentidos,Bom tempo,Fora da intersecção,Dentro das localidades,"Noite, com iluminação",Com inclinação,Curva,Em plena via,Despiste,DOMINGO      ,0,1,1,2008-11-11,19,ligeiro,Nao,Nao,Sim,9.5,1,1,1,373
13432,2009355667,Braga,41.560628,-8.656719,EN103,15.12,3,0,0,1.0,50,Berma pavimentada,Molhado,Dois sentidos,Chuva,Fora da intersecção,Dentro das localidades,Em pleno dia,Em patamar,Curva,Em plena via,Colisão,SEGUNDA-FEIRA,0,3,1,2009-01-02,14,ligeiro,Sim,Sim,Nao,9.5,1,1,1,373
13437,2009361190,Braga,41.365411,-8.143269,ER101-4,4.94,1,1,0,1.0,50,Berma não pavimentada,Seco e limpo,Dois sentidos,Bom tempo,Em entroncamento,Dentro das localidades,Em pleno dia,Com inclinação,Curva,Em plena via,Colisão,QUINTA-FEIRA ,0,2,1,2009-02-13,13,ligeiro,Sim,Nao,Sim,9.5,1,1,1,373
13490,2009399139,Braga,41.589261,-8.387802,ER205-4,5.1,1,1,0,1.0,50,Sem berma ou impraticável,Molhado,Dois sentidos,Chuva,Fora da intersecção,Dentro das localidades,Em pleno dia,Em patamar,Recta,Em plena via,Colisão,QUINTA-FEIRA ,0,2,1,2009-06-29,8,ligeiro,Sim,Sim,Nao,9.5,1,1,1,373
13581,2009389559,Braga,41.609428,-8.779199,EN(d)13,53.35,1,0,0,1.0,50,Berma não pavimentada,Molhado,Dois sentidos,Chuva,Em via de aceleração,Dentro das localidades,"Noite, sem iluminação",Com inclinação,Recta,Em plena via,Colisão,SEGUNDA-FEIRA,1,2,1,2009-06-10,21,ligeiro,Nao,Sim,Nao,9.5,1,1,1,373
13582,2009389619,Braga,41.596618,-8.771507000000001,A28,56.3,1,0,0,2.0,120,Berma pavimentada,Molhado,Sentido único,Bom tempo,Fora da intersecção,Fora das localidades,Em pleno dia,Com inclinação,Curva,Em plena via,Despiste,SÁBADO       ,0,1,1,2009-06-25,7,ligeiro,Sim,Nao,Nao,9.5,1,1,1,373
13587,2009390947,Braga,41.617682,-8.326279,ER205,56.3,1,0,0,2.0,50,Sem berma ou impraticável,Seco e limpo,Dois sentidos,Bom tempo,Em rotunda,Dentro das localidades,Sol escandeante,Em patamar,Recta,Em plena via,Atropelamento,DOMINGO      ,0,1,1,2009-06-20,7,ligeiro,Sim,Nao,Sim,9.5,1,1,1,373
13614,2010423394,Braga,41.561515,-8.657488,EN103,15.0,2,0,0,1.0,70,Berma não pavimentada,Molhado,Dois sentidos,Chuva,Fora da intersecção,Fora das localidades,Em pleno dia,Com inclinação,Recta,Em plena via,Despiste,SEXTA-FEIRA  ,1,1,1,2009-10-05,10,ligeiro,Sim,Sim,Nao,9.5,1,1,1,373
13650,2010423990,Braga,41.606549,-8.775948,A28,57.5,1,0,0,2.0,120,Berma pavimentada,Molhado,Sentido único,Chuva,Fora da intersecção,Fora das localidades,Em pleno dia,Com inclinação,Curva,Em plena via,Despiste,SÁBADO       ,0,1,1,2009-10-23,13,ligeiro,Sim,Sim,Nao,9.5,1,1,1,373
13719,2010433727,Braga,41.613021,-8.771471,A28,58.3,2,0,0,2.0,120,Berma pavimentada,Seco e limpo,Sentido único,Bom tempo,Fora da intersecção,Fora das localidades,Aurora ou crepúsculo,Com inclinação,Recta,Em plena via,Despiste,DOMINGO      ,1,1,1,2009-12-08,16,ligeiro,Nao,Nao,Sim,9.5,1,1,1,373
13743,2010433037,Braga,41.362109000000004,-8.301833,EN207-1,13.0,2,0,0,1.0,50,Berma pavimentada,Com óleo,Dois sentidos,Chuva,Fora da intersecção,Dentro das localidades,Em pleno dia,Em patamar,Curva,No passeio,Atropelamento,SÁBADO       ,0,1,1,2009-12-30,13,ligeiro,Sim,Sim,Nao,9.5,1,1,1,373
13746,2010432550,Braga,41.709084999999995,-8.326036,EN205-3,13.84,1,0,0,1.0,50,Berma não pavimentada,Molhado,Dois sentidos,Chuva,Fora da intersecção,Dentro das localidades,"Noite, com iluminação",Com inclinação,Curva,Em plena via,Despiste,DOMINGO      ,0,1,1,2009-12-31,23,ligeiro,Nao,Sim,Nao,9.5,1,1,1,373
13761,2010452649,Braga,41.596618,-8.771507000000001,A28,56.3,2,0,0,2.0,120,Berma pavimentada,Molhado,Sentido único,Chuva,Fora da intersecção,Fora das localidades,Em pleno dia,Com inclinação,Curva,Na berma,Despiste,SÁBADO       ,0,1,1,2010-03-25,17,ligeiro,Sim,Sim,Nao,9.5,1,1,1,373
13808,2010456372,Braga,41.630517,-8.34928,EN205,52.2,2,0,0,1.0,50,Berma não pavimentada,Seco e limpo,Dois sentidos,Bom tempo,Fora da intersecção,Dentro das localidades,Aurora ou crepúsculo,Em patamar,Recta,Na berma,Despiste,QUINTA-FEIRA ,0,1,1,2010-04-10,5,ligeiro,Nao,Nao,Sim,9.5,1,1,1,373
13834,2010442204,Braga,41.607457000000004,-8.775713,A28,57.6,1,0,0,2.0,120,Berma pavimentada,Com água acumulada na faixa de rodagem,Sentido único,NÃO DEFINIDO,Fora da intersecção,Fora das localidades,Aurora ou crepúsculo,Com inclinação,Curva,Em plena via,Colisão,DOMINGO      ,0,3,1,2010-01-12,7,ligeiro,Nao,Sim,Nao,9.5,1,1,1,373
13911,2010486553,Braga,41.606435999999995,-8.782625999999999,EN(d)13,52.9,3,0,0,1.0,50,Berma pavimentada,Seco e limpo,Dois sentidos,Bom tempo,Fora da intersecção,Dentro das localidades,Aurora ou crepúsculo,Em patamar,Recta,Em plena via,Colisão,TERÇA-FEIRA  ,0,2,1,2010-08-17,20,ligeiro,Nao,Nao,Sim,9.5,1,1,1,373
13921,2010486655,Braga,41.593796999999995,-8.379721,ER205-4,4.2,1,0,0,1.0,50,Sem berma ou impraticável,Seco e limpo,Dois sentidos,Bom tempo,Fora da intersecção,Dentro das localidades,Em pleno dia,Com inclinação,Curva,Em plena via,Despiste,DOMINGO      ,0,1,1,2010-08-10,13,ligeiro,Sim,Nao,Sim,9.5,1,1,1,373
13957,2010478927,Braga,41.588561999999996,-8.387969,ER205-4,5.18,1,0,0,1.0,50,Sem berma ou impraticável,Seco e limpo,Dois sentidos,Bom tempo,Fora da intersecção,Dentro das localidades,Em pleno dia,Em patamar,Recta,Em plena via,Colisão,QUARTA-FEIRA ,0,3,1,2010-07-26,13,ligeiro,Sim,Nao,Sim,9.5,1,1,1,373
13958,2010478934,Braga,41.630005,-8.348262,EN205,52.3,2,0,0,1.0,50,Berma pavimentada,Seco e limpo,Dois sentidos,Bom tempo,Fora da intersecção,Dentro das localidades,Sol escandeante,Com inclinação,Recta,Em plena via,Colisão,DOMINGO      ,0,2,1,2010-07-18,10,ligeiro,Sim,Nao,Sim,9.5,1,1,1,373
14020,2010496243,Braga,41.597804,-8.772791999999999,A28,56.47,3,0,0,2.0,120,Berma pavimentada,Molhado,Sentido único,Chuva,Fora da intersecção,Fora das localidades,Em pleno dia,Com inclinação,Recta,Na berma,Despiste,QUARTA-FEIRA ,0,1,1,2010-10-08,8,ligeiro,Sim,Sim,Nao,9.5,1,1,1,373
14022,2011500365,Braga,41.596618,-8.771507000000001,A28,56.3,1,0,0,2.0,120,Berma pavimentada,Húmido,Sentido único,Chuva,Fora da intersecção,Fora das localidades,Em pleno dia,Com inclinação,Curva,Em plena via,Despiste,SEGUNDA-FEIRA,0,1,1,2010-10-29,15,ligeiro,Sim,Sim,Nao,9.5,1,1,1,373
14050,2011503022,Braga,41.592649,-8.382936,ER205-4,4.5,0,2,0,1.0,50,Sem berma ou impraticável,Seco e limpo,Dois sentidos,Bom tempo,Fora da intersecção,Dentro das localidades,Em pleno dia,Em patamar,Recta,Em plena via,Colisão,SÁBADO       ,0,2,1,2010-11-03,10,ligeiro,Sim,Nao,Sim,9.5,1,1,1,373
14087,2011512467,Braga,41.710117,-8.324612,EN205-3,14.0,1,0,0,1.0,50,Berma não pavimentada,"Com gelo, geada ou neve",Dois sentidos,Bom tempo,Fora da intersecção,Dentro das localidades,Em pleno dia,Com inclinação,Recta,Em plena via,Despiste,QUINTA-FEIRA ,0,1,1,2010-12-16,8,ligeiro,Sim,Nao,Nao,9.5,1,1,1,373
14124,2011523879,Braga,41.597326,-8.772245,A28,56.4,2,0,0,2.0,120,Berma pavimentada,Molhado,Sentido único,Chuva,Fora da intersecção,Fora das localidades,"Noite, sem iluminação",Com inclinação,Recta,Em plena via,Colisão,SEXTA-FEIRA  ,0,5,1,2011-02-18,18,ligeiro,Nao,Sim,Nao,9.5,1,1,1,373
14136,2011524012,Braga,41.597326,-8.772245,A28,56.4,2,0,0,2.0,120,Berma pavimentada,Molhado,Sentido único,Chuva,Fora da intersecção,Fora das localidades,"Noite, sem iluminação",Com inclinação,Recta,Em plena via,Colisão,SEXTA-FEIRA  ,0,4,1,2011-02-18,18,ligeiro,Nao,Sim,Nao,9.5,1,1,1,373
14140,2011514537,Braga,41.358521,-8.293614999999999,EN207-1,12.1,1,0,0,2.0,50,Berma não pavimentada,Húmido,Dois sentidos,Bom tempo,Fora da intersecção,Dentro das localidades,Em pleno dia,Em patamar,Recta,Em plena via,Atropelamento,QUARTA-FEIRA ,0,1,1,2010-12-10,14,ligeiro,Sim,Nao,Nao,9.5,1,1,1,373
14190,2011539347,Braga,41.591572,-8.769189,A28,55.7,0,1,0,2.0,120,Berma pavimentada,Seco e limpo,Sentido único,Bom tempo,Fora da intersecção,Fora das localidades,Em pleno dia,Com inclinação,Recta,Em plena via,Colisão,QUARTA-FEIRA ,0,2,1,2011-05-12,7,ligeiro,Sim,Nao,Sim,9.5,1,1,1,373
14203,2011549080,Braga,41.597326,-8.772245,A28,56.4,2,0,0,2.0,120,Berma pavimentada,Seco e limpo,Sentido único,Bom tempo,Fora da intersecção,Fora das localidades,Em pleno dia,Em patamar,Curva,Em plena via,Despiste,TERÇA-FEIRA  ,0,1,1,2011-06-15,11,ligeiro,Sim,Nao,Sim,9.5,1,1,1,373
14377,2012583125,Braga,41.615117,-8.77661,EN(d)13,54.1,1,0,0,1.0,50,Berma pavimentada,Seco e limpo,Dois sentidos,Bom tempo,Em cruzamento,Dentro das localidades,"Noite, com iluminação",Em patamar,Recta,Em plena via,Colisão,QUINTA-FEIRA ,0,2,1,2011-11-23,19,ligeiro,Nao,Nao,Sim,9.5,1,1,1,373
14426,2012614145,Braga,41.358163,-8.308364,EN106,5.3,3,0,0,1.0,50,Sem berma ou impraticável,Molhado,Dois sentidos,Chuva,Fora da intersecção,Dentro das localidades,"Noite, com iluminação",Com inclinação,Curva,Na berma,Colisão,DOMINGO      ,0,2,1,2012-04-11,20,ligeiro,Nao,Sim,Nao,9.5,1,1,1,373
14457,2012626682,Braga,41.616649,-8.331552,ER205,55.8,1,0,0,1.0,50,Sem berma ou impraticável,Seco e limpo,Dois sentidos,Bom tempo,Fora da intersecção,Dentro das localidades,Em pleno dia,Em patamar,Curva,Em plena via,Colisão,QUARTA-FEIRA ,0,2,1,2012-06-26,15,ligeiro,Sim,Nao,Sim,9.5,1,1,1,373
14518,2012644120,Braga,41.369064,-8.114218,ER101-4,9.05,2,1,0,1.0,50,Sem berma ou impraticável,Seco e limpo,Dois sentidos,Bom tempo,Fora da intersecção,Dentro das localidades,Em pleno dia,Em patamar,Recta,Em plena via,Colisão,TERÇA-FEIRA  ,0,2,1,2012-09-19,14,ligeiro,Sim,Nao,Sim,9.5,1,1,1,373
14520,2012636179,Braga,41.617995,-8.326668,ER205,56.25,0,1,0,1.0,50,Sem berma ou impraticável,Seco e limpo,Dois sentidos,Bom tempo,Fora da intersecção,Dentro das localidades,Em pleno dia,Em patamar,Curva,Em plena via,Colisão,TERÇA-FEIRA  ,0,2,1,2012-08-04,15,ligeiro,Sim,Nao,Sim,9.5,1,1,1,373
14527,2012638730,Braga,41.629011,-8.346214999999999,EN205,52.5,1,0,0,1.0,50,Berma não pavimentada,Seco e limpo,Dois sentidos,Bom tempo,Fora da intersecção,Dentro das localidades,"Noite, com iluminação",Em patamar,Recta,Em plena via,Colisão,QUINTA-FEIRA ,0,2,1,2012-08-17,23,ligeiro,Nao,Nao,Sim,9.5,1,1,1,373
14547,2013657023,Braga,41.397014,-8.496293,A3,28.43,1,0,0,3.0,120,Berma pavimentada,Seco e limpo,Sentido único,Bom tempo,Fora da intersecção,Fora das localidades,Em pleno dia,Com inclinação,Curva,Na berma,Despiste,SÁBADO       ,0,1,1,2012-10-09,16,ligeiro,Sim,Nao,Sim,9.5,1,1,1,373
14572,2013671589,Braga,41.362109000000004,-8.301833,EN207-1,13.0,1,0,0,1.0,50,Sem berma ou impraticável,Molhado,Dois sentidos,Chuva,Fora da intersecção,Dentro das localidades,"Noite, com iluminação",Em patamar,Curva,Na berma,Despiste,QUINTA-FEIRA ,0,1,1,2012-12-15,1,ligeiro,Nao,Sim,Nao,9.5,1,1,1,373
14582,2013669724,Braga,41.586928,-8.397613,ER205-4,6.2,1,0,0,1.0,50,Sem berma ou impraticável,Seco e limpo,Dois sentidos,Bom tempo,Em entroncamento,Dentro das localidades,Em pleno dia,Em patamar,Recta,Em plena via,Atropelamento,TERÇA-FEIRA  ,0,1,1,2012-12-24,8,ligeiro,Sim,Nao,Sim,9.5,1,1,1,373
14589,2013664914,Braga,41.361792,-8.299598,EN207-1,12.8,1,0,0,1.0,50,Berma pavimentada,Seco e limpo,Dois sentidos,Bom tempo,Em entroncamento,Dentro das localidades,Em pleno dia,Em patamar,Curva,Em plena via,Colisão,SEXTA-FEIRA  ,0,2,1,2012-11-23,16,ligeiro,Sim,Nao,Sim,9.5,1,1,1,373
14610,2007279205,Braga,41.352696,-8.308667999999999,EN106,6.03,1,0,0,3.0,50,Berma pavimentada,Seco e limpo,Dois sentidos,Bom tempo,NÃO DEFINIDO,Dentro das localidades,"Noite, com iluminação",Em patamar,Curva,Em plena via,Colisão,QUINTA-FEIRA ,0,2,1,2007-04-01,1,ligeiro,Nao,Nao,Sim,9.5,1,1,1,373
14628,2008317587,Braga,41.560748,-8.656812,EN103,15.1,1,0,0,1.0,90,Sem berma ou impraticável,Molhado,Dois sentidos,Bom tempo,Fora da intersecção,Fora das localidades,Em pleno dia,Com inclinação,Curva,Em plena via,Colisão,QUARTA-FEIRA ,0,2,1,2008-02-19,7,ligeiro,Sim,Nao,Nao,9.5,1,1,1,373
14653,2010424085,Braga,41.395979,-8.496281,A3,28.31,1,0,0,2.0,90,Berma pavimentada,Molhado,Sentido único,Chuva,Fora da intersecção,Fora das localidades,"Noite, sem iluminação",Com inclinação,Curva,Em plena via,Colisão,DOMINGO      ,0,2,1,2009-10-07,19,ligeiro,Nao,Sim,Nao,9.5,1,1,1,373
14654,2010428161,Braga,41.551486,-8.652376,EN103,16.2,1,0,0,1.0,90,Sem berma ou impraticável,Seco e limpo,Dois sentidos,Bom tempo,Em entroncamento,Dentro das localidades,Em pleno dia,Com inclinação,Curva,Em plena via,Colisão,QUINTA-FEIRA ,0,3,1,2009-11-24,13,ligeiro,Sim,Nao,Sim,9.5,1,1,1,373
14664,2012612584,Braga,41.608973999999996,-8.779289,EN(d)13,53.3,1,0,0,1.0,50,Berma não pavimentada,Seco e limpo,Dois sentidos,Bom tempo,Fora da intersecção,Dentro das localidades,Em pleno dia,Com inclinação,Recta,Em plena via,Colisão,SEGUNDA-FEIRA,0,2,1,2012-04-23,17,ligeiro,Sim,Nao,Sim,9.5,1,1,1,373
14695,2007271417,Braga,41.617090000000005,-8.330402000000001,ER205,55.9,2,0,0,1.0,50,Berma pavimentada,Húmido,Dois sentidos,Bom tempo,NÃO DEFINIDO,Dentro das localidades,"Noite, com iluminação",Com inclinação,Recta,Em plena via,Colisão,SÁBADO       ,0,2,1,2007-01-13,22,ligeiro,Nao,Nao,Nao,9.5,1,1,1,373
14784,2008312367,Braga,41.595839,-8.770913,A28,56.2,1,0,0,2.0,120,Berma pavimentada,Molhado,Sentido único,Chuva,Fora da intersecção,Fora das localidades,"Noite, sem iluminação",Com inclinação,Curva,Em plena via,Despiste,QUINTA-FEIRA ,0,1,1,2008-02-03,21,ligeiro,Nao,Sim,Nao,9.5,1,1,1,373
14796,2007285320,Braga,41.370189,-8.102485,ER101-4,10.3,2,0,0,1.0,90,Sem berma ou impraticável,Seco e limpo,Dois sentidos,Bom tempo,Fora da intersecção,Fora das localidades,Em pleno dia,Com inclinação,Curva,Em plena via,Colisão,QUINTA-FEIRA ,0,2,1,2007-06-08,18,ligeiro,Sim,Nao,Sim,9.5,1,1,1,373
14799,2008307908,Braga,41.589179,-8.767665,A28,55.4,1,0,0,2.0,120,Berma pavimentada,Seco e limpo,Sentido único,Bom tempo,Fora da intersecção,Fora das localidades,Em pleno dia,Com inclinação,Recta,Em plena via,Despiste,DOMINGO      ,0,1,1,2008-01-19,11,ligeiro,Sim,Nao,Sim,9.5,1,1,1,373
14865,2012597506,Braga,41.548908000000004,-8.652047,EN103,16.5,1,0,0,1.0,50,Berma pavimentada,Húmido,Dois sentidos,Bom tempo,Fora da intersecção,Dentro das localidades,Em pleno dia,Em patamar,Recta,Em plena via,Despiste,SEGUNDA-FEIRA,0,1,1,2012-01-05,7,ligeiro,Sim,Nao,Nao,9.5,1,1,1,373
14889,2011523614,Braga,41.609428,-8.779199,EN(d)13,53.35,1,0,0,1.0,50,Sem berma ou impraticável,Molhado,Dois sentidos,Chuva,Fora da intersecção,Dentro das localidades,Em pleno dia,Com inclinação,Curva,Em plena via,Despiste,SEGUNDA-FEIRA,0,1,1,2011-02-15,7,ligeiro,Sim,Sim,Nao,9.5,1,1,1,373
14901,2011500360,Braga,41.59705,-8.771938,A28,56.36,1,0,0,2.0,120,Berma pavimentada,Molhado,Sentido único,Chuva,Fora da intersecção,Fora das localidades,Em pleno dia,Com inclinação,Curva,Em plena via,Despiste,TERÇA-FEIRA  ,0,1,1,2010-10-24,17,ligeiro,Sim,Sim,Nao,9.5,1,1,1,373