,COD_ACIDENTE,DISTRITO,LATITUDE,LONGITUDE,VIA,KM,QT_FLIGEIROS,QT_FGRAVES,QT_MORTOS,QT_VIAS_SENTIDO,VEL_LIM_LOCAL,BERMA_VIA,CONDICAO_ADERENCIA,FAIXA_RODAGEM,FATOR_ATMOSFERICO,INTERSECAO_VIA,LOCALIZACAO,LUMINOSIDADE,PERFIL_VIA,PLANTA_VIA,SITUACAO_ACIDENTE,TIPO_NATUREZA,DIA_SEMANA,FLAG_FERIADO,QT_VEICULOS,COD_FREGUESIA,DATA,HORA,GRAVIDADE,ERA_DIA,MAU_TEMPO,ESTRADA_SECA,DENSIDADE_TOTAL,COD_DISTRITO_INE,COD_CONCELHO_INE,COD_FREGUESIA_INE,TOTAL
14959,2012628162,Braga,41.357423,-8.309028,EN106,5.4,1,0,0,1.0,50,Berma não pavimentada,Húmido,Dois sentidos,Chuva,Fora da intersecção,Dentro das localidades,"Noite, com iluminação",Com inclinação,Recta,Em plena via,Colisão,SÁBADO       ,0,2,1,2012-06-06,2,ligeiro,Nao,Sim,Nao,9.5,1,1,1,373
15052,2010462709,Braga,41.585561,-8.394974000000001,ER205-4,5.9,0,1,0,1.0,50,Sem berma ou impraticável,Seco e limpo,Sentido único,Bom tempo,Fora da intersecção,Dentro das localidades,Em pleno dia,Em patamar,Recta,Em plena via,Atropelamento,DOMINGO      ,0,1,1,2010-05-05,10,ligeiro,Sim,Nao,Sim,9.5,1,1,1,373
15056,2009383133,Braga,41.585282,-8.764883,A28,54.9,1,0,0,2.0,120,Berma pavimentada,Seco e limpo,Sentido único,Bom tempo,Fora da intersecção,Fora das localidades,Em pleno dia,Com inclinação,Curva,Em plena via,Despiste,SEXTA-FEIRA  ,0,1,1,2009-05-04,14,ligeiro,Sim,Nao,Sim,9.5,1,1,1,373
15061,2008346554,Braga,41.363109,-8.306219,EN106,4.6,1,0,0,1.0,50,Sem berma ou impraticável,Seco e limpo,Dois sentidos,Bom tempo,Em entroncamento,Dentro das localidades,Em pleno dia,Em patamar,Recta,Em plena via,Colisão,QUARTA-FEIRA ,0,2,1,2008-10-04,12,ligeiro,Sim,Nao,Sim,9.5,1,1,1,373
15070,2009409852,Braga,41.604869,-8.783711,EN(d)13,52.7,2,0,0,3.0,50,Berma pavimentada,Seco e limpo,Dois sentidos,Bom tempo,Em cruzamento,Dentro das localidades,Em pleno dia,Em patamar,Curva,Em plena via,Colisão,TERÇA-FEIRA  ,0,2,1,2009-08-18,20,ligeiro,Sim,Nao,Sim,9.5,1,1,1,373
15120,2009359232,Braga,41.707305,-8.328176,EN205-3,13.4,1,0,0,2.0,50,Berma não pavimentada,Seco e limpo,Dois sentidos,Bom tempo,Em cruzamento,Dentro das localidades,Em pleno dia,Em patamar,Curva,Em plena via,Colisão,DOMINGO      ,0,2,1,2009-02-21,14,ligeiro,Sim,Nao,Sim,9.5,1,1,1,373
15301,2008340805,Braga,41.599413,-8.774522,A28,56.7,1,0,0,2.0,120,Berma pavimentada,Seco e limpo,Sentido único,Bom tempo,Fora da intersecção,Fora das localidades,Em pleno dia,Com inclinação,Curva,Em plena via,Despiste,QUARTA-FEIRA ,0,1,1,2008-09-17,14,ligeiro,Sim,Nao,Sim,9.5,1,1,1,373
15324,2010430430,Braga,41.607457000000004,-8.775713,A28,57.6,0,1,0,2.0,120,Berma pavimentada,Molhado,Sentido único,Chuva,Fora da intersecção,Fora das localidades,Em pleno dia,Com inclinação,Curva,Em plena via,Despiste,SEGUNDA-FEIRA,0,1,1,2009-11-16,13,ligeiro,Sim,Sim,Nao,9.5,1,1,1,373
15398,2012613569,Braga,41.600198,-8.7751,A28,56.8,2,0,0,2.0,120,Berma pavimentada,Molhado,Sentido único,Chuva,Fora da intersecção,Fora das localidades,Em pleno dia,Com inclinação,Curva,Em plena via,Despiste,SEGUNDA-FEIRA,1,1,1,2012-04-06,13,ligeiro,Sim,Sim,Nao,9.5,1,1,1,373
15415,2011506782,Braga,41.583362,-8.404777000000001,ER205-4,7.0,1,0,0,1.0,50,Berma pavimentada,Húmido,Dois sentidos,Bom tempo,Fora da intersecção,Dentro das localidades,"Noite, com iluminação",Em patamar,Recta,Em plena via,Colisão,TERÇA-FEIRA  ,0,2,1,2010-11-16,19,ligeiro,Nao,Nao,Nao,9.5,1,1,1,373
15470,2011547976,Braga,41.597326,-8.772245,A28,56.4,2,0,0,2.0,120,Berma pavimentada,Seco e limpo,Sentido único,Bom tempo,Fora da intersecção,Fora das localidades,Em pleno dia,Com inclinação,Recta,Em plena via,Despiste,QUINTA-FEIRA ,0,1,1,2011-04-15,11,ligeiro,Sim,Nao,Sim,9.5,1,1,1,373
15547,2010429497,Braga,41.601046000000004,-8.775495,A28,56.9,1,0,0,2.0,120,Berma pavimentada,Molhado,Sentido único,Chuva,Fora da intersecção,Fora das localidades,"Noite, sem iluminação",Com inclinação,Curva,Em plena via,Despiste,SEGUNDA-FEIRA,0,1,1,2009-11-16,3,ligeiro,Nao,Sim,Nao,9.5,1,1,1,373
15604,2007294566,Braga,41.707245,-8.327557,EN205-3,13.45,1,0,0,1.0,80,Sem berma ou impraticável,Seco e limpo,Dois sentidos,NÃO DEFINIDO,NÃO DEFINIDO,Fora das localidades,Em pleno dia,Em patamar,Recta,Na berma,Despiste,QUINTA-FEIRA ,0,1,1,2007-09-13,16,ligeiro,Sim,Sim,Sim,9.5,1,1,1,373
15615,2008310538,Braga,41.613032000000004,-8.777567999999999,EN(d)13,53.8,1,0,0,1.0,50,Sem berma ou impraticável,Com água acumulada na faixa de rodagem,Dois sentidos,Chuva,Em entroncamento,Dentro das localidades,"Noite, sem iluminação",Com inclinação,Curva,Em plena via,Colisão,TERÇA-FEIRA  ,0,2,1,2008-02-01,18,ligeiro,Nao,Sim,Nao,9.5,1,1,1,373
15620,2008308540,Braga,41.586754,-8.400545,ER205-4,6.45,1,0,0,1.0,50,Berma pavimentada,Molhado,Dois sentidos,Chuva,Em entroncamento,Dentro das localidades,Em pleno dia,Em patamar,Recta,Em plena via,Atropelamento,DOMINGO      ,0,1,1,2008-01-13,11,ligeiro,Sim,Sim,Nao,9.5,1,1,1,373
15663,2011555963,Braga,41.614036999999996,-8.77633,EN(d)13,53.95,3,0,0,1.0,50,Berma não pavimentada,Molhado,Dois sentidos,Chuva,Fora da intersecção,Dentro das localidades,"Noite, sem iluminação",Com inclinação,Curva,Em plena via,Colisão,DOMINGO      ,0,2,1,2011-07-17,0,ligeiro,Nao,Sim,Nao,9.5,1,1,1,373
15665,2009359264,Braga,41.603777,-8.775855,A28,57.2,1,0,0,2.0,120,Berma pavimentada,Seco e limpo,Sentido único,Bom tempo,Fora da intersecção,Fora das localidades,Em pleno dia,Com inclinação,Recta,Em plena via,Despiste,SÁBADO       ,0,1,1,2009-02-15,14,ligeiro,Sim,Nao,Sim,9.5,1,1,1,373
15734,2009389506,Braga,41.561515,-8.657488,EN103,15.0,1,0,0,1.0,50,Sem berma ou impraticável,Molhado,Dois sentidos,Chuva,Fora da intersecção,Fora das localidades,"Noite, sem iluminação",Em patamar,Curva,Na berma,Despiste,SEGUNDA-FEIRA,1,1,1,2009-06-10,0,ligeiro,Nao,Sim,Nao,9.5,1,1,1,373
15738,2011574292,Braga,41.361549,-8.296264,EN207-1,12.5,1,0,0,1.0,50,Berma pavimentada,Molhado,Dois sentidos,Chuva,Fora da intersecção,Fora das localidades,Em pleno dia,Com inclinação,Curva,Em plena via,Colisão,SEXTA-FEIRA  ,0,2,1,2011-10-26,13,ligeiro,Sim,Sim,Nao,9.5,1,1,1,373
15741,2010491572,Braga,41.584610999999995,-8.404172,ER205-4,6.85,1,0,0,1.0,50,Berma pavimentada,Seco e limpo,Dois sentidos,Bom tempo,Fora da intersecção,Dentro das localidades,Em pleno dia,Em patamar,Curva,Em plena via,Colisão,SÁBADO       ,0,2,1,2010-09-29,11,ligeiro,Sim,Nao,Sim,9.5,1,1,1,373
15765,2010446597,Braga,41.596618,-8.771507000000001,A28,56.3,1,0,0,2.0,120,Berma pavimentada,Molhado,Sentido único,Chuva,Fora da intersecção,Fora das localidades,"Noite, sem iluminação",Com inclinação,Curva,Em plena via,Despiste,QUINTA-FEIRA ,0,1,1,2010-02-24,21,ligeiro,Nao,Sim,Nao,9.5,1,1,1,373
15785,2012591667,Braga,41.597326,-8.772245,A28,56.4,1,0,0,2.0,120,Berma pavimentada,Molhado,Sentido único,Chuva,Fora da intersecção,Fora das localidades,"Noite, sem iluminação",Com inclinação,Recta,Em plena via,Despiste,SEXTA-FEIRA  ,0,1,1,2011-12-16,20,ligeiro,Nao,Sim,Nao,9.5,1,1,1,373
15798,2012645530,Braga,41.392575,-8.495466,A3,27.93,2,0,0,2.0,120,Berma pavimentada,Seco e limpo,Sentido único,Bom tempo,Fora da intersecção,Fora das localidades,Em pleno dia,Com inclinação,Curva,Em plena via,Colisão,TERÇA-FEIRA  ,0,3,1,2012-09-19,18,ligeiro,Sim,Nao,Sim,9.5,1,1,1,373
15811,2013664913,Braga,41.362111,-8.302371,EN207-1,13.05,1,0,0,1.0,50,Sem berma ou impraticável,Seco e limpo,Dois sentidos,Bom tempo,Fora da intersecção,Dentro das localidades,"Noite, com iluminação",Com inclinação,Curva,Em plena via,Despiste,SÁBADO       ,0,1,1,2012-11-18,1,ligeiro,Nao,Nao,Sim,9.5,1,1,1,373
15820,2009409776,Braga,41.590733,-8.768804,A28,55.6,1,0,0,2.0,120,Berma pavimentada,Seco e limpo,Sentido único,Bom tempo,Fora da intersecção,Fora das localidades,"Noite, sem iluminação",Com inclinação,Curva,Em plena via,Despiste,TERÇA-FEIRA  ,0,1,1,2009-08-01,0,ligeiro,Nao,Nao,Sim,9.5,1,1,1,373
15846,2011529007,Braga,41.610766999999996,-8.779167,EN(d)13,53.5,2,0,0,1.0,50,Berma não pavimentada,Seco e limpo,Dois sentidos,Bom tempo,Fora da intersecção,Dentro das localidades,"Noite, com iluminação",Em patamar,Recta,Em plena via,Colisão,DOMINGO      ,0,2,1,2011-03-08,0,ligeiro,Nao,Nao,Sim,9.5,1,1,1,373
15875,2010463473,Braga,41.364129,-8.303227,EN207-1,13.3,1,0,0,1.0,50,Berma não pavimentada,Molhado,Dois sentidos,Chuva,Em entroncamento,Dentro das localidades,Em pleno dia,Em patamar,Curva,Em plena via,Colisão,QUINTA-FEIRA ,0,2,1,2010-05-08,16,ligeiro,Sim,Sim,Nao,9.5,1,1,1,373
15890,2011523801,Braga,41.610766999999996,-8.779167,EN(d)13,53.5,3,0,0,1.0,50,Berma pavimentada,Seco e limpo,Dois sentidos,Bom tempo,Em cruzamento,Fora das localidades,Em pleno dia,Com inclinação,Curva,Em plena via,Colisão,SEXTA-FEIRA  ,0,3,1,2011-02-01,12,ligeiro,Sim,Nao,Sim,9.5,1,1,1,373
15891,2011523811,Braga,41.610338,-8.779376,EN(d)13,53.45,1,0,0,1.0,50,Berma pavimentada,Seco e limpo,Dois sentidos,Bom tempo,Fora da intersecção,Fora das localidades,Em pleno dia,Com inclinação,Curva,Em plena via,Despiste,SEXTA-FEIRA  ,0,1,1,2011-02-07,13,ligeiro,Sim,Nao,Sim,9.5,1,1,1,373
15896,2011523870,Braga,41.609916999999996,-8.774053,A28,57.9,1,0,0,2.0,120,Berma pavimentada,Seco e limpo,Sentido único,Bom tempo,Fora da intersecção,Fora das localidades,Em pleno dia,Com inclinação,Recta,Na berma,Despiste,SEGUNDA-FEIRA,0,1,1,2011-02-26,8,ligeiro,Sim,Nao,Sim,9.5,1,1,1,373
15897,2011555102,Braga,41.357002,-8.309023,EN106,5.45,1,0,0,1.0,50,Berma não pavimentada,Húmido,Dois sentidos,Chuva,Fora da intersecção,Dentro das localidades,Em pleno dia,Com inclinação,Curva,Em plena via,Colisão,QUARTA-FEIRA ,0,2,1,2011-07-08,17,ligeiro,Sim,Sim,Nao,9.5,1,1,1,373
15904,2007285482,Braga,41.590854,-8.387039999999999,ER205-4,4.9,1,0,0,1.0,50,Berma pavimentada,Seco e limpo,Dois sentidos,Bom tempo,Fora da intersecção,Dentro das localidades,Em pleno dia,Em patamar,Recta,Em plena via,Colisão,TERÇA-FEIRA  ,0,3,1,2007-06-01,14,ligeiro,Sim,Nao,Sim,9.5,1,1,1,373
16019,2009373288,Braga,41.562139,-8.65832,EN103,14.9,1,0,0,1.0,50,Sem berma ou impraticável,Seco e limpo,Dois sentidos,Bom tempo,Em cruzamento,Dentro das localidades,Em pleno dia,Com inclinação,Recta,Em plena via,Colisão,SÁBADO       ,0,2,1,2009-04-01,17,ligeiro,Sim,Nao,Sim,9.5,1,1,1,373
16040,2009389543,Braga,41.36144,-8.135375,ER101-4,6.3,1,0,0,1.0,50,Sem berma ou impraticável,Seco e limpo,Dois sentidos,Bom tempo,Fora da intersecção,Fora das localidades,Em pleno dia,Em patamar,Curva,Em plena via,Colisão,QUARTA-FEIRA ,0,2,1,2009-06-17,9,ligeiro,Sim,Nao,Sim,9.5,1,1,1,373
16047,2012608631,Braga,41.591390999999994,-8.38606,ER205-4,4.8,2,0,0,1.0,50,Sem berma ou impraticável,Seco e limpo,Dois sentidos,Bom tempo,Fora da intersecção,Dentro das localidades,Em pleno dia,Com inclinação,Recta,Em plena via,Colisão,TERÇA-FEIRA  ,0,2,1,2012-03-15,15,ligeiro,Sim,Nao,Sim,9.5,1,1,1,373
16092,2013667965,Braga,41.579989000000005,-8.408174,ER205-4,7.5,1,4,0,1.0,50,Berma pavimentada,Seco e limpo,Dois sentidos,Bom tempo,Fora da intersecção,Dentro das localidades,"Noite, com iluminação",Em patamar,Recta,Na berma,Despiste,DOMINGO      ,0,1,1,2012-12-23,4,ligeiro,Nao,Nao,Sim,9.5,1,1,1,373
16134,2009351550,Braga,41.369091,-8.107288,ER101-4,9.78,1,0,0,1.0,50,Sem berma ou impraticável,Seco e limpo,Dois sentidos,Bom tempo,Fora da intersecção,Dentro das localidades,Em pleno dia,Em patamar,Curva,Em plena via,Colisão,SÁBADO       ,0,2,1,2008-11-21,11,ligeiro,Sim,Nao,Sim,9.5,1,1,1,373
16144,2011562098,Braga,41.592649,-8.382936,ER205-4,4.5,1,0,0,1.0,50,Sem berma ou impraticável,Seco e limpo,Dois sentidos,Bom tempo,Em entroncamento,Dentro das localidades,Em pleno dia,Em patamar,Curva,Em plena via,Colisão,SEXTA-FEIRA  ,0,2,1,2011-08-19,18,ligeiro,Sim,Nao,Sim,9.5,1,1,1,373
16149,2009351456,Braga,41.362756,-8.305928999999999,EN106,4.65,2,0,0,3.0,50,Berma pavimentada,Seco e limpo,Dois sentidos,Bom tempo,Fora da intersecção,Fora das localidades,"Noite, com iluminação",Com inclinação,Curva,No passeio,Despiste,SEXTA-FEIRA  ,0,1,1,2008-12-24,1,ligeiro,Nao,Nao,Sim,9.5,1,1,1,373
16169,2010452541,Braga,41.358979999999995,-8.308023,EN106,5.2,1,0,0,1.0,50,Sem berma ou impraticável,Molhado,Dois sentidos,Bom tempo,Fora da intersecção,Dentro das localidades,Em pleno dia,Com inclinação,Curva,Em plena via,Atropelamento,SEXTA-FEIRA  ,0,1,1,2010-03-19,17,ligeiro,Sim,Nao,Nao,9.5,1,1,1,373
16180,2013670455,Braga,41.590151,-8.387732000000002,ER205-4,5.0,1,0,0,1.0,50,Berma pavimentada,Seco e limpo,Dois sentidos,Bom tempo,Em entroncamento,Dentro das localidades,"Noite, com iluminação",Em patamar,Curva,Em plena via,Colisão,QUARTA-FEIRA ,1,2,1,2012-12-08,21,ligeiro,Nao,Nao,Sim,9.5,1,1,1,373
16197,2011527177,Braga,41.561515,-8.657488,EN103,15.0,1,0,0,1.0,50,Sem berma ou impraticável,Molhado,Dois sentidos,Chuva,Fora da intersecção,Dentro das localidades,Em pleno dia,Em patamar,Recta,Em plena via,Despiste,QUINTA-FEIRA ,0,1,1,2011-03-28,10,ligeiro,Sim,Sim,Nao,9.5,1,1,1,373
16230,2008330099,Braga,41.562897,-8.628116,ER204,21.2,1,0,0,2.0,50,Berma pavimentada,Seco e limpo,Dois sentidos,Bom tempo,Fora da intersecção,Dentro das localidades,Em pleno dia,Em patamar,Curva,Em plena via,Colisão,SEGUNDA-FEIRA,0,2,1,2008-06-22,16,ligeiro,Sim,Nao,Sim,9.5,1,1,1,373
16281,2008333391,Braga,41.60555,-8.783439999999999,EN(d)13,52.78,0,1,0,1.0,50,Berma pavimentada,Seco e limpo,Dois sentidos,Bom tempo,Fora da intersecção,Dentro das localidades,"Noite, sem iluminação",Com inclinação,Curva,Em plena via,Despiste,QUARTA-FEIRA ,0,1,1,2008-07-11,2,ligeiro,Nao,Nao,Sim,9.5,1,1,1,373
16353,2011529013,Braga,41.54374,-8.646747999999999,EN103,17.3,1,0,0,1.0,50,Berma pavimentada,Seco e limpo,Dois sentidos,Bom tempo,Em entroncamento,Dentro das localidades,"Noite, com iluminação",Em patamar,Recta,Em plena via,Colisão,SEGUNDA-FEIRA,0,2,1,2011-03-15,21,ligeiro,Nao,Nao,Sim,9.5,1,1,1,373
16398,2010486562,Braga,41.586056,-8.402067,ER205-4,6.6,1,0,0,1.0,50,Berma pavimentada,Seco e limpo,Dois sentidos,Bom tempo,Fora da intersecção,Dentro das localidades,Em pleno dia,Em patamar,Recta,Em plena via,Colisão,SEXTA-FEIRA  ,0,2,1,2010-08-25,18,ligeiro,Sim,Nao,Sim,9.5,1,1,1,373
16427,2010446600,Braga,41.560748,-8.656812,EN103,15.1,1,0,0,1.0,50,Berma pavimentada,Molhado,Dois sentidos,Chuva,Fora da intersecção,Fora das localidades,Em pleno dia,Com inclinação,Recta,Na berma,Despiste,QUINTA-FEIRA ,0,1,1,2010-02-18,7,ligeiro,Sim,Sim,Nao,9.5,1,1,1,373
16450,2008324538,Braga,41.597326,-8.772245,A28,56.4,1,0,0,2.0,120,Berma pavimentada,Molhado,Sentido único,Chuva,Fora da intersecção,Fora das localidades,"Noite, sem iluminação",Com inclinação,Recta,Em plena via,Colisão,SÁBADO       ,0,2,1,2008-04-13,5,ligeiro,Nao,Sim,Nao,9.5,1,1,1,373
16461,2011567572,Braga,41.610155999999996,-8.779347999999999,EN(d)13,53.43,1,0,0,1.0,50,Berma pavimentada,Seco e limpo,Dois sentidos,Bom tempo,Fora da intersecção,Dentro das localidades,Em pleno dia,Em patamar,Curva,Na berma,Despiste,SÁBADO       ,0,1,1,2011-09-06,12,ligeiro,Sim,Nao,Sim,9.5,1,1,1,373
16498,2008344804,Braga,41.596618,-8.771507000000001,A28,56.3,1,0,0,2.0,120,Berma pavimentada,Molhado,Sentido único,Chuva,Fora da intersecção,Fora das localidades,"Noite, sem iluminação",Com inclinação,Recta,Em plena via,Despiste,DOMINGO      ,0,1,1,2008-10-30,19,ligeiro,Nao,Sim,Nao,9.5,1,1,1,373
16508,2007295426,Braga,41.607172,-8.781946000000001,EN(d)13,53.0,1,0,0,1.0,90,Sem berma ou impraticável,Seco e limpo,Dois sentidos,Bom tempo,Em cruzamento,Fora das localidades,Em pleno dia,Em patamar,Curva,Em plena via,Colisão,QUINTA-FEIRA ,0,3,1,2007-09-30,17,ligeiro,Sim,Nao,Sim,9.5,1,1,1,373
16605,2009349560,Braga,41.364129,-8.303227,EN207-1,13.3,2,0,0,2.0,50,Berma pavimentada,Seco e limpo,Dois sentidos,Bom tempo,Fora da intersecção,Dentro das localidades,"Noite, com iluminação",Com inclinação,Curva,Em plena via,Colisão,DOMINGO      ,0,2,1,2008-11-16,4,ligeiro,Nao,Nao,Sim,9.5,1,1,1,373
16648,2011563880,Braga,41.604869,-8.783711,EN(d)13,52.7,4,0,0,1.0,50,Berma pavimentada,Seco e limpo,Dois sentidos,Bom tempo,Fora da intersecção,Dentro das localidades,Em pleno dia,Em patamar,Curva,Em plena via,Colisão,SEGUNDA-FEIRA,0,2,1,2011-08-04,17,ligeiro,Sim,Nao,Sim,9.5,1,1,1,373
16650,2010477750,Braga,41.591859,-8.385044,ER205-4,4.7,1,0,0,1.0,50,Sem berma ou impraticável,Seco e limpo,Dois sentidos,Bom tempo,Fora da intersecção,Dentro das localidades,"Noite, com iluminação",Com inclinação,Curva,Em plena via,Despiste,TERÇA-FEIRA  ,0,1,1,2010-07-03,2,ligeiro,Nao,Nao,Sim,9.5,1,1,1,373
16677,2009418017,Braga,41.597326,-8.772245,A28,56.4,1,0,0,2.0,120,Berma pavimentada,Seco e limpo,Sentido único,Bom tempo,Fora da intersecção,Fora das localidades,Em pleno dia,Com inclinação,Curva,Em plena via,Despiste,SEGUNDA-FEIRA,0,1,1,2009-09-09,10,ligeiro,Sim,Nao,Sim,9.5,1,1,1,373
16725,2009383192,Braga,41.579269000000004,-8.408871000000001,ER205-4,7.6,1,0,0,1.0,60,Sem berma ou impraticável,Seco e limpo,Dois sentidos,Bom tempo,Fora da intersecção,Dentro das localidades,Em pleno dia,Com inclinação,Curva,Em plena via,Atropelamento,SEGUNDA-FEIRA,0,1,1,2009-05-18,15,ligeiro,Sim,Nao,Sim,9.5,1,1,1,373
16812,2009409818,Braga,41.589939,-8.768276,A28,55.5,1,0,0,2.0,120,Berma pavimentada,Seco e limpo,Sentido único,Bom tempo,Fora da intersecção,Fora das localidades,Em pleno dia,Com inclinação,Curva,Em plena via,Colisão,QUARTA-FEIRA ,0,2,1,2009-08-02,17,ligeiro,Sim,Nao,Sim,9.5,1,1,1,373
16826,2009416787,Braga,41.394014,-8.495955,A3,28.09,2,0,0,3.0,120,Berma pavimentada,Húmido,Sentido único,Chuva,Fora da intersecção,Fora das localidades,"Noite, sem iluminação",Com inclinação,Recta,Em plena via,Colisão,QUINTA-FEIRA ,0,2,1,2009-09-17,23,ligeiro,Nao,Sim,Nao,9.5,1,1,1,373
16884,2012579554,Braga,41.357283,-8.291839,EN207-1,11.8,1,0,0,1.0,50,Berma pavimentada,Molhado,Dois sentidos,Chuva,Em via de desaceleração,Dentro das localidades,Em pleno dia,Em patamar,Recta,Em plena via,Despiste,QUARTA-FEIRA ,0,2,1,2011-11-11,14,ligeiro,Sim,Sim,Nao,9.5,1,1,1,373
17014,2009382101,Braga,41.35331,-8.308304,EN106,5.95,2,2,1,1.0,50,Sem berma ou impraticável,Molhado,Dois sentidos,Chuva,Fora da intersecção,Dentro das localidades,Em pleno dia,Com inclinação,Curva,Na berma,Despiste,TERÇA-FEIRA  ,0,1,1,2009-04-15,7,grave,Sim,Sim,Nao,9.5,1,1,1,373
17035,2012626702,Braga,41.362375,-8.305711,EN106,4.7,1,0,0,1.0,50,Berma não pavimentada,Seco e limpo,Dois sentidos,Bom tempo,Fora da intersecção,Dentro das localidades,"Noite, com iluminação",Com inclinação,Curva,Na berma,Despiste,SEXTA-FEIRA  ,0,1,1,2012-06-22,3,ligeiro,Nao,Nao,Sim,9.5,1,1,1,373
17064,2010441958,Braga,41.607457000000004,-8.775713,A28,57.6,1,0,0,2.0,120,Berma pavimentada,Molhado,Sentido único,Chuva,Fora da intersecção,Fora das localidades,Em pleno dia,Com inclinação,Curva,Em plena via,Despiste,TERÇA-FEIRA  ,0,1,1,2010-01-13,13,ligeiro,Sim,Sim,Nao,9.5,1,1,1,373
17082,2011529698,Braga,41.592649,-8.382936,ER205-4,4.5,1,0,0,1.0,50,Sem berma ou impraticável,Molhado,Dois sentidos,Chuva,Fora da intersecção,Dentro das localidades,Em pleno dia,Com inclinação,Curva,Em plena via,Despiste,TERÇA-FEIRA  ,0,1,1,2011-04-19,6,ligeiro,Sim,Sim,Nao,9.5,1,1,1,373
17130,2011500086,Braga,41.357002,-8.309023,EN106,5.45,3,0,0,1.0,50,Sem berma ou impraticável,Molhado,Dois sentidos,Chuva,Fora da intersecção,Dentro das localidades,Em pleno dia,Com inclinação,Curva,Em plena via,Colisão,TERÇA-FEIRA  ,0,2,1,2010-10-30,13,ligeiro,Sim,Sim,Nao,9.5,1,1,1,373
17143,2010442019,Braga,41.361918,-8.137692,ER101-4,5.95,1,0,0,1.0,50,Sem berma ou impraticável,"Com gelo, geada ou neve",Dois sentidos,Bom tempo,Fora da intersecção,Dentro das localidades,Em pleno dia,Em patamar,Curva,Em plena via,Atropelamento,TERÇA-FEIRA  ,0,1,1,2010-01-08,8,ligeiro,Sim,Nao,Nao,9.5,1,1,1,373
17147,2009383153,Braga,41.607898999999996,-8.775524,A28,57.65,2,0,0,2.0,120,Berma pavimentada,Seco e limpo,Sentido único,Bom tempo,Fora da intersecção,Fora das localidades,Em pleno dia,Com inclinação,Curva,Em plena via,Colisão,SEXTA-FEIRA  ,0,2,1,2009-05-10,9,ligeiro,Sim,Nao,Sim,9.5,1,1,1,373
17155,2007299424,Braga,41.36291,-8.302634,EN207-1,13.15,2,1,0,1.0,50,Sem berma ou impraticável,Seco e limpo,NÃO DEFINIDO,Bom tempo,NÃO DEFINIDO,Dentro das localidades,"Noite, com iluminação",NÃO DEFINIDO,Recta,NÃO DEFINIDO,Colisão,QUINTA-FEIRA ,0,2,1,2007-10-28,2,ligeiro,Nao,Nao,Sim,9.5,1,1,1,373
17268,2008304761,Braga,41.607449,-8.781462,EN(d)13,53.05,1,0,0,2.0,50,Berma pavimentada,Húmido,Dois sentidos,Chuva,Em entroncamento,Dentro das localidades,"Noite, com iluminação",Com inclinação,Recta,Na berma,Despiste,SEGUNDA-FEIRA,0,1,1,2007-12-05,17,ligeiro,Nao,Sim,Nao,9.5,1,1,1,373
17278,2010491580,Braga,41.618105,-8.326849000000001,ER205,56.23,1,0,0,1.0,50,Berma não pavimentada,Seco e limpo,Dois sentidos,Bom tempo,Em entroncamento,Dentro das localidades,Em pleno dia,Com inclinação,Curva,Em plena via,Colisão,SEXTA-FEIRA  ,0,2,1,2010-09-23,12,ligeiro,Sim,Nao,Sim,9.5,1,1,1,373
17292,2010425053,Braga,41.600198,-8.7751,A28,56.8,0,1,0,2.0,120,Berma pavimentada,Seco e limpo,Sentido único,Bom tempo,Fora da intersecção,Fora das localidades,Em pleno dia,Com inclinação,Curva,Em plena via,Despiste,SEGUNDA-FEIRA,0,2,1,2009-10-02,16,ligeiro,Sim,Nao,Sim,9.5,1,1,1,373
17376,2011555981,Braga,41.593247,-8.38138,ER205-4,4.35,1,0,0,1.0,50,Sem berma ou impraticável,Seco e limpo,Dois sentidos,Bom tempo,Fora da intersecção,Dentro das localidades,Aurora ou crepúsculo,Em patamar,Curva,Na berma,Despiste,TERÇA-FEIRA  ,0,1,1,2011-07-30,20,ligeiro,Nao,Nao,Sim,9.5,1,1,1,373
17486,2010429501,Braga,41.589179,-8.767665,A28,55.4,1,0,0,2.0,120,Berma pavimentada,Molhado,Sentido único,Chuva,Fora da intersecção,Fora das localidades,"Noite, sem iluminação",Com inclinação,Recta,Na berma,Despiste,TERÇA-FEIRA  ,0,1,1,2009-11-28,18,ligeiro,Nao,Sim,Nao,9.5,1,1,1,373
17499,2011562099,Braga,41.586959,-8.39821,ER205-4,6.25,1,0,0,1.0,50,Sem berma ou impraticável,Seco e limpo,Dois sentidos,Bom tempo,Fora da intersecção,Dentro das localidades,Sol escandeante,Com inclinação,Recta,Em plena via,Atropelamento,QUINTA-FEIRA ,0,1,1,2011-08-18,19,ligeiro,Sim,Nao,Sim,9.5,1,1,1,373
17546,2010456975,Braga,41.581696,-8.405466,ER205-4,7.2,1,0,0,1.0,50,Berma pavimentada,Seco e limpo,Dois sentidos,Bom tempo,Fora da intersecção,Dentro das localidades,Em pleno dia,Com inclinação,Curva,Na berma,Atropelamento,DOMINGO      ,0,1,1,2010-04-18,10,ligeiro,Sim,Nao,Sim,9.5,1,1,1,373
17573,2008302186,Braga,41.592424,-8.384094000000001,ER205-4,4.6,1,0,0,1.0,50,Berma não pavimentada,Seco e limpo,Dois sentidos,Bom tempo,Fora da intersecção,Dentro das localidades,"Noite, com iluminação",Em patamar,Recta,Em plena via,Despiste,TERÇA-FEIRA  ,0,1,1,2007-11-30,22,ligeiro,Nao,Nao,Sim,9.5,1,1,1,373
17703,2009389498,Braga,41.597326,-8.772245,A28,56.4,1,0,0,2.0,120,Berma pavimentada,Molhado,Sentido único,Chuva,Fora da intersecção,Fora das localidades,Em pleno dia,Com inclinação,Curva,Em plena via,Colisão,DOMINGO      ,0,2,1,2009-06-09,7,ligeiro,Sim,Sim,Nao,9.5,1,1,1,373