,COD_ACIDENTE,DISTRITO,LATITUDE,LONGITUDE,VIA,KM,QT_FLIGEIROS,QT_FGRAVES,QT_MORTOS,QT_VIAS_SENTIDO,VEL_LIM_LOCAL,BERMA_VIA,CONDICAO_ADERENCIA,FAIXA_RODAGEM,FATOR_ATMOSFERICO,INTERSECAO_VIA,LOCALIZACAO,LUMINOSIDADE,PERFIL_VIA,PLANTA_VIA,SITUACAO_ACIDENTE,TIPO_NATUREZA,DIA_SEMANA,FLAG_FERIADO,QT_VEICULOS,COD_FREGUESIA,DATA,HORA,GRAVIDADE,ERA_DIA,MAU_TEMPO,ESTRADA_SECA,DENSIDADE_TOTAL,COD_DISTRITO_INE,COD_CONCELHO_INE,COD_FREGUESIA_INE,TOTAL
17813,2007275681,Braga,41.397342,-8.319692,EN106,0.45,1,0,0,1.0,80,Sem berma ou impraticável,Molhado,Dois sentidos,Chuva,NÃO DEFINIDO,Fora das localidades,"Noite, com iluminação",NÃO DEFINIDO,Recta,Em plena via,Atropelamento,SEGUNDA-FEIRA,0,1,4,2007-02-07,18,ligeiro,Nao,Sim,Nao,415.2,1,1,4,11346
17858,2007289676,Braga,41.656313,-8.17678,EN304,80.4,1,0,0,1.0,80,Sem berma ou impraticável,Seco e limpo,Dois sentidos,Bom tempo,NÃO DEFINIDO,Dentro das localidades,Em pleno dia,Com inclinação,Recta,Em plena via,Atropelamento,TERÇA-FEIRA  ,0,1,4,2007-07-11,19,ligeiro,Sim,Nao,Sim,415.2,1,1,4,11346
18224,2009357329,Braga,41.452104,-8.299772,EN101,111.2,1,0,0,2.0,90,Berma pavimentada,Húmido,Sentido único,Bom tempo,Fora da intersecção,Dentro das localidades,Em pleno dia,Com inclinação,Curva,Em plena via,Colisão,QUINTA-FEIRA ,0,2,4,2009-01-16,9,ligeiro,Sim,Nao,Nao,415.2,1,1,4,11346
18309,2009371517,Braga,41.455743,-8.28854,EN101,112.2,0,3,0,2.0,70,Berma pavimentada,Seco e limpo,Dois sentidos,Chuva,NÃO DEFINIDO,Dentro das localidades,Em pleno dia,Com inclinação,Curva,Em plena via,Colisão,QUARTA-FEIRA ,0,3,4,2009-05-25,7,ligeiro,Sim,Sim,Sim,415.2,1,1,4,11346
18330,2009400469,Braga,41.397067,-7.9913940000000006,EN210,17.3,1,0,0,1.0,70,Berma pavimentada,Molhado,Dois sentidos,Chuva,Em cruzamento,Fora das localidades,Em pleno dia,Com inclinação,Recta,Em plena via,Colisão,SEXTA-FEIRA  ,0,2,4,2009-07-23,9,ligeiro,Sim,Sim,Nao,415.2,1,1,4,11346
18380,2009382081,Braga,41.642983,-8.39712,ER205-3,1.8,0,1,0,1.0,50,Berma não pavimentada,Seco e limpo,Dois sentidos,Bom tempo,Fora da intersecção,Dentro das localidades,Aurora ou crepúsculo,Em patamar,Curva,Na berma,Despiste,QUINTA-FEIRA ,0,1,4,2009-04-11,19,ligeiro,Nao,Nao,Sim,415.2,1,1,4,11346
18388,2009383218,Braga,41.661282,-8.178385,EN304,79.67,1,0,0,1.0,50,Berma não pavimentada,Seco e limpo,Dois sentidos,Bom tempo,Fora da intersecção,Dentro das localidades,Em pleno dia,Em patamar,Curva,Em plena via,Colisão,SEGUNDA-FEIRA,0,2,4,2009-05-29,18,ligeiro,Sim,Nao,Sim,415.2,1,1,4,11346
18390,2009389633,Braga,41.661417,-8.177683,EN304,79.6,2,0,0,1.0,50,Sem berma ou impraticável,Seco e limpo,Dois sentidos,Bom tempo,Fora da intersecção,Dentro das localidades,Em pleno dia,Com inclinação,Curva,Em plena via,Colisão,SEGUNDA-FEIRA,0,2,4,2009-06-21,11,ligeiro,Sim,Nao,Sim,415.2,1,1,4,11346
18460,2010424088,Braga,41.396941999999996,-8.319417,EN106,0.5,1,0,0,3.0,50,Berma pavimentada,Seco e limpo,Dois sentidos,Bom tempo,Fora da intersecção,Dentro das localidades,Em pleno dia,Em patamar,Recta,Em plena via,Colisão,SEGUNDA-FEIRA,0,2,4,2009-10-13,14,ligeiro,Sim,Nao,Sim,415.2,1,1,4,11346
18559,2010446630,Braga,41.646458,-8.397053,ER205-3,2.2,1,0,0,2.0,80,Sem berma ou impraticável,Molhado,Dois sentidos,Chuva,Fora da intersecção,Dentro das localidades,"Noite, sem iluminação",Com inclinação,Curva,Na berma,Despiste,QUARTA-FEIRA ,0,1,4,2010-02-23,18,ligeiro,Nao,Sim,Nao,415.2,1,1,4,11346
18586,2010453722,Braga,41.642069,-8.399451,ER205-3,1.48,2,0,0,2.0,50,Berma não pavimentada,Seco e limpo,Dois sentidos,Bom tempo,Fora da intersecção,Dentro das localidades,"Noite, sem iluminação",Com inclinação,Curva,Em plena via,Colisão,SÁBADO       ,0,2,4,2010-03-14,3,ligeiro,Nao,Nao,Sim,415.2,1,1,4,11346
18702,2011499961,Braga,41.456070000000004,-8.277952,EN101,113.2,0,0,1,2.0,70,Berma pavimentada,Seco e limpo,Dois sentidos,Bom tempo,Fora da intersecção,Dentro das localidades,Em pleno dia,Com inclinação,Recta,Em plena via,Atropelamento,SEGUNDA-FEIRA,0,1,4,2010-12-31,13,ligeiro,Sim,Nao,Sim,415.2,1,1,4,11346
18751,2011522287,Braga,41.474334000000006,-8.003894,EN206,72.97,1,0,1,1.0,90,Sem berma ou impraticável,Molhado,Dois sentidos,Chuva,Fora da intersecção,Fora das localidades,"Noite, sem iluminação",Com inclinação,Curva,Em plena via,Despiste,DOMINGO      ,0,1,4,2011-02-14,18,ligeiro,Nao,Sim,Nao,415.2,1,1,4,11346
18992,2012579190,Braga,41.474334000000006,-8.003894,EN206,72.97,2,0,0,1.0,90,Sem berma ou impraticável,Molhado,Dois sentidos,Chuva,Fora da intersecção,Fora das localidades,Aurora ou crepúsculo,Com inclinação,Recta,Na berma,Despiste,QUARTA-FEIRA ,0,1,4,2011-11-05,17,ligeiro,Nao,Sim,Nao,415.2,1,1,4,11346
18996,2012579569,Braga,41.471064,-7.991560000000001,A7,72.0,1,0,0,2.0,120,Berma pavimentada,Seco e limpo,Sentido único,Bom tempo,Fora da intersecção,Fora das localidades,Em pleno dia,Com inclinação,Recta,Em plena via,Colisão,QUINTA-FEIRA ,0,2,4,2011-11-06,17,ligeiro,Sim,Nao,Sim,415.2,1,1,4,11346
19274,2012583098,Braga,41.642093,-8.39728,ER205-3,1.7,1,0,0,1.0,50,Sem berma ou impraticável,Húmido,Dois sentidos,Bom tempo,Fora da intersecção,Dentro das localidades,"Noite, sem iluminação",Com inclinação,Curva,Em plena via,Colisão,SEGUNDA-FEIRA,0,3,4,2011-11-20,20,ligeiro,Nao,Nao,Nao,415.2,1,1,4,11346
19540,2009400471,Braga,41.393428,-7.995578,EN210,18.0,2,0,0,1.0,50,Berma pavimentada,Seco e limpo,Dois sentidos,Bom tempo,Em entroncamento,Dentro das localidades,Em pleno dia,Em patamar,Recta,Em plena via,Colisão,DOMINGO      ,0,2,4,2009-07-19,12,ligeiro,Sim,Nao,Sim,415.2,1,1,4,11346
19574,2010424134,Braga,41.397067,-7.9913940000000006,EN210,17.3,1,0,0,1.0,50,Berma pavimentada,Seco e limpo,Dois sentidos,Bom tempo,Em cruzamento,Dentro das localidades,Em pleno dia,Em patamar,Recta,Em plena via,Colisão,SEXTA-FEIRA  ,0,2,4,2009-10-11,15,ligeiro,Sim,Nao,Sim,415.2,1,1,4,11346
19748,2008328702,Braga,41.396941999999996,-8.319417,EN106,0.5,1,0,0,1.0,50,Berma não pavimentada,Molhado,Dois sentidos,Chuva,Fora da intersecção,Dentro das localidades,Em pleno dia,Em patamar,Recta,Na berma,Despiste,QUARTA-FEIRA ,0,1,4,2008-05-15,6,ligeiro,Sim,Sim,Nao,415.2,1,1,4,11346
19797,2010469728,Braga,41.492926000000004,-7.985277000000001,EN205,105.26,4,0,0,1.0,50,Berma não pavimentada,Seco e limpo,Dois sentidos,Bom tempo,Em entroncamento,Dentro das localidades,Em pleno dia,Com inclinação,Recta,Em plena via,Colisão,QUINTA-FEIRA ,0,2,4,2010-06-23,19,ligeiro,Sim,Nao,Sim,415.2,1,1,4,11346
19830,2012636453,Braga,41.477176,-7.9859350000000004,EN206,75.2,1,0,1,1.0,50,Berma pavimentada,Molhado,Dois sentidos,Chuva,Fora da intersecção,Dentro das localidades,Em pleno dia,Em patamar,Curva,Na berma,Atropelamento,SÁBADO       ,0,1,4,2012-08-24,14,ligeiro,Sim,Sim,Nao,415.2,1,1,4,11346
19855,2009350652,Braga,41.478288,-7.98908,EN206,74.9,1,0,1,1.0,50,Berma não pavimentada,Húmido,Dois sentidos,Bom tempo,Fora da intersecção,Dentro das localidades,"Noite, com iluminação",Em patamar,Curva,Na berma,Despiste,QUINTA-FEIRA ,0,1,4,2008-11-08,20,ligeiro,Nao,Nao,Nao,415.2,1,1,4,11346
19878,2010477747,Braga,41.396941999999996,-8.319417,EN106,0.5,1,0,0,1.0,50,Sem berma ou impraticável,Seco e limpo,Dois sentidos,Bom tempo,Fora da intersecção,Dentro das localidades,Em pleno dia,Em patamar,Recta,Em plena via,Colisão,TERÇA-FEIRA  ,0,2,4,2010-07-14,13,ligeiro,Sim,Nao,Sim,415.2,1,1,4,11346
19973,2009400515,Braga,41.661259,-8.178708,EN304,79.7,1,0,0,1.0,50,Berma não pavimentada,Seco e limpo,Dois sentidos,Bom tempo,Fora da intersecção,Dentro das localidades,Em pleno dia,Em patamar,Curva,Na berma,Despiste,TERÇA-FEIRA  ,0,1,4,2009-07-09,15,ligeiro,Sim,Nao,Sim,415.2,1,1,4,11346
20053,2011523759,Braga,41.638865,-8.399712,ER205-3,1.1,1,0,0,1.0,50,Berma não pavimentada,Seco e limpo,Dois sentidos,Bom tempo,Fora da intersecção,Dentro das localidades,"Noite, com iluminação",Em patamar,Recta,Na berma,Atropelamento,QUINTA-FEIRA ,0,1,4,2011-02-06,19,ligeiro,Nao,Nao,Sim,415.2,1,1,4,11346
20077,2010468569,Braga,41.393899,-8.318444,EN106,0.86,3,0,0,1.0,50,Berma pavimentada,Seco e limpo,Dois sentidos,Bom tempo,Em entroncamento,Dentro das localidades,"Noite, com iluminação",Em patamar,Recta,Em plena via,Colisão,DOMINGO      ,0,3,4,2010-06-14,22,ligeiro,Nao,Nao,Sim,415.2,1,1,4,11346
20099,2010456129,Braga,41.396941999999996,-8.319417,EN106,0.5,1,0,0,1.0,50,Berma pavimentada,Seco e limpo,Dois sentidos,Bom tempo,Fora da intersecção,Dentro das localidades,Em pleno dia,Em patamar,Recta,Em plena via,Colisão,TERÇA-FEIRA  ,0,2,4,2010-04-14,14,ligeiro,Sim,Nao,Sim,415.2,1,1,4,11346
20100,2010490470,Braga,41.455737,-8.290761999999999,EN101,112.0,2,0,0,2.0,70,Berma pavimentada,Seco e limpo,Dois sentidos,Chuva,Fora da intersecção,Dentro das localidades,Em pleno dia,Em patamar,Curva,Em plena via,Colisão,SÁBADO       ,0,3,4,2010-11-08,8,ligeiro,Sim,Sim,Sim,415.2,1,1,4,11346
20108,2008305589,Braga,41.454862,-8.281507000000001,EN101,112.9,4,0,0,2.0,90,Berma pavimentada,Húmido,Dois sentidos,Chuva,NÃO DEFINIDO,Dentro das localidades,Em pleno dia,Com inclinação,Curva,Em plena via,Despiste,QUARTA-FEIRA ,1,1,4,2007-12-01,14,ligeiro,Sim,Sim,Nao,415.2,1,1,4,11346
20259,2007281253,Braga,41.642097,-8.399216000000001,ER205-3,1.5,1,0,0,1.0,80,Berma não pavimentada,Molhado,Dois sentidos,Chuva,Em via de desaceleração,Dentro das localidades,Em pleno dia,Com inclinação,Curva,Na berma,Despiste,SÁBADO       ,1,1,4,2007-04-25,8,ligeiro,Sim,Sim,Nao,415.2,1,1,4,11346
20268,2008337346,Braga,41.650973,-8.171560000000001,EN103,68.98,3,0,0,1.0,50,Berma pavimentada,Seco e limpo,Dois sentidos,Bom tempo,Fora da intersecção,Dentro das localidades,Em pleno dia,Em patamar,Recta,Em plena via,Colisão,QUARTA-FEIRA ,0,2,4,2008-08-08,18,ligeiro,Sim,Nao,Sim,415.2,1,1,4,11346
20375,2011561992,Braga,41.489774,-7.985266,EN205,105.62,1,0,0,1.0,50,Berma não pavimentada,Seco e limpo,Dois sentidos,Bom tempo,Em entroncamento,Dentro das localidades,Em pleno dia,Em patamar,Curva,Em plena via,Colisão,QUARTA-FEIRA ,0,2,4,2011-08-17,11,ligeiro,Sim,Nao,Sim,415.2,1,1,4,11346
20541,2008338266,Braga,41.471107,-7.989177000000001,A7,72.2,1,0,0,2.0,120,Berma pavimentada,Seco e limpo,Sentido único,Bom tempo,Fora da intersecção,Fora das localidades,Em pleno dia,Em patamar,Curva,Em plena via,Despiste,QUINTA-FEIRA ,0,1,4,2008-08-09,10,ligeiro,Sim,Nao,Sim,415.2,1,1,4,11346
20649,2009349534,Braga,41.645097,-8.397244,ER205-3,2.04,1,0,0,1.0,50,Sem berma ou impraticável,Seco e limpo,Dois sentidos,Bom tempo,Em entroncamento,Dentro das localidades,Em pleno dia,Em patamar,Recta,Em plena via,Colisão,DOMINGO      ,0,2,4,2008-11-22,12,ligeiro,Sim,Nao,Sim,415.2,1,1,4,11346
20740,2011500193,Braga,41.660618,-8.174663,EN304,79.22,1,0,0,1.0,50,Berma não pavimentada,Seco e limpo,Dois sentidos,Bom tempo,Fora da intersecção,Fora das localidades,Em pleno dia,Com inclinação,Curva,Em plena via,Colisão,QUINTA-FEIRA ,0,2,4,2010-10-20,11,ligeiro,Sim,Nao,Sim,415.2,1,1,4,11346
20781,2008325192,Braga,41.655313,-8.16804,EN103,69.75,1,0,0,2.0,90,Sem berma ou impraticável,Seco e limpo,Dois sentidos,Bom tempo,Fora da intersecção,Fora das localidades,Em pleno dia,Em patamar,Curva,Em plena via,Despiste,TERÇA-FEIRA  ,0,1,4,2008-04-04,10,ligeiro,Sim,Nao,Sim,415.2,1,1,4,11346
20970,2012645538,Braga,41.485503,-7.9822869999999995,EN205,106.2,1,0,0,1.0,50,Berma pavimentada,Molhado,Dois sentidos,Chuva,Fora da intersecção,Dentro das localidades,Em pleno dia,Com inclinação,Curva,Em plena via,Despiste,DOMINGO      ,0,1,4,2012-09-23,15,ligeiro,Sim,Sim,Nao,415.2,1,1,4,11346
21087,2009398836,Braga,41.455434999999994,-8.287493,EN101,112.3,1,0,0,2.0,90,Berma pavimentada,Húmido,Dois sentidos,Bom tempo,Fora da intersecção,Dentro das localidades,Em pleno dia,Com inclinação,Recta,Em plena via,Colisão,TERÇA-FEIRA  ,0,3,4,2009-09-21,8,ligeiro,Sim,Nao,Nao,415.2,1,1,4,11346
21120,2011517175,Braga,41.642547,-8.397259,ER205-3,1.75,1,0,0,1.0,50,Sem berma ou impraticável,Seco e limpo,Dois sentidos,Bom tempo,Fora da intersecção,Dentro das localidades,Em pleno dia,Em patamar,Curva,Na berma,Despiste,SÁBADO       ,0,1,4,2011-01-21,16,ligeiro,Sim,Nao,Sim,415.2,1,1,4,11346
21190,2012595454,Braga,41.396933000000004,-7.992630999999999,EN210,17.42,0,0,1,1.0,50,Berma pavimentada,Seco e limpo,Dois sentidos,Bom tempo,Fora da intersecção,Dentro das localidades,Em pleno dia,Em patamar,Recta,Em plena via,Despiste,QUARTA-FEIRA ,0,1,4,2012-01-29,9,ligeiro,Sim,Nao,Sim,415.2,1,1,4,11346
21414,2007285319,Braga,41.403053,-7.98915,EN210,16.3,2,0,0,2.0,50,Berma não pavimentada,Seco e limpo,Dois sentidos,Bom tempo,NÃO DEFINIDO,Dentro das localidades,Em pleno dia,Em patamar,Recta,Na berma,Despiste,TERÇA-FEIRA  ,0,2,4,2007-06-12,18,ligeiro,Sim,Nao,Sim,415.2,1,1,4,11346
21458,2009351509,Braga,41.640572999999996,-8.485994999999999,EN201,53.44,1,0,0,2.0,50,Berma não pavimentada,Molhado,Dois sentidos,Chuva,Fora da intersecção,Dentro das localidades,"Noite, com iluminação",Em patamar,Recta,Em plena via,Despiste,SEXTA-FEIRA  ,0,1,4,2008-12-30,3,ligeiro,Nao,Sim,Nao,415.2,1,1,4,11346
21564,2011505876,Braga,41.477961,-7.989877000000001,EN206,74.83,1,0,0,1.0,50,Berma pavimentada,Húmido,Dois sentidos,Bom tempo,Fora da intersecção,Dentro das localidades,Em pleno dia,Com inclinação,Curva,Em plena via,Despiste,QUARTA-FEIRA ,0,1,4,2010-11-06,15,ligeiro,Sim,Nao,Nao,415.2,1,1,4,11346
21565,2012618133,Braga,41.468857,-7.9986559999999995,A7,71.35,3,0,0,2.0,120,Berma pavimentada,Seco e limpo,Sentido único,Bom tempo,Fora da intersecção,Fora das localidades,Em pleno dia,Com inclinação,Recta,Na berma,Despiste,SEGUNDA-FEIRA,0,1,4,2012-05-21,12,ligeiro,Sim,Nao,Sim,415.2,1,1,4,11346
21579,2008304729,Braga,41.397740999999996,-8.319966,EN106,0.4,1,0,0,1.0,50,Berma pavimentada,Húmido,Dois sentidos,Chuva,NÃO DEFINIDO,Dentro das localidades,Em pleno dia,Em patamar,Recta,Na berma,Despiste,SEXTA-FEIRA  ,1,1,4,2007-12-08,13,ligeiro,Sim,Sim,Nao,415.2,1,1,4,11346
21587,2007281257,Braga,41.654934000000004,-8.168657000000001,EN103,69.68,1,0,0,1.0,50,Berma pavimentada,Seco e limpo,Dois sentidos,Bom tempo,Em entroncamento,Dentro das localidades,Em pleno dia,Em patamar,Curva,Em plena via,Colisão,SEGUNDA-FEIRA,0,2,4,2007-04-21,19,ligeiro,Sim,Nao,Sim,415.2,1,1,4,11346
21605,2008301939,Braga,41.471897999999996,-7.998346000000001,EN206,73.7,1,0,0,1.0,70,Sem berma ou impraticável,Molhado,Dois sentidos,Chuva,Fora da intersecção,Fora das localidades,Em pleno dia,Com inclinação,Curva,Em plena via,Colisão,QUINTA-FEIRA ,0,2,4,2007-11-20,8,ligeiro,Sim,Sim,Nao,415.2,1,1,4,11346
21649,2011517157,Braga,41.477176,-7.9859350000000004,EN206,75.2,2,0,0,1.0,50,Sem berma ou impraticável,Seco e limpo,Dois sentidos,Bom tempo,Fora da intersecção,Dentro das localidades,"Noite, sem iluminação",Em patamar,Recta,Na berma,Despiste,SEGUNDA-FEIRA,0,1,4,2011-01-23,22,ligeiro,Nao,Nao,Sim,415.2,1,1,4,11346
21713,2009354683,Braga,41.454862,-8.281507000000001,EN101,112.9,2,0,0,1.0,70,Berma pavimentada,Húmido,Sentido único,Bom tempo,Fora da intersecção,Dentro das localidades,Em pleno dia,Com inclinação,Curva,Em plena via,Colisão,TERÇA-FEIRA  ,0,2,4,2008-12-05,10,ligeiro,Sim,Nao,Nao,415.2,1,1,4,11346
21720,2007271080,Braga,41.381522,-8.527089,A7,19.28,0,0,1,2.0,120,Berma pavimentada,Seco e limpo,Sentido único,Bom tempo,Fora da intersecção,Fora das localidades,Em pleno dia,Com inclinação,Curva,Em plena via,Despiste,SÁBADO       ,0,1,14,2007-01-13,15,ligeiro,Sim,Nao,Sim,212.0,1,1,14,716
21729,2007273396,Braga,41.525157,-8.300078,ER310,7.45,1,0,0,1.0,50,Berma pavimentada,Seco e limpo,Dois sentidos,Bom tempo,NÃO DEFINIDO,Dentro das localidades,"Noite, com iluminação",Em patamar,Recta,Em plena via,Colisão,SEXTA-FEIRA  ,0,2,14,2007-01-24,18,ligeiro,Nao,Nao,Sim,212.0,1,1,14,716
21733,2007280018,Braga,41.528008,-8.447552,EN(d)14,44.0,1,0,0,1.0,50,Sem berma ou impraticável,Seco e limpo,Dois sentidos,Bom tempo,Fora da intersecção,Dentro das localidades,Em pleno dia,Em patamar,Recta,Em plena via,Atropelamento,TERÇA-FEIRA  ,0,1,14,2007-04-16,12,ligeiro,Sim,Nao,Sim,212.0,1,1,14,716
21734,2007280317,Braga,41.589251000000004,-8.289714,EN103,53.94,2,0,0,1.0,50,Berma pavimentada,Húmido,Dois sentidos,Bom tempo,Fora da intersecção,Dentro das localidades,Em pleno dia,Com inclinação,Curva,Na berma,Despiste,SÁBADO       ,1,1,14,2007-04-25,17,ligeiro,Sim,Nao,Nao,212.0,1,1,14,716
21740,2007282250,Braga,41.420863,-7.988827000000001,EN210,13.27,1,0,0,1.0,40,Berma pavimentada,Seco e limpo,Dois sentidos,Bom tempo,Fora da intersecção,Dentro das localidades,Em pleno dia,Em patamar,Recta,Em plena via,Atropelamento,QUARTA-FEIRA ,0,1,14,2007-05-04,17,ligeiro,Sim,Nao,Sim,212.0,1,1,14,716
21742,2007274996,Braga,41.496128999999996,-7.986234,EN205,104.88,0,1,0,1.0,80,Sem berma ou impraticável,Seco e limpo,Dois sentidos,Bom tempo,Fora da intersecção,Dentro das localidades,Em pleno dia,Em patamar,Curva,Em plena via,Colisão,SEGUNDA-FEIRA,0,2,14,2007-02-01,17,ligeiro,Sim,Nao,Sim,212.0,1,1,14,716
21746,2007275672,Braga,41.528008,-8.447552,EN(d)14,44.0,1,0,0,1.0,50,Berma pavimentada,Molhado,Dois sentidos,Chuva,Em entroncamento,Dentro das localidades,"Noite, com iluminação",Em patamar,Recta,Em plena via,Atropelamento,SEGUNDA-FEIRA,0,1,14,2007-02-24,19,ligeiro,Nao,Sim,Nao,212.0,1,1,14,716
21751,2007278046,Braga,41.526716,-8.2978,ER310,7.2,1,0,0,1.0,50,Berma pavimentada,Seco e limpo,Dois sentidos,Bom tempo,Em entroncamento,Dentro das localidades,"Noite, com iluminação",Em patamar,Recta,NÃO DEFINIDO,Atropelamento,TERÇA-FEIRA  ,0,1,14,2007-03-13,21,ligeiro,Nao,Nao,Sim,212.0,1,1,14,716
21752,2007278547,Braga,41.452292,-8.19974,EN206,48.11,1,0,0,2.0,90,Berma pavimentada,Húmido,Dois sentidos,Bom tempo,Fora da intersecção,Fora das localidades,Em pleno dia,Com inclinação,Curva,Em plena via,Despiste,QUARTA-FEIRA ,0,1,14,2007-03-31,8,ligeiro,Sim,Nao,Nao,212.0,1,1,14,716
21773,2007283711,Braga,41.418306,-7.992497,EN210,13.75,1,0,0,1.0,50,Berma pavimentada,Seco e limpo,Dois sentidos,Bom tempo,Em entroncamento,Dentro das localidades,Em pleno dia,Em patamar,Curva,Em plena via,Colisão,TERÇA-FEIRA  ,0,3,14,2007-05-26,18,ligeiro,Sim,Nao,Sim,212.0,1,1,14,716
21775,2007285318,Braga,41.411118,-7.995747,EN210,15.0,1,0,0,1.0,50,Berma não pavimentada,Molhado,Dois sentidos,Chuva,NÃO DEFINIDO,Dentro das localidades,Em pleno dia,NÃO DEFINIDO,Curva,Em plena via,Colisão,QUARTA-FEIRA ,0,2,14,2007-06-13,1,ligeiro,Sim,Sim,Nao,212.0,1,1,14,716
21776,2007284872,Braga,41.601768,-8.291244,ER205,61.15,0,1,0,1.0,50,Berma não pavimentada,Seco e limpo,Dois sentidos,Bom tempo,NÃO DEFINIDO,Dentro das localidades,Em pleno dia,Com inclinação,Curva,Em plena via,Colisão,TERÇA-FEIRA  ,1,2,14,2007-06-07,16,ligeiro,Sim,Nao,Sim,212.0,1,1,14,716
21787,2007300559,Braga,41.52734,-8.296888000000001,ER310,7.1,1,0,0,1.0,50,Sem berma ou impraticável,Seco e limpo,Dois sentidos,Bom tempo,Fora da intersecção,Dentro das localidades,Em pleno dia,Em patamar,Recta,Em plena via,Despiste,SEXTA-FEIRA  ,0,1,14,2007-11-04,10,ligeiro,Sim,Nao,Sim,212.0,1,1,14,716
21791,2007293141,Braga,41.596333,-8.281992,ER205,62.7,1,0,0,1.0,50,Berma não pavimentada,Seco e limpo,Sentido único,Bom tempo,Em cruzamento,Fora das localidades,Em pleno dia,Com inclinação,Curva,Em plena via,Colisão,SEXTA-FEIRA  ,0,2,14,2007-08-16,11,ligeiro,Sim,Nao,Sim,212.0,1,1,14,716
21796,2007294065,Braga,41.603482,-8.293421,ER205,60.82,1,0,0,1.0,90,Berma pavimentada,Com água acumulada na faixa de rodagem,Dois sentidos,Chuva,Fora da intersecção,Fora das localidades,Em pleno dia,Com inclinação,Curva,Em plena via,Colisão,QUARTA-FEIRA ,0,1,14,2007-08-26,17,ligeiro,Sim,Sim,Nao,212.0,1,1,14,716
21801,2007295428,Braga,41.385609,-8.517735,A7,20.2,1,0,0,2.0,40,Berma pavimentada,Molhado,Sentido único,Chuva,Fora da intersecção,Fora das localidades,Em pleno dia,Com inclinação,Curva,Na berma,Despiste,QUARTA-FEIRA ,0,1,14,2007-09-29,16,ligeiro,Sim,Sim,Nao,212.0,1,1,14,716
21819,2008304481,Braga,41.531653999999996,-8.446617999999999,A11,27.2,1,0,0,2.0,60,Berma pavimentada,Molhado,Sentido único,Nevoeiro,Em via de desaceleração,Fora das localidades,"Noite, com iluminação",Em patamar,Curva,Na berma,Despiste,TERÇA-FEIRA  ,0,1,14,2007-12-06,7,ligeiro,Nao,Sim,Nao,212.0,1,1,14,716
21825,2008304743,Braga,41.522078,-8.307037,ER310,8.2,1,0,0,1.0,50,Berma pavimentada,Molhado,Dois sentidos,NÃO DEFINIDO,Fora da intersecção,Dentro das localidades,Em pleno dia,Em patamar,Curva,Na berma,Despiste,QUARTA-FEIRA ,1,1,14,2007-12-01,10,ligeiro,Sim,Sim,Nao,212.0,1,1,14,716
21837,2008319698,Braga,41.52734,-8.296888000000001,ER310,7.1,0,1,0,1.0,50,Berma não pavimentada,Húmido,Sentido único,Chuva,Fora da intersecção,Dentro das localidades,Em pleno dia,Em patamar,Recta,Em plena via,Atropelamento,SÁBADO       ,0,1,14,2008-03-27,13,ligeiro,Sim,Sim,Nao,212.0,1,1,14,716
21840,2008331460,Braga,41.538625,-8.443480000000001,EN14,38.15,1,0,0,1.0,50,Sem berma ou impraticável,Molhado,Dois sentidos,Chuva,Em cruzamento,Dentro das localidades,Em pleno dia,Com inclinação,Recta,Em plena via,Atropelamento,SÁBADO       ,0,1,14,2008-06-15,12,ligeiro,Sim,Sim,Nao,212.0,1,1,14,716
21852,2008338257,Braga,41.532447,-8.444519,A11,27.4,3,0,0,2.0,90,Berma pavimentada,Seco e limpo,Sentido único,Bom tempo,Em ramo de ligação - saída,Fora das localidades,Em pleno dia,Com inclinação,Curva,Em plena via,Despiste,SEXTA-FEIRA  ,0,1,14,2008-08-10,7,ligeiro,Sim,Nao,Sim,212.0,1,1,14,716
21862,2008330129,Braga,41.385609,-8.517735,A7,20.2,1,0,0,2.0,40,Berma pavimentada,Molhado,Sentido único,Chuva,Fora da intersecção,Fora das localidades,Em pleno dia,Com inclinação,Curva,Na berma,Despiste,SEGUNDA-FEIRA,0,1,14,2008-06-16,11,ligeiro,Sim,Sim,Nao,212.0,1,1,14,716
21863,2008330131,Braga,41.381316,-8.529705,A7,19.05,1,0,0,2.0,120,Berma pavimentada,Seco e limpo,Sentido único,Bom tempo,Fora da intersecção,Fora das localidades,Em pleno dia,Com inclinação,Curva,Na berma,Despiste,TERÇA-FEIRA  ,0,1,14,2008-06-17,9,ligeiro,Sim,Nao,Sim,212.0,1,1,14,716
21869,2008333647,Braga,41.693098,-8.360975999999999,EN205-3,9.5,1,0,0,1.0,50,Berma pavimentada,Seco e limpo,Dois sentidos,Bom tempo,Em entroncamento,Dentro das localidades,Em pleno dia,Em patamar,Curva,Em plena via,Colisão,SEGUNDA-FEIRA,0,2,14,2008-07-26,8,ligeiro,Sim,Nao,Sim,212.0,1,1,14,716
21870,2008348554,Braga,41.49508,-7.986232000000001,EN205,105.0,4,0,0,1.0,50,Berma pavimentada,Húmido,Dois sentidos,Bom tempo,Fora da intersecção,Dentro das localidades,"Noite, com iluminação",Com inclinação,Curva,Em plena via,Colisão,SÁBADO       ,0,3,14,2008-11-04,18,ligeiro,Nao,Nao,Nao,212.0,1,1,14,716