,COD_ACIDENTE,DISTRITO,LATITUDE,LONGITUDE,VIA,KM,QT_FLIGEIROS,QT_FGRAVES,QT_MORTOS,QT_VIAS_SENTIDO,VEL_LIM_LOCAL,BERMA_VIA,CONDICAO_ADERENCIA,FAIXA_RODAGEM,FATOR_ATMOSFERICO,INTERSECAO_VIA,LOCALIZACAO,LUMINOSIDADE,PERFIL_VIA,PLANTA_VIA,SITUACAO_ACIDENTE,TIPO_NATUREZA,DIA_SEMANA,FLAG_FERIADO,QT_VEICULOS,COD_FREGUESIA,DATA,HORA,GRAVIDADE,ERA_DIA,MAU_TEMPO,ESTRADA_SECA,DENSIDADE_TOTAL,COD_DISTRITO_INE,COD_CONCELHO_INE,COD_FREGUESIA_INE,TOTAL
21871,2009351936,Braga,41.499234,-7.989475,EN205,104.42,1,0,0,1.0,50,Berma não pavimentada,Molhado,Dois sentidos,Chuva,Fora da intersecção,Dentro das localidades,Em pleno dia,Com inclinação,Curva,Em plena via,Colisão,QUINTA-FEIRA ,0,2,14,2008-12-07,12,ligeiro,Sim,Sim,Nao,212.0,1,1,14,716
21878,2009366679,Braga,41.453179,-8.197347,EN206,48.3,1,0,0,2.0,50,Berma não pavimentada,Seco e limpo,Sentido único,Bom tempo,Em entroncamento,Dentro das localidades,Em pleno dia,Com inclinação,Recta,Em plena via,Colisão,SEGUNDA-FEIRA,0,2,14,2009-03-11,18,ligeiro,Sim,Nao,Sim,212.0,1,1,14,716
21881,2008343629,Braga,41.538625,-8.443480000000001,EN14,38.15,2,0,0,1.0,50,Sem berma ou impraticável,Seco e limpo,Dois sentidos,Bom tempo,Em cruzamento,Dentro das localidades,"Noite, com iluminação",Em patamar,Recta,Em plena via,Colisão,QUINTA-FEIRA ,0,2,14,2008-10-11,23,ligeiro,Nao,Nao,Sim,212.0,1,1,14,716
21886,2008343990,Braga,41.420879,-7.988817,EN210,13.27,1,0,0,1.0,40,Sem berma ou impraticável,Seco e limpo,Dois sentidos,Bom tempo,Em entroncamento,Fora das localidades,"Noite, com iluminação",Em patamar,Recta,Em plena via,Colisão,SEXTA-FEIRA  ,0,2,14,2008-10-06,20,ligeiro,Nao,Nao,Sim,212.0,1,1,14,716
21889,2008330807,Braga,41.452507000000004,-8.198478,EN206,48.2,1,0,0,2.0,70,Berma pavimentada,Molhado,Sentido único,Chuva,Fora da intersecção,Fora das localidades,Em pleno dia,Em patamar,Curva,Em plena via,Despiste,SÁBADO       ,0,1,14,2008-06-15,20,ligeiro,Sim,Sim,Nao,212.0,1,1,14,716
21900,2008348001,Braga,41.596537,-8.283103,ER205,62.6,0,1,1,1.0,50,Berma pavimentada,Molhado,Dois sentidos,Chuva,Fora da intersecção,Dentro das localidades,Em pleno dia,Em patamar,Recta,Em plena via,Colisão,DOMINGO      ,0,2,14,2008-10-30,9,grave,Sim,Sim,Nao,212.0,1,1,14,716
21902,2008348469,Braga,41.517311,-7.983735,ER311,27.4,1,0,0,1.0,50,Berma não pavimentada,Seco e limpo,Dois sentidos,Bom tempo,Em cruzamento,Dentro das localidades,Em pleno dia,Em patamar,Recta,Em plena via,Colisão,QUARTA-FEIRA ,0,2,14,2008-11-02,16,ligeiro,Sim,Nao,Sim,212.0,1,1,14,716
21910,2008347728,Braga,41.535971999999994,-8.449887,EN103,37.6,4,0,0,1.0,50,Berma pavimentada,Húmido,Dois sentidos,Bom tempo,Fora da intersecção,Dentro das localidades,Em pleno dia,Em patamar,Recta,Em plena via,Colisão,TERÇA-FEIRA  ,0,2,14,2008-11-12,7,ligeiro,Sim,Nao,Nao,212.0,1,1,14,716
21935,2009373750,Braga,41.452345,-8.199167,EN206,48.15,1,0,0,2.0,70,Berma pavimentada,Molhado,Sentido único,Chuva,Fora da intersecção,Fora das localidades,Em pleno dia,Com inclinação,Curva,Na berma,Despiste,SÁBADO       ,0,1,14,2009-04-18,14,ligeiro,Sim,Sim,Nao,212.0,1,1,14,716
21943,2009389648,Braga,41.526092999999996,-8.298712,ER310,7.3,1,0,0,1.0,50,Berma não pavimentada,Seco e limpo,Dois sentidos,Bom tempo,Em cruzamento,Dentro das localidades,Em pleno dia,Em patamar,Recta,Em plena via,Colisão,SEXTA-FEIRA  ,0,2,14,2009-06-13,14,ligeiro,Sim,Nao,Sim,212.0,1,1,14,716
21969,2010429473,Braga,41.452507000000004,-8.198478,EN206,48.2,1,0,0,2.0,70,Berma pavimentada,Húmido,Sentido único,Chuva,Fora da intersecção,Fora das localidades,"Noite, sem iluminação",Com inclinação,Curva,Na berma,Despiste,SEGUNDA-FEIRA,0,1,14,2009-11-16,18,ligeiro,Nao,Sim,Nao,212.0,1,1,14,716
21973,2010429514,Braga,41.524943,-8.445665,A11,28.33,1,0,0,2.0,90,Berma pavimentada,Seco e limpo,Sentido único,Bom tempo,Fora da intersecção,Fora das localidades,Aurora ou crepúsculo,Com inclinação,Curva,Em plena via,Colisão,QUINTA-FEIRA ,0,2,14,2009-11-19,17,ligeiro,Nao,Nao,Sim,212.0,1,1,14,716
21981,2010433719,Braga,41.385609,-8.517735,A7,20.2,1,0,0,2.0,120,Berma pavimentada,Molhado,Sentido único,Chuva,Em ramo de ligação - saída,Fora das localidades,Em pleno dia,Com inclinação,Curva,Em plena via,Despiste,SÁBADO       ,0,1,14,2009-12-02,12,ligeiro,Sim,Sim,Nao,212.0,1,1,14,716
21983,2010433789,Braga,41.696477,-8.345301,EN205-3,10.98,3,0,0,2.0,50,Berma pavimentada,Húmido,Dois sentidos,Chuva,Em entroncamento,Dentro das localidades,"Noite, com iluminação",Em patamar,Recta,Em plena via,Colisão,SEXTA-FEIRA  ,0,2,14,2009-12-12,19,ligeiro,Nao,Sim,Nao,212.0,1,1,14,716
21986,2010442045,Braga,41.385477,-8.518559,A7,20.13,1,0,0,2.0,120,Berma pavimentada,Seco e limpo,Sentido único,Bom tempo,Fora da intersecção,Fora das localidades,"Noite, com iluminação",Com inclinação,Curva,Em plena via,Despiste,QUINTA-FEIRA ,0,1,14,2010-01-04,21,ligeiro,Nao,Nao,Sim,212.0,1,1,14,716
21999,2010456101,Braga,41.421434000000005,-7.988460000000001,EN210,13.2,1,0,0,1.0,50,Berma pavimentada,Seco e limpo,Dois sentidos,Bom tempo,Em via de desaceleração,Dentro das localidades,Em pleno dia,Em patamar,Recta,Em plena via,Colisão,TERÇA-FEIRA  ,0,2,14,2010-04-03,13,ligeiro,Sim,Nao,Sim,212.0,1,1,14,716
22002,2010442859,Braga,41.696536,-8.345013,EN205-3,11.0,1,0,0,1.0,50,Sem berma ou impraticável,Seco e limpo,Dois sentidos,Bom tempo,Em cruzamento,Dentro das localidades,"Noite, com iluminação",Em patamar,Recta,Em plena via,Colisão,DOMINGO      ,0,2,14,2010-01-06,18,ligeiro,Nao,Nao,Sim,212.0,1,1,14,716
22010,2010446640,Braga,41.681552,-8.069219,EN103,81.35,1,0,0,1.0,90,Sem berma ou impraticável,Molhado,Dois sentidos,Bom tempo,Em entroncamento,Fora das localidades,Em pleno dia,Com inclinação,Curva,Em plena via,Colisão,DOMINGO      ,0,2,14,2010-02-26,17,ligeiro,Sim,Nao,Nao,212.0,1,1,14,716
22024,2010486588,Braga,41.526716,-8.2978,ER310,7.2,1,0,0,1.0,50,Berma pavimentada,Seco e limpo,Sentido único,Bom tempo,Em entroncamento,Dentro das localidades,Em pleno dia,Em patamar,Recta,Na berma,Atropelamento,QUARTA-FEIRA ,0,1,14,2010-08-07,10,ligeiro,Sim,Nao,Sim,212.0,1,1,14,716
22050,2010491524,Braga,41.696040999999994,-8.346396,EN205-3,10.87,2,0,0,1.0,50,Berma pavimentada,Seco e limpo,Dois sentidos,Bom tempo,Fora da intersecção,Dentro das localidades,Em pleno dia,Em patamar,Recta,Na berma,Despiste,TERÇA-FEIRA  ,0,1,14,2010-09-09,16,ligeiro,Sim,Nao,Sim,212.0,1,1,14,716
22060,2010496306,Braga,41.526716,-8.2978,ER310,7.2,4,0,0,1.0,50,Sem berma ou impraticável,Seco e limpo,Dois sentidos,Bom tempo,Em entroncamento,Dentro das localidades,Em pleno dia,Em patamar,Recta,Em plena via,Colisão,SEXTA-FEIRA  ,0,2,14,2010-10-10,6,ligeiro,Sim,Nao,Sim,212.0,1,1,14,716
22072,2011512461,Braga,41.601577,-8.286154,ER205,61.65,1,0,0,1.0,50,Berma não pavimentada,Húmido,Dois sentidos,Chuva,Fora da intersecção,Dentro das localidades,Em pleno dia,Com inclinação,Curva,Em plena via,Colisão,SÁBADO       ,0,2,14,2010-12-29,16,ligeiro,Sim,Sim,Nao,212.0,1,1,14,716
22077,2011527210,Braga,41.385609,-8.517735,A7,20.2,1,0,0,1.0,60,Berma pavimentada,Seco e limpo,Sentido único,Bom tempo,Fora da intersecção,Fora das localidades,Em pleno dia,Em patamar,Curva,Em plena via,Despiste,SEXTA-FEIRA  ,0,1,14,2011-03-18,13,ligeiro,Sim,Nao,Sim,212.0,1,1,14,716
22082,2011523852,Braga,41.675234,-8.060638,EN103,82.6,4,0,0,1.0,80,Sem berma ou impraticável,Molhado,Dois sentidos,Chuva,Fora da intersecção,Fora das localidades,"Noite, sem iluminação",Em patamar,Curva,Em plena via,Colisão,DOMINGO      ,0,2,14,2011-02-20,19,ligeiro,Nao,Sim,Nao,212.0,1,1,14,716
22117,2011549077,Braga,41.385609,-8.517735,A7,20.2,1,0,0,2.0,60,Berma pavimentada,Molhado,Sentido único,Bom tempo,Fora da intersecção,Fora das localidades,Em pleno dia,Com inclinação,Curva,Em plena via,Despiste,SEXTA-FEIRA  ,0,1,14,2011-06-17,19,ligeiro,Sim,Nao,Nao,212.0,1,1,14,716
22127,2011555137,Braga,41.689556,-8.360613,EN205-3,9.1,2,0,0,1.0,50,Berma não pavimentada,Molhado,Dois sentidos,Chuva,Fora da intersecção,Dentro das localidades,Em pleno dia,Com inclinação,Curva,Na berma,Despiste,QUINTA-FEIRA ,0,1,14,2011-07-09,11,ligeiro,Sim,Sim,Nao,212.0,1,1,14,716
22134,2011547321,Braga,41.528008,-8.447552,EN(d)14,44.0,1,0,0,2.0,50,Berma pavimentada,Seco e limpo,Dois sentidos,Bom tempo,Em entroncamento,Dentro das localidades,Em pleno dia,Em patamar,Recta,Em plena via,Colisão,QUARTA-FEIRA ,0,2,14,2011-08-17,12,ligeiro,Sim,Nao,Sim,212.0,1,1,14,716
22136,2011563941,Braga,41.494631,-7.986267,EN205,105.05,3,0,0,1.0,50,Berma não pavimentada,Molhado,Dois sentidos,Chuva,Em entroncamento,Dentro das localidades,Em pleno dia,Com inclinação,Curva,Em plena via,Colisão,QUARTA-FEIRA ,0,2,14,2011-08-06,11,ligeiro,Sim,Sim,Nao,212.0,1,1,14,716
22138,2011561965,Braga,41.493739,-8.707305,A11,3.73,2,0,0,2.0,120,Berma pavimentada,Molhado,Sentido único,Chuva,Fora da intersecção,Fora das localidades,Em pleno dia,Em patamar,Recta,Em plena via,Colisão,SÁBADO       ,0,2,14,2011-08-31,19,ligeiro,Sim,Sim,Nao,212.0,1,1,14,716
22139,2011561989,Braga,41.494631,-7.986267,EN205,105.05,2,0,0,1.0,50,Berma não pavimentada,Seco e limpo,Dois sentidos,Bom tempo,Em entroncamento,Dentro das localidades,Em pleno dia,Com inclinação,Curva,Em plena via,Colisão,QUINTA-FEIRA ,0,2,14,2011-08-29,16,ligeiro,Sim,Nao,Sim,212.0,1,1,14,716
22143,2011574237,Braga,41.589227,-8.288285,EN205,62.8,1,0,0,1.0,90,Berma pavimentada,Com água acumulada na faixa de rodagem,Dois sentidos,Chuva,Fora da intersecção,Fora das localidades,"Noite, sem iluminação",Com inclinação,Recta,Em plena via,Despiste,QUARTA-FEIRA ,0,1,14,2011-10-24,23,ligeiro,Nao,Sim,Nao,212.0,1,1,14,716
22158,2012589907,Braga,41.532447,-8.444519,A11,27.4,1,0,0,2.0,60,Berma pavimentada,Molhado,Sentido único,Chuva,Em ramo de ligação - entrada,Fora das localidades,Em pleno dia,Com inclinação,Curva,Em plena via,Despiste,QUINTA-FEIRA ,0,1,14,2011-12-10,16,ligeiro,Sim,Sim,Nao,212.0,1,1,14,716
22165,2012583116,Braga,41.540228000000006,-8.441897,EN14,38.24,2,0,0,2.0,50,Sem berma ou impraticável,Seco e limpo,Dois sentidos,Bom tempo,Em cruzamento,Dentro das localidades,"Noite, com iluminação",Com inclinação,Recta,Em plena via,Colisão,SEGUNDA-FEIRA,0,2,14,2011-11-26,18,ligeiro,Nao,Nao,Sim,212.0,1,1,14,716
22166,2012579532,Braga,41.381268,-8.528822,A7,19.13,3,0,0,2.0,120,Berma pavimentada,Húmido,Sentido único,Bom tempo,Fora da intersecção,Fora das localidades,"Noite, sem iluminação",Com inclinação,Curva,Em plena via,Despiste,QUARTA-FEIRA ,0,1,14,2011-11-11,19,ligeiro,Nao,Nao,Nao,212.0,1,1,14,716
22168,2012588160,Braga,41.385609,-8.517735,A7,20.2,3,2,0,2.0,40,Berma pavimentada,Seco e limpo,Dois sentidos,Bom tempo,Em via de aceleração,Fora das localidades,Em pleno dia,Com inclinação,Curva,Em plena via,Colisão,TERÇA-FEIRA  ,1,2,14,2011-12-08,16,ligeiro,Sim,Nao,Sim,212.0,1,1,14,716
22169,2012591636,Braga,41.693187,-8.360952000000001,EN205-3,9.51,1,0,0,1.0,50,Sem berma ou impraticável,Húmido,Dois sentidos,Bom tempo,Fora da intersecção,Dentro das localidades,Aurora ou crepúsculo,Em patamar,Recta,Na berma,Despiste,TERÇA-FEIRA  ,1,1,14,2011-12-25,17,ligeiro,Nao,Nao,Nao,212.0,1,1,14,716
22207,2012608195,Braga,41.602472999999996,-8.289361999999999,ER205,61.33,2,0,0,1.0,50,Sem berma ou impraticável,Molhado,Dois sentidos,Chuva,Fora da intersecção,Dentro das localidades,Em pleno dia,Em patamar,Recta,Em plena via,Despiste,SEXTA-FEIRA  ,0,1,14,2012-03-17,10,ligeiro,Sim,Sim,Nao,212.0,1,1,14,716
22208,2012632549,Braga,41.594885,-8.284180000000001,EN103,54.8,2,0,0,1.0,50,Sem berma ou impraticável,Molhado,Dois sentidos,Chuva,Fora da intersecção,Dentro das localidades,Em pleno dia,Em patamar,Curva,Em plena via,Colisão,QUARTA-FEIRA ,0,2,14,2012-07-13,13,ligeiro,Sim,Sim,Nao,212.0,1,1,14,716
22210,2012608217,Braga,41.496342999999996,-7.986317,EN205,104.85,2,0,0,1.0,90,Berma pavimentada,Seco e limpo,Dois sentidos,Bom tempo,Fora da intersecção,Dentro das localidades,Em pleno dia,Com inclinação,Curva,Em plena via,Colisão,QUINTA-FEIRA ,0,3,14,2012-03-22,12,ligeiro,Sim,Nao,Sim,212.0,1,1,14,716
22213,2012631247,Braga,41.413790999999996,-7.99188,EN210,14.54,1,0,0,1.0,50,Berma pavimentada,Seco e limpo,Dois sentidos,Bom tempo,Em entroncamento,Dentro das localidades,Em pleno dia,Com inclinação,Recta,Em plena via,Colisão,SÁBADO       ,0,2,14,2012-07-27,12,ligeiro,Sim,Nao,Sim,212.0,1,1,14,716
22221,2013656284,Braga,41.608651,-8.292992,ER205,60.05,2,0,0,1.0,50,Sem berma ou impraticável,Molhado,Dois sentidos,Chuva,Fora da intersecção,Dentro das localidades,Em pleno dia,Em patamar,Curva,Em plena via,Colisão,TERÇA-FEIRA  ,0,2,14,2012-10-17,10,ligeiro,Sim,Sim,Nao,212.0,1,1,14,716
22223,2013656984,Braga,41.494816,-7.9862779999999995,EN205,105.03,2,0,0,1.0,50,Berma pavimentada,Seco e limpo,Dois sentidos,Bom tempo,Em entroncamento,Dentro das localidades,Em pleno dia,Com inclinação,Curva,Em plena via,Colisão,QUARTA-FEIRA ,0,2,14,2012-10-01,8,ligeiro,Sim,Nao,Sim,212.0,1,1,14,716
22232,2013664928,Braga,41.592442,-8.286908,EN103,54.4,5,0,0,1.0,50,Berma pavimentada,Húmido,Dois sentidos,Chuva,Fora da intersecção,Dentro das localidades,Em pleno dia,Em patamar,Curva,Em plena via,Colisão,DOMINGO      ,0,2,14,2012-11-24,15,ligeiro,Sim,Sim,Nao,212.0,1,1,14,716
22233,2013663293,Braga,41.588864,-8.293452,EN103,53.6,2,0,0,2.0,90,Berma pavimentada,Húmido,Dois sentidos,Chuva,Em entroncamento,Fora das localidades,Em pleno dia,Em patamar,Recta,Em plena via,Colisão,TERÇA-FEIRA  ,0,2,14,2012-11-09,10,ligeiro,Sim,Sim,Nao,212.0,1,1,14,716
22246,2007273397,Braga,41.52684,-8.297617,ER310,7.18,1,0,0,2.0,50,Sem berma ou impraticável,Seco e limpo,Dois sentidos,Bom tempo,Em entroncamento,Dentro das localidades,Em pleno dia,Em patamar,Recta,Em plena via,Atropelamento,SEGUNDA-FEIRA,0,1,14,2007-01-26,16,ligeiro,Sim,Nao,Sim,212.0,1,1,14,716
22263,2009409768,Braga,41.595178000000004,-8.283094,EN103,54.9,1,0,0,1.0,50,Berma pavimentada,Seco e limpo,Dois sentidos,Bom tempo,Fora da intersecção,Dentro das localidades,Em pleno dia,Em patamar,Recta,Em plena via,Colisão,SÁBADO       ,0,2,14,2009-08-10,16,ligeiro,Sim,Nao,Sim,212.0,1,1,14,716
22279,2007295616,Braga,41.521364,-8.30655,ER310,8.3,1,0,0,1.0,70,Berma pavimentada,Seco e limpo,Dois sentidos,Bom tempo,Fora da intersecção,Dentro das localidades,"Noite, com iluminação",Com inclinação,Curva,Em plena via,Colisão,TERÇA-FEIRA  ,0,2,14,2007-09-28,21,ligeiro,Nao,Nao,Sim,212.0,1,1,14,716
22284,2008308049,Braga,41.411092,-7.995805000000001,EN210,15.01,2,0,0,1.0,80,Sem berma ou impraticável,Seco e limpo,Dois sentidos,Bom tempo,NÃO DEFINIDO,Fora das localidades,"Noite, sem iluminação",Com inclinação,Curva,Em plena via,Colisão,QUINTA-FEIRA ,0,2,14,2008-01-28,20,ligeiro,Nao,Nao,Sim,212.0,1,1,14,716
22286,2010446629,Braga,41.605154999999996,-8.293275999999999,ER205,60.5,1,0,0,2.0,50,Berma não pavimentada,Molhado,Dois sentidos,Chuva,Fora da intersecção,Dentro das localidades,"Noite, com iluminação",Com inclinação,Curva,Na berma,Despiste,SÁBADO       ,0,1,14,2010-02-25,18,ligeiro,Nao,Sim,Nao,212.0,1,1,14,716
22291,2010452648,Braga,41.385692,-8.516496,A7,20.3,1,0,0,2.0,120,Berma pavimentada,"Com gelo, geada ou neve",Sentido único,Granizo,Fora da intersecção,Fora das localidades,Em pleno dia,Em patamar,Curva,Em plena via,Despiste,SÁBADO       ,0,1,14,2010-03-25,11,ligeiro,Sim,Sim,Nao,212.0,1,1,14,716
22314,2011563848,Braga,41.674603000000005,-8.058044,EN103,82.94,1,0,0,1.0,50,Berma não pavimentada,Seco e limpo,Dois sentidos,Bom tempo,Fora da intersecção,Dentro das localidades,Em pleno dia,Em patamar,Recta,Na berma,Despiste,QUARTA-FEIRA ,0,1,14,2011-08-06,13,ligeiro,Sim,Nao,Sim,212.0,1,1,14,716
22321,2011506762,Braga,41.452507000000004,-8.198478,EN206,48.2,3,0,0,2.0,70,Berma pavimentada,Molhado,Sentido único,Chuva,Fora da intersecção,Fora das localidades,"Noite, sem iluminação",Com inclinação,Curva,Em plena via,Despiste,SEXTA-FEIRA  ,0,1,14,2010-11-19,20,ligeiro,Nao,Sim,Nao,212.0,1,1,14,716
22330,2012632558,Braga,41.516934,-7.983803999999999,ER311,27.36,1,0,0,1.0,50,Berma pavimentada,Seco e limpo,Dois sentidos,Bom tempo,Fora da intersecção,Dentro das localidades,Aurora ou crepúsculo,Em patamar,Recta,Em plena via,Atropelamento,SEXTA-FEIRA  ,0,1,14,2012-07-15,20,ligeiro,Nao,Nao,Sim,212.0,1,1,14,716
22333,2008310688,Braga,41.601169,-8.281725,ER205,62.04,1,0,0,1.0,50,Berma não pavimentada,Molhado,Dois sentidos,Chuva,NÃO DEFINIDO,Dentro das localidades,"Noite, sem iluminação",Com inclinação,Curva,Na berma,Despiste,TERÇA-FEIRA  ,0,1,14,2008-02-01,23,ligeiro,Nao,Sim,Nao,212.0,1,1,14,716
22335,2010428112,Braga,41.531560999999996,-8.443437,A11,27.55,1,0,0,2.0,90,Berma pavimentada,Molhado,Sentido único,Chuva,Fora da intersecção,Fora das localidades,Em pleno dia,Com inclinação,Curva,Na berma,Despiste,SEGUNDA-FEIRA,0,1,14,2009-11-05,10,ligeiro,Sim,Sim,Nao,212.0,1,1,14,716
22356,2007298111,Braga,41.589283,-8.295749,EN103,53.4,1,0,0,1.0,70,Berma pavimentada,Molhado,Dois sentidos,Chuva,Fora da intersecção,Dentro das localidades,"Noite, sem iluminação",Em patamar,Recta,Em plena via,Despiste,SEXTA-FEIRA  ,0,1,14,2007-10-07,23,ligeiro,Nao,Sim,Nao,212.0,1,1,14,716
22360,2008340624,Braga,41.683116,-8.047424000000001,EN103,85.5,1,0,0,1.0,50,Berma pavimentada,Seco e limpo,Dois sentidos,Bom tempo,Em entroncamento,Dentro das localidades,"Noite, com iluminação",Com inclinação,Curva,Em plena via,Colisão,SÁBADO       ,0,2,14,2008-09-08,22,ligeiro,Nao,Nao,Sim,212.0,1,1,14,716
22368,2007278762,Braga,41.526716,-8.2978,ER310,7.2,1,0,0,1.0,50,Sem berma ou impraticável,Seco e limpo,Dois sentidos,Bom tempo,Fora da intersecção,Dentro das localidades,"Noite, com iluminação",Em patamar,Recta,Em plena via,Atropelamento,QUARTA-FEIRA ,0,1,14,2007-03-14,21,ligeiro,Nao,Nao,Sim,212.0,1,1,14,716
22373,2011549110,Braga,41.523596000000005,-8.302356,ER310,7.7,1,0,0,1.0,50,Berma pavimentada,Seco e limpo,Dois sentidos,Bom tempo,Fora da intersecção,Dentro das localidades,Em pleno dia,Em patamar,Recta,Em plena via,Atropelamento,SÁBADO       ,0,1,14,2011-06-29,9,ligeiro,Sim,Nao,Sim,212.0,1,1,14,716
22379,2009415632,Braga,41.455283,-8.194054,EN206,48.6,1,0,0,2.0,90,Berma pavimentada,Molhado,Sentido único,Chuva,Em ramo de ligação - saída,Dentro das localidades,Aurora ou crepúsculo,Em patamar,Recta,Na berma,Despiste,TERÇA-FEIRA  ,0,1,14,2009-08-01,6,ligeiro,Nao,Sim,Nao,212.0,1,1,14,716
22398,2009399659,Braga,41.696457,-8.345394,EN205-3,10.97,2,0,0,1.0,50,Berma não pavimentada,Seco e limpo,Dois sentidos,Bom tempo,Em cruzamento,Dentro das localidades,Em pleno dia,Em patamar,Recta,Em plena via,Colisão,SEGUNDA-FEIRA,0,2,14,2009-07-31,17,ligeiro,Sim,Nao,Sim,212.0,1,1,14,716
22407,2007295595,Braga,41.493451,-8.719746,A11,2.92,1,0,0,2.0,120,Berma pavimentada,Seco e limpo,Sentido único,Bom tempo,Fora da intersecção,Fora das localidades,Em pleno dia,Com inclinação,Curva,Em plena via,Despiste,QUARTA-FEIRA ,0,1,14,2007-09-12,12,ligeiro,Sim,Nao,Sim,212.0,1,1,14,716
22408,2007295604,Braga,41.532447,-8.444519,A11,27.4,2,0,0,2.0,70,Berma pavimentada,Seco e limpo,Sentido único,Bom tempo,Fora da intersecção,Fora das localidades,Em pleno dia,Com inclinação,Recta,Em plena via,Colisão,QUINTA-FEIRA ,0,2,14,2007-09-02,11,ligeiro,Sim,Nao,Sim,212.0,1,1,14,716
22415,2011528998,Braga,41.605154999999996,-8.293275999999999,ER205,60.5,1,0,0,1.0,50,Sem berma ou impraticável,Molhado,Dois sentidos,Chuva,Fora da intersecção,Dentro das localidades,"Noite, com iluminação",Com inclinação,Curva,Em plena via,Colisão,SEXTA-FEIRA  ,0,2,14,2011-03-12,19,ligeiro,Nao,Sim,Nao,212.0,1,1,14,716
22420,2010452588,Braga,41.454984,-8.194738000000001,EN206,48.55,1,0,0,2.0,70,Berma pavimentada,Molhado,Sentido único,Chuva,Fora da intersecção,Fora das localidades,Em pleno dia,Com inclinação,Curva,Na berma,Despiste,SEXTA-FEIRA  ,0,1,14,2010-03-30,10,ligeiro,Sim,Sim,Nao,212.0,1,1,14,716
22423,2011542743,Braga,41.525662,-7.982355999999999,ER311,28.6,1,0,0,1.0,50,Berma não pavimentada,Seco e limpo,Dois sentidos,Bom tempo,Fora da intersecção,Dentro das localidades,Em pleno dia,Em patamar,Curva,Na berma,Despiste,DOMINGO      ,0,1,14,2011-05-27,16,ligeiro,Sim,Nao,Sim,212.0,1,1,14,716
22426,2012645067,Braga,41.589501,-8.289012,EN103,54.0,1,0,0,1.0,50,Berma não pavimentada,Seco e limpo,Sentido único,Bom tempo,Em rotunda,Dentro das localidades,Em pleno dia,Em patamar,Curva,Em plena via,Despiste,SEGUNDA-FEIRA,0,1,14,2012-09-01,16,ligeiro,Sim,Nao,Sim,212.0,1,1,14,716
22427,2010463680,Braga,41.680439,-8.049291,EN103,85.05,1,0,0,1.0,50,Berma pavimentada,Seco e limpo,Dois sentidos,Bom tempo,Fora da intersecção,Dentro das localidades,Em pleno dia,Em patamar,Recta,Em plena via,Colisão,QUARTA-FEIRA ,0,2,14,2010-05-02,15,ligeiro,Sim,Nao,Sim,212.0,1,1,14,716
22431,2012597545,Braga,41.53573,-8.446021,EN14,38.0,1,0,0,1.0,50,Berma pavimentada,Seco e limpo,Dois sentidos,Bom tempo,Fora da intersecção,Dentro das localidades,Em pleno dia,Em patamar,Recta,Na berma,Despiste,SEXTA-FEIRA  ,0,1,14,2012-01-20,7,ligeiro,Sim,Nao,Sim,212.0,1,1,14,716
22433,2009358804,Braga,41.526716,-8.2978,ER310,7.2,1,0,0,1.0,50,Sem berma ou impraticável,Seco e limpo,Dois sentidos,Bom tempo,Em entroncamento,Dentro das localidades,"Noite, com iluminação",Em patamar,Recta,Em plena via,Colisão,TERÇA-FEIRA  ,0,2,14,2009-02-12,19,ligeiro,Nao,Nao,Sim,212.0,1,1,14,716
22443,2012636918,Braga,41.421025,-7.988722,EN210,13.25,1,0,0,1.0,50,Berma não pavimentada,Húmido,Dois sentidos,Chuva,Em entroncamento,Dentro das localidades,Em pleno dia,Em patamar,Recta,Em plena via,Colisão,DOMINGO      ,0,2,14,2012-08-14,13,ligeiro,Sim,Sim,Nao,212.0,1,1,14,716
22451,2011540691,Braga,41.609628,-8.295632000000001,ER205,59.8,1,0,0,1.0,50,Sem berma ou impraticável,Seco e limpo,Dois sentidos,Bom tempo,Fora da intersecção,Dentro das localidades,Em pleno dia,Em patamar,Curva,Em plena via,Colisão,TERÇA-FEIRA  ,0,2,14,2011-05-06,10,ligeiro,Sim,Nao,Sim,212.0,1,1,14,716
22463,2011568431,Braga,41.455283,-8.194054,EN206,48.6,1,0,0,2.0,70,Sem berma ou impraticável,Molhado,Dois sentidos,Chuva,Fora da intersecção,Dentro das localidades,Em pleno dia,Com inclinação,Curva,Na berma,Despiste,DOMINGO      ,0,1,14,2011-09-01,8,ligeiro,Sim,Sim,Nao,212.0,1,1,14,716
22495,2011555138,Braga,41.689682,-8.360522999999999,EN205-3,9.12,2,0,0,1.0,50,Berma não pavimentada,Seco e limpo,Dois sentidos,Bom tempo,Fora da intersecção,Dentro das localidades,Em pleno dia,Com inclinação,Curva,Na berma,Despiste,SEGUNDA-FEIRA,0,1,14,2011-07-01,19,ligeiro,Sim,Nao,Sim,212.0,1,1,14,716
22497,2008336984,Braga,41.52345,-8.446357,A11,28.5,1,0,0,2.0,90,Berma pavimentada,Seco e limpo,Sentido único,Bom tempo,Fora da intersecção,Fora das localidades,Em pleno dia,Com inclinação,Curva,Na berma,Despiste,SÁBADO       ,0,1,14,2008-08-16,16,ligeiro,Sim,Nao,Sim,212.0,1,1,14,716