,COD_ACIDENTE,DISTRITO,LATITUDE,LONGITUDE,VIA,KM,QT_FLIGEIROS,QT_FGRAVES,QT_MORTOS,QT_VIAS_SENTIDO,VEL_LIM_LOCAL,BERMA_VIA,CONDICAO_ADERENCIA,FAIXA_RODAGEM,FATOR_ATMOSFERICO,INTERSECAO_VIA,LOCALIZACAO,LUMINOSIDADE,PERFIL_VIA,PLANTA_VIA,SITUACAO_ACIDENTE,TIPO_NATUREZA,DIA_SEMANA,FLAG_FERIADO,QT_VEICULOS,COD_FREGUESIA,DATA,HORA,GRAVIDADE,ERA_DIA,MAU_TEMPO,ESTRADA_SECA,DENSIDADE_TOTAL,COD_DISTRITO_INE,COD_CONCELHO_INE,COD_FREGUESIA_INE,TOTAL
22516,2010432529,Braga,41.531951,-8.443746,A11,27.5,1,0,0,2.0,70,Berma pavimentada,Molhado,Sentido único,Chuva,Fora da intersecção,Fora das localidades,Em pleno dia,Com inclinação,Curva,Em plena via,Despiste,QUINTA-FEIRA ,0,1,14,2009-12-23,9,ligeiro,Sim,Sim,Nao,212.0,1,1,14,716
22536,2010464643,Braga,41.52734,-8.296888000000001,ER310,7.1,1,0,0,1.0,50,Berma pavimentada,Seco e limpo,Dois sentidos,Bom tempo,Fora da intersecção,Dentro das localidades,Em pleno dia,Em patamar,Recta,Em plena via,Colisão,SÁBADO       ,0,2,14,2010-05-27,14,ligeiro,Sim,Nao,Sim,212.0,1,1,14,716
22538,2011547962,Braga,41.409,-7.994495,EN210,15.32,1,0,0,1.0,50,Sem berma ou impraticável,Seco e limpo,Dois sentidos,Bom tempo,Fora da intersecção,Dentro das localidades,"Noite, com iluminação",Em patamar,Curva,Em plena via,Colisão,QUARTA-FEIRA ,1,2,14,2011-06-10,22,ligeiro,Nao,Nao,Sim,212.0,1,1,14,716
22539,2010446028,Braga,41.385609,-8.517735,A7,20.2,2,0,0,2.0,40,Sem berma ou impraticável,Seco e limpo,Sentido único,Bom tempo,Em entroncamento,Fora das localidades,"Noite, com iluminação",Com inclinação,Curva,Em plena via,Despiste,SÁBADO       ,0,1,14,2010-02-14,20,ligeiro,Nao,Nao,Sim,212.0,1,1,14,716
22540,2010491603,Braga,41.488407,-8.708005,ER205,13.6,2,0,0,1.0,50,Berma pavimentada,Seco e limpo,Dois sentidos,Bom tempo,Fora da intersecção,Fora das localidades,Em pleno dia,Com inclinação,Recta,Em plena via,Colisão,SEXTA-FEIRA  ,0,2,14,2010-09-06,19,ligeiro,Sim,Nao,Sim,212.0,1,1,14,716
22542,2011500215,Braga,41.69573,-8.348183,EN205-3,10.7,2,0,0,1.0,80,Berma não pavimentada,Molhado,Dois sentidos,Chuva,Fora da intersecção,Dentro das localidades,Em pleno dia,Com inclinação,Recta,Em plena via,Colisão,SEGUNDA-FEIRA,0,2,14,2010-10-29,12,ligeiro,Sim,Sim,Nao,212.0,1,1,14,716
22548,2008333236,Braga,41.527963,-8.295976,ER310,7.0,1,0,0,1.0,50,Berma pavimentada,Seco e limpo,Dois sentidos,Bom tempo,Fora da intersecção,Dentro das localidades,Em pleno dia,Em patamar,Recta,Em plena via,Colisão,DOMINGO      ,0,2,14,2008-07-08,19,ligeiro,Sim,Nao,Sim,212.0,1,1,14,716
22556,2007290936,Braga,41.684377000000005,-8.046615,EN103,85.7,1,0,0,1.0,50,Sem berma ou impraticável,Seco e limpo,Dois sentidos,Bom tempo,Em entroncamento,Dentro das localidades,Em pleno dia,Com inclinação,Curva,Em plena via,Despiste,QUINTA-FEIRA ,0,1,14,2007-07-18,13,ligeiro,Sim,Nao,Sim,212.0,1,1,14,716
22565,2009398983,Braga,41.691762,-8.361032000000002,EN205-3,9.35,0,1,0,1.0,50,Berma pavimentada,Seco e limpo,Dois sentidos,Bom tempo,Em entroncamento,Dentro das localidades,Em pleno dia,Em patamar,Recta,Em plena via,Colisão,SEXTA-FEIRA  ,0,2,14,2009-06-02,15,ligeiro,Sim,Nao,Sim,212.0,1,1,14,716
22569,2009402027,Braga,41.385609,-8.517735,A7,20.2,1,0,0,2.0,60,Berma pavimentada,Molhado,Sentido único,Chuva,Em ramo de ligação - saída,Fora das localidades,Em pleno dia,Com inclinação,Curva,Em plena via,Despiste,QUINTA-FEIRA ,0,1,14,2009-07-22,8,ligeiro,Sim,Sim,Nao,212.0,1,1,14,716
22571,2009369206,Braga,41.528008,-8.447552,EN(d)14,44.0,4,0,0,2.0,50,Berma pavimentada,Seco e limpo,Dois sentidos,Chuva,Em entroncamento,Dentro das localidades,Em pleno dia,Em patamar,Recta,Em plena via,Colisão,SÁBADO       ,0,2,14,2009-05-16,8,ligeiro,Sim,Sim,Sim,212.0,1,1,14,716
22577,2008344750,Braga,41.385609,-8.517735,A7,20.2,1,0,0,3.0,60,Berma pavimentada,Seco e limpo,Sentido único,Bom tempo,Fora da intersecção,Fora das localidades,Em pleno dia,Em patamar,Recta,Em plena via,Colisão,TERÇA-FEIRA  ,0,1,14,2008-10-20,16,ligeiro,Sim,Nao,Sim,212.0,1,1,14,716
22593,2012595225,Braga,41.680111,-8.016903,EN103,89.23,0,1,0,1.0,50,Sem berma ou impraticável,"Com gelo, geada ou neve",Dois sentidos,Bom tempo,Fora da intersecção,Fora das localidades,Em pleno dia,Em patamar,Curva,Em plena via,Despiste,SÁBADO       ,0,1,14,2012-01-09,9,ligeiro,Sim,Nao,Nao,212.0,1,1,14,716
22601,2012638506,Braga,41.385609,-8.517735,A7,20.2,1,0,0,1.0,40,Berma pavimentada,Seco e limpo,Sentido único,Bom tempo,Em ramo de ligação - saída,Fora das localidades,Em pleno dia,Com inclinação,Curva,Em plena via,Despiste,SEXTA-FEIRA  ,0,1,14,2012-08-29,14,ligeiro,Sim,Nao,Sim,212.0,1,1,14,716
22613,2009415639,Braga,41.517763,-7.983555,ER311,27.45,1,0,0,1.0,50,Berma pavimentada,Seco e limpo,Dois sentidos,Bom tempo,Em cruzamento,Dentro das localidades,"Noite, com iluminação",Em patamar,Recta,Em plena via,Colisão,SÁBADO       ,0,2,14,2009-08-10,21,ligeiro,Nao,Nao,Sim,212.0,1,1,14,716
22620,2007300571,Braga,41.408151000000004,-7.992481,EN210,15.55,2,0,0,1.0,50,Sem berma ou impraticável,Seco e limpo,Dois sentidos,Bom tempo,Fora da intersecção,Dentro das localidades,Em pleno dia,Em patamar,Curva,Em plena via,Colisão,TERÇA-FEIRA  ,0,2,14,2007-11-13,12,ligeiro,Sim,Nao,Sim,212.0,1,1,14,716
22621,2007300556,Braga,41.610258,-8.296472999999999,ER205,59.7,2,0,0,1.0,50,Berma não pavimentada,Seco e limpo,Dois sentidos,Bom tempo,Fora da intersecção,Dentro das localidades,Em pleno dia,Com inclinação,Recta,NÃO DEFINIDO,Colisão,SEGUNDA-FEIRA,0,2,14,2007-11-12,17,ligeiro,Sim,Nao,Sim,212.0,1,1,14,716
22622,2007291994,Braga,41.59259,-8.286346,EN103,54.45,3,0,0,1.0,50,Berma pavimentada,Molhado,Dois sentidos,Chuva,NÃO DEFINIDO,Dentro das localidades,Em pleno dia,Com inclinação,Curva,Em plena via,Colisão,QUARTA-FEIRA ,1,2,14,2007-08-15,14,ligeiro,Sim,Sim,Nao,212.0,1,1,14,716
22625,2007275661,Braga,41.492798,-8.710888,A11,3.5,2,0,0,2.0,120,Berma pavimentada,Húmido,Sentido único,Chuva,Fora da intersecção,Fora das localidades,Em pleno dia,Em patamar,Curva,Em plena via,Despiste,DOMINGO      ,0,1,14,2007-02-17,10,ligeiro,Sim,Sim,Nao,212.0,1,1,14,716
22634,2008330244,Braga,41.675348,-8.057505,EN103,83.05,1,0,0,1.0,50,Berma não pavimentada,Seco e limpo,Dois sentidos,Bom tempo,Fora da intersecção,Dentro das localidades,"Noite, sem iluminação",Em patamar,Curva,Em plena via,Despiste,SEGUNDA-FEIRA,0,1,14,2008-06-22,0,ligeiro,Nao,Nao,Sim,212.0,1,1,14,716
22641,2008323994,Braga,41.600662,-8.281761,ER205,62.1,1,0,0,1.0,70,Berma não pavimentada,Seco e limpo,Dois sentidos,Bom tempo,Fora da intersecção,Fora das localidades,Em pleno dia,Com inclinação,Curva,Em plena via,Colisão,DOMINGO      ,1,2,14,2008-04-25,20,ligeiro,Sim,Nao,Sim,212.0,1,1,14,716
22648,2008344535,Braga,41.526092999999996,-8.298712,ER310,7.3,1,0,0,1.0,50,Berma pavimentada,Molhado,Dois sentidos,Chuva,Fora da intersecção,Dentro das localidades,Em pleno dia,Com inclinação,Curva,Em plena via,Colisão,QUARTA-FEIRA ,0,2,14,2008-10-21,16,ligeiro,Sim,Sim,Nao,212.0,1,1,14,716
22649,2008323644,Braga,41.385609,-8.517735,A7,20.2,1,0,0,4.0,60,Berma pavimentada,Seco e limpo,Sentido único,Bom tempo,Fora da intersecção,Fora das localidades,Em pleno dia,Em patamar,Recta,Em plena via,Despiste,DOMINGO      ,1,1,14,2008-04-25,15,ligeiro,Sim,Nao,Sim,212.0,1,1,14,716
22661,2010496308,Braga,41.526716,-8.2978,ER310,7.2,1,0,0,1.0,50,Berma não pavimentada,Seco e limpo,Dois sentidos,Bom tempo,Em entroncamento,Dentro das localidades,Em pleno dia,Em patamar,Recta,Em plena via,Colisão,SEGUNDA-FEIRA,0,2,14,2010-10-12,14,ligeiro,Sim,Nao,Sim,212.0,1,1,14,716
22663,2011500189,Braga,41.455412,-8.193355,EN206,48.65,1,0,0,2.0,70,Berma pavimentada,Molhado,Sentido único,Chuva,Fora da intersecção,Fora das localidades,"Noite, sem iluminação",Com inclinação,Curva,Em plena via,Despiste,TERÇA-FEIRA  ,0,1,14,2010-10-30,3,ligeiro,Nao,Sim,Nao,212.0,1,1,14,716
22666,2010424031,Braga,41.455283,-8.194054,EN206,48.6,1,0,0,1.0,70,Berma pavimentada,Molhado,Sentido único,Chuva,Fora da intersecção,Dentro das localidades,Em pleno dia,Com inclinação,Curva,Na berma,Despiste,TERÇA-FEIRA  ,0,1,14,2009-10-25,14,ligeiro,Sim,Sim,Nao,212.0,1,1,14,716
22674,2011524013,Braga,41.385609,-8.517735,A7,20.2,1,0,0,2.0,60,Berma pavimentada,Molhado,Sentido único,Chuva,Fora da intersecção,Fora das localidades,"Noite, sem iluminação",Em patamar,Curva,Na berma,Despiste,SEXTA-FEIRA  ,0,1,14,2011-02-18,23,ligeiro,Nao,Sim,Nao,212.0,1,1,14,716
22691,2010457453,Braga,41.498894,-7.98878,EN205,104.49,2,0,0,1.0,50,Berma pavimentada,Seco e limpo,Dois sentidos,Bom tempo,Fora da intersecção,Dentro das localidades,Em pleno dia,Com inclinação,Curva,Em plena via,Colisão,SÁBADO       ,0,1,14,2010-04-28,17,ligeiro,Sim,Nao,Sim,212.0,1,1,14,716
22706,2012612562,Braga,41.385628000000004,-8.517517999999999,A7,20.21,1,0,0,1.0,60,Berma pavimentada,Seco e limpo,Sentido único,Bom tempo,Em ramo de ligação - saída,Fora das localidades,"Noite, com iluminação",Com inclinação,Curva,Em plena via,Despiste,TERÇA-FEIRA  ,0,1,14,2012-04-18,3,ligeiro,Nao,Nao,Sim,212.0,1,1,14,716
22712,2010433778,Braga,41.526092999999996,-8.298712,ER310,7.3,1,0,0,1.0,50,Berma pavimentada,Molhado,Dois sentidos,Chuva,Em cruzamento,Dentro das localidades,"Noite, com iluminação",Em patamar,Recta,Em plena via,Colisão,QUINTA-FEIRA ,0,3,14,2009-12-06,23,ligeiro,Nao,Sim,Nao,212.0,1,1,14,716
22734,2008344563,Braga,41.69573,-8.348183,EN205-3,10.7,1,0,0,1.0,50,Berma não pavimentada,Molhado,Dois sentidos,Chuva,Fora da intersecção,Dentro das localidades,"Noite, com iluminação",Em patamar,Recta,Em plena via,Despiste,QUARTA-FEIRA ,0,1,14,2008-10-27,22,ligeiro,Nao,Sim,Nao,212.0,1,1,14,716
22735,2010468580,Braga,41.675082,-8.057871,EN103,83.0,1,0,0,1.0,40,Sem berma ou impraticável,Molhado,Dois sentidos,Chuva,Fora da intersecção,Dentro das localidades,Em pleno dia,Em patamar,Curva,Em plena via,Colisão,SEGUNDA-FEIRA,0,2,14,2010-06-09,7,ligeiro,Sim,Sim,Nao,212.0,1,1,14,716
22736,2010447116,Braga,41.382031,-8.525781,A7,19.4,0,1,0,2.0,120,Berma pavimentada,Seco e limpo,Sentido único,Bom tempo,Fora da intersecção,Fora das localidades,Em pleno dia,Com inclinação,Curva,Em plena via,Despiste,TERÇA-FEIRA  ,0,1,14,2010-02-11,8,ligeiro,Sim,Nao,Sim,212.0,1,1,14,716
22742,2011561973,Braga,41.600814,-8.281623,ER205,62.08,1,0,0,1.0,50,Sem berma ou impraticável,Seco e limpo,Dois sentidos,Bom tempo,Fora da intersecção,Dentro das localidades,"Noite, sem iluminação",Em patamar,Curva,Na berma,Despiste,QUARTA-FEIRA ,0,1,14,2011-08-17,6,ligeiro,Nao,Nao,Sim,212.0,1,1,14,716
22745,2009400520,Braga,41.385609,-8.517735,A7,20.2,1,0,0,2.0,120,Berma pavimentada,Molhado,Sentido único,Chuva,Em ramo de ligação - entrada,Fora das localidades,Em pleno dia,Em patamar,Recta,Na berma,Despiste,QUINTA-FEIRA ,0,1,14,2009-07-05,10,ligeiro,Sim,Sim,Nao,212.0,1,1,14,716
22778,2007280327,Braga,41.526251,-8.448103999999999,EN(d)14,43.8,1,0,0,2.0,50,Berma pavimentada,Seco e limpo,Dois sentidos,Bom tempo,Fora da intersecção,Dentro das localidades,Em pleno dia,Com inclinação,Recta,Em plena via,Colisão,QUINTA-FEIRA ,0,3,14,2007-04-18,10,ligeiro,Sim,Nao,Sim,212.0,1,1,14,716
22795,2010432530,Braga,41.539556,-8.442553,EN14,38.2,1,0,0,1.0,90,Berma não pavimentada,Com água acumulada na faixa de rodagem,Dois sentidos,Bom tempo,Fora da intersecção,Fora das localidades,"Noite, sem iluminação",Com inclinação,Recta,Em plena via,Despiste,QUINTA-FEIRA ,0,1,14,2009-12-23,3,ligeiro,Nao,Nao,Nao,212.0,1,1,14,716
22801,2008308761,Braga,41.677521999999996,-8.049033999999999,EN103,84.6,1,0,0,1.0,50,Berma pavimentada,Seco e limpo,Dois sentidos,Chuva,NÃO DEFINIDO,Dentro das localidades,"Noite, sem iluminação",Em patamar,Recta,Em plena via,Colisão,SEXTA-FEIRA  ,0,1,14,2008-01-06,18,ligeiro,Nao,Sim,Sim,212.0,1,1,14,716
22809,2009359323,Braga,41.492165,-8.715316,A11,3.23,3,0,0,2.0,120,Berma pavimentada,Seco e limpo,Sentido único,Bom tempo,Fora da intersecção,Fora das localidades,Em pleno dia,Em patamar,Recta,Em plena via,Colisão,SEXTA-FEIRA  ,0,2,14,2009-02-14,14,ligeiro,Sim,Nao,Sim,212.0,1,1,14,716
22810,2008307913,Braga,41.525362,-8.448303,EN(d)14,43.7,1,0,0,1.0,50,NÃO DEFINIDO,Seco e limpo,Dois sentidos,Bom tempo,Em rotunda,Dentro das localidades,"Noite, com iluminação",Em patamar,Curva,Em plena via,Despiste,SEGUNDA-FEIRA,0,1,14,2008-01-25,23,ligeiro,Nao,Nao,Sim,212.0,1,1,14,716
22814,2007272880,Braga,41.495292,-8.724084,A11,2.5,2,0,0,2.0,120,Berma pavimentada,Seco e limpo,Sentido único,Bom tempo,Fora da intersecção,Fora das localidades,Em pleno dia,Em patamar,Recta,Em plena via,Despiste,SEGUNDA-FEIRA,0,1,14,2007-01-26,16,ligeiro,Sim,Nao,Sim,212.0,1,1,14,716
22824,2011523785,Braga,41.524844,-8.300533,ER310,7.5,3,0,0,1.0,50,Berma pavimentada,Molhado,Dois sentidos,Bom tempo,Fora da intersecção,Dentro das localidades,Em pleno dia,Em patamar,Recta,Em plena via,Colisão,SEGUNDA-FEIRA,0,3,14,2011-02-15,15,ligeiro,Sim,Nao,Nao,212.0,1,1,14,716
22827,2012628165,Braga,41.596452,-8.283052,ER205,62.61,2,0,0,1.0,50,Berma não pavimentada,Molhado,Dois sentidos,Chuva,Fora da intersecção,Dentro das localidades,"Noite, com iluminação",Em patamar,Curva,Em plena via,Colisão,SEXTA-FEIRA  ,0,2,14,2012-06-05,20,ligeiro,Nao,Sim,Nao,212.0,1,1,14,716
22830,2011547957,Braga,41.522634000000004,-8.307071,ER310,8.13,2,0,0,1.0,50,Sem berma ou impraticável,Seco e limpo,Dois sentidos,Bom tempo,Fora da intersecção,Dentro das localidades,Em pleno dia,Com inclinação,Curva,Em plena via,Colisão,QUARTA-FEIRA ,0,2,14,2011-06-04,17,ligeiro,Sim,Nao,Sim,212.0,1,1,14,716
22833,2010486659,Braga,41.385609,-8.517735,A7,20.2,3,0,0,2.0,80,Berma pavimentada,Seco e limpo,Sentido único,Bom tempo,Em ramo de ligação - saída,Fora das localidades,Em pleno dia,Em patamar,Curva,Em plena via,Despiste,SÁBADO       ,1,1,14,2010-08-15,19,ligeiro,Sim,Nao,Sim,212.0,1,1,14,716
22835,2012597617,Braga,41.694124,-8.359122,EN205-3,9.7,1,0,0,1.0,50,Berma não pavimentada,Seco e limpo,Dois sentidos,Bom tempo,Em via de desaceleração,Fora das localidades,"Noite, sem iluminação",Em patamar,Recta,Em plena via,Colisão,SÁBADO       ,0,1,14,2012-01-09,0,ligeiro,Nao,Nao,Sim,212.0,1,1,14,716
22846,2011562100,Braga,41.53573,-8.446021,EN14,38.0,1,0,0,1.0,50,Berma pavimentada,Seco e limpo,Dois sentidos,Bom tempo,Fora da intersecção,Dentro das localidades,Em pleno dia,Em patamar,Recta,Em plena via,Colisão,QUINTA-FEIRA ,0,2,14,2011-08-18,13,ligeiro,Sim,Nao,Sim,212.0,1,1,14,716
22852,2010429480,Braga,41.452585,-8.201272,EN206,48.0,1,0,0,2.0,50,Berma pavimentada,Seco e limpo,Dois sentidos,Bom tempo,Em entroncamento,Dentro das localidades,Em pleno dia,Em patamar,Curva,Em plena via,Colisão,QUARTA-FEIRA ,0,2,14,2009-11-18,9,ligeiro,Sim,Nao,Sim,212.0,1,1,14,716
22854,2007292034,Braga,41.455283,-8.194054,EN206,48.6,2,0,0,1.0,50,Berma não pavimentada,Seco e limpo,Dois sentidos,Bom tempo,Em entroncamento,Dentro das localidades,Em pleno dia,Em patamar,Recta,Em plena via,Colisão,DOMINGO      ,0,2,14,2007-08-12,10,ligeiro,Sim,Nao,Sim,212.0,1,1,14,716
22871,2012630947,Braga,41.592632,-8.285992,EN103,54.48,1,0,0,1.0,50,Berma pavimentada,Seco e limpo,Dois sentidos,Bom tempo,Fora da intersecção,Dentro das localidades,Em pleno dia,Em patamar,Recta,Em plena via,Colisão,DOMINGO      ,0,2,14,2012-07-22,10,ligeiro,Sim,Nao,Sim,212.0,1,1,14,716
22881,2008338346,Braga,41.534893,-8.448248,EN103,37.8,1,0,0,1.0,50,Sem berma ou impraticável,Seco e limpo,Dois sentidos,Bom tempo,Fora da intersecção,Fora das localidades,Em pleno dia,Com inclinação,Curva,Em plena via,Colisão,QUARTA-FEIRA ,0,2,14,2008-08-03,15,ligeiro,Sim,Nao,Sim,212.0,1,1,14,716
22891,2012626690,Braga,41.676184,-8.055809,EN103,83.25,1,0,0,1.0,50,Sem berma ou impraticável,Seco e limpo,Dois sentidos,Bom tempo,Fora da intersecção,Dentro das localidades,Em pleno dia,Em patamar,Curva,Na berma,Despiste,QUARTA-FEIRA ,0,1,14,2012-06-26,12,ligeiro,Sim,Nao,Sim,212.0,1,1,14,716
22924,2009366775,Braga,41.455283,-8.194054,EN206,48.6,3,0,0,2.0,70,Berma pavimentada,Molhado,Dois sentidos,Chuva,Fora da intersecção,Fora das localidades,"Noite, sem iluminação",Com inclinação,Curva,Na berma,Despiste,QUARTA-FEIRA ,0,1,14,2009-03-01,20,ligeiro,Nao,Sim,Nao,212.0,1,1,14,716
22928,2009358134,Braga,41.492183000000004,-8.713716,A11,3.33,1,0,0,2.0,120,Berma pavimentada,Molhado,Sentido único,Granizo,Fora da intersecção,Fora das localidades,Em pleno dia,Em patamar,Recta,Na berma,Despiste,TERÇA-FEIRA  ,0,1,14,2009-01-20,11,ligeiro,Sim,Sim,Nao,212.0,1,1,14,716
22930,2011517128,Braga,41.535104,-8.449448,EN103,37.7,1,0,0,1.0,50,Berma pavimentada,Seco e limpo,Dois sentidos,Bom tempo,Em entroncamento,Dentro das localidades,Em pleno dia,Em patamar,Recta,Em plena via,Colisão,DOMINGO      ,0,2,14,2011-01-22,12,ligeiro,Sim,Nao,Sim,212.0,1,1,14,716
22931,2007275660,Braga,41.534853999999996,-8.442166,EN(d)103,38.4,1,0,0,1.0,50,Berma pavimentada,Seco e limpo,Dois sentidos,Bom tempo,Fora da intersecção,Dentro das localidades,Em pleno dia,Em patamar,Recta,Em plena via,Atropelamento,SEXTA-FEIRA  ,0,1,14,2007-02-16,10,ligeiro,Sim,Nao,Sim,212.0,1,1,14,716
22934,2007282899,Braga,41.38564,-8.517388,A7,20.23,1,0,0,2.0,60,Berma pavimentada,Seco e limpo,Sentido único,Bom tempo,Fora da intersecção,Fora das localidades,Em pleno dia,Em patamar,Curva,Em plena via,Despiste,SEXTA-FEIRA  ,0,1,14,2007-05-28,18,ligeiro,Sim,Nao,Sim,212.0,1,1,14,716
22940,2011574238,Braga,41.608338,-8.292625,ER205,60.1,1,0,0,1.0,50,Sem berma ou impraticável,Molhado,Dois sentidos,Chuva,Fora da intersecção,Dentro das localidades,Em pleno dia,Com inclinação,Curva,Em plena via,Despiste,QUARTA-FEIRA ,0,1,14,2011-10-24,11,ligeiro,Sim,Sim,Nao,212.0,1,1,14,716
22945,2009409908,Braga,41.486084000000005,-8.714288,ER205,13.0,1,0,0,1.0,50,Berma pavimentada,Seco e limpo,Dois sentidos,Bom tempo,Em entroncamento,Dentro das localidades,Em pleno dia,Em patamar,Recta,Em plena via,Colisão,DOMINGO      ,0,3,14,2009-08-11,16,ligeiro,Sim,Nao,Sim,212.0,1,1,14,716
22961,2013669695,Braga,41.523263,-8.304085,ER310,7.85,3,0,0,1.0,50,Berma não pavimentada,Molhado,Dois sentidos,Chuva,Em entroncamento,Dentro das localidades,"Noite, com iluminação",Em patamar,Recta,Em plena via,Despiste,QUARTA-FEIRA ,1,1,14,2012-12-25,5,ligeiro,Nao,Sim,Nao,212.0,1,1,14,716
22984,2013664897,Braga,41.526716,-8.2978,ER310,7.2,1,0,0,1.0,50,Berma pavimentada,Molhado,Dois sentidos,Chuva,Fora da intersecção,Dentro das localidades,"Noite, com iluminação",Em patamar,Recta,Em plena via,Colisão,TERÇA-FEIRA  ,0,3,14,2012-11-20,18,ligeiro,Nao,Sim,Nao,212.0,1,1,14,716
22985,2013671583,Braga,41.452507000000004,-8.198478,EN206,48.2,1,0,0,2.0,70,Sem berma ou impraticável,Molhado,Sentido único,Chuva,Fora da intersecção,Dentro das localidades,"Noite, sem iluminação",Com inclinação,Curva,Na berma,Despiste,QUINTA-FEIRA ,0,1,14,2012-12-15,4,ligeiro,Nao,Sim,Nao,212.0,1,1,14,716
22995,2010424041,Braga,41.453328000000006,-8.197135000000001,EN206,48.32,1,0,0,2.0,70,Berma pavimentada,Molhado,Sentido único,Chuva,Fora da intersecção,Dentro das localidades,Em pleno dia,Em patamar,Recta,Em plena via,Colisão,SEGUNDA-FEIRA,0,2,14,2009-10-24,17,ligeiro,Sim,Sim,Nao,212.0,1,1,14,716
22996,2012638725,Braga,41.592442,-8.286908,EN103,54.4,3,0,0,1.0,50,Berma pavimentada,Molhado,Dois sentidos,Chuva,Fora da intersecção,Dentro das localidades,Em pleno dia,Com inclinação,Curva,Em plena via,Colisão,SÁBADO       ,0,2,14,2012-08-24,13,ligeiro,Sim,Sim,Nao,212.0,1,1,14,716
22998,2010433028,Braga,41.53692,-8.450002,EN103,37.5,1,0,0,1.0,50,Berma pavimentada,Húmido,Dois sentidos,Chuva,Em entroncamento,Dentro das localidades,Em pleno dia,Em patamar,Curva,Em plena via,Colisão,QUINTA-FEIRA ,0,2,14,2009-12-28,11,ligeiro,Sim,Sim,Nao,212.0,1,1,14,716
22999,2012589913,Braga,41.454668,-8.195235,EN206,48.5,1,0,0,2.0,50,Berma pavimentada,Molhado,Dois sentidos,Chuva,Fora da intersecção,Fora das localidades,"Noite, sem iluminação",Com inclinação,Recta,Na berma,Despiste,QUINTA-FEIRA ,0,1,14,2011-12-04,22,ligeiro,Nao,Sim,Nao,212.0,1,1,14,716
23000,2011523753,Braga,41.601093,-8.281628999999999,ER205,62.05,1,0,0,1.0,50,Sem berma ou impraticável,Seco e limpo,Dois sentidos,Bom tempo,Fora da intersecção,Dentro das localidades,"Noite, com iluminação",Com inclinação,Curva,Na berma,Despiste,SEGUNDA-FEIRA,0,1,14,2011-02-04,23,ligeiro,Nao,Nao,Sim,212.0,1,1,14,716
23004,2011542156,Braga,41.684714,-8.042602,EN103,86.1,1,0,0,1.0,90,Sem berma ou impraticável,Seco e limpo,Dois sentidos,Bom tempo,Fora da intersecção,Fora das localidades,Em pleno dia,Com inclinação,Curva,Em plena via,Despiste,SEXTA-FEIRA  ,0,1,14,2011-05-25,16,ligeiro,Sim,Nao,Sim,212.0,1,1,14,716
23009,2009389638,Braga,41.522794,-8.306881,ER310,8.1,1,0,0,1.0,50,Sem berma ou impraticável,Húmido,Dois sentidos,Chuva,Fora da intersecção,Dentro das localidades,Em pleno dia,Em patamar,Curva,Em plena via,Colisão,SÁBADO       ,0,2,14,2009-06-25,8,ligeiro,Sim,Sim,Nao,212.0,1,1,14,716
23010,2012589917,Braga,41.455416,-8.192632000000001,EN206,48.7,2,0,0,1.0,50,Sem berma ou impraticável,Molhado,Dois sentidos,Chuva,Fora da intersecção,Dentro das localidades,Em pleno dia,Com inclinação,Recta,Em plena via,Colisão,QUINTA-FEIRA ,0,3,14,2011-12-10,16,ligeiro,Sim,Sim,Nao,212.0,1,1,14,716
23035,2007282010,Braga,41.619233,-8.312836,ER205,57.7,1,0,0,1.0,90,Sem berma ou impraticável,Seco e limpo,Dois sentidos,Bom tempo,Em entroncamento,Fora das localidades,Em pleno dia,Em patamar,Curva,Em plena via,Colisão,TERÇA-FEIRA  ,0,2,17,2007-05-15,20,ligeiro,Sim,Nao,Sim,210.2,1,1,17,1169
23044,2007277787,Braga,41.565643,-8.450432000000001,EN(d)201,62.8,1,0,0,1.0,50,Berma pavimentada,Seco e limpo,Sentido único,Bom tempo,Em entroncamento,Dentro das localidades,Em pleno dia,Em patamar,Recta,Em plena via,Colisão,QUINTA-FEIRA ,0,2,17,2007-03-26,16,ligeiro,Sim,Nao,Sim,210.2,1,1,17,1169
23054,2007285321,Braga,41.44233,-8.085774,EN206,63.25,1,0,0,2.0,80,Berma não pavimentada,Seco e limpo,Dois sentidos,Bom tempo,Fora da intersecção,Fora das localidades,Em pleno dia,Em patamar,Recta,Em plena via,Colisão,QUINTA-FEIRA ,0,2,17,2007-06-08,17,ligeiro,Sim,Nao,Sim,210.2,1,1,17,1169
23068,2007300153,Braga,41.656969000000004,-8.431889,EN101,77.83,1,0,0,1.0,50,Sem berma ou impraticável,Seco e limpo,Dois sentidos,Bom tempo,Em entroncamento,Dentro das localidades,"Noite, com iluminação",Em patamar,Recta,Em plena via,Colisão,QUINTA-FEIRA ,0,2,17,2007-10-17,21,ligeiro,Nao,Nao,Sim,210.2,1,1,17,1169
23109,2008336715,Braga,41.659842,-8.430859,EN101,77.5,0,0,1,1.0,50,Sem berma ou impraticável,Seco e limpo,Dois sentidos,Bom tempo,Fora da intersecção,Dentro das localidades,Em pleno dia,Com inclinação,Curva,Em plena via,Despiste,SEXTA-FEIRA  ,0,1,17,2008-08-21,16,ligeiro,Sim,Nao,Sim,210.2,1,1,17,1169