,COD_ACIDENTE,DISTRITO,LATITUDE,LONGITUDE,VIA,KM,QT_FLIGEIROS,QT_FGRAVES,QT_MORTOS,QT_VIAS_SENTIDO,VEL_LIM_LOCAL,BERMA_VIA,CONDICAO_ADERENCIA,FAIXA_RODAGEM,FATOR_ATMOSFERICO,INTERSECAO_VIA,LOCALIZACAO,LUMINOSIDADE,PERFIL_VIA,PLANTA_VIA,SITUACAO_ACIDENTE,TIPO_NATUREZA,DIA_SEMANA,FLAG_FERIADO,QT_VEICULOS,COD_FREGUESIA,DATA,HORA,GRAVIDADE,ERA_DIA,MAU_TEMPO,ESTRADA_SECA,DENSIDADE_TOTAL,COD_DISTRITO_INE,COD_CONCELHO_INE,COD_FREGUESIA_INE,TOTAL
23116,2008340877,Braga,41.419948,-8.604505,ER206,14.6,2,0,0,1.0,50,Sem berma ou impraticável,Seco e limpo,Dois sentidos,Bom tempo,Em entroncamento,Dentro das localidades,Em pleno dia,Em patamar,Recta,Em plena via,Colisão,QUINTA-FEIRA ,0,2,17,2008-09-18,18,ligeiro,Sim,Nao,Sim,210.2,1,1,17,1169
23143,2008341775,Braga,41.668759,-8.425500999999999,EN101,76.4,1,0,0,1.0,50,Berma pavimentada,Seco e limpo,Dois sentidos,Bom tempo,Fora da intersecção,Dentro das localidades,Em pleno dia,Em patamar,Recta,Na berma,Despiste,SEGUNDA-FEIRA,0,1,17,2008-09-04,9,ligeiro,Sim,Nao,Sim,210.2,1,1,17,1169
23150,2008344799,Braga,41.565643,-8.450432000000001,EN(d)201,62.8,2,0,0,1.0,50,Berma pavimentada,Seco e limpo,Dois sentidos,Bom tempo,Em entroncamento,Dentro das localidades,Em pleno dia,Em patamar,Recta,Em plena via,Colisão,DOMINGO      ,0,3,17,2008-10-24,10,ligeiro,Sim,Nao,Sim,210.2,1,1,17,1169
23151,2008344801,Braga,41.565560999999995,-8.450411,EN(d)201,62.81,1,0,0,1.0,50,Sem berma ou impraticável,Molhado,Dois sentidos,Chuva,Em entroncamento,Dentro das localidades,Em pleno dia,Com inclinação,Recta,Em plena via,Colisão,QUARTA-FEIRA ,0,2,17,2008-10-27,14,ligeiro,Sim,Sim,Nao,210.2,1,1,17,1169
23152,2009349509,Braga,41.565643,-8.450432000000001,EN(d)201,62.8,2,0,0,1.0,50,Berma pavimentada,Seco e limpo,Dois sentidos,Bom tempo,Fora da intersecção,Dentro das localidades,"Noite, com iluminação",Em patamar,Recta,Em plena via,Colisão,SÁBADO       ,0,2,17,2008-11-27,19,ligeiro,Nao,Nao,Sim,210.2,1,1,17,1169
23162,2009367563,Braga,41.419948,-8.604505,ER206,14.6,1,0,0,1.0,50,Sem berma ou impraticável,Seco e limpo,Dois sentidos,Bom tempo,Em entroncamento,Dentro das localidades,Em pleno dia,Com inclinação,Recta,Em plena via,Colisão,QUINTA-FEIRA ,0,2,17,2009-03-02,15,ligeiro,Sim,Nao,Sim,210.2,1,1,17,1169
23169,2009400509,Braga,41.423017,-8.613157000000001,ER206,13.8,1,0,0,2.0,50,Sem berma ou impraticável,Seco e limpo,Dois sentidos,Bom tempo,Fora da intersecção,Dentro das localidades,Em pleno dia,Com inclinação,Curva,Em plena via,Colisão,QUARTA-FEIRA ,0,2,17,2009-07-21,9,ligeiro,Sim,Nao,Sim,210.2,1,1,17,1169
23183,2009383546,Braga,41.65638,-8.427598,EN308,36.1,1,0,0,1.0,80,Berma pavimentada,Seco e limpo,Dois sentidos,Bom tempo,Fora da intersecção,Fora das localidades,Em pleno dia,Com inclinação,Recta,Na berma,Despiste,SÁBADO       ,0,1,17,2009-05-11,18,ligeiro,Sim,Nao,Sim,210.2,1,1,17,1169
23193,2009408771,Braga,41.656876000000004,-8.428557000000001,EN308,36.0,0,2,0,1.0,50,Sem berma ou impraticável,Seco e limpo,Dois sentidos,Bom tempo,Fora da intersecção,Dentro das localidades,Em pleno dia,Com inclinação,Curva,Em plena via,Colisão,QUARTA-FEIRA ,0,2,17,2009-08-02,19,ligeiro,Sim,Nao,Sim,210.2,1,1,17,1169
23213,2010424114,Braga,41.419203,-8.601681,ER206,14.85,3,0,0,1.0,50,Berma pavimentada,Húmido,Dois sentidos,Chuva,Fora da intersecção,Dentro das localidades,Em pleno dia,Em patamar,Recta,Em plena via,Colisão,QUARTA-FEIRA ,0,3,17,2009-10-09,7,ligeiro,Sim,Sim,Nao,210.2,1,1,17,1169
23215,2010428064,Braga,41.418712,-8.595913000000001,ER206,15.35,1,0,0,2.0,50,Berma pavimentada,Molhado,Dois sentidos,Chuva,Fora da intersecção,Dentro das localidades,Em pleno dia,Em patamar,Curva,Em plena via,Colisão,SEXTA-FEIRA  ,0,3,17,2009-11-03,9,ligeiro,Sim,Sim,Nao,210.2,1,1,17,1169
23216,2010428082,Braga,41.662732,-8.429017,EN101,77.15,1,0,0,1.0,50,Berma pavimentada,Molhado,Dois sentidos,Chuva,Fora da intersecção,Dentro das localidades,"Noite, sem iluminação",Com inclinação,Recta,Na berma,Atropelamento,SEXTA-FEIRA  ,0,1,17,2009-11-03,18,ligeiro,Nao,Sim,Nao,210.2,1,1,17,1169
23233,2010456241,Braga,41.560323,-8.45551,EN(d)205-4,12.68,1,0,0,2.0,50,Berma pavimentada,Seco e limpo,Dois sentidos,Bom tempo,Em entroncamento,Dentro das localidades,Em pleno dia,Em patamar,Curva,Em plena via,Colisão,QUINTA-FEIRA ,1,2,17,2010-04-04,11,ligeiro,Sim,Nao,Sim,210.2,1,1,17,1169
23261,2010486575,Braga,41.617824,-8.309803,ER205,58.0,1,0,0,1.0,50,Berma não pavimentada,Seco e limpo,Dois sentidos,Bom tempo,Fora da intersecção,Dentro das localidades,Em pleno dia,Em patamar,Curva,Em plena via,Despiste,QUARTA-FEIRA ,0,1,17,2010-08-29,13,ligeiro,Sim,Nao,Sim,210.2,1,1,17,1169
23281,2010496269,Braga,41.422643,-8.612069,ER206,13.9,1,0,0,1.0,50,Sem berma ou impraticável,Molhado,Dois sentidos,Chuva,Fora da intersecção,Dentro das localidades,Em pleno dia,Em patamar,Recta,Em plena via,Colisão,QUARTA-FEIRA ,0,2,17,2010-10-08,13,ligeiro,Sim,Sim,Nao,210.2,1,1,17,1169
23291,2011517173,Braga,41.615427000000004,-8.301492999999999,ER205,58.8,3,0,0,1.0,50,Berma não pavimentada,Seco e limpo,Dois sentidos,Bom tempo,Fora da intersecção,Dentro das localidades,"Noite, sem iluminação",Em patamar,Recta,Na berma,Despiste,SEGUNDA-FEIRA,0,1,17,2011-01-23,18,ligeiro,Nao,Nao,Sim,210.2,1,1,17,1169
23300,2011517142,Braga,41.422467,-8.615947,ER206,13.55,2,0,0,1.0,50,Berma pavimentada,Seco e limpo,Dois sentidos,Bom tempo,Em entroncamento,Dentro das localidades,Em pleno dia,Com inclinação,Recta,Em plena via,Colisão,SÁBADO       ,0,2,17,2011-01-21,17,ligeiro,Sim,Nao,Sim,210.2,1,1,17,1169
23326,2011555965,Braga,41.420215,-8.591056,ER206,15.8,2,0,0,1.0,50,Berma pavimentada,Seco e limpo,Dois sentidos,Bom tempo,Fora da intersecção,Dentro das localidades,Em pleno dia,Em patamar,Recta,Em plena via,Colisão,QUARTA-FEIRA ,0,2,17,2011-07-25,8,ligeiro,Sim,Nao,Sim,210.2,1,1,17,1169
23344,2011563834,Braga,41.565643,-8.450432000000001,EN(d)201,62.8,1,0,0,1.0,50,Sem berma ou impraticável,Seco e limpo,Dois sentidos,Bom tempo,Fora da intersecção,Dentro das localidades,Em pleno dia,Com inclinação,Recta,Em plena via,Colisão,SEGUNDA-FEIRA,0,2,17,2011-08-04,9,ligeiro,Sim,Nao,Sim,210.2,1,1,17,1169
23354,2011574158,Braga,41.670904,-8.425238,EN101,76.16,1,0,0,1.0,50,Sem berma ou impraticável,Seco e limpo,Dois sentidos,Bom tempo,Fora da intersecção,Dentro das localidades,Em pleno dia,Em patamar,Recta,Em plena via,Colisão,SÁBADO       ,0,2,17,2011-10-21,13,ligeiro,Sim,Nao,Sim,210.2,1,1,17,1169
23360,2011573818,Braga,41.663331,-8.428678,EN101,77.08,1,0,0,1.0,50,Berma não pavimentada,Seco e limpo,Dois sentidos,Bom tempo,Fora da intersecção,Dentro das localidades,Em pleno dia,Com inclinação,Recta,Em plena via,Colisão,SEXTA-FEIRA  ,0,3,17,2011-10-15,11,ligeiro,Sim,Nao,Sim,210.2,1,1,17,1169
23365,2012589950,Braga,41.421019,-8.607795,ER206,14.3,1,0,0,1.0,50,Berma pavimentada,Molhado,Dois sentidos,Chuva,Fora da intersecção,Dentro das localidades,Em pleno dia,Com inclinação,Recta,Na berma,Despiste,SEGUNDA-FEIRA,0,1,17,2011-12-13,9,ligeiro,Sim,Sim,Nao,210.2,1,1,17,1169
23372,2012579553,Braga,41.66398,-8.428225999999999,EN101,77.0,4,0,0,1.0,50,Berma não pavimentada,Seco e limpo,Sentido único,Bom tempo,Fora da intersecção,Dentro das localidades,"Noite, com iluminação",Com inclinação,Recta,Em plena via,Colisão,QUINTA-FEIRA ,0,2,17,2011-11-06,18,ligeiro,Nao,Nao,Sim,210.2,1,1,17,1169
23384,2012606437,Braga,41.617824,-8.309803,ER205,58.0,1,0,1,2.0,50,Berma não pavimentada,Seco e limpo,Dois sentidos,Bom tempo,Fora da intersecção,Dentro das localidades,Em pleno dia,Em patamar,Curva,Em plena via,Colisão,SÁBADO       ,0,2,17,2012-03-01,8,ligeiro,Sim,Nao,Sim,210.2,1,1,17,1169
23387,2012626680,Braga,41.617824,-8.309803,ER205,58.0,1,0,0,1.0,50,Sem berma ou impraticável,Molhado,Dois sentidos,Chuva,Fora da intersecção,Dentro das localidades,Em pleno dia,Em patamar,Curva,Em plena via,Despiste,QUARTA-FEIRA ,0,1,17,2012-06-20,18,ligeiro,Sim,Sim,Nao,210.2,1,1,17,1169
23388,2012626706,Braga,41.657753,-8.425825,EN308,36.6,6,0,0,1.0,50,Berma não pavimentada,Molhado,Dois sentidos,Chuva,Fora da intersecção,Dentro das localidades,Em pleno dia,Em patamar,Curva,Em plena via,Colisão,SÁBADO       ,0,2,17,2012-06-17,16,ligeiro,Sim,Sim,Nao,210.2,1,1,17,1169
23397,2012628481,Braga,41.419672,-8.586466,ER206,16.2,1,0,0,1.0,50,Berma pavimentada,Molhado,Dois sentidos,Chuva,Fora da intersecção,Dentro das localidades,"Noite, com iluminação",Com inclinação,Recta,Na berma,Despiste,QUINTA-FEIRA ,1,1,17,2012-06-10,1,ligeiro,Nao,Sim,Nao,210.2,1,1,17,1169
23408,2013656255,Braga,41.659842,-8.430859,EN101,77.5,1,0,0,2.0,50,Berma pavimentada,Seco e limpo,Dois sentidos,Bom tempo,Fora da intersecção,Dentro das localidades,"Noite, com iluminação",Em patamar,Recta,Em plena via,Despiste,QUINTA-FEIRA ,0,1,17,2012-10-30,21,ligeiro,Nao,Nao,Sim,210.2,1,1,17,1169
23410,2012636929,Braga,41.656553,-8.425736,EN308,36.45,1,0,0,1.0,50,Sem berma ou impraticável,Seco e limpo,Dois sentidos,Bom tempo,Fora da intersecção,Dentro das localidades,Em pleno dia,Com inclinação,Recta,Em plena via,Colisão,QUINTA-FEIRA ,0,2,17,2012-08-06,15,ligeiro,Sim,Nao,Sim,210.2,1,1,17,1169
23421,2013671595,Braga,41.419948,-8.604505,ER206,14.6,2,0,0,1.0,50,Berma pavimentada,Húmido,Dois sentidos,Bom tempo,Fora da intersecção,Dentro das localidades,Em pleno dia,Em patamar,Recta,Em plena via,Colisão,SEXTA-FEIRA  ,0,2,17,2012-12-04,7,ligeiro,Sim,Nao,Nao,210.2,1,1,17,1169
23440,2008338265,Braga,41.419185,-8.594248,ER206,15.5,1,0,0,1.0,50,Berma pavimentada,Seco e limpo,Dois sentidos,Bom tempo,Fora da intersecção,Dentro das localidades,Aurora ou crepúsculo,Com inclinação,Recta,Em plena via,Despiste,SEXTA-FEIRA  ,0,1,17,2008-08-04,7,ligeiro,Nao,Nao,Sim,210.2,1,1,17,1169
23445,2012619955,Braga,41.420066,-8.604983,ER206,14.56,2,0,0,1.0,50,Berma pavimentada,Molhado,Dois sentidos,Chuva,Fora da intersecção,Dentro das localidades,Em pleno dia,Em patamar,Recta,Em plena via,Colisão,SEXTA-FEIRA  ,0,3,17,2012-05-02,16,ligeiro,Sim,Sim,Nao,210.2,1,1,17,1169
23447,2010462683,Braga,41.660114,-8.430785,EN101,77.47,0,2,0,1.0,50,Berma não pavimentada,Seco e limpo,Dois sentidos,Bom tempo,Fora da intersecção,Dentro das localidades,Em pleno dia,Em patamar,Recta,Na berma,Despiste,TERÇA-FEIRA  ,1,1,17,2010-05-01,19,ligeiro,Sim,Nao,Sim,210.2,1,1,17,1169
23454,2009383130,Braga,41.443698,-8.084947999999999,A7,63.3,2,0,0,2.0,120,Berma pavimentada,Com água acumulada na faixa de rodagem,Sentido único,Chuva,Fora da intersecção,Fora das localidades,Em pleno dia,Com inclinação,Curva,Na berma,Despiste,SÁBADO       ,0,1,17,2009-05-11,11,ligeiro,Sim,Sim,Nao,210.2,1,1,17,1169
23483,2012589906,Braga,41.569268,-8.451364,EN(d)201,62.4,1,0,0,1.0,50,Berma pavimentada,Húmido,Dois sentidos,Chuva,Fora da intersecção,Dentro das localidades,Em pleno dia,Com inclinação,Recta,Em plena via,Colisão,SEXTA-FEIRA  ,0,2,17,2011-12-11,17,ligeiro,Sim,Sim,Nao,210.2,1,1,17,1169
23495,2010486661,Braga,41.569541,-8.451428,EN(d)201,62.37,2,0,0,1.0,50,Berma pavimentada,Seco e limpo,Dois sentidos,Bom tempo,Fora da intersecção,Dentro das localidades,Em pleno dia,Em patamar,Curva,Em plena via,Colisão,QUARTA-FEIRA ,0,2,17,2010-08-12,7,ligeiro,Sim,Nao,Sim,210.2,1,1,17,1169
23527,2010468583,Braga,41.569205,-8.451350999999999,EN(d)201,62.41,1,0,0,1.0,50,Berma pavimentada,Seco e limpo,Dois sentidos,Bom tempo,Fora da intersecção,Dentro das localidades,"Noite, com iluminação",Em patamar,Recta,Em plena via,Despiste,SEXTA-FEIRA  ,0,1,17,2010-06-12,21,ligeiro,Nao,Nao,Sim,210.2,1,1,17,1169
23528,2009349144,Braga,41.41875,-8.598761,ER206,15.1,1,0,0,2.0,50,Berma pavimentada,Seco e limpo,Dois sentidos,Bom tempo,Em entroncamento,Dentro das localidades,Em pleno dia,Em patamar,Recta,Em plena via,Colisão,QUINTA-FEIRA ,0,2,17,2008-11-14,17,ligeiro,Sim,Nao,Sim,210.2,1,1,17,1169
23536,2012579551,Braga,41.662053,-8.429404,EN101,77.23,1,0,0,1.0,50,Berma não pavimentada,Seco e limpo,Dois sentidos,Bom tempo,Fora da intersecção,Dentro das localidades,Em pleno dia,Em patamar,Recta,Em plena via,Colisão,SEGUNDA-FEIRA,0,2,17,2011-11-09,15,ligeiro,Sim,Nao,Sim,210.2,1,1,17,1169
23560,2011567879,Braga,41.419798,-8.585295,ER206,16.3,1,0,0,1.0,50,Berma pavimentada,Seco e limpo,Dois sentidos,Bom tempo,Fora da intersecção,Dentro das localidades,Aurora ou crepúsculo,Em patamar,Recta,Na berma,Colisão,TERÇA-FEIRA  ,0,2,17,2011-09-14,22,ligeiro,Nao,Nao,Sim,210.2,1,1,17,1169
23591,2010428065,Braga,41.42301,-8.614303999999999,ER206,13.7,1,0,0,3.0,50,Berma pavimentada,Molhado,Dois sentidos,Chuva,Fora da intersecção,Dentro das localidades,Em pleno dia,Com inclinação,Curva,Em plena via,Colisão,QUARTA-FEIRA ,1,2,17,2009-11-01,11,ligeiro,Sim,Sim,Nao,210.2,1,1,17,1169
23607,2012631546,Braga,41.564318,-8.449916,EN(d)201,62.95,1,0,0,1.0,50,Sem berma ou impraticável,Seco e limpo,Dois sentidos,Bom tempo,Fora da intersecção,Dentro das localidades,Em pleno dia,Em patamar,Recta,Em plena via,Colisão,SEGUNDA-FEIRA,0,2,17,2012-07-23,9,ligeiro,Sim,Nao,Sim,210.2,1,1,17,1169
23608,2012632536,Braga,41.56655,-8.450664999999999,EN(d)201,62.7,4,0,0,1.0,50,Sem berma ou impraticável,Seco e limpo,Dois sentidos,Bom tempo,Em entroncamento,Dentro das localidades,Em pleno dia,Em patamar,Recta,Em plena via,Colisão,TERÇA-FEIRA  ,0,2,17,2012-07-07,14,ligeiro,Sim,Nao,Sim,210.2,1,1,17,1169
23614,2013671645,Braga,41.420095,-8.588716999999999,ER206,16.0,1,0,0,1.0,50,Sem berma ou impraticável,Seco e limpo,Dois sentidos,Bom tempo,Em entroncamento,Dentro das localidades,Em pleno dia,Com inclinação,Recta,Em plena via,Colisão,QUARTA-FEIRA ,0,2,17,2012-12-03,13,ligeiro,Sim,Nao,Sim,210.2,1,1,17,1169
23618,2007299968,Braga,41.67051,-8.425282000000001,EN101,76.2,5,0,0,1.0,50,Berma não pavimentada,Seco e limpo,Dois sentidos,Bom tempo,Em entroncamento,Dentro das localidades,Em pleno dia,Em patamar,Recta,Em plena via,Colisão,DOMINGO      ,0,4,17,2007-10-14,16,ligeiro,Sim,Nao,Sim,210.2,1,1,17,1169
23637,2011500377,Braga,41.668759,-8.425500999999999,EN101,76.4,1,0,0,1.0,50,Berma pavimentada,Seco e limpo,Dois sentidos,Bom tempo,Fora da intersecção,Dentro das localidades,Em pleno dia,Em patamar,Recta,Em plena via,Colisão,DOMINGO      ,0,3,17,2010-10-28,11,ligeiro,Sim,Nao,Sim,210.2,1,1,17,1169
23639,2011505906,Braga,41.563088,-8.449119,EN(d)201,63.1,1,0,0,1.0,50,Berma pavimentada,Seco e limpo,Dois sentidos,Bom tempo,Fora da intersecção,Dentro das localidades,"Noite, com iluminação",Em patamar,Recta,Em plena via,Atropelamento,TERÇA-FEIRA  ,0,1,17,2010-11-05,18,ligeiro,Nao,Nao,Sim,210.2,1,1,17,1169
23680,2009352955,Braga,41.422643,-8.612069,ER206,13.9,1,0,0,1.0,50,Berma não pavimentada,Molhado,Dois sentidos,Chuva,Fora da intersecção,Dentro das localidades,"Noite, com iluminação",Em patamar,Recta,Na berma,Despiste,QUINTA-FEIRA ,1,1,17,2008-12-01,0,ligeiro,Nao,Sim,Nao,210.2,1,1,17,1169
23717,2007285488,Braga,41.421832,-8.609931,ER206,14.1,1,0,0,1.0,50,Sem berma ou impraticável,Seco e limpo,Dois sentidos,Bom tempo,Fora da intersecção,Dentro das localidades,Em pleno dia,Com inclinação,Recta,Em plena via,Colisão,QUINTA-FEIRA ,0,4,17,2007-06-14,20,ligeiro,Sim,Nao,Sim,210.2,1,1,17,1169
23720,2008331551,Braga,41.564749,-8.450130999999999,EN(d)201,62.9,5,0,0,1.0,50,Berma pavimentada,Seco e limpo,Dois sentidos,Bom tempo,Em cruzamento,Dentro das localidades,Em pleno dia,Em patamar,Recta,Em plena via,Colisão,SÁBADO       ,0,3,17,2008-06-09,20,ligeiro,Sim,Nao,Sim,210.2,1,1,17,1169
23725,2008304486,Braga,41.420321,-8.58987,ER206,15.9,1,0,0,2.0,50,Berma pavimentada,Húmido,Dois sentidos,Bom tempo,Em entroncamento,Dentro das localidades,"Noite, sem iluminação",Com inclinação,Recta,Em plena via,Colisão,SEXTA-FEIRA  ,0,2,17,2007-12-03,19,ligeiro,Nao,Nao,Nao,210.2,1,1,17,1169
23728,2008304766,Braga,41.419203,-8.601681,ER206,14.85,1,0,0,1.0,50,Berma pavimentada,Húmido,Dois sentidos,Bom tempo,Em entroncamento,Dentro das localidades,Em pleno dia,Com inclinação,Recta,Em plena via,Colisão,SEGUNDA-FEIRA,0,2,17,2007-12-05,8,ligeiro,Sim,Nao,Nao,210.2,1,1,17,1169
23736,2009359659,Braga,41.619233,-8.312836,ER205,57.7,1,0,0,1.0,50,Berma não pavimentada,Seco e limpo,Dois sentidos,Bom tempo,Em entroncamento,Dentro das localidades,Em pleno dia,Em patamar,Curva,Em plena via,Despiste,SEGUNDA-FEIRA,0,1,17,2009-02-22,14,ligeiro,Sim,Nao,Sim,210.2,1,1,17,1169
23763,2011574214,Braga,41.658077,-8.431538,EN101,77.7,2,0,0,1.0,50,Berma pavimentada,Seco e limpo,Dois sentidos,Bom tempo,Em entroncamento,Dentro das localidades,Em pleno dia,Com inclinação,Recta,Em plena via,Colisão,SEXTA-FEIRA  ,0,2,17,2011-10-20,14,ligeiro,Sim,Nao,Sim,210.2,1,1,17,1169
23769,2010491527,Braga,41.67051,-8.425282000000001,EN101,76.2,3,0,0,1.0,50,Berma não pavimentada,Seco e limpo,Dois sentidos,Bom tempo,Fora da intersecção,Dentro das localidades,"Noite, com iluminação",Em patamar,Recta,Em plena via,Colisão,SEXTA-FEIRA  ,0,2,17,2010-09-17,21,ligeiro,Nao,Nao,Sim,210.2,1,1,17,1169
23783,2010433247,Braga,41.420238,-8.605638,ER206,14.5,0,1,0,1.0,50,Berma pavimentada,Húmido,Dois sentidos,Chuva,Fora da intersecção,Dentro das localidades,Em pleno dia,Em patamar,Recta,Em plena via,Colisão,TERÇA-FEIRA  ,0,2,17,2009-12-21,15,ligeiro,Sim,Sim,Nao,210.2,1,1,17,1169
23817,2010456242,Braga,41.561483,-8.447994,EN(d)201,63.3,1,0,0,1.0,50,Berma pavimentada,Seco e limpo,Dois sentidos,Bom tempo,Em entroncamento,Dentro das localidades,Em pleno dia,Em patamar,Curva,Em plena via,Colisão,DOMINGO      ,0,2,17,2010-04-01,15,ligeiro,Sim,Nao,Sim,210.2,1,1,17,1169
23819,2010491503,Braga,41.419855,-8.58412,ER206,16.4,2,0,0,1.0,50,Berma pavimentada,Seco e limpo,Dois sentidos,Bom tempo,Em entroncamento,Dentro das localidades,Em pleno dia,Em patamar,Recta,Em plena via,Colisão,SÁBADO       ,0,3,17,2010-09-07,18,ligeiro,Sim,Nao,Sim,210.2,1,1,17,1169
23821,2011542167,Braga,41.668759,-8.425500999999999,EN101,76.4,1,0,0,1.0,50,Berma pavimentada,Seco e limpo,Dois sentidos,Bom tempo,Fora da intersecção,Dentro das localidades,Em pleno dia,Em patamar,Recta,Na berma,Despiste,SEXTA-FEIRA  ,0,1,17,2011-05-31,17,ligeiro,Sim,Nao,Sim,210.2,1,1,17,1169
23835,2012631548,Braga,41.67051,-8.425282000000001,EN101,76.2,1,0,0,1.0,50,Berma pavimentada,Seco e limpo,Dois sentidos,Bom tempo,Fora da intersecção,Dentro das localidades,Em pleno dia,Em patamar,Recta,Em plena via,Colisão,QUARTA-FEIRA ,0,2,17,2012-07-19,10,ligeiro,Sim,Nao,Sim,210.2,1,1,17,1169
23837,2007275719,Braga,41.441229,-8.089821,EN206,62.88,1,0,0,1.0,50,Berma pavimentada,Húmido,Sentido único,Chuva,Fora da intersecção,Fora das localidades,Em pleno dia,Em patamar,Curva,Em plena via,Colisão,QUARTA-FEIRA ,0,2,17,2007-02-03,11,ligeiro,Sim,Sim,Nao,210.2,1,1,17,1169
23839,2011567893,Braga,41.41972,-8.587388,ER206,16.12,1,0,0,1.0,50,Sem berma ou impraticável,Molhado,Dois sentidos,Bom tempo,Fora da intersecção,Dentro das localidades,Em pleno dia,Em patamar,Curva,Em plena via,Colisão,DOMINGO      ,0,2,17,2011-09-01,10,ligeiro,Sim,Nao,Nao,210.2,1,1,17,1169
23852,2012623535,Braga,41.667884,-8.425624000000001,EN101,76.5,0,0,1,1.0,50,Berma pavimentada,Seco e limpo,Dois sentidos,Bom tempo,Fora da intersecção,Dentro das localidades,"Noite, com iluminação",Em patamar,Recta,Em plena via,Atropelamento,DOMINGO      ,0,1,17,2012-06-29,21,ligeiro,Nao,Nao,Sim,210.2,1,1,17,1169
23857,2007297897,Braga,41.56836,-8.451146000000001,EN(d)201,62.5,1,0,0,1.0,50,Sem berma ou impraticável,Seco e limpo,Sentido único,Bom tempo,Fora da intersecção,Dentro das localidades,Em pleno dia,Em patamar,Recta,Em plena via,Colisão,QUARTA-FEIRA ,0,2,17,2007-10-11,12,ligeiro,Sim,Nao,Sim,210.2,1,1,17,1169
23876,2009366716,Braga,41.419637,-8.587053,ER206,16.15,3,0,0,1.0,50,Sem berma ou impraticável,Seco e limpo,Dois sentidos,Bom tempo,Fora da intersecção,Dentro das localidades,Em pleno dia,Em patamar,Curva,Em plena via,Colisão,QUINTA-FEIRA ,0,4,17,2009-02-13,12,ligeiro,Sim,Nao,Sim,210.2,1,1,17,1169
23891,2011559656,Braga,41.441666,-8.090587,EN206,62.8,0,1,0,1.0,50,Berma pavimentada,Molhado,Dois sentidos,Nevoeiro,Fora da intersecção,Dentro das localidades,"Noite, com iluminação",Em patamar,Recta,No passeio,Despiste,DOMINGO      ,1,1,17,2011-08-15,4,ligeiro,Nao,Sim,Nao,210.2,1,1,17,1169
23897,2008321702,Braga,41.564749,-8.450130999999999,EN(d)201,62.9,1,0,0,1.0,50,Berma pavimentada,Seco e limpo,Dois sentidos,Bom tempo,Em cruzamento,Dentro das localidades,Em pleno dia,Em patamar,Recta,Em plena via,Colisão,SEXTA-FEIRA  ,0,2,17,2008-03-15,12,ligeiro,Sim,Nao,Sim,210.2,1,1,17,1169
23899,2009389510,Braga,41.419185,-8.594248,ER206,15.5,2,0,0,1.0,50,Sem berma ou impraticável,Seco e limpo,Dois sentidos,Bom tempo,Fora da intersecção,Dentro das localidades,Em pleno dia,Em patamar,Recta,Em plena via,Colisão,SEXTA-FEIRA  ,0,2,17,2009-06-02,20,ligeiro,Sim,Nao,Sim,210.2,1,1,17,1169
23924,2008344030,Braga,41.6584,-8.424266000000001,EN308,36.75,1,0,0,1.0,50,Berma pavimentada,Seco e limpo,Dois sentidos,Bom tempo,Fora da intersecção,Fora das localidades,Em pleno dia,Em patamar,Recta,Em plena via,Colisão,DOMINGO      ,0,2,17,2008-10-02,14,ligeiro,Sim,Nao,Sim,210.2,1,1,17,1169
23934,2010477701,Braga,41.658301,-8.431426,EN101,77.67,2,0,0,1.0,80,Sem berma ou impraticável,Seco e limpo,Dois sentidos,Bom tempo,Fora da intersecção,Dentro das localidades,Em pleno dia,Em patamar,Recta,Em plena via,Colisão,SEXTA-FEIRA  ,0,2,17,2010-07-05,12,ligeiro,Sim,Nao,Sim,210.2,1,1,17,1169
23944,2008307333,Braga,41.565643,-8.450432000000001,EN(d)201,62.8,0,1,0,2.0,50,Sem berma ou impraticável,Molhado,Dois sentidos,Chuva,Em entroncamento,Dentro das localidades,Em pleno dia,Em Lomba,Recta,Em plena via,Colisão,SEGUNDA-FEIRA,0,2,17,2008-01-03,7,ligeiro,Sim,Sim,Nao,210.2,1,1,17,1169
23965,2009373735,Braga,41.666277,-8.426492999999999,EN101,76.7,1,0,0,1.0,50,Sem berma ou impraticável,Seco e limpo,Dois sentidos,Bom tempo,Fora da intersecção,Dentro das localidades,Em pleno dia,Com inclinação,Recta,Em plena via,Colisão,DOMINGO      ,0,2,17,2009-04-19,18,ligeiro,Sim,Nao,Sim,210.2,1,1,17,1169
23966,2009373246,Braga,41.442549,-8.085242,EN206,63.3,1,0,0,1.0,50,Berma não pavimentada,Seco e limpo,Dois sentidos,Bom tempo,Fora da intersecção,Dentro das localidades,"Noite, sem iluminação",Em patamar,Recta,Em plena via,Colisão,SÁBADO       ,1,2,17,2009-04-12,21,ligeiro,Nao,Nao,Sim,210.2,1,1,17,1169
23979,2008328294,Braga,41.442690999999996,-8.080575999999999,EN206,63.7,1,0,0,1.0,90,Berma não pavimentada,Seco e limpo,Dois sentidos,Bom tempo,Em via de desaceleração,Dentro das localidades,"Noite, com iluminação",Em patamar,Recta,Em plena via,Despiste,QUINTA-FEIRA ,0,1,17,2008-05-10,2,ligeiro,Nao,Nao,Sim,210.2,1,1,17,1169