,COD_ACIDENTE,DISTRITO,LATITUDE,LONGITUDE,VIA,KM,QT_FLIGEIROS,QT_FGRAVES,QT_MORTOS,QT_VIAS_SENTIDO,VEL_LIM_LOCAL,BERMA_VIA,CONDICAO_ADERENCIA,FAIXA_RODAGEM,FATOR_ATMOSFERICO,INTERSECAO_VIA,LOCALIZACAO,LUMINOSIDADE,PERFIL_VIA,PLANTA_VIA,SITUACAO_ACIDENTE,TIPO_NATUREZA,DIA_SEMANA,FLAG_FERIADO,QT_VEICULOS,COD_FREGUESIA,DATA,HORA,GRAVIDADE,ERA_DIA,MAU_TEMPO,ESTRADA_SECA,DENSIDADE_TOTAL,COD_DISTRITO_INE,COD_CONCELHO_INE,COD_FREGUESIA_INE,TOTAL
23980,2009373488,Braga,41.617838,-8.308632000000001,ER205,58.1,1,0,0,1.0,50,Sem berma ou impraticável,Seco e limpo,Dois sentidos,Bom tempo,Em entroncamento,Dentro das localidades,"Noite, sem iluminação",Com inclinação,Curva,Em plena via,Colisão,QUINTA-FEIRA ,0,2,17,2009-04-22,20,ligeiro,Nao,Nao,Sim,210.2,1,1,17,1169
23998,2010458726,Braga,41.560323,-8.45551,EN(d)205-4,12.68,0,1,0,2.0,50,Berma pavimentada,Seco e limpo,Dois sentidos,Bom tempo,Em entroncamento,Dentro das localidades,Em pleno dia,Em patamar,Curva,Em plena via,Colisão,QUINTA-FEIRA ,1,2,17,2010-04-04,13,ligeiro,Sim,Nao,Sim,210.2,1,1,17,1169
24001,2013669708,Braga,41.420095,-8.588716999999999,ER206,16.0,2,0,0,2.0,50,Berma pavimentada,Molhado,Dois sentidos,Chuva,Em entroncamento,Dentro das localidades,Em pleno dia,Em patamar,Recta,Em plena via,Colisão,SÁBADO       ,0,2,17,2012-12-16,14,ligeiro,Sim,Sim,Nao,210.2,1,1,17,1169
24002,2012632605,Braga,41.567906,-8.451038,EN(d)201,62.55,1,0,0,1.0,50,Berma não pavimentada,Húmido,Dois sentidos,Chuva,Fora da intersecção,Dentro das localidades,"Noite, com iluminação",Em patamar,Recta,Em plena via,Despiste,TERÇA-FEIRA  ,0,1,17,2012-07-07,2,ligeiro,Nao,Sim,Nao,210.2,1,1,17,1169
24031,2011561940,Braga,41.422717999999996,-8.612286,ER206,13.88,1,0,0,1.0,50,Berma não pavimentada,Seco e limpo,Dois sentidos,Bom tempo,Fora da intersecção,Dentro das localidades,Em pleno dia,Em patamar,Recta,Em plena via,Colisão,SEXTA-FEIRA  ,0,2,17,2011-08-19,20,ligeiro,Sim,Nao,Sim,210.2,1,1,17,1169
24037,2010428013,Braga,41.618175,-8.343856,ER205,54.3,1,0,0,1.0,50,Berma pavimentada,Seco e limpo,Dois sentidos,Bom tempo,Em entroncamento,Dentro das localidades,Em pleno dia,Em patamar,Recta,Em plena via,Colisão,DOMINGO      ,0,2,17,2009-11-04,10,ligeiro,Sim,Nao,Sim,210.2,1,1,17,1169
24043,2007275679,Braga,41.41875,-8.598761,ER206,15.1,1,0,0,1.0,40,Berma pavimentada,Seco e limpo,Dois sentidos,Bom tempo,Fora da intersecção,Dentro das localidades,Em pleno dia,Em patamar,Recta,Em plena via,Atropelamento,DOMINGO      ,0,1,17,2007-02-12,15,ligeiro,Sim,Nao,Sim,210.2,1,1,17,1169
24049,2011522281,Braga,41.420281,-8.590464,ER206,15.85,0,1,0,2.0,50,Berma não pavimentada,Seco e limpo,Dois sentidos,Bom tempo,Fora da intersecção,Dentro das localidades,Em pleno dia,Em patamar,Recta,Em plena via,Atropelamento,QUINTA-FEIRA ,0,1,17,2011-02-12,14,ligeiro,Sim,Nao,Sim,210.2,1,1,17,1169
24050,2011523828,Braga,41.659842,-8.430859,EN101,77.5,1,0,0,1.0,50,Berma não pavimentada,Seco e limpo,Dois sentidos,Bom tempo,Fora da intersecção,Dentro das localidades,Em pleno dia,Em patamar,Recta,Na berma,Despiste,QUARTA-FEIRA ,0,1,17,2011-02-22,17,ligeiro,Sim,Nao,Sim,210.2,1,1,17,1169
24055,2009389629,Braga,41.565643,-8.450432000000001,EN(d)201,62.8,1,0,0,1.0,50,Sem berma ou impraticável,Seco e limpo,Dois sentidos,Bom tempo,Em entroncamento,Dentro das localidades,Em pleno dia,Com inclinação,Recta,Em plena via,Colisão,DOMINGO      ,0,2,17,2009-06-20,14,ligeiro,Sim,Nao,Sim,210.2,1,1,17,1169
24060,2007280493,Braga,41.420095,-8.588716999999999,ER206,16.0,1,0,0,1.0,50,Berma pavimentada,Seco e limpo,Dois sentidos,Bom tempo,Fora da intersecção,Dentro das localidades,Em pleno dia,Em patamar,Recta,Em plena via,Colisão,SEGUNDA-FEIRA,0,2,17,2007-04-10,17,ligeiro,Sim,Nao,Sim,210.2,1,1,17,1169
24070,2010432540,Braga,41.419844,-8.584711,ER206,16.35,2,0,0,1.0,50,Berma pavimentada,Molhado,Dois sentidos,Chuva,Fora da intersecção,Dentro das localidades,"Noite, com iluminação",Em patamar,Recta,Em plena via,Colisão,QUINTA-FEIRA ,0,2,17,2009-12-23,19,ligeiro,Nao,Sim,Nao,210.2,1,1,17,1169
24076,2007289615,Braga,41.615696,-8.300616,ER205,58.88,1,0,0,1.0,50,Berma pavimentada,Seco e limpo,Dois sentidos,Bom tempo,NÃO DEFINIDO,Dentro das localidades,Em pleno dia,Em patamar,Recta,Em plena via,Atropelamento,SEXTA-FEIRA  ,0,1,17,2007-07-13,16,ligeiro,Sim,Nao,Sim,210.2,1,1,17,1169
24086,2007291289,Braga,41.419183000000004,-8.601602,ER206,14.86,0,0,1,2.0,50,Berma pavimentada,Seco e limpo,Dois sentidos,Bom tempo,Fora da intersecção,Dentro das localidades,Em pleno dia,Em patamar,Recta,Em plena via,Atropelamento,QUARTA-FEIRA ,0,1,17,2007-08-09,18,ligeiro,Sim,Nao,Sim,210.2,1,1,17,1169
24096,2011539808,Braga,41.657193,-8.431866000000001,EN101,77.8,2,0,0,1.0,50,Berma não pavimentada,Seco e limpo,Dois sentidos,Bom tempo,Fora da intersecção,Dentro das localidades,Em pleno dia,Com inclinação,Recta,Em plena via,Colisão,SEGUNDA-FEIRA,0,2,17,2011-05-11,18,ligeiro,Sim,Nao,Sim,210.2,1,1,17,1169
24116,2010477764,Braga,41.566099,-8.450549,EN(d)201,62.75,1,0,0,1.0,50,Berma pavimentada,Seco e limpo,Dois sentidos,Bom tempo,Fora da intersecção,Dentro das localidades,Em pleno dia,Com inclinação,Recta,Em plena via,Atropelamento,TERÇA-FEIRA  ,0,1,17,2010-07-14,17,ligeiro,Sim,Nao,Sim,210.2,1,1,17,1169
24135,2007298152,Braga,41.660114,-8.430785,EN101,77.47,1,0,0,1.0,50,Berma não pavimentada,Seco e limpo,Dois sentidos,Bom tempo,Fora da intersecção,Fora das localidades,"Noite, com iluminação",Em patamar,Recta,Na berma,Despiste,SEXTA-FEIRA  ,0,1,17,2007-10-07,3,ligeiro,Nao,Nao,Sim,210.2,1,1,17,1169
24137,2007271106,Braga,41.412056,-8.316497,EN105,41.65,1,0,0,1.0,50,Berma pavimentada,Seco e limpo,Dois sentidos,Bom tempo,Fora da intersecção,Dentro das localidades,Em pleno dia,Com inclinação,Recta,Em plena via,Despiste,DOMINGO      ,0,1,32,2007-01-03,15,ligeiro,Sim,Nao,Sim,449.3,1,3,32,5511
24138,2007281230,Braga,41.411826,-8.317008999999999,EN105,41.6,2,0,0,1.0,50,Berma pavimentada,Molhado,Dois sentidos,Chuva,Fora da intersecção,Fora das localidades,"Noite, sem iluminação",Em patamar,Recta,Em plena via,Colisão,SÁBADO       ,1,2,32,2007-04-25,4,ligeiro,Nao,Sim,Nao,449.3,1,3,32,5511
24141,2007286859,Braga,41.572503999999995,-8.694683,EN103,11.3,1,0,0,1.0,50,Berma não pavimentada,Molhado,Dois sentidos,Chuva,Fora da intersecção,Fora das localidades,Em pleno dia,Com inclinação,Curva,Em plena via,Despiste,SEGUNDA-FEIRA,0,2,32,2007-06-17,19,ligeiro,Sim,Sim,Nao,449.3,1,3,32,5511
24142,2007286889,Braga,41.400708,-8.322852000000001,EN105,40.1,1,0,0,1.0,50,Berma pavimentada,Húmido,Dois sentidos,Chuva,Fora da intersecção,Dentro das localidades,Em pleno dia,Em patamar,Recta,NÃO DEFINIDO,Colisão,SÁBADO       ,0,2,32,2007-06-21,5,ligeiro,Sim,Sim,Nao,449.3,1,3,32,5511
24144,2008307917,Braga,41.408862,-8.317195,A7,40.97,2,0,0,2.0,80,Berma pavimentada,Seco e limpo,Sentido único,Bom tempo,Em cruzamento,Fora das localidades,Em pleno dia,Com inclinação,Recta,Em plena via,Colisão,QUINTA-FEIRA ,0,2,32,2008-01-28,15,ligeiro,Sim,Nao,Sim,449.3,1,3,32,5511
24147,2008304756,Braga,41.426158,-8.432506,ER206,30.2,2,0,0,1.0,50,NÃO DEFINIDO,Molhado,Dois sentidos,Nevoeiro,Em cruzamento,Dentro das localidades,"Noite, com iluminação",Com inclinação,Recta,Em plena via,Colisão,QUARTA-FEIRA ,1,2,32,2007-12-01,19,ligeiro,Nao,Sim,Nao,449.3,1,3,32,5511
24148,2008323811,Braga,41.57268,-8.697083000000001,EN103,11.1,2,0,0,2.0,50,Berma pavimentada,Molhado,Dois sentidos,Chuva,Fora da intersecção,Dentro das localidades,Em pleno dia,Em patamar,Curva,Em plena via,Despiste,SEXTA-FEIRA  ,0,1,32,2008-04-18,9,ligeiro,Sim,Sim,Nao,449.3,1,3,32,5511
24149,2008310588,Braga,41.406093,-8.323358,EN105,40.7,1,0,0,1.0,50,Berma pavimentada,Seco e limpo,Dois sentidos,Bom tempo,Fora da intersecção,Dentro das localidades,Em pleno dia,Em patamar,Recta,Em plena via,Atropelamento,SEGUNDA-FEIRA,0,1,32,2008-02-06,16,ligeiro,Sim,Nao,Sim,449.3,1,3,32,5511
24150,2008327177,Braga,41.399842,-8.323139999999999,EN105,40.0,3,0,0,2.0,50,Berma pavimentada,Molhado,Dois sentidos,Chuva,Em entroncamento,Dentro das localidades,"Noite, com iluminação",Em patamar,Curva,Em plena via,Colisão,TERÇA-FEIRA  ,0,2,32,2008-05-25,23,ligeiro,Nao,Sim,Nao,449.3,1,3,32,5511
24151,2008327180,Braga,41.428397,-8.428471,ER206,30.6,1,0,0,1.0,50,Berma pavimentada,Com gravilha ou areia,Dois sentidos,Bom tempo,Em entroncamento,Dentro das localidades,"Noite, com iluminação",Em patamar,Recta,Na berma,Despiste,TERÇA-FEIRA  ,0,1,32,2008-05-25,5,ligeiro,Nao,Nao,Nao,449.3,1,3,32,5511
24152,2008310502,Braga,41.57242,-8.693482000000001,EN103,11.4,1,0,0,2.0,50,Berma pavimentada,Seco e limpo,Dois sentidos,Bom tempo,Em entroncamento,Dentro das localidades,Em pleno dia,Em patamar,Recta,Em plena via,Colisão,SEXTA-FEIRA  ,0,2,32,2008-02-09,10,ligeiro,Sim,Nao,Sim,449.3,1,3,32,5511
24155,2008329480,Braga,41.399842,-8.323139999999999,EN105,40.0,0,1,0,2.0,50,Berma pavimentada,Seco e limpo,Dois sentidos,Bom tempo,Em entroncamento,Dentro das localidades,Em pleno dia,Com inclinação,Curva,Em plena via,Colisão,QUINTA-FEIRA ,0,2,32,2008-06-30,14,ligeiro,Sim,Nao,Sim,449.3,1,3,32,5511
24158,2009358152,Braga,41.399076,-8.323771,EN105,39.9,3,0,0,1.0,50,Berma não pavimentada,Molhado,Dois sentidos,Chuva,Em entroncamento,Dentro das localidades,Em pleno dia,Com inclinação,Recta,Em plena via,Colisão,TERÇA-FEIRA  ,0,2,32,2009-01-25,9,ligeiro,Sim,Sim,Nao,449.3,1,3,32,5511
24159,2009358210,Braga,41.399842,-8.323139999999999,EN105,40.0,2,0,0,1.0,50,Berma pavimentada,Húmido,Dois sentidos,Chuva,Fora da intersecção,Fora das localidades,Em pleno dia,Em patamar,Recta,Em plena via,Colisão,QUINTA-FEIRA ,0,3,32,2009-01-21,11,ligeiro,Sim,Sim,Nao,449.3,1,3,32,5511
24160,2008343996,Braga,41.399842,-8.323139999999999,EN105,40.0,1,0,0,1.0,50,Sem berma ou impraticável,Seco e limpo,Sentido único,Bom tempo,Fora da intersecção,Dentro das localidades,"Noite, com iluminação",Com inclinação,Curva,Em plena via,Colisão,SEGUNDA-FEIRA,0,2,32,2008-10-14,19,ligeiro,Nao,Nao,Sim,449.3,1,3,32,5511
24161,2008346635,Braga,41.423474,-8.437381,ER206,29.7,1,0,0,1.0,50,Berma pavimentada,Molhado,Dois sentidos,Chuva,Em cruzamento,Dentro das localidades,Em pleno dia,Em patamar,Recta,Em plena via,Colisão,SÁBADO       ,0,4,32,2008-10-07,11,ligeiro,Sim,Sim,Nao,449.3,1,3,32,5511
24164,2008344383,Braga,41.569953000000005,-8.684917,EN103,12.2,2,0,0,1.0,50,Berma pavimentada,Seco e limpo,Dois sentidos,Bom tempo,Fora da intersecção,Dentro das localidades,Em pleno dia,Em patamar,Recta,Em plena via,Colisão,TERÇA-FEIRA  ,0,3,32,2008-10-26,17,ligeiro,Sim,Nao,Sim,449.3,1,3,32,5511
24165,2009367467,Braga,41.404744,-8.32325,EN105,40.55,2,0,0,2.0,50,Berma não pavimentada,Seco e limpo,Dois sentidos,Bom tempo,Em entroncamento,Dentro das localidades,"Noite, com iluminação",Em patamar,Recta,Em plena via,Colisão,DOMINGO      ,0,3,32,2009-03-21,21,ligeiro,Nao,Nao,Sim,449.3,1,3,32,5511
24167,2009394651,Braga,41.426660999999996,-8.431597,ER206,30.29,1,0,0,1.0,50,Berma pavimentada,Seco e limpo,Dois sentidos,Bom tempo,Fora da intersecção,Dentro das localidades,Em pleno dia,Em patamar,Recta,No passeio,Despiste,DOMINGO      ,0,1,32,2009-07-13,12,ligeiro,Sim,Nao,Sim,449.3,1,3,32,5511
24170,2009409485,Braga,41.572759999999995,-8.698285,EN103,11.0,1,0,0,1.0,50,Berma não pavimentada,Seco e limpo,Sentido único,Bom tempo,Fora da intersecção,Dentro das localidades,Em pleno dia,Em patamar,Recta,Em plena via,Colisão,SÁBADO       ,0,2,32,2009-08-27,17,ligeiro,Sim,Nao,Sim,449.3,1,3,32,5511
24172,2010424094,Braga,41.428677,-8.427968,ER206,30.65,1,0,0,1.0,50,Berma pavimentada,Seco e limpo,Dois sentidos,Bom tempo,Fora da intersecção,Dentro das localidades,"Noite, com iluminação",Em patamar,Recta,Em parque de estacionamento,Atropelamento,DOMINGO      ,0,1,32,2009-10-18,21,ligeiro,Nao,Nao,Sim,449.3,1,3,32,5511
24173,2010429488,Braga,41.428397,-8.428471,ER206,30.6,1,0,0,1.0,50,Berma não pavimentada,Molhado,Dois sentidos,Chuva,Em entroncamento,Dentro das localidades,Aurora ou crepúsculo,Em patamar,Recta,Em plena via,Colisão,SEGUNDA-FEIRA,0,2,32,2009-11-22,6,ligeiro,Nao,Sim,Nao,449.3,1,3,32,5511
24179,2010452610,Braga,41.408713,-8.322881,EN105,41.0,1,0,0,1.0,50,Sem berma ou impraticável,Molhado,Dois sentidos,Chuva,Em entroncamento,Dentro das localidades,Em pleno dia,Com inclinação,Recta,Em plena via,Colisão,DOMINGO      ,0,3,32,2010-03-26,7,ligeiro,Sim,Sim,Nao,449.3,1,3,32,5511
24181,2010464639,Braga,41.411367,-8.318052,EN105,41.5,1,0,0,2.0,50,Sem berma ou impraticável,Seco e limpo,Dois sentidos,Bom tempo,Em cruzamento,Dentro das localidades,Em pleno dia,Com inclinação,Recta,Na berma,Despiste,QUARTA-FEIRA ,0,1,32,2010-05-30,7,ligeiro,Sim,Nao,Sim,449.3,1,3,32,5511
24182,2010462692,Braga,41.410855,-8.319042999999999,EN105,41.4,2,1,0,1.0,50,Berma não pavimentada,Seco e limpo,Dois sentidos,Bom tempo,Em entroncamento,Dentro das localidades,Em pleno dia,Em patamar,Recta,Em plena via,Despiste,QUARTA-FEIRA ,0,1,32,2010-05-02,8,ligeiro,Sim,Nao,Sim,449.3,1,3,32,5511
24184,2010486648,Braga,41.423474,-8.437381,ER206,29.7,1,0,0,1.0,50,Berma pavimentada,Seco e limpo,Dois sentidos,Bom tempo,Fora da intersecção,Dentro das localidades,Em pleno dia,Em patamar,Recta,Em plena via,Colisão,SEGUNDA-FEIRA,0,2,32,2010-08-05,16,ligeiro,Sim,Nao,Sim,449.3,1,3,32,5511
24192,2011506732,Braga,41.411367,-8.318052,EN105,41.5,1,0,0,1.0,80,Berma pavimentada,Seco e limpo,Dois sentidos,Bom tempo,Fora da intersecção,Dentro das localidades,Em pleno dia,Em patamar,Recta,Em plena via,Colisão,SEXTA-FEIRA  ,0,2,32,2010-11-24,11,ligeiro,Sim,Nao,Sim,449.3,1,3,32,5511
24194,2011523772,Braga,41.406093,-8.323358,EN105,40.7,1,0,0,1.0,50,Berma não pavimentada,Seco e limpo,Dois sentidos,Bom tempo,Fora da intersecção,Dentro das localidades,Em pleno dia,Em patamar,Recta,Em plena via,Colisão,QUARTA-FEIRA ,0,2,32,2011-02-05,10,ligeiro,Sim,Nao,Sim,449.3,1,3,32,5511
24197,2011567620,Braga,41.40295,-8.323025,EN105,40.35,1,0,0,1.0,50,Sem berma ou impraticável,Seco e limpo,Dois sentidos,Bom tempo,Fora da intersecção,Dentro das localidades,Em pleno dia,Em patamar,Recta,Na berma,Atropelamento,QUINTA-FEIRA ,0,1,32,2011-09-21,17,ligeiro,Sim,Nao,Sim,449.3,1,3,32,5511
24198,2011567949,Braga,41.572565999999995,-8.695523,EN103,11.23,2,0,0,1.0,50,Sem berma ou impraticável,Molhado,Dois sentidos,Chuva,Em entroncamento,Dentro das localidades,Em pleno dia,Com inclinação,Recta,Em plena via,Colisão,QUINTA-FEIRA ,0,2,32,2011-09-10,10,ligeiro,Sim,Sim,Nao,449.3,1,3,32,5511
24199,2011573950,Braga,41.410274,-8.320264,EN105,41.28,1,0,0,1.0,50,Berma pavimentada,Molhado,Dois sentidos,Chuva,Fora da intersecção,Dentro das localidades,"Noite, com iluminação",Em patamar,Recta,Em plena via,Atropelamento,QUARTA-FEIRA ,0,1,32,2011-10-24,18,ligeiro,Nao,Sim,Nao,449.3,1,3,32,5511
24203,2012628868,Braga,41.568220000000004,-8.680863,EN103,12.6,1,0,0,1.0,50,Sem berma ou impraticável,Seco e limpo,Dois sentidos,Bom tempo,Fora da intersecção,Fora das localidades,Em pleno dia,Com inclinação,Recta,Na berma,Despiste,SÁBADO       ,0,1,32,2012-06-28,15,ligeiro,Sim,Nao,Sim,449.3,1,3,32,5511
24204,2012645017,Braga,41.408713,-8.322881,EN105,41.0,2,0,0,1.0,50,Berma pavimentada,Seco e limpo,Dois sentidos,Bom tempo,Fora da intersecção,Dentro das localidades,Em pleno dia,Com inclinação,Curva,Em plena via,Colisão,QUARTA-FEIRA ,0,2,32,2012-09-08,7,ligeiro,Sim,Nao,Sim,449.3,1,3,32,5511
24210,2008343995,Braga,41.399842,-8.323139999999999,EN105,40.0,1,0,0,3.0,50,Berma pavimentada,Seco e limpo,Dois sentidos,Bom tempo,Em entroncamento,Dentro das localidades,"Noite, com iluminação",Em patamar,Curva,Em plena via,Colisão,QUINTA-FEIRA ,0,2,32,2008-10-11,19,ligeiro,Nao,Nao,Sim,449.3,1,3,32,5511
24216,2011567578,Braga,41.425038,-8.434521,ER206,30.0,1,0,0,1.0,50,Berma pavimentada,Seco e limpo,Dois sentidos,Bom tempo,Em entroncamento,Dentro das localidades,Em pleno dia,Em patamar,Recta,Em plena via,Colisão,SÁBADO       ,0,2,32,2011-09-06,16,ligeiro,Sim,Nao,Sim,449.3,1,3,32,5511
24217,2011505892,Braga,41.403397,-8.323097,EN105,40.4,1,0,0,1.0,50,Sem berma ou impraticável,Molhado,Dois sentidos,Chuva,Fora da intersecção,Dentro das localidades,"Noite, com iluminação",Em patamar,Recta,Em plena via,Colisão,SEXTA-FEIRA  ,0,2,32,2010-11-13,19,ligeiro,Nao,Sim,Nao,449.3,1,3,32,5511
24222,2011542747,Braga,41.397606,-8.325161999999999,EN105,39.7,1,0,0,1.0,50,Berma pavimentada,Seco e limpo,Dois sentidos,Bom tempo,Fora da intersecção,Dentro das localidades,Em pleno dia,Em patamar,Recta,Na berma,Atropelamento,SÁBADO       ,0,1,32,2011-05-26,17,ligeiro,Sim,Nao,Sim,449.3,1,3,32,5511
24223,2012630173,Braga,41.424443,-8.435607000000001,ER206,29.89,0,1,0,1.0,50,Berma pavimentada,Seco e limpo,Dois sentidos,Bom tempo,Fora da intersecção,Dentro das localidades,"Noite, com iluminação",Com inclinação,Recta,Na berma,Atropelamento,DOMINGO      ,0,1,32,2012-07-16,21,ligeiro,Nao,Nao,Sim,449.3,1,3,32,5511
24224,2010468621,Braga,41.569140999999995,-8.682856,EN103,12.4,1,0,0,1.0,50,Sem berma ou impraticável,Seco e limpo,Dois sentidos,Bom tempo,Fora da intersecção,Dentro das localidades,Em pleno dia,Com inclinação,Recta,Em plena via,Colisão,DOMINGO      ,0,3,32,2010-06-14,8,ligeiro,Sim,Nao,Sim,449.3,1,3,32,5511
24225,2009349135,Braga,41.423211,-8.437855,ER206,29.65,1,0,0,1.0,50,Berma pavimentada,Seco e limpo,Dois sentidos,Bom tempo,Fora da intersecção,Dentro das localidades,"Noite, com iluminação",Em patamar,Recta,Em plena via,Atropelamento,SEGUNDA-FEIRA,0,1,32,2008-11-17,20,ligeiro,Nao,Nao,Sim,449.3,1,3,32,5511
24226,2011512204,Braga,41.407441999999996,-8.323435,EN105,40.85,4,0,0,1.0,50,Berma pavimentada,Molhado,Dois sentidos,Chuva,Fora da intersecção,Dentro das localidades,Em pleno dia,Em patamar,Curva,Em plena via,Colisão,DOMINGO      ,0,3,32,2010-12-19,18,ligeiro,Sim,Sim,Nao,449.3,1,3,32,5511
24227,2009349475,Braga,41.410855,-8.319042999999999,EN105,41.4,1,0,0,1.0,50,Sem berma ou impraticável,Seco e limpo,Dois sentidos,Bom tempo,Fora da intersecção,Dentro das localidades,"Noite, com iluminação",Em patamar,Recta,Em plena via,Atropelamento,SEXTA-FEIRA  ,0,1,32,2008-11-26,19,ligeiro,Nao,Nao,Sim,449.3,1,3,32,5511
24229,2011512207,Braga,41.407887,-8.323346,EN105,40.9,4,0,0,1.0,50,Berma pavimentada,Seco e limpo,Dois sentidos,Bom tempo,Fora da intersecção,Dentro das localidades,"Noite, com iluminação",Em patamar,Curva,Em plena via,Colisão,SEXTA-FEIRA  ,0,2,32,2010-12-23,10,ligeiro,Nao,Nao,Sim,449.3,1,3,32,5511
24230,2008322694,Braga,41.410198,-8.320427,EN105,41.26,2,2,1,1.0,50,Berma não pavimentada,Seco e limpo,Dois sentidos,Bom tempo,Fora da intersecção,Dentro das localidades,"Noite, com iluminação",Em patamar,Recta,Em plena via,Colisão,TERÇA-FEIRA  ,0,2,32,2008-04-27,0,grave,Nao,Nao,Sim,449.3,1,3,32,5511
24231,2008333227,Braga,41.408713,-8.322881,EN105,41.0,1,0,0,1.0,50,Sem berma ou impraticável,Seco e limpo,Dois sentidos,Bom tempo,Fora da intersecção,Dentro das localidades,Em pleno dia,Em patamar,Recta,Em plena via,Colisão,QUARTA-FEIRA ,0,2,32,2008-07-05,15,ligeiro,Sim,Nao,Sim,449.3,1,3,32,5511
24234,2008337329,Braga,41.398339,-8.324464,EN105,39.8,2,0,0,1.0,50,Sem berma ou impraticável,Seco e limpo,Dois sentidos,Bom tempo,Fora da intersecção,Dentro das localidades,Em pleno dia,Em patamar,Recta,Em plena via,Colisão,SEGUNDA-FEIRA,0,2,32,2008-08-07,14,ligeiro,Sim,Nao,Sim,449.3,1,3,32,5511
24236,2011529044,Braga,41.405193,-8.323288,EN105,40.6,1,0,0,1.0,50,Berma pavimentada,Seco e limpo,Dois sentidos,Bom tempo,Fora da intersecção,Dentro das localidades,Em pleno dia,Em patamar,Recta,Em plena via,Colisão,SÁBADO       ,0,2,32,2011-03-02,16,ligeiro,Sim,Nao,Sim,449.3,1,3,32,5511
24237,2011566063,Braga,41.410855,-8.319042999999999,EN105,41.4,0,1,0,1.0,50,Berma pavimentada,Seco e limpo,Dois sentidos,Bom tempo,Fora da intersecção,Dentro das localidades,Em pleno dia,Em patamar,Recta,Em plena via,Atropelamento,SEGUNDA-FEIRA,0,1,32,2011-09-19,13,ligeiro,Sim,Nao,Sim,449.3,1,3,32,5511
24240,2008343989,Braga,41.541334,-8.216652,ER207,65.85,1,0,0,1.0,50,Berma pavimentada,Molhado,Dois sentidos,Chuva,Fora da intersecção,Dentro das localidades,Em pleno dia,Em patamar,Recta,Em plena via,Colisão,QUINTA-FEIRA ,0,2,32,2008-10-16,16,ligeiro,Sim,Sim,Nao,449.3,1,3,32,5511
24242,2013671605,Braga,41.41037,-8.32006,EN105,41.3,1,0,0,1.0,50,Berma pavimentada,Molhado,Dois sentidos,Chuva,Fora da intersecção,Dentro das localidades,"Noite, com iluminação",Com inclinação,Recta,Em plena via,Atropelamento,SEGUNDA-FEIRA,0,1,32,2012-12-12,20,ligeiro,Nao,Sim,Nao,449.3,1,3,32,5511
24243,2008310608,Braga,41.399842,-8.323139999999999,EN105,40.0,1,0,0,1.0,50,Berma pavimentada,Seco e limpo,Dois sentidos,Bom tempo,Em ramo de ligação - entrada,Dentro das localidades,"Noite, com iluminação",Em patamar,Curva,Em plena via,Colisão,SEXTA-FEIRA  ,0,2,32,2008-02-15,20,ligeiro,Nao,Nao,Sim,449.3,1,3,32,5511
24244,2007276110,Braga,41.399842,-8.323139999999999,EN105,40.0,1,0,0,1.0,50,Berma pavimentada,Seco e limpo,Dois sentidos,Bom tempo,Fora da intersecção,Dentro das localidades,"Noite, com iluminação",Em patamar,Curva,Em plena via,Colisão,SÁBADO       ,0,2,32,2007-03-11,21,ligeiro,Nao,Nao,Sim,449.3,1,3,32,5511
24245,2010424122,Braga,41.406721999999995,-8.323414999999999,EN105,40.77,1,0,0,1.0,50,Berma pavimentada,Molhado,Dois sentidos,Chuva,Em entroncamento,Dentro das localidades,"Noite, com iluminação",Em patamar,Recta,Em plena via,Despiste,QUINTA-FEIRA ,0,1,32,2009-10-04,23,ligeiro,Nao,Sim,Nao,449.3,1,3,32,5511
24250,2010442039,Braga,41.409876000000004,-8.321067,EN105,41.2,1,0,0,1.0,50,Berma pavimentada,Húmido,Dois sentidos,Bom tempo,Em cruzamento,Dentro das localidades,"Noite, com iluminação",Em patamar,Recta,Em plena via,Colisão,SÁBADO       ,0,2,32,2010-01-11,21,ligeiro,Nao,Nao,Nao,449.3,1,3,32,5511
24251,2009409861,Braga,41.424516,-8.435473,ER206,29.9,2,0,0,1.0,50,Berma pavimentada,Seco e limpo,Dois sentidos,Bom tempo,Fora da intersecção,Dentro das localidades,Em pleno dia,Em patamar,Recta,Em plena via,Colisão,SÁBADO       ,0,3,32,2009-08-04,16,ligeiro,Sim,Nao,Sim,449.3,1,3,32,5511
24252,2010477728,Braga,41.424256,-8.43595,ER206,29.85,1,0,0,1.0,50,Berma não pavimentada,Seco e limpo,Dois sentidos,Bom tempo,Fora da intersecção,Dentro das localidades,Em pleno dia,Em patamar,Recta,Em plena via,Colisão,TERÇA-FEIRA  ,0,3,32,2010-07-08,12,ligeiro,Sim,Nao,Sim,449.3,1,3,32,5511
24254,2010469682,Braga,41.572072,-8.688682,EN103,11.8,1,0,0,1.0,50,Berma não pavimentada,Seco e limpo,Dois sentidos,Bom tempo,Em entroncamento,Dentro das localidades,Em pleno dia,Em patamar,Curva,Em plena via,Colisão,SEXTA-FEIRA  ,0,4,32,2010-06-29,19,ligeiro,Sim,Nao,Sim,449.3,1,3,32,5511