,COD_ACIDENTE,DISTRITO,LATITUDE,LONGITUDE,VIA,KM,QT_FLIGEIROS,QT_FGRAVES,QT_MORTOS,QT_VIAS_SENTIDO,VEL_LIM_LOCAL,BERMA_VIA,CONDICAO_ADERENCIA,FAIXA_RODAGEM,FATOR_ATMOSFERICO,INTERSECAO_VIA,LOCALIZACAO,LUMINOSIDADE,PERFIL_VIA,PLANTA_VIA,SITUACAO_ACIDENTE,TIPO_NATUREZA,DIA_SEMANA,FLAG_FERIADO,QT_VEICULOS,COD_FREGUESIA,DATA,HORA,GRAVIDADE,ERA_DIA,MAU_TEMPO,ESTRADA_SECA,DENSIDADE_TOTAL,COD_DISTRITO_INE,COD_CONCELHO_INE,COD_FREGUESIA_INE,TOTAL
24256,2011540684,Braga,41.408838,-8.318012,A7,40.9,3,0,0,2.0,120,Berma pavimentada,Seco e limpo,Sentido único,Bom tempo,Fora da intersecção,Fora das localidades,Em pleno dia,Com inclinação,Curva,Na berma,Despiste,TERÇA-FEIRA  ,0,1,32,2011-05-06,13,ligeiro,Sim,Nao,Sim,449.3,1,3,32,5511
24260,2007285325,Braga,41.405193,-8.323288,EN105,40.6,1,0,0,1.0,50,Berma pavimentada,Seco e limpo,Dois sentidos,Bom tempo,NÃO DEFINIDO,Dentro das localidades,Em pleno dia,Em patamar,Recta,Em plena via,Colisão,QUARTA-FEIRA ,0,2,32,2007-06-02,18,ligeiro,Sim,Nao,Sim,449.3,1,3,32,5511
24261,2009350657,Braga,41.423995,-8.436427,ER206,29.8,1,0,0,1.0,50,Berma pavimentada,Seco e limpo,Dois sentidos,Bom tempo,Fora da intersecção,Dentro das localidades,"Noite, com iluminação",Em patamar,Recta,Em plena via,Colisão,SÁBADO       ,0,3,32,2008-11-27,18,ligeiro,Nao,Nao,Sim,449.3,1,3,32,5511
24262,2009355139,Braga,41.409876000000004,-8.321067,EN105,41.2,2,0,0,1.0,50,Berma pavimentada,Seco e limpo,Dois sentidos,Bom tempo,Em entroncamento,Dentro das localidades,"Noite, com iluminação",Em patamar,Recta,Em plena via,Colisão,SEGUNDA-FEIRA,0,2,32,2008-12-21,1,ligeiro,Nao,Nao,Sim,449.3,1,3,32,5511
24263,2009390950,Braga,41.426438,-8.432001,ER206,30.25,1,0,0,1.0,50,Berma pavimentada,Seco e limpo,Dois sentidos,Bom tempo,Em entroncamento,Dentro das localidades,Em pleno dia,Em patamar,Recta,Em plena via,Colisão,SÁBADO       ,0,4,32,2009-06-03,19,ligeiro,Sim,Nao,Sim,449.3,1,3,32,5511
24266,2013671590,Braga,41.410128,-8.320568,EN105,41.25,1,0,0,1.0,50,Sem berma ou impraticável,Seco e limpo,Dois sentidos,Bom tempo,Fora da intersecção,Dentro das localidades,"Noite, com iluminação",Com inclinação,Recta,Na berma,Despiste,SEGUNDA-FEIRA,0,1,32,2012-12-01,23,ligeiro,Nao,Nao,Sim,449.3,1,3,32,5511
24271,2012591654,Braga,41.571674,-8.687631,EN103,11.9,2,0,0,1.0,50,Berma pavimentada,Seco e limpo,Dois sentidos,Bom tempo,Fora da intersecção,Dentro das localidades,Em pleno dia,Com inclinação,Recta,Em plena via,Colisão,SEGUNDA-FEIRA,0,2,32,2011-12-30,16,ligeiro,Sim,Nao,Sim,449.3,1,3,32,5511
24272,2007291131,Braga,41.423474,-8.437381,ER206,29.7,2,0,0,1.0,90,Berma pavimentada,Seco e limpo,Dois sentidos,Bom tempo,Fora da intersecção,Fora das localidades,Em pleno dia,Em patamar,Recta,Em plena via,Colisão,SEXTA-FEIRA  ,0,2,32,2007-06-26,18,ligeiro,Sim,Nao,Sim,449.3,1,3,32,5511
24273,2010456118,Braga,41.411111,-8.318548,EN105,41.45,1,0,0,1.0,50,Berma não pavimentada,Seco e limpo,Dois sentidos,Bom tempo,Fora da intersecção,Dentro das localidades,Em pleno dia,Com inclinação,Recta,Em plena via,Atropelamento,DOMINGO      ,0,1,32,2010-04-07,12,ligeiro,Sim,Nao,Sim,449.3,1,3,32,5511
24277,2011523616,Braga,41.428565,-8.428169,ER206,30.63,2,0,0,1.0,50,Berma pavimentada,Seco e limpo,Dois sentidos,Bom tempo,Fora da intersecção,Dentro das localidades,"Noite, com iluminação",Em patamar,Recta,Em plena via,Colisão,SEGUNDA-FEIRA,0,2,32,2011-02-04,21,ligeiro,Nao,Nao,Sim,449.3,1,3,32,5511
24279,2010421442,Braga,41.39731,-8.325438,EN105,39.66,1,0,0,1.0,50,Sem berma ou impraticável,Seco e limpo,Dois sentidos,Bom tempo,Fora da intersecção,Dentro das localidades,"Noite, com iluminação",Em patamar,Recta,Em plena via,Colisão,SEXTA-FEIRA  ,0,2,32,2009-10-11,20,ligeiro,Nao,Nao,Sim,449.3,1,3,32,5511
24281,2012597525,Braga,41.411111,-8.318548,EN105,41.45,1,0,0,2.0,50,Sem berma ou impraticável,Molhado,Dois sentidos,Chuva,Fora da intersecção,Dentro das localidades,"Noite, com iluminação",Em patamar,Recta,Em plena via,Colisão,SÁBADO       ,0,2,32,2012-01-15,21,ligeiro,Nao,Sim,Nao,449.3,1,3,32,5511
24282,2010451113,Braga,41.409876000000004,-8.321067,EN105,41.2,1,0,1,1.0,50,Berma pavimentada,Seco e limpo,Dois sentidos,Bom tempo,Fora da intersecção,Dentro das localidades,"Noite, com iluminação",Em patamar,Recta,Em plena via,Atropelamento,SEGUNDA-FEIRA,0,1,32,2010-03-10,22,ligeiro,Nao,Nao,Sim,449.3,1,3,32,5511
24283,2008323903,Braga,41.572379,-8.692882,EN103,11.45,1,0,0,1.0,50,Berma não pavimentada,Seco e limpo,Dois sentidos,Bom tempo,Fora da intersecção,Dentro das localidades,Em pleno dia,Em patamar,Recta,Em plena via,Colisão,QUARTA-FEIRA ,0,2,32,2008-04-16,14,ligeiro,Sim,Nao,Sim,449.3,1,3,32,5511
24284,2012632534,Braga,41.423995,-8.436427,ER206,29.8,2,0,0,1.0,50,Berma pavimentada,Seco e limpo,Dois sentidos,Bom tempo,Fora da intersecção,Dentro das localidades,Em pleno dia,Em patamar,Recta,Em plena via,Colisão,SÁBADO       ,0,2,32,2012-07-04,9,ligeiro,Sim,Nao,Sim,449.3,1,3,32,5511
24288,2008348464,Braga,41.410708,-8.319347,EN105,41.37,3,0,0,1.0,50,Berma pavimentada,Húmido,Dois sentidos,Bom tempo,Em entroncamento,Dentro das localidades,"Noite, com iluminação",Em patamar,Recta,Em plena via,Colisão,DOMINGO      ,0,2,32,2008-11-11,0,ligeiro,Nao,Nao,Nao,449.3,1,3,32,5511
24289,2008306519,Braga,41.399842,-8.323139999999999,EN105,40.0,5,0,0,1.0,50,Sem berma ou impraticável,Molhado,Sentido único,Chuva,Fora da intersecção,Dentro das localidades,"Noite, com iluminação",Em patamar,Recta,Em plena via,Colisão,TERÇA-FEIRA  ,0,2,32,2007-11-19,21,ligeiro,Nao,Sim,Nao,449.3,1,3,32,5511
24290,2007282256,Braga,41.406093,-8.323358,EN105,40.7,2,0,0,1.0,50,Sem berma ou impraticável,Seco e limpo,Dois sentidos,Bom tempo,Fora da intersecção,Dentro das localidades,Em pleno dia,Em patamar,Recta,Em plena via,Colisão,QUINTA-FEIRA ,0,4,32,2007-05-11,17,ligeiro,Sim,Nao,Sim,449.3,1,3,32,5511
24291,2008324001,Braga,41.399076,-8.323771,EN105,39.9,3,0,0,1.0,50,Berma pavimentada,Seco e limpo,Dois sentidos,Bom tempo,Fora da intersecção,Dentro das localidades,Aurora ou crepúsculo,Com inclinação,Recta,Em plena via,Colisão,QUINTA-FEIRA ,0,2,32,2008-04-28,5,ligeiro,Nao,Nao,Sim,449.3,1,3,32,5511
24292,2012626694,Braga,41.399076,-8.323771,EN105,39.9,1,0,0,1.0,50,Berma não pavimentada,Seco e limpo,Dois sentidos,Bom tempo,Fora da intersecção,Dentro das localidades,"Noite, com iluminação",Em patamar,Recta,Em plena via,Colisão,QUINTA-FEIRA ,0,2,32,2012-06-27,22,ligeiro,Nao,Nao,Sim,449.3,1,3,32,5511
24293,2007295634,Braga,41.571674,-8.687631,EN103,11.9,1,0,0,1.0,50,Berma pavimentada,Molhado,Dois sentidos,Chuva,Fora da intersecção,Dentro das localidades,Em pleno dia,Em patamar,Recta,Em plena via,Despiste,QUARTA-FEIRA ,0,1,32,2007-09-29,18,ligeiro,Sim,Sim,Nao,449.3,1,3,32,5511
24299,2010424137,Braga,41.401607,-8.322825,EN105,40.2,1,0,0,1.0,50,Berma pavimentada,Seco e limpo,Dois sentidos,Bom tempo,Fora da intersecção,Dentro das localidades,Em pleno dia,Em patamar,Recta,Em plena via,Colisão,SEGUNDA-FEIRA,0,2,32,2009-10-13,14,ligeiro,Sim,Nao,Sim,449.3,1,3,32,5511
24302,2008330617,Braga,41.524215000000005,-8.210134,ER207,63.3,1,0,0,1.0,90,Sem berma ou impraticável,Seco e limpo,Dois sentidos,Bom tempo,Fora da intersecção,Fora das localidades,Em pleno dia,Em patamar,Curva,Em plena via,Colisão,SEXTA-FEIRA  ,0,2,32,2008-06-03,6,ligeiro,Sim,Nao,Sim,449.3,1,3,32,5511
24304,2007281228,Braga,41.410855,-8.319042999999999,EN105,41.4,1,0,0,1.0,50,Berma não pavimentada,Seco e limpo,Dois sentidos,Bom tempo,Em entroncamento,Dentro das localidades,Em pleno dia,Com inclinação,Recta,Em plena via,Colisão,TERÇA-FEIRA  ,0,2,32,2007-04-22,10,ligeiro,Sim,Nao,Sim,449.3,1,3,32,5511
24306,2009352950,Braga,41.410855,-8.319042999999999,EN105,41.4,1,0,0,1.0,50,Berma pavimentada,Seco e limpo,Dois sentidos,Bom tempo,Fora da intersecção,Dentro das localidades,"Noite, com iluminação",Em patamar,Recta,Em plena via,Atropelamento,SÁBADO       ,0,1,32,2008-12-03,18,ligeiro,Nao,Nao,Sim,449.3,1,3,32,5511
24307,2010463523,Braga,41.409375,-8.322069,EN105,41.1,1,0,0,1.0,50,Berma pavimentada,Seco e limpo,Dois sentidos,Bom tempo,Fora da intersecção,Dentro das localidades,"Noite, com iluminação",Em patamar,Recta,Em plena via,Colisão,TERÇA-FEIRA  ,0,3,32,2010-05-07,22,ligeiro,Nao,Nao,Sim,449.3,1,3,32,5511
24308,2008326730,Braga,41.397236,-8.325505999999999,EN105,39.65,2,2,0,1.0,50,Berma pavimentada,Seco e limpo,Dois sentidos,Bom tempo,Fora da intersecção,Dentro das localidades,Em pleno dia,Em patamar,Recta,Em plena via,Colisão,TERÇA-FEIRA  ,0,4,32,2008-05-25,14,ligeiro,Sim,Nao,Sim,449.3,1,3,32,5511
24311,2009351814,Braga,41.409613,-8.321484,A7,40.6,1,0,0,2.0,120,Berma pavimentada,"Com gelo, geada ou neve",Sentido único,Bom tempo,Fora da intersecção,Fora das localidades,Em pleno dia,Em patamar,Curva,Em plena via,Despiste,DOMINGO      ,0,1,32,2008-12-15,7,ligeiro,Sim,Nao,Nao,449.3,1,3,32,5511
24312,2009417826,Braga,41.426549,-8.431799,ER206,30.27,1,0,0,1.0,50,Berma pavimentada,Seco e limpo,Dois sentidos,Bom tempo,Em entroncamento,Dentro das localidades,Em pleno dia,Em patamar,Recta,Em plena via,Colisão,DOMINGO      ,0,3,32,2009-09-08,12,ligeiro,Sim,Nao,Sim,449.3,1,3,32,5511
24315,2012644196,Braga,41.423995,-8.436427,ER206,29.8,1,1,0,1.0,50,Berma pavimentada,Seco e limpo,Dois sentidos,Bom tempo,Em entroncamento,Dentro das localidades,Em pleno dia,Em patamar,Recta,Em plena via,Colisão,TERÇA-FEIRA  ,0,2,32,2012-09-30,19,ligeiro,Sim,Nao,Sim,449.3,1,3,32,5511
24317,2010469698,Braga,41.425542,-8.433614,ER206,30.09,1,0,0,1.0,50,Berma não pavimentada,Seco e limpo,Dois sentidos,Bom tempo,Fora da intersecção,Dentro das localidades,Em pleno dia,Em patamar,Recta,Em plena via,Colisão,QUARTA-FEIRA ,0,2,32,2010-06-16,13,ligeiro,Sim,Nao,Sim,449.3,1,3,32,5511
24318,2011513872,Braga,41.406542,-8.3234,EN105,40.75,1,0,0,1.0,50,Berma não pavimentada,Seco e limpo,Dois sentidos,Bom tempo,Fora da intersecção,Dentro das localidades,"Noite, com iluminação",Em patamar,Recta,Em plena via,Colisão,QUINTA-FEIRA ,0,2,32,2010-12-16,17,ligeiro,Nao,Nao,Sim,449.3,1,3,32,5511
24320,2009351463,Braga,41.428397,-8.428471,ER206,30.6,1,0,0,1.0,50,Berma não pavimentada,Húmido,Dois sentidos,Chuva,Fora da intersecção,Dentro das localidades,"Noite, com iluminação",Com inclinação,Recta,Em plena via,Colisão,QUARTA-FEIRA ,0,2,32,2008-12-17,18,ligeiro,Nao,Sim,Nao,449.3,1,3,32,5511
24322,2009352951,Braga,41.410855,-8.319042999999999,EN105,41.4,2,0,0,2.0,50,Berma pavimentada,Húmido,Dois sentidos,Bom tempo,Fora da intersecção,Dentro das localidades,Em pleno dia,Em patamar,Recta,Na berma,Despiste,SEGUNDA-FEIRA,0,1,32,2008-12-10,15,ligeiro,Sim,Nao,Nao,449.3,1,3,32,5511
24323,2011523860,Braga,41.411367,-8.318052,EN105,41.5,2,0,0,1.0,50,Berma não pavimentada,Seco e limpo,Dois sentidos,Bom tempo,Em entroncamento,Dentro das localidades,"Noite, com iluminação",Em patamar,Recta,Em plena via,Colisão,SEXTA-FEIRA  ,0,2,32,2011-02-24,23,ligeiro,Nao,Nao,Sim,449.3,1,3,32,5511
24327,2007286892,Braga,41.39945,-8.323436000000001,EN105,39.95,1,0,0,1.0,50,Berma pavimentada,Seco e limpo,Dois sentidos,Bom tempo,NÃO DEFINIDO,Dentro das localidades,Aurora ou crepúsculo,Com inclinação,Curva,No passeio,Despiste,QUARTA-FEIRA ,0,1,32,2007-06-24,6,ligeiro,Nao,Nao,Sim,449.3,1,3,32,5511
24328,2007283588,Braga,41.423211,-8.437855,ER206,29.65,1,1,0,1.0,50,Berma pavimentada,Seco e limpo,Dois sentidos,Bom tempo,Fora da intersecção,Dentro das localidades,Em pleno dia,Em patamar,Recta,Em plena via,Colisão,DOMINGO      ,0,2,32,2007-05-19,18,ligeiro,Sim,Nao,Sim,449.3,1,3,32,5511
24329,2008340164,Braga,41.568771999999996,-8.681924,EN103,12.49,1,0,0,1.0,50,Berma não pavimentada,Seco e limpo,Dois sentidos,Bom tempo,Fora da intersecção,Dentro das localidades,Em pleno dia,Com inclinação,Curva,Em plena via,Colisão,DOMINGO      ,0,2,32,2008-09-26,14,ligeiro,Sim,Nao,Sim,449.3,1,3,32,5511
24330,2007300118,Braga,41.41037,-8.32006,EN105,41.3,1,0,0,1.0,50,Berma pavimentada,Seco e limpo,Dois sentidos,Bom tempo,Fora da intersecção,Dentro das localidades,Em pleno dia,Em patamar,Recta,Em plena via,Atropelamento,QUINTA-FEIRA ,0,1,32,2007-10-23,10,ligeiro,Sim,Nao,Sim,449.3,1,3,32,5511
24333,2007271439,Braga,41.516299,-8.625575,EN103,21.1,1,0,0,1.0,50,Berma pavimentada,Seco e limpo,Dois sentidos,Bom tempo,Fora da intersecção,Fora das localidades,"Noite, sem iluminação",Em patamar,Recta,Em plena via,Colisão,QUINTA-FEIRA ,0,2,8,2007-01-12,18,ligeiro,Nao,Nao,Sim,21.5,1,1,8,639
24335,2007271117,Braga,41.590901,-8.491703999999999,ER205,37.3,1,0,0,1.0,50,Sem berma ou impraticável,Seco e limpo,Dois sentidos,Bom tempo,Em entroncamento,Dentro das localidades,Em pleno dia,Em patamar,Recta,Em plena via,Colisão,QUARTA-FEIRA ,0,2,8,2007-01-11,15,ligeiro,Sim,Nao,Sim,21.5,1,1,8,639
24338,2007273133,Braga,41.382989,-8.535632000000001,EN14,24.6,2,0,0,1.0,90,Sem berma ou impraticável,Seco e limpo,Dois sentidos,Bom tempo,Fora da intersecção,Fora das localidades,Em pleno dia,Com inclinação,Recta,Em plena via,Colisão,SEXTA-FEIRA  ,0,2,8,2007-01-24,15,ligeiro,Sim,Nao,Sim,21.5,1,1,8,639
24344,2007273392,Braga,41.484003,-7.977989,EN205,106.6,1,0,0,1.0,50,Berma não pavimentada,Seco e limpo,Dois sentidos,Bom tempo,Fora da intersecção,Fora das localidades,Em pleno dia,Em patamar,Recta,Em plena via,Colisão,DOMINGO      ,0,3,8,2007-01-20,11,ligeiro,Sim,Nao,Sim,21.5,1,1,8,639
24362,2007280149,Braga,41.61992,-8.755796,EN103,2.5,4,1,0,1.0,90,Berma pavimentada,Seco e limpo,Dois sentidos,Bom tempo,Fora da intersecção,Fora das localidades,Em pleno dia,Em patamar,Recta,Em plena via,Colisão,DOMINGO      ,0,2,8,2007-04-09,10,ligeiro,Sim,Nao,Sim,21.5,1,1,8,639
24382,2007282909,Braga,41.618194,-8.75538,EN103,2.7,2,0,0,1.0,50,Berma pavimentada,Seco e limpo,Dois sentidos,Bom tempo,Em entroncamento,Dentro das localidades,Em pleno dia,Em patamar,Curva,Em plena via,Colisão,SEXTA-FEIRA  ,0,2,8,2007-05-17,13,ligeiro,Sim,Nao,Sim,21.5,1,1,8,639
24384,2007275011,Braga,41.609374,-8.740455,EN103,4.45,0,0,2,1.0,50,Berma pavimentada,Húmido,Dois sentidos,Nevoeiro,Em cruzamento,Dentro das localidades,"Noite, com iluminação",Em patamar,Recta,Em plena via,Atropelamento,SÁBADO       ,0,1,8,2007-02-11,6,grave,Nao,Sim,Nao,21.5,1,1,8,639
24385,2007275096,Braga,41.584375,-8.5007,ER205,36.2,2,0,0,1.0,50,Berma não pavimentada,Molhado,Dois sentidos,Chuva,Fora da intersecção,Dentro das localidades,"Noite, com iluminação",Com inclinação,Curva,Em plena via,Colisão,DOMINGO      ,0,2,8,2007-02-17,18,ligeiro,Nao,Sim,Nao,21.5,1,1,8,639
24404,2007278516,Braga,41.604965,-8.741197,EN103,4.95,2,0,0,1.0,80,Sem berma ou impraticável,Seco e limpo,Dois sentidos,Bom tempo,Fora da intersecção,Fora das localidades,Em pleno dia,Em patamar,Recta,Em plena via,Colisão,DOMINGO      ,0,2,8,2007-03-28,16,ligeiro,Sim,Nao,Sim,21.5,1,1,8,639
24422,2007290900,Braga,41.477036,-7.970133000000001,EN205,107.66,1,0,0,1.0,90,Berma não pavimentada,Seco e limpo,Dois sentidos,Bom tempo,Fora da intersecção,Fora das localidades,Em pleno dia,Em patamar,Recta,Em plena via,Colisão,SEXTA-FEIRA  ,0,2,8,2007-07-19,18,ligeiro,Sim,Nao,Sim,21.5,1,1,8,639
24453,2007295664,Braga,41.587002000000005,-8.301519,EN103,52.85,1,0,0,1.0,80,Berma não pavimentada,Seco e limpo,Dois sentidos,Bom tempo,NÃO DEFINIDO,Fora das localidades,Em pleno dia,Com inclinação,Recta,Em plena via,Colisão,QUINTA-FEIRA ,0,2,8,2007-09-24,19,ligeiro,Sim,Nao,Sim,21.5,1,1,8,639
24480,2007293651,Braga,41.613695,-8.743364,EN103,3.9,1,0,0,1.0,50,Sem berma ou impraticável,Seco e limpo,Dois sentidos,Bom tempo,NÃO DEFINIDO,Dentro das localidades,Em pleno dia,Em patamar,Recta,Em plena via,Despiste,QUINTA-FEIRA ,0,1,8,2007-08-21,15,ligeiro,Sim,Nao,Sim,21.5,1,1,8,639
24485,2007295005,Braga,41.372031,-8.542421000000001,EN14,23.3,0,0,1,1.0,80,NÃO DEFINIDO,Seco e limpo,Dois sentidos,Bom tempo,Fora da intersecção,Fora das localidades,"Noite, sem iluminação",Em patamar,Recta,Em plena via,Atropelamento,QUINTA-FEIRA ,0,1,8,2007-09-24,22,ligeiro,Nao,Nao,Sim,21.5,1,1,8,639
24525,2008301940,Braga,41.479865000000004,-7.976807000000001,EN206,76.35,1,0,0,1.0,80,Berma não pavimentada,Seco e limpo,Dois sentidos,NÃO DEFINIDO,Fora da intersecção,Fora das localidades,"Noite, com iluminação",Com inclinação,Recta,Em plena via,Despiste,SEGUNDA-FEIRA,0,1,8,2007-11-18,19,ligeiro,Nao,Sim,Sim,21.5,1,1,8,639
24526,2008301972,Braga,41.584005,-8.503089,ER205,35.98,1,0,0,1.0,50,Berma não pavimentada,Seco e limpo,Dois sentidos,Bom tempo,Fora da intersecção,Dentro das localidades,Em pleno dia,Em patamar,Recta,Em plena via,Atropelamento,SEGUNDA-FEIRA,0,1,8,2007-11-29,13,ligeiro,Sim,Nao,Sim,21.5,1,1,8,639
24538,2008304778,Braga,41.584396999999996,-8.499502,ER205,36.3,1,0,0,1.0,50,Sem berma ou impraticável,"Com gelo, geada ou neve",Dois sentidos,Nevoeiro,NÃO DEFINIDO,Dentro das localidades,Em pleno dia,Com inclinação,Curva,Em plena via,Colisão,SEXTA-FEIRA  ,0,2,8,2007-12-14,8,ligeiro,Sim,Sim,Nao,21.5,1,1,8,639
24541,2008323664,Braga,41.471273,-7.975091,A7,73.4,1,0,0,2.0,120,Berma pavimentada,Molhado,Sentido único,Chuva,Fora da intersecção,Fora das localidades,"Noite, sem iluminação",Com inclinação,Curva,Na berma,Despiste,SEGUNDA-FEIRA,0,1,8,2008-04-20,1,ligeiro,Nao,Sim,Nao,21.5,1,1,8,639
24543,2008310709,Braga,41.736894,-8.215962,EN307,39.75,1,0,0,1.0,50,Sem berma ou impraticável,Seco e limpo,Dois sentidos,Bom tempo,NÃO DEFINIDO,Dentro das localidades,Em pleno dia,Com inclinação,Curva,Em plena via,Colisão,SEXTA-FEIRA  ,0,2,8,2008-02-15,7,ligeiro,Sim,Nao,Sim,21.5,1,1,8,639
24583,2008318389,Braga,41.60305,-8.740853,EN103,5.17,2,0,0,1.0,50,Berma não pavimentada,Seco e limpo,Dois sentidos,Bom tempo,Fora da intersecção,Dentro das localidades,Em pleno dia,Com inclinação,Recta,Em plena via,Colisão,SEGUNDA-FEIRA,0,2,8,2008-02-23,14,ligeiro,Sim,Nao,Sim,21.5,1,1,8,639
24589,2008322050,Braga,41.598489,-8.739289999999999,EN103,5.7,1,0,0,1.0,50,Berma pavimentada,Seco e limpo,Dois sentidos,Bom tempo,Fora da intersecção,Dentro das localidades,Em pleno dia,Em patamar,Recta,Em plena via,Colisão,DOMINGO      ,0,1,8,2008-03-05,7,ligeiro,Sim,Nao,Sim,21.5,1,1,8,639
24590,2008322190,Braga,41.588646999999995,-8.736063,EN103,6.85,1,0,0,1.0,50,Berma não pavimentada,Seco e limpo,Dois sentidos,Bom tempo,Fora da intersecção,Dentro das localidades,"Noite, sem iluminação",Em patamar,Recta,Na berma,Despiste,DOMINGO      ,0,1,8,2008-03-22,23,ligeiro,Nao,Nao,Sim,21.5,1,1,8,639
24602,2008336965,Braga,41.607734,-8.353945,ER205-4,1.3,1,0,0,1.0,50,Berma pavimentada,Seco e limpo,Dois sentidos,Bom tempo,Em entroncamento,Dentro das localidades,Em pleno dia,Em Lomba,Recta,Na berma,Despiste,SÁBADO       ,0,1,8,2008-08-22,18,ligeiro,Sim,Nao,Sim,21.5,1,1,8,639
24609,2008340174,Braga,41.595245,-8.482903,ER205,38.18,1,0,0,2.0,50,Sem berma ou impraticável,Seco e limpo,Dois sentidos,Bom tempo,Fora da intersecção,Dentro das localidades,Em pleno dia,Em patamar,Recta,Em plena via,Colisão,SEGUNDA-FEIRA,0,2,8,2008-09-21,17,ligeiro,Sim,Nao,Sim,21.5,1,1,8,639
24625,2008330245,Braga,41.480697,-7.97438,EN205,107.1,1,0,0,1.0,50,Berma não pavimentada,Seco e limpo,Dois sentidos,Bom tempo,Fora da intersecção,Dentro das localidades,"Noite, sem iluminação",Em patamar,Recta,Na berma,Despiste,QUARTA-FEIRA ,0,1,8,2008-06-18,2,ligeiro,Nao,Nao,Sim,21.5,1,1,8,639
24633,2008333669,Braga,41.589040000000004,-8.736346000000001,EN103,6.8,7,0,0,2.0,50,Berma pavimentada,Molhado,Dois sentidos,Chuva,Fora da intersecção,Dentro das localidades,Em pleno dia,Em patamar,Curva,Em plena via,Colisão,DOMINGO      ,0,2,8,2008-07-25,15,ligeiro,Sim,Sim,Nao,21.5,1,1,8,639
24639,2008348465,Braga,41.381359,-8.529995,A7,19.03,1,0,0,2.0,120,Berma pavimentada,Molhado,Sentido único,Chuva,Fora da intersecção,Fora das localidades,Em pleno dia,Em patamar,Curva,Em plena via,Despiste,SÁBADO       ,0,1,8,2008-11-04,15,ligeiro,Sim,Sim,Nao,21.5,1,1,8,639
24652,2009366748,Braga,41.614548,-8.744761,EN103,3.75,1,0,0,1.0,50,Berma não pavimentada,Seco e limpo,Dois sentidos,Bom tempo,Fora da intersecção,Dentro das localidades,Em pleno dia,Em patamar,Recta,Em plena via,Colisão,SEGUNDA-FEIRA,0,3,8,2009-03-11,7,ligeiro,Sim,Nao,Sim,21.5,1,1,8,639
24672,2008330382,Braga,41.601034999999996,-8.367066000000001,ER205-4,2.7,1,0,0,1.0,50,Berma não pavimentada,Seco e limpo,Dois sentidos,Bom tempo,Fora da intersecção,Dentro das localidades,Em pleno dia,Em patamar,Curva,Em plena via,Atropelamento,SEXTA-FEIRA  ,0,1,8,2008-06-03,8,ligeiro,Sim,Nao,Sim,21.5,1,1,8,639
24692,2009359675,Braga,41.47688,-7.9697070000000005,EN205,107.7,2,0,0,1.0,50,Berma não pavimentada,Seco e limpo,Dois sentidos,Bom tempo,Fora da intersecção,Dentro das localidades,"Noite, com iluminação",Em patamar,Recta,Em plena via,Colisão,QUINTA-FEIRA ,0,3,8,2009-02-19,18,ligeiro,Nao,Nao,Sim,21.5,1,1,8,639
24694,2008328358,Braga,41.583828999999994,-8.314012,EN103,51.7,1,0,0,1.0,70,Berma pavimentada,Seco e limpo,Dois sentidos,Bom tempo,Fora da intersecção,Fora das localidades,Em pleno dia,Em patamar,Recta,Em plena via,Colisão,QUINTA-FEIRA ,0,3,8,2008-05-04,18,ligeiro,Sim,Nao,Sim,21.5,1,1,8,639
24719,2008339846,Braga,41.603651,-8.741067,EN103,5.1,1,0,0,1.0,50,Berma pavimentada,Seco e limpo,Dois sentidos,Bom tempo,Em cruzamento,Dentro das localidades,Em pleno dia,Em patamar,Recta,Em plena via,Atropelamento,TERÇA-FEIRA  ,0,1,8,2008-09-16,18,ligeiro,Sim,Nao,Sim,21.5,1,1,8,639
24730,2009361248,Braga,41.588778000000005,-8.494761,ER205,36.95,0,1,0,2.0,50,Berma pavimentada,Seco e limpo,Dois sentidos,Bom tempo,Em cruzamento,Dentro das localidades,Em pleno dia,Em patamar,Recta,Em plena via,Colisão,QUARTA-FEIRA ,0,2,8,2009-02-24,15,ligeiro,Sim,Nao,Sim,21.5,1,1,8,639
24739,2009391547,Braga,41.588446000000005,-8.495175,ER205,36.9,7,0,0,2.0,50,Berma pavimentada,Seco e limpo,Dois sentidos,Bom tempo,Em cruzamento,Dentro das localidades,"Noite, sem iluminação",Em patamar,Recta,Em plena via,Colisão,DOMINGO      ,0,3,8,2009-06-20,22,ligeiro,Nao,Nao,Sim,21.5,1,1,8,639
24755,2009394624,Braga,41.584396999999996,-8.499502,ER205,36.3,3,0,0,1.0,50,Sem berma ou impraticável,Seco e limpo,Dois sentidos,Bom tempo,Fora da intersecção,Dentro das localidades,Em pleno dia,Com inclinação,Curva,Em plena via,Colisão,SÁBADO       ,0,2,8,2009-07-07,15,ligeiro,Sim,Nao,Sim,21.5,1,1,8,639
24759,2009399660,Braga,41.386629,-8.529071,EN14,25.23,1,0,0,1.0,50,Berma pavimentada,Seco e limpo,Dois sentidos,Bom tempo,Em entroncamento,Dentro das localidades,Em pleno dia,Com inclinação,Curva,Em plena via,Colisão,SEXTA-FEIRA  ,0,2,8,2009-07-17,11,ligeiro,Sim,Nao,Sim,21.5,1,1,8,639
24760,2009400502,Braga,41.589838,-8.736307,EN103,6.71,2,0,0,1.0,50,Berma não pavimentada,Seco e limpo,Dois sentidos,Bom tempo,Fora da intersecção,Dentro das localidades,"Noite, sem iluminação",Em patamar,Curva,Em plena via,Colisão,TERÇA-FEIRA  ,0,2,8,2009-07-20,0,ligeiro,Nao,Nao,Sim,21.5,1,1,8,639