,COD_ACIDENTE,DISTRITO,LATITUDE,LONGITUDE,VIA,KM,QT_FLIGEIROS,QT_FGRAVES,QT_MORTOS,QT_VIAS_SENTIDO,VEL_LIM_LOCAL,BERMA_VIA,CONDICAO_ADERENCIA,FAIXA_RODAGEM,FATOR_ATMOSFERICO,INTERSECAO_VIA,LOCALIZACAO,LUMINOSIDADE,PERFIL_VIA,PLANTA_VIA,SITUACAO_ACIDENTE,TIPO_NATUREZA,DIA_SEMANA,FLAG_FERIADO,QT_VEICULOS,COD_FREGUESIA,DATA,HORA,GRAVIDADE,ERA_DIA,MAU_TEMPO,ESTRADA_SECA,DENSIDADE_TOTAL,COD_DISTRITO_INE,COD_CONCELHO_INE,COD_FREGUESIA_INE,TOTAL
24761,2009400504,Braga,41.595901,-8.738437,EN103,6.0,6,0,0,1.0,50,Berma não pavimentada,Seco e limpo,Dois sentidos,Bom tempo,Em entroncamento,Dentro das localidades,Em pleno dia,Com inclinação,Recta,Em plena via,Colisão,SÁBADO       ,0,2,8,2009-07-18,9,ligeiro,Sim,Nao,Sim,21.5,1,1,8,639
24771,2009373461,Braga,41.584809,-8.321013,EN103,51.07,1,0,0,1.0,90,Berma pavimentada,Seco e limpo,Dois sentidos,Bom tempo,Em entroncamento,Fora das localidades,Em pleno dia,Com inclinação,Curva,Em plena via,Colisão,DOMINGO      ,0,2,8,2009-04-19,19,ligeiro,Sim,Nao,Sim,21.5,1,1,8,639
24775,2009373209,Braga,41.588324,-8.735659,EN103,6.9,1,0,0,1.0,50,Berma pavimentada,Molhado,Dois sentidos,Chuva,Fora da intersecção,Dentro das localidades,Em pleno dia,Em patamar,Curva,Em plena via,Despiste,SEXTA-FEIRA  ,0,1,8,2009-04-06,12,ligeiro,Sim,Sim,Nao,21.5,1,1,8,639
24838,2010429510,Braga,41.374976000000004,-8.542003,EN14,23.6,2,0,0,1.0,50,Berma pavimentada,Molhado,Dois sentidos,Chuva,Em entroncamento,Dentro das localidades,Em pleno dia,Em patamar,Recta,Em plena via,Colisão,SEXTA-FEIRA  ,0,2,8,2009-11-25,11,ligeiro,Sim,Sim,Nao,21.5,1,1,8,639
24882,2010433203,Braga,41.482946999999996,-8.345945,EN101,105.3,0,1,0,1.0,50,Berma pavimentada,Molhado,Dois sentidos,Chuva,Fora da intersecção,Dentro das localidades,"Noite, com iluminação",Em patamar,Recta,Em plena via,Atropelamento,TERÇA-FEIRA  ,0,1,8,2009-12-21,18,ligeiro,Nao,Sim,Nao,21.5,1,1,8,639
24901,2010457454,Braga,41.332275,-8.038361,EN210,28.18,1,0,0,1.0,50,Berma pavimentada,Seco e limpo,Dois sentidos,Bom tempo,Em entroncamento,Dentro das localidades,Em pleno dia,Em patamar,Curva,Em plena via,Despiste,TERÇA-FEIRA  ,1,1,8,2010-04-25,18,ligeiro,Sim,Nao,Sim,21.5,1,1,8,639
24904,2010457459,Braga,41.595841,-8.481689999999999,ER205,38.3,1,0,0,1.0,50,Sem berma ou impraticável,Seco e limpo,Dois sentidos,Bom tempo,Fora da intersecção,Dentro das localidades,Em pleno dia,Em patamar,Recta,Em plena via,Colisão,SEGUNDA-FEIRA,0,2,8,2010-04-30,15,ligeiro,Sim,Nao,Sim,21.5,1,1,8,639
24906,2010456395,Braga,41.57038,-8.145735,ER205,79.6,3,0,0,1.0,50,Sem berma ou impraticável,Seco e limpo,Dois sentidos,Bom tempo,Fora da intersecção,Dentro das localidades,Em pleno dia,Em patamar,Curva,Em plena via,Colisão,QUINTA-FEIRA ,1,2,8,2010-04-04,18,ligeiro,Sim,Nao,Sim,21.5,1,1,8,639
24935,2010463670,Braga,41.593847,-8.485713,ER205,37.9,1,0,0,1.0,50,Berma pavimentada,Seco e limpo,Dois sentidos,Bom tempo,Fora da intersecção,Dentro das localidades,Em pleno dia,Em patamar,Recta,Em plena via,Colisão,DOMINGO      ,0,2,8,2010-05-05,8,ligeiro,Sim,Nao,Sim,21.5,1,1,8,639
24936,2010463673,Braga,41.584140999999995,-8.501216000000001,ER205,36.15,1,0,0,1.0,50,Berma pavimentada,Húmido,Dois sentidos,Chuva,Fora da intersecção,Dentro das localidades,Em pleno dia,Com inclinação,Curva,Em plena via,Colisão,TERÇA-FEIRA  ,0,3,8,2010-05-12,17,ligeiro,Sim,Sim,Nao,21.5,1,1,8,639
24940,2010445898,Braga,41.596762,-8.738728,EN103,5.9,1,0,0,1.0,50,Berma pavimentada,Molhado,Dois sentidos,Chuva,Fora da intersecção,Dentro das localidades,Em pleno dia,Com inclinação,Recta,Em plena via,Colisão,DOMINGO      ,0,3,8,2010-02-04,15,ligeiro,Sim,Sim,Nao,21.5,1,1,8,639
24964,2010486981,Braga,41.572361,-8.130207,ER205,82.5,1,0,0,2.0,50,Sem berma ou impraticável,Seco e limpo,Dois sentidos,Bom tempo,Fora da intersecção,Dentro das localidades,Em pleno dia,Com inclinação,Recta,Em plena via,Colisão,SÁBADO       ,1,4,8,2010-08-15,14,ligeiro,Sim,Nao,Sim,21.5,1,1,8,639
24975,2010486558,Braga,41.584604,-8.317323,EN103,51.4,1,0,0,1.0,50,Berma pavimentada,Molhado,Dois sentidos,Chuva,Fora da intersecção,Fora das localidades,Em pleno dia,Em patamar,Curva,Em plena via,Colisão,TERÇA-FEIRA  ,0,3,8,2010-08-23,11,ligeiro,Sim,Sim,Nao,21.5,1,1,8,639
24999,2010478928,Braga,41.471273,-7.975091,A7,73.4,1,0,0,2.0,120,Berma pavimentada,Seco e limpo,Sentido único,Bom tempo,Fora da intersecção,Fora das localidades,Em pleno dia,Com inclinação,Curva,Na berma,Despiste,QUARTA-FEIRA ,0,1,8,2010-07-26,17,ligeiro,Sim,Nao,Sim,21.5,1,1,8,639
25006,2010477696,Braga,41.591542,-8.490408,ER205,37.43,1,0,0,1.0,50,Sem berma ou impraticável,Seco e limpo,Dois sentidos,Bom tempo,Fora da intersecção,Dentro das localidades,Em pleno dia,Em patamar,Recta,Na berma,Despiste,DOMINGO      ,0,1,8,2010-07-01,12,ligeiro,Sim,Nao,Sim,21.5,1,1,8,639
25022,2010491587,Braga,41.484003,-7.977989,EN205,106.6,3,0,0,2.0,50,Sem berma ou impraticável,Seco e limpo,Dois sentidos,Bom tempo,Em entroncamento,Dentro das localidades,Em pleno dia,Com inclinação,Recta,Em plena via,Colisão,SÁBADO       ,0,2,8,2010-09-29,19,ligeiro,Sim,Nao,Sim,21.5,1,1,8,639
25045,2010496272,Braga,41.616964,-8.754822,EN103,2.85,2,0,0,1.0,50,Berma pavimentada,Molhado,Dois sentidos,Chuva,Fora da intersecção,Dentro das localidades,"Noite, com iluminação",Em patamar,Recta,Em plena via,Colisão,QUARTA-FEIRA ,0,3,8,2010-10-03,20,ligeiro,Nao,Sim,Nao,21.5,1,1,8,639
25046,2010496275,Braga,41.615864,-8.74981,EN103,3.3,2,0,0,1.0,50,Berma pavimentada,Seco e limpo,Dois sentidos,Bom tempo,Em cruzamento,Dentro das localidades,Em pleno dia,Em patamar,Recta,Em plena via,Colisão,SÁBADO       ,0,2,8,2010-10-11,16,ligeiro,Sim,Nao,Sim,21.5,1,1,8,639
25048,2011500386,Braga,41.585302,-8.505516,ER205,35.7,5,0,0,1.0,50,Berma pavimentada,Molhado,Sentido único,Chuva,Fora da intersecção,Dentro das localidades,"Noite, com iluminação",Com inclinação,Curva,Em plena via,Colisão,TERÇA-FEIRA  ,0,2,8,2010-10-30,19,ligeiro,Nao,Sim,Nao,21.5,1,1,8,639
25066,2011506750,Braga,41.584586,-8.317404,EN103,51.39,1,0,0,1.0,50,Berma pavimentada,Húmido,Dois sentidos,Bom tempo,Fora da intersecção,Dentro das localidades,Em pleno dia,Em patamar,Curva,Em plena via,Despiste,TERÇA-FEIRA  ,0,1,8,2010-11-22,13,ligeiro,Sim,Nao,Nao,21.5,1,1,8,639
25106,2011523874,Braga,41.588324,-8.735659,EN103,6.9,1,0,0,1.0,50,Berma pavimentada,Húmido,Dois sentidos,Bom tempo,Fora da intersecção,Fora das localidades,Em pleno dia,Em patamar,Curva,Em plena via,Despiste,TERÇA-FEIRA  ,0,1,8,2011-02-21,8,ligeiro,Sim,Nao,Nao,21.5,1,1,8,639
25108,2011518981,Braga,41.508632,-8.618449,A11,11.53,1,0,0,2.0,120,Berma pavimentada,Molhado,Sentido único,Chuva,Fora da intersecção,Fora das localidades,Em pleno dia,Em patamar,Recta,Em plena via,Despiste,SÁBADO       ,0,1,8,2011-01-10,12,ligeiro,Sim,Sim,Nao,21.5,1,1,8,639
25115,2011519225,Braga,41.595144,-8.483105,ER205,38.16,1,0,0,1.0,50,Berma não pavimentada,Molhado,Dois sentidos,Chuva,Fora da intersecção,Dentro das localidades,"Noite, sem iluminação",Em patamar,Recta,Na berma,Atropelamento,SÁBADO       ,0,1,8,2011-01-10,18,ligeiro,Nao,Sim,Nao,21.5,1,1,8,639
25132,2011528997,Braga,41.584432,-8.315607,EN103,51.55,1,0,0,1.0,50,Berma pavimentada,Molhado,Dois sentidos,Chuva,Fora da intersecção,Dentro das localidades,"Noite, sem iluminação",Com inclinação,Recta,Na berma,Despiste,SÁBADO       ,0,1,8,2011-03-13,6,ligeiro,Nao,Sim,Nao,21.5,1,1,8,639
25139,2011529673,Braga,41.480160999999995,-7.976239,EN206,76.4,1,0,0,1.0,50,Sem berma ou impraticável,Seco e limpo,Dois sentidos,Bom tempo,Fora da intersecção,Dentro das localidades,Em pleno dia,Com inclinação,Curva,Em plena via,Despiste,SEGUNDA-FEIRA,0,1,8,2011-04-07,15,ligeiro,Sim,Nao,Sim,21.5,1,1,8,639
25165,2011540690,Braga,41.588603000000006,-8.322389,EN103,50.6,1,0,0,1.0,50,Berma pavimentada,Molhado,Dois sentidos,Chuva,Fora da intersecção,Dentro das localidades,"Noite, sem iluminação",Em patamar,Curva,Em plena via,Colisão,QUARTA-FEIRA ,1,2,8,2011-05-01,21,ligeiro,Nao,Sim,Nao,21.5,1,1,8,639
25180,2011548705,Braga,41.584487,-8.320457000000001,EN103,51.13,2,0,0,1.0,90,Berma pavimentada,Seco e limpo,Dois sentidos,Bom tempo,Fora da intersecção,Fora das localidades,Em pleno dia,Com inclinação,Curva,Em plena via,Colisão,TERÇA-FEIRA  ,0,2,8,2011-06-26,15,ligeiro,Sim,Nao,Sim,21.5,1,1,8,639
25207,2011567574,Braga,41.612289000000004,-8.741883999999999,EN103,4.1,1,0,0,2.0,50,Berma pavimentada,Seco e limpo,Dois sentidos,Bom tempo,Em entroncamento,Dentro das localidades,Em pleno dia,Em patamar,Curva,Em plena via,Colisão,SEXTA-FEIRA  ,0,2,8,2011-09-11,11,ligeiro,Sim,Nao,Sim,21.5,1,1,8,639
25210,2011567649,Braga,41.585219,-8.498137,ER205,36.46,4,0,0,1.0,50,Sem berma ou impraticável,Seco e limpo,Dois sentidos,Bom tempo,Fora da intersecção,Dentro das localidades,Em pleno dia,Em patamar,Recta,Em plena via,Colisão,SEGUNDA-FEIRA,0,2,8,2011-09-24,18,ligeiro,Sim,Nao,Sim,21.5,1,1,8,639
25222,2011573926,Braga,41.616011,-8.750996,EN103,3.2,1,0,0,1.0,50,Berma não pavimentada,Seco e limpo,Dois sentidos,Bom tempo,Em entroncamento,Dentro das localidades,Em pleno dia,Em patamar,Recta,Em plena via,Colisão,QUINTA-FEIRA ,0,2,8,2011-10-14,11,ligeiro,Sim,Nao,Sim,21.5,1,1,8,639
25226,2011574240,Braga,41.584657,-8.307047,EN103,52.3,1,0,0,1.0,90,Berma pavimentada,Seco e limpo,Dois sentidos,Bom tempo,Fora da intersecção,Fora das localidades,Em pleno dia,Em patamar,Recta,Em plena via,Despiste,QUARTA-FEIRA ,0,1,8,2011-10-19,18,ligeiro,Sim,Nao,Sim,21.5,1,1,8,639
25227,2011574246,Braga,41.371051,-8.54257,EN14,23.2,1,0,0,1.0,50,Berma pavimentada,Molhado,Dois sentidos,Chuva,Fora da intersecção,Dentro das localidades,"Noite, sem iluminação",Com inclinação,Recta,Em plena via,Despiste,SEXTA-FEIRA  ,0,1,8,2011-10-26,18,ligeiro,Nao,Sim,Nao,21.5,1,1,8,639
25238,2012597516,Braga,41.381409999999995,-8.530283,A7,19.0,1,0,0,2.0,120,Berma pavimentada,Molhado,Sentido único,Chuva,Fora da intersecção,Fora das localidades,"Noite, sem iluminação",Em patamar,Curva,Em plena via,Despiste,SÁBADO       ,0,1,8,2012-01-15,23,ligeiro,Nao,Sim,Nao,21.5,1,1,8,639
25240,2012597608,Braga,41.585139,-8.498192999999999,ER205,36.45,1,0,0,1.0,50,Berma pavimentada,Húmido,Dois sentidos,Bom tempo,Em via de aceleração,Dentro das localidades,Em pleno dia,Em patamar,Recta,Na berma,Despiste,QUINTA-FEIRA ,0,1,8,2012-01-02,13,ligeiro,Sim,Nao,Nao,21.5,1,1,8,639
25241,2012597610,Braga,41.586315,-8.497301,ER205,36.6,1,0,0,1.0,50,Berma não pavimentada,Húmido,Dois sentidos,Chuva,Em entroncamento,Dentro das localidades,Em pleno dia,Em patamar,Curva,Em plena via,Colisão,SÁBADO       ,0,2,8,2012-01-15,14,ligeiro,Sim,Sim,Nao,21.5,1,1,8,639
25243,2012589910,Braga,41.606303999999994,-8.355381,ER205-4,1.5,4,0,0,1.0,50,Sem berma ou impraticável,Molhado,Dois sentidos,Chuva,Fora da intersecção,Dentro das localidades,Em pleno dia,Em patamar,Recta,Em plena via,Colisão,SEGUNDA-FEIRA,0,2,8,2011-12-13,16,ligeiro,Sim,Sim,Nao,21.5,1,1,8,639
25246,2012589925,Braga,41.327431,-8.04106,EN210,28.8,1,0,0,1.0,90,Berma pavimentada,Húmido,Sentido único,Nevoeiro,Em via de aceleração,Fora das localidades,Em pleno dia,Em patamar,Curva,Em plena via,Colisão,SÁBADO       ,0,2,8,2011-12-06,8,ligeiro,Sim,Sim,Nao,21.5,1,1,8,639
25260,2012578818,Braga,41.588324,-8.735659,EN103,6.9,0,1,0,1.0,50,Sem berma ou impraticável,Molhado,Dois sentidos,Chuva,Fora da intersecção,Dentro das localidades,Em pleno dia,Em patamar,Recta,Em plena via,Despiste,SEGUNDA-FEIRA,0,1,8,2011-11-15,12,ligeiro,Sim,Sim,Nao,21.5,1,1,8,639
25265,2012579609,Braga,41.608038,-8.740403,EN103,4.6,1,0,0,1.0,50,Sem berma ou impraticável,Seco e limpo,Dois sentidos,Bom tempo,Fora da intersecção,Dentro das localidades,Em pleno dia,Em patamar,Recta,Em plena via,Colisão,TERÇA-FEIRA  ,0,2,8,2011-11-04,10,ligeiro,Sim,Nao,Sim,21.5,1,1,8,639
25305,2012626717,Braga,41.471311,-7.9734050000000005,A7,73.54,2,0,0,2.0,120,Berma pavimentada,Seco e limpo,Sentido único,Bom tempo,Fora da intersecção,Fora das localidades,Em pleno dia,Com inclinação,Recta,Em plena via,Colisão,SEXTA-FEIRA  ,0,2,8,2012-06-22,17,ligeiro,Sim,Nao,Sim,21.5,1,1,8,639
25307,2012619946,Braga,41.381331,-8.529824000000001,A7,19.04,1,0,0,2.0,120,Berma pavimentada,Molhado,Sentido único,Chuva,Fora da intersecção,Fora das localidades,"Noite, sem iluminação",Com inclinação,Curva,Na berma,Despiste,TERÇA-FEIRA  ,0,1,8,2012-05-05,5,ligeiro,Nao,Sim,Nao,21.5,1,1,8,639
25322,2012608199,Braga,41.56977,-8.134163000000001,ER205,81.7,2,0,0,1.0,90,Sem berma ou impraticável,Seco e limpo,Dois sentidos,Bom tempo,Fora da intersecção,Fora das localidades,"Noite, sem iluminação",Com inclinação,Curva,Em plena via,Colisão,SEGUNDA-FEIRA,0,2,8,2012-03-25,19,ligeiro,Nao,Nao,Sim,21.5,1,1,8,639
25324,2012632533,Braga,41.588710999999996,-8.494844,ER205,36.94,1,0,0,1.0,50,Berma pavimentada,Seco e limpo,Dois sentidos,Bom tempo,Em cruzamento,Dentro das localidades,Aurora ou crepúsculo,Em patamar,Recta,Em plena via,Colisão,QUINTA-FEIRA ,0,2,8,2012-07-03,20,ligeiro,Nao,Nao,Sim,21.5,1,1,8,639
25325,2012631555,Braga,41.583954999999996,-8.502875999999999,ER205,36.0,1,0,0,1.0,50,Sem berma ou impraticável,Seco e limpo,Dois sentidos,Bom tempo,Em entroncamento,Dentro das localidades,Em pleno dia,Em patamar,Recta,Em plena via,Colisão,TERÇA-FEIRA  ,0,2,8,2012-07-18,8,ligeiro,Sim,Nao,Sim,21.5,1,1,8,639
25335,2012628863,Braga,41.514936999999996,-8.62257,EN103,21.4,3,0,0,1.0,70,Berma pavimentada,Seco e limpo,Dois sentidos,Bom tempo,Fora da intersecção,Dentro das localidades,"Noite, sem iluminação",Com inclinação,Curva,Em plena via,Colisão,SEGUNDA-FEIRA,0,2,8,2012-06-24,1,ligeiro,Nao,Nao,Sim,21.5,1,1,8,639
25338,2012630962,Braga,41.565871,-8.143075999999999,ER205,80.3,2,0,0,1.0,90,Berma pavimentada,Seco e limpo,Dois sentidos,Bom tempo,Fora da intersecção,Fora das localidades,"Noite, sem iluminação",Em patamar,Curva,Em plena via,Despiste,TERÇA-FEIRA  ,0,1,8,2012-07-18,23,ligeiro,Nao,Nao,Sim,21.5,1,1,8,639
25363,2012645524,Braga,41.584210999999996,-8.315087,EN103,51.6,1,0,0,1.0,50,Berma pavimentada,Seco e limpo,Dois sentidos,Bom tempo,Fora da intersecção,Dentro das localidades,Em pleno dia,Em patamar,Recta,Em plena via,Colisão,TERÇA-FEIRA  ,0,2,8,2012-09-30,9,ligeiro,Sim,Nao,Sim,21.5,1,1,8,639
25382,2013663294,Braga,41.482959,-8.350152,EN101,104.95,1,0,0,2.0,50,Berma pavimentada,Seco e limpo,Dois sentidos,Bom tempo,Em entroncamento,Dentro das localidades,Em pleno dia,Em patamar,Recta,Em plena via,Colisão,DOMINGO      ,0,2,8,2012-11-13,9,ligeiro,Sim,Nao,Sim,21.5,1,1,8,639
25435,2011549118,Braga,41.587238,-8.301019,EN103,52.9,2,0,0,1.0,90,Berma pavimentada,Seco e limpo,Dois sentidos,Bom tempo,Fora da intersecção,Dentro das localidades,Em pleno dia,Em patamar,Recta,Na berma,Despiste,TERÇA-FEIRA  ,0,1,8,2011-06-20,16,ligeiro,Sim,Nao,Sim,21.5,1,1,8,639
25454,2007279238,Braga,41.515718,-8.624680999999999,EN103,21.2,1,0,0,2.0,50,Berma não pavimentada,Húmido,Dois sentidos,Bom tempo,Fora da intersecção,Fora das localidades,Em pleno dia,Em patamar,Recta,Na berma,Despiste,DOMINGO      ,0,1,8,2007-04-09,12,ligeiro,Sim,Nao,Nao,21.5,1,1,8,639
25507,2009390956,Braga,41.573335,-8.132672999999999,ER205,82.2,1,0,0,1.0,50,Berma pavimentada,Seco e limpo,Dois sentidos,Bom tempo,Fora da intersecção,Dentro das localidades,Em pleno dia,Em patamar,Curva,Em plena via,Colisão,QUINTA-FEIRA ,0,2,8,2009-06-01,17,ligeiro,Sim,Nao,Sim,21.5,1,1,8,639
25523,2009350595,Braga,41.603651,-8.741067,EN103,5.1,0,0,1,1.0,50,Berma pavimentada,Seco e limpo,Dois sentidos,Bom tempo,Fora da intersecção,Dentro das localidades,Em pleno dia,Com inclinação,Curva,Em plena via,Atropelamento,TERÇA-FEIRA  ,0,1,8,2008-11-18,8,ligeiro,Sim,Nao,Sim,21.5,1,1,8,639
25538,2012597606,Braga,41.592871,-8.487714,ER205,37.7,3,0,0,1.0,50,Berma pavimentada,Seco e limpo,Reversível,Bom tempo,Fora da intersecção,Dentro das localidades,"Noite, com iluminação",Em patamar,Recta,Em plena via,Colisão,TERÇA-FEIRA  ,0,3,8,2012-01-12,20,ligeiro,Nao,Nao,Sim,21.5,1,1,8,639
25539,2011555154,Braga,41.620782,-8.756011,EN103,2.4,1,0,0,1.0,50,Berma pavimentada,Seco e limpo,Dois sentidos,Bom tempo,Fora da intersecção,Dentro das localidades,Em pleno dia,Em patamar,Recta,Em plena via,Colisão,SEGUNDA-FEIRA,0,2,8,2011-07-12,18,ligeiro,Sim,Nao,Sim,21.5,1,1,8,639
25568,2011539836,Braga,41.371051,-8.54257,EN14,23.2,3,0,0,2.0,50,Berma pavimentada,Molhado,Dois sentidos,Bom tempo,Fora da intersecção,Dentro das localidades,Em pleno dia,Com inclinação,Recta,Em plena via,Colisão,QUARTA-FEIRA ,1,2,8,2011-05-01,14,ligeiro,Sim,Nao,Nao,21.5,1,1,8,639
25573,2010469727,Braga,41.476411999999996,-7.9674309999999995,EN205,107.9,1,0,0,1.0,50,Berma pavimentada,Seco e limpo,Dois sentidos,Bom tempo,Fora da intersecção,Dentro das localidades,Em pleno dia,Em patamar,Recta,Em plena via,Colisão,SEXTA-FEIRA  ,0,2,8,2010-06-18,19,ligeiro,Sim,Nao,Sim,21.5,1,1,8,639
25588,2012630262,Braga,41.59336,-8.486714,ER205,37.8,0,1,1,1.0,50,Berma pavimentada,Seco e limpo,Dois sentidos,Bom tempo,Fora da intersecção,Dentro das localidades,Em pleno dia,Em patamar,Recta,Em plena via,Despiste,TERÇA-FEIRA  ,0,1,8,2012-07-29,16,grave,Sim,Nao,Sim,21.5,1,1,8,639
25621,2009367536,Braga,41.588324,-8.735659,EN103,6.9,1,0,0,1.0,90,Sem berma ou impraticável,Molhado,Dois sentidos,Chuva,Fora da intersecção,Fora das localidades,"Noite, sem iluminação",Com inclinação,Recta,Na berma,Despiste,DOMINGO      ,0,1,8,2009-03-04,17,ligeiro,Nao,Sim,Nao,21.5,1,1,8,639
25635,2011514737,Braga,41.615864,-8.74981,EN103,3.3,1,0,0,2.0,50,Berma não pavimentada,Seco e limpo,Dois sentidos,Bom tempo,Em entroncamento,Dentro das localidades,Em pleno dia,Com inclinação,Recta,Em plena via,Colisão,QUINTA-FEIRA ,0,2,8,2010-12-11,15,ligeiro,Sim,Nao,Sim,21.5,1,1,8,639
25665,2009381399,Braga,41.480058,-7.973959,EN205,107.18,1,0,0,1.0,50,Berma pavimentada,Seco e limpo,Dois sentidos,Bom tempo,Fora da intersecção,Fora das localidades,Em pleno dia,Com inclinação,Curva,Em plena via,Colisão,SEXTA-FEIRA  ,0,2,8,2009-05-27,15,ligeiro,Sim,Nao,Sim,21.5,1,1,8,639
25693,2008337164,Braga,41.380143,-8.540155,EN14,24.15,1,0,0,1.0,50,Berma pavimentada,Seco e limpo,Dois sentidos,Bom tempo,Fora da intersecção,Dentro das localidades,Em pleno dia,Em patamar,Recta,Em plena via,Colisão,QUARTA-FEIRA ,0,3,8,2008-08-31,16,ligeiro,Sim,Nao,Sim,21.5,1,1,8,639
25700,2011529340,Braga,41.596337,-8.480675999999999,ER205,38.4,1,1,0,1.0,50,Berma não pavimentada,Seco e limpo,Dois sentidos,Bom tempo,Fora da intersecção,Dentro das localidades,Em pleno dia,Em patamar,Recta,Em plena via,Colisão,SEGUNDA-FEIRA,0,2,8,2011-04-12,14,ligeiro,Sim,Nao,Sim,21.5,1,1,8,639
25727,2010441956,Braga,41.61992,-8.755796,EN103,2.5,1,0,0,1.0,90,Berma pavimentada,Húmido,Dois sentidos,Bom tempo,Fora da intersecção,Fora das localidades,Em pleno dia,Em patamar,Recta,Em plena via,Colisão,DOMINGO      ,0,2,8,2010-01-12,13,ligeiro,Sim,Nao,Nao,21.5,1,1,8,639
25747,2010463481,Braga,41.584604,-8.317323,EN103,51.4,1,0,0,2.0,50,Berma pavimentada,Molhado,Dois sentidos,Chuva,Fora da intersecção,Dentro das localidades,Em pleno dia,Com inclinação,Curva,Na berma,Despiste,TERÇA-FEIRA  ,0,1,8,2010-05-07,10,ligeiro,Sim,Sim,Nao,21.5,1,1,8,639
25766,2009409858,Braga,41.59935,-8.739582,EN103,5.6,5,0,0,1.0,50,Berma pavimentada,Seco e limpo,Dois sentidos,Bom tempo,Fora da intersecção,Dentro das localidades,Em pleno dia,Em patamar,Recta,Em plena via,Colisão,SÁBADO       ,0,2,8,2009-08-10,19,ligeiro,Sim,Nao,Sim,21.5,1,1,8,639
25826,2012591766,Braga,41.585219,-8.498137,ER205,36.46,1,0,0,1.0,50,Berma pavimentada,Molhado,Dois sentidos,Chuva,Fora da intersecção,Dentro das localidades,Em pleno dia,Em patamar,Recta,No passeio,Despiste,SEXTA-FEIRA  ,0,1,8,2011-12-16,11,ligeiro,Sim,Sim,Nao,21.5,1,1,8,639
25833,2012614134,Braga,41.340923,-8.036019999999999,EN210,27.1,1,0,0,1.0,90,Berma pavimentada,Com gravilha ou areia,Dois sentidos,Bom tempo,Fora da intersecção,Fora das localidades,Em pleno dia,Com inclinação,Curva,Em plena via,Despiste,QUARTA-FEIRA ,0,1,8,2012-04-02,13,ligeiro,Sim,Nao,Nao,21.5,1,1,8,639
25846,2010456371,Braga,41.592526,-8.488413000000001,ER205,37.63,2,0,0,1.0,50,Berma não pavimentada,Molhado,Dois sentidos,Chuva,Fora da intersecção,Dentro das localidades,Em pleno dia,Em patamar,Recta,Em plena via,Colisão,SEGUNDA-FEIRA,1,2,8,2010-04-02,12,ligeiro,Sim,Sim,Nao,21.5,1,1,8,639
25847,2011500194,Braga,41.616964,-8.754822,EN103,2.85,2,0,0,1.0,50,Berma pavimentada,Seco e limpo,Dois sentidos,Bom tempo,Fora da intersecção,Dentro das localidades,"Noite, com iluminação",Em patamar,Recta,Em plena via,Colisão,DOMINGO      ,0,2,8,2010-10-17,19,ligeiro,Nao,Nao,Sim,21.5,1,1,8,639
25880,2007285314,Braga,41.48295,-8.349551,EN101,105.0,1,0,0,2.0,50,Sem berma ou impraticável,Seco e limpo,Sentido único,Bom tempo,Em cruzamento,Dentro das localidades,"Noite, com iluminação",Com inclinação,Recta,Em plena via,Colisão,TERÇA-FEIRA  ,1,2,8,2007-06-07,21,ligeiro,Nao,Nao,Sim,21.5,1,1,8,639
25890,2007292081,Braga,41.587505,-8.496091,ER205,36.77,1,0,0,1.0,50,Berma pavimentada,Seco e limpo,Dois sentidos,Bom tempo,NÃO DEFINIDO,Dentro das localidades,Em pleno dia,Em patamar,Recta,Em plena via,Despiste,TERÇA-FEIRA  ,0,3,8,2007-08-08,20,ligeiro,Sim,Nao,Sim,21.5,1,1,8,639
25912,2007275709,Braga,41.612289000000004,-8.741883999999999,EN103,4.1,1,0,0,1.0,50,Berma pavimentada,Seco e limpo,Sentido único,Bom tempo,Fora da intersecção,Dentro das localidades,Em pleno dia,Com inclinação,Recta,Em plena via,Despiste,QUINTA-FEIRA ,0,1,8,2007-02-09,13,ligeiro,Sim,Nao,Sim,21.5,1,1,8,639
25954,2007293640,Braga,41.607152,-8.740581,EN103,4.7,4,0,0,1.0,50,Berma pavimentada,Húmido,Dois sentidos,NÃO DEFINIDO,Em cruzamento,Dentro das localidades,"Noite, com iluminação",Com inclinação,Recta,Em plena via,Colisão,QUARTA-FEIRA ,0,3,8,2007-08-26,2,ligeiro,Nao,Sim,Nao,21.5,1,1,8,639
25965,2008324427,Braga,41.606279,-8.740836,EN103,4.8,1,0,0,1.0,50,Berma não pavimentada,Seco e limpo,Dois sentidos,Bom tempo,Em entroncamento,Dentro das localidades,Em pleno dia,Em patamar,Recta,Em plena via,Atropelamento,TERÇA-FEIRA  ,0,1,8,2008-04-04,16,ligeiro,Sim,Nao,Sim,21.5,1,1,8,639
25982,2009389530,Braga,41.592453000000006,-8.737195,EN103,6.4,3,0,0,1.0,50,Berma não pavimentada,Molhado,Dois sentidos,Chuva,Fora da intersecção,Dentro das localidades,Em pleno dia,Em patamar,Recta,Em plena via,Despiste,TERÇA-FEIRA  ,0,1,8,2009-06-05,16,ligeiro,Sim,Sim,Nao,21.5,1,1,8,639
26042,2009351935,Braga,41.476581,-7.968592999999999,EN205,107.8,1,0,0,1.0,50,Berma não pavimentada,Molhado,Dois sentidos,Chuva,Fora da intersecção,Dentro das localidades,Em pleno dia,Em patamar,Recta,Em plena via,Colisão,TERÇA-FEIRA  ,0,2,8,2008-12-11,12,ligeiro,Sim,Sim,Nao,21.5,1,1,8,639