,COD_ACIDENTE,DISTRITO,LATITUDE,LONGITUDE,VIA,KM,QT_FLIGEIROS,QT_FGRAVES,QT_MORTOS,QT_VIAS_SENTIDO,VEL_LIM_LOCAL,BERMA_VIA,CONDICAO_ADERENCIA,FAIXA_RODAGEM,FATOR_ATMOSFERICO,INTERSECAO_VIA,LOCALIZACAO,LUMINOSIDADE,PERFIL_VIA,PLANTA_VIA,SITUACAO_ACIDENTE,TIPO_NATUREZA,DIA_SEMANA,FLAG_FERIADO,QT_VEICULOS,COD_FREGUESIA,DATA,HORA,GRAVIDADE,ERA_DIA,MAU_TEMPO,ESTRADA_SECA,DENSIDADE_TOTAL,COD_DISTRITO_INE,COD_CONCELHO_INE,COD_FREGUESIA_INE,TOTAL
26092,2011500396,Braga,41.514727,-8.620465,EN103,21.58,1,0,0,1.0,50,Berma pavimentada,Molhado,Sentido único,Chuva,Fora da intersecção,Dentro das localidades,Em pleno dia,Em patamar,Curva,Em plena via,Despiste,TERÇA-FEIRA  ,0,1,8,2010-10-24,7,ligeiro,Sim,Sim,Nao,21.5,1,1,8,639
26105,2011559910,Braga,41.608928999999996,-8.740397999999999,EN103,4.5,0,0,1,1.0,50,Berma não pavimentada,Seco e limpo,Dois sentidos,Bom tempo,Fora da intersecção,Dentro das localidades,Em pleno dia,Em patamar,Recta,Na berma,Despiste,SEXTA-FEIRA  ,0,1,8,2011-08-24,16,ligeiro,Sim,Nao,Sim,21.5,1,1,8,639
26120,2011549132,Braga,41.615823,-8.749454,EN103,3.33,2,0,0,1.0,50,Berma pavimentada,Seco e limpo,Dois sentidos,Bom tempo,Em cruzamento,Dentro das localidades,Em pleno dia,Com inclinação,Recta,Em plena via,Colisão,QUINTA-FEIRA ,0,2,8,2011-06-16,13,ligeiro,Sim,Nao,Sim,21.5,1,1,8,639
26132,2007285281,Braga,41.603651,-8.741067,EN103,5.1,1,0,0,1.0,50,Berma pavimentada,Seco e limpo,Dois sentidos,Bom tempo,Em cruzamento,Dentro das localidades,Em pleno dia,Em patamar,Recta,Em plena via,Colisão,QUARTA-FEIRA ,0,2,8,2007-06-02,16,ligeiro,Sim,Nao,Sim,21.5,1,1,8,639
26140,2007297893,Braga,41.585657,-8.507082,ER205,35.55,1,0,0,1.0,50,Berma pavimentada,Seco e limpo,Dois sentidos,Bom tempo,Em entroncamento,Dentro das localidades,"Noite, com iluminação",Em patamar,Curva,Em plena via,Colisão,SÁBADO       ,0,2,8,2007-10-13,21,ligeiro,Nao,Nao,Sim,21.5,1,1,8,639
26149,2008322071,Braga,41.516628999999995,-8.625971,EN103,21.05,2,0,0,1.0,50,Berma pavimentada,Molhado,Dois sentidos,Chuva,Fora da intersecção,Dentro das localidades,"Noite, sem iluminação",Em patamar,Curva,Em plena via,Despiste,TERÇA-FEIRA  ,0,1,8,2008-03-12,0,ligeiro,Nao,Sim,Nao,21.5,1,1,8,639
26152,2007300584,Braga,41.591149,-8.491207000000001,ER205,37.35,1,0,0,1.0,80,Berma não pavimentada,Seco e limpo,Dois sentidos,NÃO DEFINIDO,Fora da intersecção,Dentro das localidades,Aurora ou crepúsculo,Em patamar,Recta,Na berma,Despiste,QUARTA-FEIRA ,0,1,8,2007-11-03,18,ligeiro,Nao,Sim,Sim,21.5,1,1,8,639
26153,2008303914,Braga,41.584853,-8.505028999999999,ER205,35.77,4,0,0,1.0,50,Sem berma ou impraticável,Seco e limpo,Dois sentidos,Bom tempo,Em entroncamento,Dentro das localidades,"Noite, com iluminação",Com inclinação,Curva,Em plena via,Colisão,QUINTA-FEIRA ,0,2,8,2007-12-30,18,ligeiro,Nao,Nao,Sim,21.5,1,1,8,639
26160,2007293610,Braga,41.570157,-8.133136,ER205,81.8,1,0,0,1.0,80,Sem berma ou impraticável,Molhado,Dois sentidos,Chuva,Fora da intersecção,Fora das localidades,Em pleno dia,Em patamar,Curva,Em plena via,Colisão,SÁBADO       ,0,2,8,2007-08-28,8,ligeiro,Sim,Sim,Nao,21.5,1,1,8,639
26163,2007273434,Braga,41.61992,-8.755796,EN103,2.5,1,0,0,1.0,50,Berma pavimentada,Molhado,Dois sentidos,Chuva,Fora da intersecção,Dentro das localidades,Em pleno dia,Em patamar,Recta,Em plena via,Colisão,TERÇA-FEIRA  ,0,2,8,2007-01-16,13,ligeiro,Sim,Sim,Nao,21.5,1,1,8,639
26197,2008344444,Braga,41.584105,-8.503516000000001,ER205,35.94,1,0,0,1.0,50,Berma pavimentada,Molhado,Dois sentidos,Chuva,Fora da intersecção,Dentro das localidades,Em pleno dia,Em patamar,Recta,Em plena via,Atropelamento,DOMINGO      ,0,1,8,2008-10-30,17,ligeiro,Sim,Sim,Nao,21.5,1,1,8,639
26210,2009357609,Braga,41.584367,-8.318477,EN103,51.3,1,0,0,2.0,90,Berma pavimentada,Molhado,Dois sentidos,Chuva,Fora da intersecção,Fora das localidades,"Noite, sem iluminação",Em patamar,Recta,Em plena via,Despiste,QUINTA-FEIRA ,0,1,8,2009-01-21,3,ligeiro,Nao,Sim,Nao,21.5,1,1,8,639
26213,2009355678,Braga,41.604524,-8.741272,EN103,5.0,1,0,0,1.0,50,Berma pavimentada,Húmido,Dois sentidos,Bom tempo,Em entroncamento,Dentro das localidades,Em pleno dia,Em patamar,Curva,Na berma,Colisão,SEGUNDA-FEIRA,0,2,8,2009-01-08,11,ligeiro,Sim,Nao,Nao,21.5,1,1,8,639
26216,2009383558,Braga,41.590394,-8.492687,ER205,37.2,3,0,0,1.0,50,Sem berma ou impraticável,Seco e limpo,Dois sentidos,Bom tempo,Fora da intersecção,Dentro das localidades,"Noite, sem iluminação",Em patamar,Recta,Em plena via,Colisão,SEXTA-FEIRA  ,0,2,8,2009-05-10,0,ligeiro,Nao,Nao,Sim,21.5,1,1,8,639
26229,2011517177,Braga,41.584637,-8.504857000000001,ER205,35.8,1,0,0,1.0,50,Berma não pavimentada,Seco e limpo,Dois sentidos,Bom tempo,Fora da intersecção,Dentro das localidades,Em pleno dia,Com inclinação,Curva,Na berma,Despiste,SÁBADO       ,0,1,8,2011-01-16,12,ligeiro,Sim,Nao,Sim,21.5,1,1,8,639
26231,2012597831,Braga,41.606716,-8.740714,EN103,4.75,2,0,0,1.0,50,Berma pavimentada,Seco e limpo,Dois sentidos,Bom tempo,Em cruzamento,Dentro das localidades,"Noite, com iluminação",Em patamar,Recta,Em plena via,Colisão,SÁBADO       ,0,3,8,2012-01-26,20,ligeiro,Nao,Nao,Sim,21.5,1,1,8,639
26248,2011563944,Braga,41.512446000000004,-8.613743,A11,12.1,2,0,0,2.0,120,Berma pavimentada,Seco e limpo,Sentido único,Bom tempo,Fora da intersecção,Fora das localidades,"Noite, sem iluminação",Em patamar,Recta,Na berma,Despiste,SEXTA-FEIRA  ,0,1,8,2011-08-13,21,ligeiro,Nao,Nao,Sim,21.5,1,1,8,639
26254,2007290913,Braga,41.514936999999996,-8.62257,EN103,21.4,2,0,0,1.0,50,Berma pavimentada,Seco e limpo,Dois sentidos,Bom tempo,Fora da intersecção,Dentro das localidades,Em pleno dia,Com inclinação,Recta,Na berma,Colisão,SEGUNDA-FEIRA,0,2,8,2007-07-27,17,ligeiro,Sim,Nao,Sim,21.5,1,1,8,639
26258,2007300470,Braga,41.608482,-8.740389,EN103,4.55,0,1,0,1.0,50,Berma pavimentada,Seco e limpo,Dois sentidos,Bom tempo,Fora da intersecção,Dentro das localidades,Em pleno dia,Em patamar,Curva,Na berma,Despiste,SEXTA-FEIRA  ,0,1,8,2007-11-04,8,ligeiro,Sim,Nao,Sim,21.5,1,1,8,639
26263,2008323817,Braga,41.589483,-8.736366,EN103,6.75,6,0,0,1.0,50,Berma pavimentada,Molhado,Dois sentidos,Chuva,Fora da intersecção,Dentro das localidades,Em pleno dia,Com inclinação,Recta,Em plena via,Colisão,SÁBADO       ,0,2,8,2008-04-19,16,ligeiro,Sim,Sim,Nao,21.5,1,1,8,639
26270,2008322299,Braga,41.603221999999995,-8.740914,EN103,5.15,2,0,0,1.0,50,Berma não pavimentada,Seco e limpo,Dois sentidos,Bom tempo,Fora da intersecção,Dentro das localidades,"Noite, com iluminação",Em patamar,Curva,Em plena via,Despiste,SEGUNDA-FEIRA,1,1,8,2008-03-23,18,ligeiro,Nao,Nao,Sim,21.5,1,1,8,639
26294,2009373799,Braga,41.589040000000004,-8.736346000000001,EN103,6.8,2,0,0,1.0,50,Sem berma ou impraticável,Seco e limpo,Dois sentidos,Bom tempo,Fora da intersecção,Dentro das localidades,Em pleno dia,Com inclinação,Recta,Em plena via,Colisão,TERÇA-FEIRA  ,0,2,8,2009-04-26,13,ligeiro,Sim,Nao,Sim,21.5,1,1,8,639
26295,2008333832,Braga,41.585944,-8.497633,ER205,36.55,1,0,0,2.0,50,Sem berma ou impraticável,Seco e limpo,Dois sentidos,Bom tempo,Fora da intersecção,Dentro das localidades,Em pleno dia,Em patamar,Recta,Em plena via,Colisão,SEGUNDA-FEIRA,0,2,8,2008-07-26,15,ligeiro,Sim,Nao,Sim,21.5,1,1,8,639
26333,2007279248,Braga,41.592871,-8.487714,ER205,37.7,1,0,0,1.0,50,Berma não pavimentada,Seco e limpo,Dois sentidos,Bom tempo,NÃO DEFINIDO,Dentro das localidades,"Noite, sem iluminação",Em patamar,Recta,Em plena via,Colisão,TERÇA-FEIRA  ,0,2,8,2007-04-11,21,ligeiro,Nao,Nao,Sim,21.5,1,1,8,639
26353,2008333668,Braga,41.588324,-8.735659,EN103,6.9,1,0,0,1.0,50,Sem berma ou impraticável,Molhado,Dois sentidos,Chuva,Fora da intersecção,Dentro das localidades,Em pleno dia,Em patamar,Curva,Em plena via,Colisão,DOMINGO      ,0,2,8,2008-07-25,7,ligeiro,Sim,Sim,Nao,21.5,1,1,8,639
26382,2009383557,Braga,41.586315,-8.497301,ER205,36.6,1,0,0,1.0,50,Sem berma ou impraticável,Seco e limpo,Sentido único,Bom tempo,Em entroncamento,Dentro das localidades,Em pleno dia,Em patamar,Curva,Em plena via,Colisão,SEGUNDA-FEIRA,0,2,8,2009-05-12,16,ligeiro,Sim,Nao,Sim,21.5,1,1,8,639
26406,2011539531,Braga,41.595594,-8.482196,ER205,38.25,0,4,1,1.0,50,Berma pavimentada,Seco e limpo,Dois sentidos,Bom tempo,Fora da intersecção,Dentro das localidades,"Noite, com iluminação",Em patamar,Recta,Em plena via,Colisão,DOMINGO      ,0,2,8,2011-05-21,22,grave,Nao,Nao,Sim,21.5,1,1,8,639
26426,2011562091,Braga,41.381409999999995,-8.530283,A7,19.0,3,0,0,2.0,120,Berma pavimentada,Húmido,Sentido único,Chuva,Fora da intersecção,Fora das localidades,Em pleno dia,Com inclinação,Curva,Em plena via,Colisão,SÁBADO       ,0,2,8,2011-08-25,19,ligeiro,Sim,Sim,Nao,21.5,1,1,8,639
26435,2012632535,Braga,41.505217,-8.622815,A11,11.0,2,0,0,2.0,120,Berma pavimentada,Seco e limpo,Sentido único,Bom tempo,Fora da intersecção,Fora das localidades,"Noite, sem iluminação",Em patamar,Curva,Em plena via,Despiste,DOMINGO      ,0,1,8,2012-07-05,22,ligeiro,Nao,Nao,Sim,21.5,1,1,8,639
26438,2007275102,Braga,41.514819,-8.621877,EN103,21.46,2,0,0,1.0,50,Berma pavimentada,Molhado,Dois sentidos,Chuva,Fora da intersecção,Dentro das localidades,Em pleno dia,Com inclinação,Curva,Em plena via,Despiste,SEGUNDA-FEIRA,0,1,8,2007-02-24,17,ligeiro,Sim,Sim,Nao,21.5,1,1,8,639
26484,2010469694,Braga,41.600211,-8.739874,EN103,5.5,2,0,0,1.0,50,Berma não pavimentada,Seco e limpo,Dois sentidos,Bom tempo,Fora da intersecção,Dentro das localidades,Em pleno dia,Com inclinação,Recta,Em plena via,Colisão,TERÇA-FEIRA  ,0,2,8,2010-06-21,19,ligeiro,Sim,Nao,Sim,21.5,1,1,8,639
26488,2009409275,Braga,41.376548,-8.54181,EN14,23.76,2,0,0,1.0,50,Berma pavimentada,Seco e limpo,Sentido único,Bom tempo,Fora da intersecção,Dentro das localidades,Em pleno dia,Em patamar,Recta,Em plena via,Colisão,SEGUNDA-FEIRA,0,3,8,2009-08-17,18,ligeiro,Sim,Nao,Sim,21.5,1,1,8,639
26506,2013671633,Braga,41.386353,-8.529299,EN14,25.2,1,0,0,1.0,50,Berma pavimentada,Húmido,Sentido único,Bom tempo,Fora da intersecção,Dentro das localidades,Em pleno dia,Em patamar,Recta,Em plena via,Colisão,QUINTA-FEIRA ,0,2,8,2012-12-15,16,ligeiro,Sim,Nao,Nao,21.5,1,1,8,639
26531,2008333649,Braga,41.584379999999996,-8.310527,EN103,52.0,1,0,0,1.0,80,Berma não pavimentada,Seco e limpo,Dois sentidos,Bom tempo,Fora da intersecção,Fora das localidades,Em pleno dia,Com inclinação,Recta,Em plena via,Colisão,QUINTA-FEIRA ,0,3,8,2008-07-23,16,ligeiro,Sim,Nao,Sim,21.5,1,1,8,639
26543,2007271119,Braga,41.600381,-8.367842,ER205-4,2.8,3,0,0,1.0,50,Sem berma ou impraticável,Seco e limpo,Dois sentidos,Bom tempo,Fora da intersecção,Dentro das localidades,Aurora ou crepúsculo,Em patamar,Curva,Em plena via,Despiste,DOMINGO      ,0,1,8,2007-01-14,7,ligeiro,Nao,Nao,Sim,21.5,1,1,8,639
26565,2009398976,Braga,41.585303,-8.304681,EN103,52.52,0,2,0,2.0,70,Berma pavimentada,Seco e limpo,Dois sentidos,Bom tempo,Fora da intersecção,Fora das localidades,Em pleno dia,Em patamar,Recta,Em plena via,Colisão,TERÇA-FEIRA  ,0,2,8,2009-06-05,16,ligeiro,Sim,Nao,Sim,21.5,1,1,8,639
26585,2011514783,Braga,41.590901,-8.491703999999999,ER205,37.3,1,0,0,1.0,50,Sem berma ou impraticável,Molhado,Dois sentidos,Chuva,Em cruzamento,Dentro das localidades,Em pleno dia,Em patamar,Recta,Em plena via,Colisão,SEXTA-FEIRA  ,0,2,8,2010-12-06,9,ligeiro,Sim,Sim,Nao,21.5,1,1,8,639
26606,2013663324,Braga,41.618194,-8.75538,EN103,2.7,2,0,0,1.0,50,Berma pavimentada,Seco e limpo,Dois sentidos,Bom tempo,Fora da intersecção,Dentro das localidades,Em pleno dia,Com inclinação,Recta,Em plena via,Colisão,SÁBADO       ,0,2,8,2012-11-01,12,ligeiro,Sim,Nao,Sim,21.5,1,1,8,639
26614,2011512451,Braga,41.588021000000005,-8.735222,EN103,6.95,1,0,0,1.0,50,Berma pavimentada,Seco e limpo,Dois sentidos,Bom tempo,Fora da intersecção,Dentro das localidades,"Noite, com iluminação",Em patamar,Recta,Em plena via,Despiste,TERÇA-FEIRA  ,0,1,8,2010-12-26,0,ligeiro,Nao,Nao,Sim,21.5,1,1,8,639
26666,2008328357,Braga,41.51599,-8.625119,EN103,21.15,1,0,0,1.0,50,Sem berma ou impraticável,Seco e limpo,Dois sentidos,Bom tempo,Fora da intersecção,Dentro das localidades,Em pleno dia,Em patamar,Curva,Em plena via,Colisão,QUINTA-FEIRA ,0,2,8,2008-05-04,12,ligeiro,Sim,Nao,Sim,21.5,1,1,8,639
26675,2008320942,Braga,41.594994,-8.483407000000001,ER205,38.13,1,0,0,1.0,50,Berma pavimentada,Com água acumulada na faixa de rodagem,Dois sentidos,Chuva,Fora da intersecção,Dentro das localidades,Em pleno dia,Em patamar,Recta,Na berma,Despiste,SEXTA-FEIRA  ,0,1,8,2008-03-15,7,ligeiro,Sim,Sim,Nao,21.5,1,1,8,639
26676,2008334056,Braga,41.571047,-8.13879,ER205,81.2,1,0,0,1.0,50,Berma não pavimentada,Seco e limpo,Dois sentidos,Bom tempo,Fora da intersecção,Dentro das localidades,Em pleno dia,Em patamar,Recta,Na berma,Despiste,SEGUNDA-FEIRA,0,1,8,2008-07-26,18,ligeiro,Sim,Nao,Sim,21.5,1,1,8,639
26700,2008341698,Braga,41.608928999999996,-8.740397999999999,EN103,4.5,4,0,0,1.0,50,Berma pavimentada,Molhado,Dois sentidos,Chuva,Fora da intersecção,Dentro das localidades,Em pleno dia,Em patamar,Recta,Em plena via,Colisão,TERÇA-FEIRA  ,0,2,8,2008-09-05,16,ligeiro,Sim,Sim,Nao,21.5,1,1,8,639
26709,2008302183,Braga,41.511208,-8.615495,A11,11.9,1,0,0,2.0,120,Berma pavimentada,Seco e limpo,Sentido único,Bom tempo,Fora da intersecção,Fora das localidades,Em pleno dia,Em patamar,Recta,Em plena via,Colisão,SEXTA-FEIRA  ,0,2,8,2007-11-27,11,ligeiro,Sim,Nao,Sim,21.5,1,1,8,639
26736,2010428206,Braga,41.583954999999996,-8.502875999999999,ER205,36.0,2,0,0,1.0,50,Sem berma ou impraticável,Húmido,Dois sentidos,Chuva,Em entroncamento,Dentro das localidades,Em pleno dia,Com inclinação,Curva,Em plena via,Colisão,SEGUNDA-FEIRA,0,2,8,2009-11-22,14,ligeiro,Sim,Sim,Nao,21.5,1,1,8,639
26737,2010433762,Braga,41.735401,-8.214630999999999,EN307,40.0,1,0,0,1.0,50,Berma pavimentada,Molhado,Dois sentidos,Chuva,Fora da intersecção,Dentro das localidades,"Noite, com iluminação",Com inclinação,Curva,Na berma,Despiste,SÁBADO       ,0,1,8,2009-12-02,23,ligeiro,Nao,Sim,Nao,21.5,1,1,8,639
26742,2010441965,Braga,41.586315,-8.497301,ER205,36.6,1,0,0,1.0,80,Berma pavimentada,Húmido,Dois sentidos,Chuva,Fora da intersecção,Dentro das localidades,"Noite, com iluminação",Em patamar,Curva,Em plena via,Despiste,QUARTA-FEIRA ,0,1,8,2010-01-31,5,ligeiro,Nao,Sim,Nao,21.5,1,1,8,639
26750,2009387554,Braga,41.584205,-8.503942,ER205,35.9,1,0,0,1.0,50,Berma pavimentada,Seco e limpo,Dois sentidos,Bom tempo,Fora da intersecção,Dentro das localidades,Em pleno dia,Com inclinação,Recta,Em plena via,Atropelamento,TERÇA-FEIRA  ,0,1,8,2009-05-24,8,ligeiro,Sim,Nao,Sim,21.5,1,1,8,639
26753,2009400489,Braga,41.586248,-8.302973,EN103,52.7,1,0,0,2.0,90,Berma pavimentada,Seco e limpo,Dois sentidos,Bom tempo,Fora da intersecção,Fora das localidades,Em pleno dia,Em patamar,Recta,Em plena via,Despiste,SÁBADO       ,0,1,8,2009-07-18,18,ligeiro,Sim,Nao,Sim,21.5,1,1,8,639
26757,2009373800,Braga,41.615733,-8.748622,EN103,3.4,2,0,0,1.0,50,Berma pavimentada,Seco e limpo,Dois sentidos,Bom tempo,Em cruzamento,Dentro das localidades,Em pleno dia,Com inclinação,Recta,Em plena via,Colisão,SEXTA-FEIRA  ,0,2,8,2009-04-23,15,ligeiro,Sim,Nao,Sim,21.5,1,1,8,639
26767,2009409484,Braga,41.608751,-8.74039,EN103,4.52,1,0,0,1.0,50,Berma não pavimentada,Seco e limpo,Dois sentidos,Bom tempo,Em cruzamento,Dentro das localidades,Em pleno dia,Em patamar,Recta,Em plena via,Colisão,TERÇA-FEIRA  ,0,2,8,2009-08-29,16,ligeiro,Sim,Nao,Sim,21.5,1,1,8,639
26776,2007300608,Braga,41.600728000000004,-8.74005,EN103,5.44,3,0,0,1.0,50,Berma pavimentada,Seco e limpo,Dois sentidos,Bom tempo,Fora da intersecção,Dentro das localidades,Em pleno dia,Com inclinação,Recta,Em plena via,Colisão,SEGUNDA-FEIRA,0,2,8,2007-11-07,16,ligeiro,Sim,Nao,Sim,21.5,1,1,8,639
26781,2010491514,Braga,41.603651,-8.741067,EN103,5.1,3,0,0,1.0,50,Berma não pavimentada,Seco e limpo,Dois sentidos,Bom tempo,Fora da intersecção,Dentro das localidades,Em pleno dia,Em patamar,Recta,Em plena via,Colisão,QUINTA-FEIRA ,0,3,8,2010-09-05,18,ligeiro,Sim,Nao,Sim,21.5,1,1,8,639
26784,2010464640,Braga,41.484097,-7.978258,EN205,106.58,6,0,0,1.0,50,Berma não pavimentada,Seco e limpo,Dois sentidos,Bom tempo,Fora da intersecção,Dentro das localidades,"Noite, com iluminação",Com inclinação,Recta,Em plena via,Colisão,SEGUNDA-FEIRA,0,2,8,2010-05-23,0,ligeiro,Nao,Nao,Sim,21.5,1,1,8,639
26793,2008329270,Braga,41.601034999999996,-8.367066000000001,ER205-4,2.7,2,0,0,1.0,50,Sem berma ou impraticável,Húmido,Dois sentidos,Chuva,Fora da intersecção,Dentro das localidades,Em pleno dia,Em patamar,Recta,Em plena via,Colisão,SEXTA-FEIRA  ,1,2,8,2008-05-22,7,ligeiro,Sim,Sim,Nao,21.5,1,1,8,639
26801,2009400501,Braga,41.595901,-8.738437,EN103,6.0,3,0,0,1.0,50,Berma pavimentada,Seco e limpo,Dois sentidos,Bom tempo,Em cruzamento,Dentro das localidades,Em pleno dia,Com inclinação,Recta,Em plena via,Colisão,DOMINGO      ,0,3,8,2009-07-19,20,ligeiro,Sim,Nao,Sim,21.5,1,1,8,639
26808,2010482526,Braga,41.602421,-8.36032,ER205-4,2.1,1,1,0,1.0,50,Sem berma ou impraticável,Seco e limpo,Dois sentidos,Bom tempo,Fora da intersecção,Dentro das localidades,Em pleno dia,Em patamar,Recta,Em plena via,Colisão,QUINTA-FEIRA ,0,2,8,2010-08-24,16,ligeiro,Sim,Nao,Sim,21.5,1,1,8,639
26813,2008323898,Braga,41.615638,-8.748034,EN103,3.45,3,0,0,1.0,50,Berma pavimentada,Seco e limpo,Dois sentidos,Bom tempo,Em via de aceleração,Dentro das localidades,Aurora ou crepúsculo,Com inclinação,Curva,Em plena via,Colisão,SÁBADO       ,0,4,8,2008-04-30,19,ligeiro,Nao,Nao,Sim,21.5,1,1,8,639
26822,2009355929,Braga,41.484487,-7.979389,EN205,106.47,1,0,0,1.0,50,Berma não pavimentada,Seco e limpo,Dois sentidos,Bom tempo,Fora da intersecção,Dentro das localidades,"Noite, com iluminação",Em patamar,Recta,Em plena via,Atropelamento,SEGUNDA-FEIRA,0,1,8,2009-01-08,18,ligeiro,Nao,Nao,Sim,21.5,1,1,8,639
26827,2009351458,Braga,41.584604,-8.317323,EN103,51.4,2,0,0,2.0,70,Berma pavimentada,Seco e limpo,Dois sentidos,Bom tempo,Fora da intersecção,Dentro das localidades,Em pleno dia,Com inclinação,Curva,Em plena via,Despiste,SEXTA-FEIRA  ,0,1,8,2008-12-19,15,ligeiro,Sim,Nao,Sim,21.5,1,1,8,639
26828,2011500385,Braga,41.584432,-8.498908,ER205,36.35,1,0,0,1.0,50,Sem berma ou impraticável,Seco e limpo,Dois sentidos,Bom tempo,Fora da intersecção,Dentro das localidades,Em pleno dia,Com inclinação,Curva,Em plena via,Colisão,QUINTA-FEIRA ,0,2,8,2010-10-26,11,ligeiro,Sim,Nao,Sim,21.5,1,1,8,639
26833,2010491513,Braga,41.599779999999996,-8.739728,EN103,5.55,4,0,0,1.0,50,Berma pavimentada,Seco e limpo,Dois sentidos,Bom tempo,Fora da intersecção,Dentro das localidades,Em pleno dia,Com inclinação,Recta,Em plena via,Colisão,QUINTA-FEIRA ,0,2,8,2010-09-05,9,ligeiro,Sim,Nao,Sim,21.5,1,1,8,639
26840,2012618141,Braga,41.603651,-8.741067,EN103,5.1,2,0,0,1.0,50,Berma pavimentada,Seco e limpo,Dois sentidos,Bom tempo,Fora da intersecção,Dentro das localidades,Em pleno dia,Em patamar,Recta,Em plena via,Colisão,QUARTA-FEIRA ,0,2,8,2012-05-28,10,ligeiro,Sim,Nao,Sim,21.5,1,1,8,639
26841,2010442378,Braga,41.476715999999996,-7.969157000000001,EN205,107.75,1,0,0,1.0,50,Berma pavimentada,Húmido,Dois sentidos,Bom tempo,Fora da intersecção,Dentro das localidades,Em pleno dia,Em patamar,Recta,Em plena via,Colisão,TERÇA-FEIRA  ,0,2,8,2010-01-30,12,ligeiro,Sim,Nao,Nao,21.5,1,1,8,639
26852,2008337495,Braga,41.476483,-7.980827000000001,EN206,75.8,1,0,0,1.0,50,Berma não pavimentada,Seco e limpo,Dois sentidos,Bom tempo,Fora da intersecção,Dentro das localidades,Em pleno dia,Com inclinação,Recta,Em plena via,Colisão,QUARTA-FEIRA ,0,2,8,2008-08-08,19,ligeiro,Sim,Nao,Sim,21.5,1,1,8,639
26861,2010441948,Braga,41.618583,-8.755472,EN103,2.66,1,0,0,1.0,50,Berma pavimentada,Molhado,Dois sentidos,Chuva,Fora da intersecção,Dentro das localidades,"Noite, com iluminação",Em patamar,Recta,No passeio,Despiste,DOMINGO      ,0,1,8,2010-01-17,20,ligeiro,Nao,Sim,Nao,21.5,1,1,8,639
26863,2010456106,Braga,41.595901,-8.738437,EN103,6.0,1,0,0,1.0,50,Berma pavimentada,Húmido,Sentido único,Chuva,Fora da intersecção,Dentro das localidades,"Noite, com iluminação",Com inclinação,Recta,Em plena via,Colisão,SÁBADO       ,0,2,8,2010-04-06,21,ligeiro,Nao,Sim,Nao,21.5,1,1,8,639
26864,2010460592,Braga,41.601933,-8.740459,EN103,5.3,2,0,0,1.0,50,Berma não pavimentada,Molhado,Dois sentidos,Chuva,Fora da intersecção,Dentro das localidades,"Noite, com iluminação",Com inclinação,Curva,Em plena via,Colisão,TERÇA-FEIRA  ,0,2,8,2010-04-03,19,ligeiro,Nao,Sim,Nao,21.5,1,1,8,639
26875,2008307912,Braga,41.600381,-8.367842,ER205-4,2.8,1,0,0,2.0,50,Sem berma ou impraticável,Seco e limpo,Dois sentidos,Bom tempo,Fora da intersecção,Dentro das localidades,"Noite, com iluminação",Com inclinação,Recta,Em plena via,Atropelamento,QUARTA-FEIRA ,0,1,8,2008-01-21,18,ligeiro,Nao,Nao,Sim,21.5,1,1,8,639
26878,2007300145,Braga,41.583954999999996,-8.502875999999999,ER205,36.0,1,0,0,1.0,50,Berma pavimentada,Seco e limpo,Dois sentidos,Bom tempo,Fora da intersecção,Dentro das localidades,Em pleno dia,Em patamar,Recta,Em plena via,Colisão,SEGUNDA-FEIRA,0,2,8,2007-10-20,15,ligeiro,Sim,Nao,Sim,21.5,1,1,8,639
26892,2007282907,Braga,41.588909,-8.297211,EN103,53.27,1,0,0,1.0,30,Berma pavimentada,Seco e limpo,Dois sentidos,Bom tempo,Fora da intersecção,Fora das localidades,Em pleno dia,Em patamar,Recta,Em plena via,Colisão,DOMINGO      ,0,4,8,2007-05-19,16,ligeiro,Sim,Nao,Sim,21.5,1,1,8,639
26900,2008304483,Braga,41.384632,-8.531630999999999,EN14,24.95,2,0,0,1.0,50,Berma pavimentada,Molhado,Dois sentidos,Chuva,Fora da intersecção,Fora das localidades,"Noite, sem iluminação",Em patamar,Recta,Em plena via,Colisão,SEGUNDA-FEIRA,0,3,8,2007-12-05,18,ligeiro,Nao,Sim,Nao,21.5,1,1,8,639
26931,2012628092,Braga,41.597193,-8.738869000000001,EN103,5.85,5,0,0,1.0,50,Sem berma ou impraticável,Molhado,Dois sentidos,Chuva,Fora da intersecção,Dentro das localidades,"Noite, sem iluminação",Em patamar,Recta,Em plena via,Despiste,QUINTA-FEIRA ,1,1,8,2012-06-10,1,ligeiro,Nao,Sim,Nao,21.5,1,1,8,639
26941,2007281944,Braga,41.584657,-8.307047,EN103,52.3,1,0,0,1.0,90,Berma pavimentada,Seco e limpo,Dois sentidos,Bom tempo,Fora da intersecção,Fora das localidades,Em pleno dia,Com inclinação,Recta,Em plena via,Despiste,QUINTA-FEIRA ,0,1,8,2007-05-05,7,ligeiro,Sim,Nao,Sim,21.5,1,1,8,639
26946,2011567895,Braga,41.593847,-8.485713,ER205,37.9,1,0,0,1.0,50,Berma pavimentada,Molhado,Dois sentidos,Chuva,Fora da intersecção,Dentro das localidades,Em pleno dia,Em patamar,Recta,Em plena via,Colisão,SEGUNDA-FEIRA,0,4,8,2011-09-02,9,ligeiro,Sim,Sim,Nao,21.5,1,1,8,639