,COD_ACIDENTE,DISTRITO,LATITUDE,LONGITUDE,VIA,KM,QT_FLIGEIROS,QT_FGRAVES,QT_MORTOS,QT_VIAS_SENTIDO,VEL_LIM_LOCAL,BERMA_VIA,CONDICAO_ADERENCIA,FAIXA_RODAGEM,FATOR_ATMOSFERICO,INTERSECAO_VIA,LOCALIZACAO,LUMINOSIDADE,PERFIL_VIA,PLANTA_VIA,SITUACAO_ACIDENTE,TIPO_NATUREZA,DIA_SEMANA,FLAG_FERIADO,QT_VEICULOS,COD_FREGUESIA,DATA,HORA,GRAVIDADE,ERA_DIA,MAU_TEMPO,ESTRADA_SECA,DENSIDADE_TOTAL,COD_DISTRITO_INE,COD_CONCELHO_INE,COD_FREGUESIA_INE,TOTAL
26961,2009409737,Braga,41.608090000000004,-8.353583,ER205-4,1.25,1,0,0,1.0,50,Sem berma ou impraticável,Seco e limpo,Dois sentidos,Bom tempo,Fora da intersecção,Dentro das localidades,"Noite, com iluminação",Com inclinação,Recta,Na berma,Despiste,TERÇA-FEIRA  ,0,1,8,2009-08-12,3,ligeiro,Nao,Nao,Sim,21.5,1,1,8,639
26999,2009387178,Braga,41.370069,-8.542697,EN14,23.1,2,0,0,1.0,50,Berma pavimentada,Molhado,Dois sentidos,Chuva,Fora da intersecção,Dentro das localidades,Em pleno dia,Em patamar,Recta,Em plena via,Colisão,SÁBADO       ,0,2,8,2009-05-16,19,ligeiro,Sim,Sim,Nao,21.5,1,1,8,639
27022,2011527211,Braga,41.584689000000004,-8.307871,EN103,52.23,1,0,0,1.0,50,Berma pavimentada,Seco e limpo,Dois sentidos,Bom tempo,Fora da intersecção,Dentro das localidades,Em pleno dia,Em patamar,Recta,Em plena via,Colisão,SEGUNDA-FEIRA,0,2,8,2011-03-20,11,ligeiro,Sim,Nao,Sim,21.5,1,1,8,639
27026,2011544968,Braga,41.515085,-8.623128,EN103,21.35,2,1,0,1.0,50,Berma pavimentada,Seco e limpo,Dois sentidos,Bom tempo,Fora da intersecção,Dentro das localidades,"Noite, com iluminação",Em patamar,Recta,Em plena via,Colisão,QUARTA-FEIRA ,0,2,8,2011-06-04,22,ligeiro,Nao,Nao,Sim,21.5,1,1,8,639
27034,2011542673,Braga,41.373012,-8.542274,EN14,23.4,1,0,0,1.0,50,Berma pavimentada,Seco e limpo,Dois sentidos,Bom tempo,Fora da intersecção,Dentro das localidades,"Noite, sem iluminação",Com inclinação,Recta,Em plena via,Despiste,QUINTA-FEIRA ,0,1,8,2011-07-26,1,ligeiro,Nao,Nao,Sim,21.5,1,1,8,639
27044,2012600616,Braga,41.493269,-8.337835,ER310,12.63,1,0,0,1.0,50,Berma pavimentada,Seco e limpo,Dois sentidos,Bom tempo,Fora da intersecção,Dentro das localidades,Em pleno dia,Em patamar,Curva,Em plena via,Colisão,SEGUNDA-FEIRA,0,2,8,2012-02-20,10,ligeiro,Sim,Nao,Sim,21.5,1,1,8,639
27046,2010463477,Braga,41.510571999999996,-8.616357,A11,11.8,1,0,0,2.0,120,Berma pavimentada,Seco e limpo,Sentido único,Bom tempo,Fora da intersecção,Fora das localidades,"Noite, sem iluminação",Em patamar,Recta,Em plena via,Despiste,QUARTA-FEIRA ,0,1,8,2010-05-02,5,ligeiro,Nao,Nao,Sim,21.5,1,1,8,639
27058,2010433032,Braga,41.587759000000005,-8.495963,ER205,36.8,3,0,0,2.0,50,Sem berma ou impraticável,"Com gelo, geada ou neve",Sentido único,Bom tempo,Fora da intersecção,Dentro das localidades,Em pleno dia,Com inclinação,Recta,Em plena via,Colisão,SÁBADO       ,0,2,8,2009-12-19,9,ligeiro,Sim,Nao,Nao,21.5,1,1,8,639
27091,2007300583,Braga,41.591149,-8.491207000000001,ER205,37.35,1,0,0,1.0,80,Berma não pavimentada,Seco e limpo,NÃO DEFINIDO,Bom tempo,Fora da intersecção,Dentro das localidades,Em pleno dia,Em patamar,Recta,Na berma,Despiste,SEGUNDA-FEIRA,0,1,8,2007-11-07,15,ligeiro,Sim,Nao,Sim,21.5,1,1,8,639
27092,2009399779,Braga,41.494863,-8.3365,ER310,12.4,1,0,0,1.0,50,Berma pavimentada,Seco e limpo,Dois sentidos,Bom tempo,Em entroncamento,Fora das localidades,Em pleno dia,Em patamar,Recta,Em plena via,Despiste,QUARTA-FEIRA ,0,1,8,2009-07-27,13,ligeiro,Sim,Nao,Sim,21.5,1,1,8,639
27109,2007287111,Braga,41.387192999999996,-8.528613,EN14,25.3,2,0,0,1.0,50,Berma pavimentada,Húmido,Dois sentidos,Chuva,Fora da intersecção,Dentro das localidades,Em pleno dia,Com inclinação,Recta,Em plena via,Colisão,TERÇA-FEIRA  ,0,2,8,2007-06-18,10,ligeiro,Sim,Sim,Nao,21.5,1,1,8,639
27118,2010463496,Braga,41.588324,-8.735659,EN103,6.9,2,0,0,1.0,50,Berma não pavimentada,Seco e limpo,Dois sentidos,Bom tempo,Fora da intersecção,Fora das localidades,"Noite, sem iluminação",Em patamar,Recta,Em plena via,Despiste,QUARTA-FEIRA ,0,1,8,2010-05-02,3,ligeiro,Nao,Nao,Sim,21.5,1,1,8,639
27119,2008333671,Braga,41.615864,-8.74981,EN103,3.3,2,0,0,1.0,50,Sem berma ou impraticável,Seco e limpo,Dois sentidos,Bom tempo,Fora da intersecção,Dentro das localidades,Em pleno dia,Em patamar,Recta,Em plena via,Colisão,SEGUNDA-FEIRA,0,2,8,2008-07-26,11,ligeiro,Sim,Nao,Sim,21.5,1,1,8,639
27134,2008304750,Braga,41.482913,-8.347147,EN101,105.2,1,0,0,1.0,50,Sem berma ou impraticável,Molhado,Dois sentidos,Chuva,NÃO DEFINIDO,Dentro das localidades,Em pleno dia,Em patamar,Recta,Em plena via,Colisão,QUARTA-FEIRA ,0,2,8,2007-12-07,12,ligeiro,Sim,Sim,Nao,21.5,1,1,8,639
27136,2012583123,Braga,41.603651,-8.741067,EN103,5.1,2,0,0,1.0,50,Berma não pavimentada,Molhado,Dois sentidos,Chuva,Fora da intersecção,Dentro das localidades,"Noite, sem iluminação",Com inclinação,Recta,Em plena via,Colisão,SEXTA-FEIRA  ,0,2,8,2011-11-18,19,ligeiro,Nao,Sim,Nao,21.5,1,1,8,639
27139,2007280313,Braga,41.586248,-8.302973,EN103,52.7,1,0,0,1.0,90,Berma pavimentada,Seco e limpo,Dois sentidos,Bom tempo,Fora da intersecção,Fora das localidades,Em pleno dia,Em patamar,Recta,Em plena via,Colisão,SEXTA-FEIRA  ,0,3,8,2007-04-30,14,ligeiro,Sim,Nao,Sim,21.5,1,1,8,639
27152,2008322760,Braga,41.736878000000004,-8.215725,EN307,39.77,0,1,0,1.0,50,Berma não pavimentada,Seco e limpo,Dois sentidos,Bom tempo,Fora da intersecção,Dentro das localidades,Em pleno dia,NÃO DEFINIDO,Curva,Em plena via,Colisão,QUINTA-FEIRA ,0,2,8,2008-04-06,16,ligeiro,Sim,Nao,Sim,21.5,1,1,8,639
27153,2011562092,Braga,41.595345,-8.482702,ER205,38.2,1,0,0,1.0,50,Sem berma ou impraticável,Seco e limpo,Dois sentidos,Bom tempo,Fora da intersecção,Fora das localidades,Em pleno dia,Em patamar,Recta,Em plena via,Despiste,SÁBADO       ,0,1,8,2011-08-25,17,ligeiro,Sim,Nao,Sim,21.5,1,1,8,639
27162,2012626705,Braga,41.607734,-8.353945,ER205-4,1.3,1,0,0,1.0,50,Berma não pavimentada,Seco e limpo,Dois sentidos,Bom tempo,Fora da intersecção,Dentro das localidades,Em pleno dia,Com inclinação,Recta,Na berma,Despiste,SÁBADO       ,0,1,8,2012-06-23,9,ligeiro,Sim,Nao,Sim,21.5,1,1,8,639
27210,2007287838,Braga,41.544857,-8.438325,EN14,38.47,2,1,1,1.0,50,Berma pavimentada,Seco e limpo,Dois sentidos,Bom tempo,Em entroncamento,Dentro das localidades,"Noite, com iluminação",Com inclinação,Recta,Em plena via,Colisão,QUINTA-FEIRA ,0,3,24,2007-07-07,22,grave,Nao,Nao,Sim,185.6,1,2,24,5621
27211,2007289760,Braga,41.623209,-8.208536,EN103,63.9,1,0,0,2.0,50,Berma pavimentada,Seco e limpo,Dois sentidos,Bom tempo,Fora da intersecção,Dentro das localidades,Em pleno dia,Em patamar,Curva,Em plena via,Despiste,SÁBADO       ,0,1,24,2007-07-31,7,ligeiro,Sim,Nao,Sim,185.6,1,2,24,5621
27212,2007291330,Braga,41.623776,-8.212085,EN103,63.6,1,1,1,1.0,50,Sem berma ou impraticável,Húmido,Dois sentidos,Chuva,Fora da intersecção,Dentro das localidades,"Noite, sem iluminação",Com inclinação,Curva,Em plena via,Colisão,TERÇA-FEIRA  ,0,2,24,2007-08-14,20,grave,Nao,Sim,Nao,185.6,1,2,24,5621
27229,2008323763,Braga,41.619523,-8.22953,EN103,61.87,3,0,0,1.0,90,Berma pavimentada,Molhado,Dois sentidos,Chuva,Fora da intersecção,Fora das localidades,Em pleno dia,Com inclinação,Curva,Em plena via,Colisão,TERÇA-FEIRA  ,0,3,24,2008-04-21,14,ligeiro,Sim,Sim,Nao,185.6,1,2,24,5621
27243,2009355871,Braga,41.623416999999996,-8.213192999999999,EN103,63.5,1,0,0,1.0,50,Sem berma ou impraticável,Húmido,Dois sentidos,Chuva,Fora da intersecção,Dentro das localidades,"Noite, com iluminação",Com inclinação,Curva,Em plena via,Colisão,DOMINGO      ,1,2,24,2009-01-01,1,ligeiro,Nao,Sim,Nao,185.6,1,2,24,5621
27247,2008344036,Braga,41.624313,-8.637694999999999,ER204,13.6,1,0,0,1.0,50,Sem berma ou impraticável,Seco e limpo,Sentido único,Bom tempo,Em cruzamento,Dentro das localidades,Em pleno dia,Em Lomba,Recta,Em plena via,Colisão,QUINTA-FEIRA ,1,2,24,2008-10-05,11,ligeiro,Sim,Nao,Sim,185.6,1,2,24,5621
27250,2009357505,Braga,41.629509999999996,-8.637955,ER204,13.0,1,0,0,1.0,50,Sem berma ou impraticável,Molhado,Dois sentidos,Chuva,Fora da intersecção,Dentro das localidades,Em pleno dia,Em patamar,Recta,Em plena via,Despiste,SEXTA-FEIRA  ,0,1,24,2009-01-22,11,ligeiro,Sim,Sim,Nao,185.6,1,2,24,5621
27254,2009351494,Braga,41.621434,-8.226564,EN103,62.3,5,0,0,2.0,50,Berma pavimentada,Molhado,Dois sentidos,Chuva,Fora da intersecção,Dentro das localidades,Em pleno dia,Com inclinação,Recta,Em plena via,Colisão,QUINTA-FEIRA ,0,2,24,2008-12-29,13,ligeiro,Sim,Sim,Nao,185.6,1,2,24,5621
27267,2009383141,Braga,41.623416999999996,-8.213192999999999,EN103,63.5,1,0,0,2.0,60,Berma não pavimentada,Seco e limpo,Dois sentidos,Bom tempo,Fora da intersecção,Dentro das localidades,"Noite, com iluminação",Com inclinação,Curva,Em plena via,Despiste,SEGUNDA-FEIRA,1,1,24,2009-05-01,23,ligeiro,Nao,Nao,Sim,185.6,1,2,24,5621
27268,2009389502,Braga,41.663297,-8.409521,EN308,38.23,1,0,0,1.0,50,Berma pavimentada,Seco e limpo,Dois sentidos,Bom tempo,Fora da intersecção,Dentro das localidades,Em pleno dia,Em patamar,Recta,Em plena via,Atropelamento,SEXTA-FEIRA  ,0,1,24,2009-06-13,15,ligeiro,Sim,Nao,Sim,185.6,1,2,24,5621
27269,2009409321,Braga,41.623025,-8.214286999999999,EN103,63.4,2,0,0,1.0,50,Sem berma ou impraticável,Seco e limpo,Dois sentidos,Bom tempo,Fora da intersecção,Dentro das localidades,Aurora ou crepúsculo,Em patamar,Recta,Em plena via,Despiste,TERÇA-FEIRA  ,0,1,24,2009-08-29,6,ligeiro,Nao,Nao,Sim,185.6,1,2,24,5621
27270,2009417643,Braga,41.424556,-8.244327,EN101,119.15,0,2,0,1.0,50,Berma não pavimentada,Seco e limpo,Dois sentidos,Bom tempo,Fora da intersecção,Dentro das localidades,Em pleno dia,Com inclinação,Curva,Na berma,Atropelamento,DOMINGO      ,0,1,24,2009-09-03,17,ligeiro,Sim,Nao,Sim,185.6,1,2,24,5621
27285,2010456084,Braga,41.423259,-8.241714,EN101,119.5,2,0,0,1.0,50,Berma pavimentada,Húmido,Dois sentidos,Chuva,Fora da intersecção,Dentro das localidades,Em pleno dia,Com inclinação,Recta,Na berma,Despiste,SEGUNDA-FEIRA,1,1,24,2010-04-02,11,ligeiro,Sim,Sim,Nao,185.6,1,2,24,5621
27291,2010453729,Braga,41.6204,-8.222311,EN103,62.7,3,0,0,1.0,50,Berma pavimentada,Molhado,Dois sentidos,Chuva,Fora da intersecção,Dentro das localidades,Em pleno dia,Com inclinação,Curva,Em plena via,Colisão,QUINTA-FEIRA ,0,2,24,2010-03-07,15,ligeiro,Sim,Sim,Nao,185.6,1,2,24,5621
27294,2010462742,Braga,41.6231,-8.214066,EN103,63.42,0,1,0,1.0,50,Berma não pavimentada,Molhado,Dois sentidos,Chuva,Fora da intersecção,Dentro das localidades,"Noite, com iluminação",Com inclinação,Recta,Na berma,Despiste,SÁBADO       ,0,1,24,2010-05-10,5,ligeiro,Nao,Sim,Nao,185.6,1,2,24,5621
27301,2010477713,Braga,41.627749,-8.638475999999999,ER204,13.2,1,0,0,1.0,50,Berma pavimentada,Seco e limpo,Dois sentidos,Bom tempo,Fora da intersecção,Dentro das localidades,Em pleno dia,Em patamar,Recta,Em plena via,Colisão,QUINTA-FEIRA ,0,2,24,2010-07-10,11,ligeiro,Sim,Nao,Sim,185.6,1,2,24,5621
27306,2011500209,Braga,41.621889,-8.227665,EN103,62.2,1,0,0,1.0,90,Sem berma ou impraticável,Molhado,Dois sentidos,Chuva,Fora da intersecção,Fora das localidades,Em pleno dia,Com inclinação,Curva,Em plena via,Despiste,TERÇA-FEIRA  ,0,1,24,2010-10-30,13,ligeiro,Sim,Sim,Nao,185.6,1,2,24,5621
27312,2011507583,Braga,41.425732,-8.244836,EN101,119.01,5,0,0,1.0,50,Berma pavimentada,Molhado,Sentido único,Chuva,Fora da intersecção,Dentro das localidades,Em pleno dia,Com inclinação,Curva,Em plena via,Colisão,DOMINGO      ,0,2,24,2010-11-15,8,ligeiro,Sim,Sim,Nao,185.6,1,2,24,5621
27323,2011557840,Braga,41.424994,-8.244389,EN101,119.1,1,0,0,1.0,50,Sem berma ou impraticável,Seco e limpo,Dois sentidos,Bom tempo,NÃO DEFINIDO,Dentro das localidades,"Noite, sem iluminação",Com inclinação,Curva,NÃO DEFINIDO,Despiste,QUINTA-FEIRA ,0,1,24,2011-10-14,6,ligeiro,Nao,Nao,Sim,185.6,1,2,24,5621
27330,2011568447,Braga,41.623616999999996,-8.210891,EN103,63.7,2,0,0,1.0,50,Berma não pavimentada,Seco e limpo,Dois sentidos,Bom tempo,Fora da intersecção,Dentro das localidades,Em pleno dia,Com inclinação,Recta,Em plena via,Colisão,TERÇA-FEIRA  ,0,2,24,2011-09-14,8,ligeiro,Sim,Nao,Sim,185.6,1,2,24,5621
27331,2011574220,Braga,41.620849,-8.221161,EN103,62.8,1,0,0,1.0,50,Berma não pavimentada,Seco e limpo,Dois sentidos,Bom tempo,Em entroncamento,Dentro das localidades,Em pleno dia,Em patamar,Recta,Em plena via,Colisão,SEGUNDA-FEIRA,0,2,24,2011-10-28,18,ligeiro,Sim,Nao,Sim,185.6,1,2,24,5621
27341,2012608657,Braga,41.619463,-8.229758,EN103,61.85,1,0,0,1.0,50,Berma pavimentada,Molhado,Dois sentidos,Chuva,Fora da intersecção,Dentro das localidades,Em pleno dia,Em patamar,Recta,Na berma,Despiste,QUARTA-FEIRA ,0,1,24,2012-03-04,11,ligeiro,Sim,Sim,Nao,185.6,1,2,24,5621
27342,2012608679,Braga,41.623616999999996,-8.210891,EN103,63.7,1,0,0,1.0,50,Sem berma ou impraticável,Húmido,Dois sentidos,Chuva,Fora da intersecção,Dentro das localidades,Em pleno dia,Com inclinação,Recta,No passeio,Despiste,SEGUNDA-FEIRA,0,1,24,2012-03-03,12,ligeiro,Sim,Sim,Nao,185.6,1,2,24,5621
27351,2013670447,Braga,41.627316,-8.638601,ER204,13.25,4,1,0,2.0,50,Berma pavimentada,Seco e limpo,Dois sentidos,Bom tempo,Em cruzamento,Dentro das localidades,"Noite, com iluminação",Em patamar,Recta,Em plena via,Colisão,SEGUNDA-FEIRA,0,2,24,2012-12-01,22,ligeiro,Nao,Nao,Sim,185.6,1,2,24,5621
27352,2013669736,Braga,41.623711,-8.211485,EN103,63.65,2,0,0,1.0,50,Berma pavimentada,Molhado,Dois sentidos,Chuva,Fora da intersecção,Dentro das localidades,Em pleno dia,Com inclinação,Recta,Na berma,Despiste,QUARTA-FEIRA ,0,1,24,2012-12-31,12,ligeiro,Sim,Sim,Nao,185.6,1,2,24,5621
27359,2009373458,Braga,41.623415,-8.209707,EN103,63.8,1,0,0,1.0,50,Berma pavimentada,Molhado,Dois sentidos,Chuva,Fora da intersecção,Dentro das localidades,Em pleno dia,Em patamar,Recta,Em plena via,Colisão,SÁBADO       ,0,3,24,2009-04-29,7,ligeiro,Sim,Sim,Nao,185.6,1,2,24,5621
27375,2009358796,Braga,41.623776,-8.212085,EN103,63.6,1,0,0,1.0,50,Berma pavimentada,Seco e limpo,Dois sentidos,Bom tempo,Fora da intersecção,Dentro das localidades,Em pleno dia,Em patamar,Recta,Em plena via,Colisão,QUARTA-FEIRA ,0,2,24,2009-02-07,13,ligeiro,Sim,Nao,Sim,185.6,1,2,24,5621
27377,2010464660,Braga,41.622358,-8.216546000000001,EN103,63.2,1,0,0,1.0,50,Sem berma ou impraticável,Seco e limpo,Dois sentidos,Bom tempo,Fora da intersecção,Dentro das localidades,Em pleno dia,Com inclinação,Curva,Em plena via,Colisão,DOMINGO      ,0,2,24,2010-05-16,19,ligeiro,Sim,Nao,Sim,185.6,1,2,24,5621
27384,2011523873,Braga,41.623209,-8.208536,EN103,63.9,3,0,0,1.0,50,Berma não pavimentada,Molhado,Dois sentidos,Chuva,Fora da intersecção,Dentro das localidades,Em pleno dia,Com inclinação,Curva,Em plena via,Colisão,TERÇA-FEIRA  ,0,2,24,2011-02-21,10,ligeiro,Sim,Sim,Nao,185.6,1,2,24,5621
27398,2013656285,Braga,41.6204,-8.222311,EN103,62.7,1,0,0,1.0,50,Sem berma ou impraticável,Seco e limpo,Dois sentidos,Bom tempo,Fora da intersecção,Dentro das localidades,"Noite, com iluminação",Com inclinação,Curva,Em plena via,Despiste,DOMINGO      ,0,1,24,2012-10-21,21,ligeiro,Nao,Nao,Sim,185.6,1,2,24,5621
27401,2008327087,Braga,41.424994,-8.244389,EN101,119.1,1,0,0,1.0,50,Berma não pavimentada,Seco e limpo,Dois sentidos,Bom tempo,Fora da intersecção,Dentro das localidades,Em pleno dia,Com inclinação,Curva,Na berma,Despiste,SEGUNDA-FEIRA,0,1,24,2008-05-19,14,ligeiro,Sim,Nao,Sim,185.6,1,2,24,5621
27408,2010486994,Braga,41.62415,-8.206628,EN103,64.1,1,0,0,2.0,50,Berma não pavimentada,Seco e limpo,Dois sentidos,Bom tempo,Fora da intersecção,Dentro das localidades,Em pleno dia,Em patamar,Recta,Em plena via,Colisão,SEXTA-FEIRA  ,0,2,24,2010-08-03,8,ligeiro,Sim,Nao,Sim,185.6,1,2,24,5621
27416,2012579540,Braga,41.623711,-8.211485,EN103,63.65,1,0,0,1.0,50,Berma pavimentada,Molhado,Dois sentidos,Chuva,Fora da intersecção,Dentro das localidades,Em pleno dia,Com inclinação,Recta,Em plena via,Despiste,SÁBADO       ,0,1,24,2011-11-13,16,ligeiro,Sim,Sim,Nao,185.6,1,2,24,5621
27421,2009367473,Braga,41.425794,-8.24488,EN101,119.0,2,0,0,1.0,50,Sem berma ou impraticável,Seco e limpo,Dois sentidos,Bom tempo,Fora da intersecção,Dentro das localidades,"Noite, com iluminação",Com inclinação,Recta,Em plena via,Colisão,DOMINGO      ,0,2,24,2009-03-21,21,ligeiro,Nao,Nao,Sim,185.6,1,2,24,5621
27427,2010424000,Braga,41.620292,-8.222525,EN103,62.68,2,0,0,1.0,90,Berma não pavimentada,Molhado,Dois sentidos,Bom tempo,Fora da intersecção,Fora das localidades,Em pleno dia,Em patamar,Recta,Em plena via,Colisão,SÁBADO       ,0,2,24,2009-10-23,17,ligeiro,Sim,Nao,Nao,185.6,1,2,24,5621
27429,2010478932,Braga,41.624013,-8.206789,EN103,64.08,1,0,0,1.0,50,Sem berma ou impraticável,Seco e limpo,Dois sentidos,Bom tempo,Fora da intersecção,Dentro das localidades,Em pleno dia,Com inclinação,Recta,Em plena via,Colisão,QUARTA-FEIRA ,0,2,24,2010-07-26,17,ligeiro,Sim,Nao,Sim,185.6,1,2,24,5621
27441,2009367551,Braga,41.619155,-8.230167,EN103,61.8,1,0,0,2.0,50,Berma pavimentada,Molhado,Dois sentidos,Chuva,Fora da intersecção,Dentro das localidades,Em pleno dia,Com inclinação,Curva,Na berma,Despiste,DOMINGO      ,0,1,24,2009-03-04,13,ligeiro,Sim,Sim,Nao,185.6,1,2,24,5621
27472,2009409524,Braga,41.624313,-8.637694999999999,ER204,13.6,1,0,0,1.0,50,Berma não pavimentada,Seco e limpo,Dois sentidos,Bom tempo,Fora da intersecção,Dentro das localidades,Em pleno dia,Em patamar,Recta,Em plena via,Despiste,SEXTA-FEIRA  ,0,1,24,2009-08-20,19,ligeiro,Sim,Nao,Sim,185.6,1,2,24,5621
27474,2012626719,Braga,41.4277,-8.244544,EN101,118.75,1,0,0,1.0,50,Berma pavimentada,Seco e limpo,Dois sentidos,Bom tempo,Fora da intersecção,Dentro das localidades,"Noite, sem iluminação",Com inclinação,Curva,Em plena via,Despiste,QUARTA-FEIRA ,0,1,24,2012-06-26,22,ligeiro,Nao,Nao,Sim,185.6,1,2,24,5621
27475,2012632542,Braga,41.623711,-8.211485,EN103,63.65,2,0,0,1.0,50,Berma pavimentada,Molhado,Dois sentidos,Chuva,Fora da intersecção,Dentro das localidades,Em pleno dia,Com inclinação,Curva,Em plena via,Despiste,QUARTA-FEIRA ,0,1,24,2012-07-13,18,ligeiro,Sim,Sim,Nao,185.6,1,2,24,5621
27476,2010432547,Braga,41.661213000000004,-8.410551,EN308,37.98,2,0,0,1.0,50,Sem berma ou impraticável,Húmido,Dois sentidos,Bom tempo,Fora da intersecção,Dentro das localidades,"Noite, sem iluminação",Com inclinação,Curva,Em plena via,Despiste,SEGUNDA-FEIRA,0,1,24,2009-12-26,19,ligeiro,Nao,Nao,Nao,185.6,1,2,24,5621
27477,2010451111,Braga,41.627316,-8.638601,ER204,13.25,1,0,1,1.0,50,Sem berma ou impraticável,Seco e limpo,Dois sentidos,Bom tempo,Em entroncamento,Dentro das localidades,Aurora ou crepúsculo,Em patamar,Curva,Em plena via,Colisão,SEGUNDA-FEIRA,0,2,24,2010-03-10,19,ligeiro,Nao,Nao,Sim,185.6,1,2,24,5621
27480,2009373747,Braga,41.623626,-8.212653,EN103,63.55,5,0,0,1.0,50,Berma pavimentada,Molhado,Dois sentidos,Chuva,Fora da intersecção,Dentro das localidades,"Noite, com iluminação",Com inclinação,Curva,Em plena via,Despiste,SÁBADO       ,0,1,24,2009-04-18,1,ligeiro,Nao,Sim,Nao,185.6,1,2,24,5621
27494,2011555952,Braga,41.621167,-8.220065,EN103,62.89,5,0,0,1.0,50,Sem berma ou impraticável,Seco e limpo,Dois sentidos,Bom tempo,Fora da intersecção,Dentro das localidades,"Noite, sem iluminação",Em patamar,Recta,Em plena via,Colisão,QUINTA-FEIRA ,0,2,24,2011-07-26,21,ligeiro,Nao,Nao,Sim,185.6,1,2,24,5621
27510,2007275726,Braga,41.624313,-8.637694999999999,ER204,13.6,1,0,0,1.0,80,Berma não pavimentada,Molhado,Dois sentidos,Chuva,Em via de aceleração,Fora das localidades,"Noite, sem iluminação",Em patamar,Recta,Em plena via,Colisão,SEGUNDA-FEIRA,0,3,24,2007-02-07,16,ligeiro,Nao,Sim,Nao,185.6,1,2,24,5621
27513,2007289677,Braga,41.621272,-8.228548,EN103,62.1,1,0,0,1.0,50,Sem berma ou impraticável,Seco e limpo,Sentido único,Bom tempo,NÃO DEFINIDO,Dentro das localidades,"Noite, sem iluminação",Com inclinação,Curva,Na berma,Despiste,DOMINGO      ,0,1,24,2007-07-09,1,ligeiro,Nao,Nao,Sim,185.6,1,2,24,5621
27521,2009400536,Braga,41.661033,-8.410810000000001,EN308,37.95,1,0,0,1.0,50,Berma pavimentada,Molhado,Dois sentidos,Chuva,Fora da intersecção,Dentro das localidades,Em pleno dia,Em patamar,Curva,Na berma,Despiste,DOMINGO      ,0,2,24,2009-07-24,14,ligeiro,Sim,Sim,Nao,185.6,1,2,24,5621
27526,2008344783,Braga,41.541771999999995,-8.44087,EN14,38.31,1,0,0,1.0,50,Berma pavimentada,Seco e limpo,Dois sentidos,Bom tempo,Em cruzamento,Dentro das localidades,"Noite, sem iluminação",Em patamar,Recta,Em plena via,Colisão,DOMINGO      ,0,2,24,2008-10-19,22,ligeiro,Nao,Nao,Sim,185.6,1,2,24,5621
27537,2007274150,Braga,41.550487,-8.438181,EN(d)201,65.2,1,0,0,1.0,50,Berma não pavimentada,Molhado,Dois sentidos,Bom tempo,Fora da intersecção,Dentro das localidades,Em pleno dia,Em patamar,Recta,Em plena via,Colisão,QUARTA-FEIRA ,0,3,24,2007-02-14,9,ligeiro,Sim,Nao,Nao,185.6,1,2,24,5621
27542,2010445918,Braga,41.622687,-8.215415,EN103,63.3,1,0,0,1.0,50,Berma não pavimentada,Molhado,Dois sentidos,Chuva,Em entroncamento,Dentro das localidades,Em pleno dia,Com inclinação,Recta,Em plena via,Colisão,DOMINGO      ,0,2,24,2010-02-04,9,ligeiro,Sim,Sim,Nao,185.6,1,2,24,5621
27553,2010458986,Braga,41.549515,-8.434655000000001,EN14,38.7,1,1,0,3.0,50,Sem berma ou impraticável,Seco e limpo,Dois sentidos,Bom tempo,Em cruzamento,Dentro das localidades,Em pleno dia,Com inclinação,Recta,Em plena via,Colisão,SEGUNDA-FEIRA,0,2,24,2010-04-24,8,ligeiro,Sim,Nao,Sim,185.6,1,2,24,5621
27558,2008337940,Braga,41.620849,-8.221161,EN103,62.8,1,0,0,1.0,50,Berma pavimentada,Seco e limpo,Dois sentidos,Bom tempo,Em entroncamento,Dentro das localidades,Em pleno dia,Em patamar,Recta,Em plena via,Colisão,DOMINGO      ,0,2,24,2008-08-23,12,ligeiro,Sim,Nao,Sim,185.6,1,2,24,5621
27559,2008341757,Braga,41.419979999999995,-8.241448,EN101,119.9,1,0,0,1.0,50,Sem berma ou impraticável,Seco e limpo,Dois sentidos,Bom tempo,Fora da intersecção,Dentro das localidades,Em pleno dia,Com inclinação,Curva,Em plena via,Despiste,SEXTA-FEIRA  ,0,1,24,2008-09-02,13,ligeiro,Sim,Nao,Sim,185.6,1,2,24,5621
27567,2010437288,Braga,41.622172,-8.217193,EN103,63.14,0,0,1,1.0,50,Berma não pavimentada,Com água acumulada na faixa de rodagem,Dois sentidos,Chuva,Fora da intersecção,Dentro das localidades,"Noite, com iluminação",Com inclinação,Recta,Na berma,Atropelamento,DOMINGO      ,0,1,24,2010-01-23,18,ligeiro,Nao,Sim,Nao,185.6,1,2,24,5621
27570,2007295601,Braga,41.623711,-8.211485,EN103,63.65,1,0,0,1.0,50,Berma pavimentada,Seco e limpo,Dois sentidos,Bom tempo,Fora da intersecção,Dentro das localidades,Em pleno dia,Em patamar,Curva,Em plena via,Colisão,SEXTA-FEIRA  ,0,2,24,2007-09-03,14,ligeiro,Sim,Nao,Sim,185.6,1,2,24,5621
27575,2010423999,Braga,41.54051,-8.441669000000001,EN14,38.25,1,0,0,1.0,50,Sem berma ou impraticável,Molhado,Dois sentidos,Chuva,Fora da intersecção,Dentro das localidades,Em pleno dia,Em patamar,Recta,Em plena via,Colisão,SEGUNDA-FEIRA,0,2,24,2009-10-24,12,ligeiro,Sim,Sim,Nao,185.6,1,2,24,5621