,COD_ACIDENTE,DISTRITO,LATITUDE,LONGITUDE,VIA,KM,QT_FLIGEIROS,QT_FGRAVES,QT_MORTOS,QT_VIAS_SENTIDO,VEL_LIM_LOCAL,BERMA_VIA,CONDICAO_ADERENCIA,FAIXA_RODAGEM,FATOR_ATMOSFERICO,INTERSECAO_VIA,LOCALIZACAO,LUMINOSIDADE,PERFIL_VIA,PLANTA_VIA,SITUACAO_ACIDENTE,TIPO_NATUREZA,DIA_SEMANA,FLAG_FERIADO,QT_VEICULOS,COD_FREGUESIA,DATA,HORA,GRAVIDADE,ERA_DIA,MAU_TEMPO,ESTRADA_SECA,DENSIDADE_TOTAL,COD_DISTRITO_INE,COD_CONCELHO_INE,COD_FREGUESIA_INE,TOTAL
27592,2010478933,Braga,41.620849,-8.221161,EN103,62.8,3,0,0,1.0,50,Berma não pavimentada,Seco e limpo,Dois sentidos,Bom tempo,Em entroncamento,Dentro das localidades,Em pleno dia,Com inclinação,Curva,Na berma,Despiste,TERÇA-FEIRA  ,0,1,24,2010-07-31,6,ligeiro,Sim,Nao,Sim,185.6,1,2,24,5621
27595,2009409328,Braga,41.616904,-8.231942,EN103,61.5,4,0,0,1.0,70,Berma não pavimentada,Seco e limpo,Dois sentidos,Bom tempo,Fora da intersecção,Dentro das localidades,Em pleno dia,Em patamar,Recta,Em plena via,Despiste,QUARTA-FEIRA ,0,1,24,2009-08-19,15,ligeiro,Sim,Nao,Sim,185.6,1,2,24,5621
27599,2008343506,Braga,41.620603,-8.221939,EN103,62.74,1,0,0,1.0,50,Berma pavimentada,Seco e limpo,Dois sentidos,Bom tempo,Fora da intersecção,Dentro das localidades,"Noite, com iluminação",Em patamar,Recta,Em plena via,Atropelamento,SEGUNDA-FEIRA,0,1,24,2008-10-14,19,ligeiro,Nao,Nao,Sim,185.6,1,2,24,5621
27614,2011512187,Braga,41.627749,-8.638475999999999,ER204,13.2,1,0,0,1.0,50,Sem berma ou impraticável,Seco e limpo,Dois sentidos,Bom tempo,Em cruzamento,Dentro das localidades,Em pleno dia,Em patamar,Recta,Em plena via,Colisão,SEXTA-FEIRA  ,0,2,24,2010-12-23,9,ligeiro,Sim,Nao,Sim,185.6,1,2,24,5621
27625,2010441934,Braga,41.540547,-8.437603,EN(d)103,39.51,3,0,0,1.0,50,Sem berma ou impraticável,Seco e limpo,Dois sentidos,Bom tempo,Fora da intersecção,Dentro das localidades,"Noite, sem iluminação",Em patamar,Recta,Em plena via,Colisão,TERÇA-FEIRA  ,0,2,24,2010-01-19,19,ligeiro,Nao,Nao,Sim,185.6,1,2,24,5621
27632,2008333589,Braga,41.619602,-8.229183,EN103,61.9,3,0,0,1.0,70,Berma não pavimentada,Molhado,Dois sentidos,Chuva,Fora da intersecção,Fora das localidades,Em pleno dia,Com inclinação,Curva,Na berma,Despiste,DOMINGO      ,0,1,24,2008-07-31,18,ligeiro,Sim,Sim,Nao,185.6,1,2,24,5621
27642,2008310119,Braga,41.619746,-8.22885,EN103,61.93,0,1,0,1.0,90,Berma pavimentada,Molhado,Dois sentidos,Chuva,Fora da intersecção,Fora das localidades,Em pleno dia,Com inclinação,Curva,Em plena via,Colisão,TERÇA-FEIRA  ,0,2,24,2008-02-18,9,ligeiro,Sim,Sim,Nao,185.6,1,2,24,5621
27669,2010424049,Braga,41.623416999999996,-8.213192999999999,EN103,63.5,3,0,0,1.0,50,Berma pavimentada,Molhado,Dois sentidos,Chuva,Fora da intersecção,Dentro das localidades,"Noite, sem iluminação",Em patamar,Curva,Em plena via,Despiste,SEGUNDA-FEIRA,0,1,24,2009-10-24,20,ligeiro,Nao,Sim,Nao,185.6,1,2,24,5621
27691,2009400490,Braga,41.623267999999996,-8.208891,EN103,63.87,1,0,0,1.0,50,Berma não pavimentada,Seco e limpo,Dois sentidos,Bom tempo,Fora da intersecção,Dentro das localidades,Aurora ou crepúsculo,Com inclinação,Recta,Na berma,Despiste,TERÇA-FEIRA  ,0,1,24,2009-07-26,5,ligeiro,Nao,Nao,Sim,185.6,1,2,24,5621
27709,2007273413,Braga,41.652093,-8.392076,ER205-3,2.98,1,0,0,1.0,50,Berma pavimentada,Seco e limpo,Dois sentidos,Bom tempo,Em cruzamento,Fora das localidades,"Noite, com iluminação",Em patamar,Recta,Em plena via,Colisão,DOMINGO      ,0,2,11,2007-01-20,19,ligeiro,Nao,Nao,Sim,169.6,1,1,11,729
27722,2007281265,Braga,41.390794,-8.334653,EN105,38.6,1,0,0,1.0,50,Berma pavimentada,Seco e limpo,Dois sentidos,Bom tempo,Fora da intersecção,Dentro das localidades,Aurora ou crepúsculo,Com inclinação,Recta,Na berma,Atropelamento,DOMINGO      ,0,1,11,2007-04-26,5,ligeiro,Nao,Nao,Sim,169.6,1,1,11,729
27723,2007281946,Braga,41.471197,-8.440430000000001,EN(d)309,25.8,1,0,0,1.0,90,Sem berma ou impraticável,Molhado,Dois sentidos,Chuva,Fora da intersecção,Fora das localidades,Em pleno dia,Com inclinação,Curva,Em plena via,Colisão,DOMINGO      ,0,2,11,2007-05-02,10,ligeiro,Sim,Sim,Nao,169.6,1,1,11,729
27733,2007275710,Braga,41.578326000000004,-8.790216000000001,EN(d)13,49.65,4,0,0,1.0,50,Berma pavimentada,Seco e limpo,Dois sentidos,Bom tempo,Em entroncamento,Dentro das localidades,Em pleno dia,Em patamar,Curva,Em plena via,Colisão,SEXTA-FEIRA  ,0,2,11,2007-02-10,11,ligeiro,Sim,Nao,Sim,169.6,1,1,11,729
27738,2007276705,Braga,41.483317,-8.426530999999999,EN(d)309,28.3,1,0,0,1.0,90,Berma não pavimentada,Seco e limpo,Dois sentidos,Bom tempo,Fora da intersecção,Fora das localidades,"Noite, com iluminação",Com inclinação,Curva,Em plena via,Colisão,QUINTA-FEIRA ,0,2,11,2007-03-15,0,ligeiro,Nao,Nao,Sim,169.6,1,1,11,729
27768,2007297895,Braga,41.417155,-8.573571000000001,ER206,17.44,2,0,0,1.0,50,Berma não pavimentada,Seco e limpo,Dois sentidos,Bom tempo,Fora da intersecção,Dentro das localidades,Em pleno dia,Em patamar,Recta,Em plena via,Despiste,QUARTA-FEIRA ,0,1,11,2007-10-11,14,ligeiro,Sim,Nao,Sim,169.6,1,1,11,729
27774,2007299461,Braga,41.574321999999995,-8.790289999999999,EN(d)13,49.2,1,0,0,1.0,50,Berma pavimentada,Seco e limpo,Dois sentidos,Bom tempo,Em via de aceleração,Dentro das localidades,Em pleno dia,Em patamar,Recta,Em plena via,Colisão,DOMINGO      ,0,3,11,2007-10-14,14,ligeiro,Sim,Nao,Sim,169.6,1,1,11,729
27776,2007299738,Braga,41.533777,-8.563516,A11,17.0,1,0,0,2.0,120,Berma pavimentada,Seco e limpo,Sentido único,Bom tempo,Fora da intersecção,Fora das localidades,"Noite, sem iluminação",Com inclinação,Curva,Em plena via,Despiste,SÁBADO       ,0,1,11,2007-10-19,19,ligeiro,Nao,Nao,Sim,169.6,1,1,11,729
27784,2007293646,Braga,41.417295,-8.574569,ER206,17.35,1,0,0,1.0,50,Berma pavimentada,Seco e limpo,Dois sentidos,Bom tempo,Em entroncamento,Dentro das localidades,Em pleno dia,Em patamar,Recta,Em plena via,Colisão,QUARTA-FEIRA ,0,2,11,2007-08-20,11,ligeiro,Sim,Nao,Sim,169.6,1,1,11,729
27787,2007294606,Braga,41.532044,-8.550764,EN103,28.55,1,0,0,2.0,50,Berma pavimentada,Seco e limpo,Dois sentidos,Bom tempo,Em entroncamento,Dentro das localidades,Em pleno dia,Em patamar,Recta,Em plena via,Colisão,TERÇA-FEIRA  ,0,2,11,2007-09-06,14,ligeiro,Sim,Nao,Sim,169.6,1,1,11,729
27799,2008307916,Braga,41.480422999999995,-8.426801,EN(d)309,27.95,1,0,0,1.0,50,Sem berma ou impraticável,Seco e limpo,Dois sentidos,Bom tempo,Em entroncamento,Dentro das localidades,Em pleno dia,Com inclinação,Recta,Em plena via,Colisão,QUINTA-FEIRA ,0,2,11,2008-01-28,13,ligeiro,Sim,Nao,Sim,169.6,1,1,11,729
27804,2008308545,Braga,41.532352,-8.554169,EN103,28.26,1,0,0,1.0,50,Berma pavimentada,Com óleo,Dois sentidos,Bom tempo,Fora da intersecção,Dentro das localidades,Em pleno dia,Com inclinação,Curva,Na berma,Despiste,TERÇA-FEIRA  ,0,1,11,2008-01-04,11,ligeiro,Sim,Nao,Nao,169.6,1,1,11,729
27823,2008324430,Braga,41.473081,-8.434643,EN(d)309,26.5,2,0,0,1.0,50,Berma não pavimentada,Molhado,Dois sentidos,Chuva,Fora da intersecção,Dentro das localidades,Em pleno dia,Com inclinação,Curva,Em plena via,Colisão,SEXTA-FEIRA  ,0,2,11,2008-04-07,18,ligeiro,Sim,Sim,Nao,169.6,1,1,11,729
27892,2008344394,Braga,41.671163,-8.400257,EN308,39.6,2,0,0,1.0,50,Berma não pavimentada,Seco e limpo,Dois sentidos,Bom tempo,Fora da intersecção,Fora das localidades,Em pleno dia,Em patamar,Recta,Em plena via,Colisão,SEGUNDA-FEIRA,0,2,11,2008-10-25,3,ligeiro,Sim,Nao,Sim,169.6,1,1,11,729
27893,2008344442,Braga,41.531871,-8.547804,EN103,28.8,1,0,0,1.0,50,Sem berma ou impraticável,Seco e limpo,Sentido único,Bom tempo,Fora da intersecção,Dentro das localidades,"Noite, com iluminação",Com inclinação,Curva,Em plena via,Despiste,SÁBADO       ,0,1,11,2008-10-18,2,ligeiro,Nao,Nao,Sim,169.6,1,1,11,729
27920,2008344660,Braga,41.417693,-8.575600999999999,ER206,17.25,2,0,0,2.0,50,Sem berma ou impraticável,Molhado,Dois sentidos,Chuva,Fora da intersecção,Dentro das localidades,Em pleno dia,Em patamar,Curva,Em plena via,Colisão,DOMINGO      ,0,2,11,2008-10-30,7,ligeiro,Sim,Sim,Nao,169.6,1,1,11,729
27942,2009350658,Braga,41.572998999999996,-8.789921000000001,EN(d)13,49.05,1,0,0,1.0,50,Berma pavimentada,Seco e limpo,Dois sentidos,Bom tempo,Fora da intersecção,Dentro das localidades,Em pleno dia,Em patamar,Recta,Em plena via,Colisão,QUARTA-FEIRA ,0,2,11,2008-11-19,15,ligeiro,Sim,Nao,Sim,169.6,1,1,11,729
27988,2009394642,Braga,41.416863,-8.571636999999999,ER206,17.6,1,0,0,1.0,50,Berma não pavimentada,Seco e limpo,Dois sentidos,Bom tempo,Fora da intersecção,Dentro das localidades,"Noite, com iluminação",Com inclinação,Recta,Em plena via,Atropelamento,DOMINGO      ,0,1,11,2009-07-02,5,ligeiro,Nao,Nao,Sim,169.6,1,1,11,729
28001,2009373253,Braga,41.473209000000004,-8.438129,EN(d)309,26.1,1,0,0,1.0,90,Sem berma ou impraticável,Seco e limpo,Dois sentidos,Bom tempo,Fora da intersecção,Fora das localidades,Em pleno dia,Com inclinação,Curva,Em plena via,Colisão,QUARTA-FEIRA ,0,2,11,2009-04-04,16,ligeiro,Sim,Nao,Sim,169.6,1,1,11,729
28016,2009409320,Braga,41.652299,-8.391969,ER205-3,3.0,1,0,0,1.0,50,Sem berma ou impraticável,Seco e limpo,Dois sentidos,Bom tempo,Fora da intersecção,Dentro das localidades,Em pleno dia,Em patamar,Recta,Em plena via,Atropelamento,DOMINGO      ,0,1,11,2009-08-22,9,ligeiro,Sim,Nao,Sim,169.6,1,1,11,729
28021,2009418094,Braga,41.575204,-8.790534,EN(d)13,49.3,1,0,0,1.0,50,Berma pavimentada,Seco e limpo,Dois sentidos,Bom tempo,Fora da intersecção,Dentro das localidades,"Noite, com iluminação",Em patamar,Recta,Na berma,Despiste,SEXTA-FEIRA  ,0,1,11,2009-09-18,23,ligeiro,Nao,Nao,Sim,169.6,1,1,11,729
28026,2009417829,Braga,41.577432,-8.79037,EN(d)13,49.55,1,0,0,1.0,50,Sem berma ou impraticável,Seco e limpo,Dois sentidos,Bom tempo,Em cruzamento,Dentro das localidades,Em pleno dia,Em patamar,Recta,Em plena via,Colisão,SEXTA-FEIRA  ,0,2,11,2009-09-07,17,ligeiro,Sim,Nao,Sim,169.6,1,1,11,729
28033,2009409797,Braga,41.428393,-7.999666,EN(d)304,125.01,1,0,0,1.0,90,Sem berma ou impraticável,Seco e limpo,Dois sentidos,Bom tempo,Fora da intersecção,Fora das localidades,Em pleno dia,Com inclinação,Curva,Em plena via,Atropelamento,SÁBADO       ,0,1,11,2009-08-10,11,ligeiro,Sim,Nao,Sim,169.6,1,1,11,729
28037,2009409781,Braga,41.394981,-8.328257,EN105,39.31,2,0,0,1.0,50,Berma pavimentada,Seco e limpo,Dois sentidos,Bom tempo,Em cruzamento,Dentro das localidades,"Noite, com iluminação",Em patamar,Recta,Em plena via,Colisão,QUINTA-FEIRA ,0,2,11,2009-08-14,1,ligeiro,Nao,Nao,Sim,169.6,1,1,11,729
28055,2010428122,Braga,41.389016999999996,-8.337354,EN105,38.3,1,0,0,1.0,50,Berma não pavimentada,Seco e limpo,Dois sentidos,Bom tempo,Fora da intersecção,Dentro das localidades,Em pleno dia,Em patamar,Recta,Em plena via,Colisão,QUINTA-FEIRA ,0,2,11,2009-11-02,12,ligeiro,Sim,Nao,Sim,169.6,1,1,11,729
28066,2010432549,Braga,41.484963,-8.42561,EN(d)309,28.5,2,0,0,1.0,50,Berma pavimentada,Seco e limpo,Dois sentidos,Bom tempo,Em entroncamento,Dentro das localidades,Em pleno dia,Com inclinação,Curva,Na berma,Despiste,QUINTA-FEIRA ,0,1,11,2009-12-17,13,ligeiro,Sim,Nao,Sim,169.6,1,1,11,729
28075,2010452633,Braga,41.532429,-8.554511,EN103,28.23,2,0,0,1.0,50,Berma pavimentada,Molhado,Dois sentidos,Chuva,Fora da intersecção,Dentro das localidades,Em pleno dia,Em patamar,Recta,Em plena via,Colisão,SEXTA-FEIRA  ,0,2,11,2010-03-24,8,ligeiro,Sim,Sim,Nao,169.6,1,1,11,729
28085,2010456126,Braga,41.390206,-8.335558,EN105,38.5,1,0,0,1.0,50,Sem berma ou impraticável,Seco e limpo,Dois sentidos,Bom tempo,Em entroncamento,Dentro das localidades,Em pleno dia,Em patamar,Recta,Em plena via,Colisão,DOMINGO      ,0,3,11,2010-04-01,15,ligeiro,Sim,Nao,Sim,169.6,1,1,11,729
28091,2010451080,Braga,41.653566,-8.391308,ER205-3,3.15,0,1,0,1.0,50,Berma pavimentada,Seco e limpo,Dois sentidos,Bom tempo,Fora da intersecção,Dentro das localidades,"Noite, com iluminação",Em patamar,Recta,Em plena via,Atropelamento,SEGUNDA-FEIRA,0,1,11,2010-03-04,18,ligeiro,Nao,Nao,Sim,169.6,1,1,11,729
28103,2010463478,Braga,41.532121000000004,-8.555843,EN103,28.1,1,0,0,1.0,50,Berma pavimentada,Seco e limpo,Dois sentidos,Bom tempo,Em entroncamento,Dentro das localidades,Em pleno dia,Em patamar,Recta,Em plena via,Colisão,DOMINGO      ,0,2,11,2010-05-05,7,ligeiro,Sim,Nao,Sim,169.6,1,1,11,729
28130,2010469689,Braga,41.417035999999996,-8.57281,ER206,17.5,3,0,0,1.0,50,Sem berma ou impraticável,Seco e limpo,Dois sentidos,Bom tempo,Fora da intersecção,Dentro das localidades,"Noite, com iluminação",Em patamar,Recta,No passeio,Colisão,QUINTA-FEIRA ,0,2,11,2010-06-28,23,ligeiro,Nao,Nao,Sim,169.6,1,1,11,729
28131,2010469732,Braga,41.429015,-7.990763,EN210,12.02,2,0,0,1.0,90,Sem berma ou impraticável,Seco e limpo,Dois sentidos,Bom tempo,Fora da intersecção,Fora das localidades,Em pleno dia,Em patamar,Recta,Em plena via,Colisão,QUINTA-FEIRA ,0,2,11,2010-06-17,8,ligeiro,Sim,Nao,Sim,169.6,1,1,11,729
28159,2010496309,Braga,41.424054,-7.991409,EN210,12.65,1,0,0,1.0,50,Sem berma ou impraticável,Húmido,Dois sentidos,Nevoeiro,Fora da intersecção,Dentro das localidades,"Noite, com iluminação",Em patamar,Recta,Na berma,Atropelamento,SÁBADO       ,0,1,11,2010-10-11,6,ligeiro,Nao,Sim,Nao,169.6,1,1,11,729
28165,2011505894,Braga,41.670978000000005,-8.403633000000001,EN308,39.31,3,0,0,1.0,50,Berma não pavimentada,Seco e limpo,Dois sentidos,Bom tempo,Em entroncamento,Dentro das localidades,Em pleno dia,Em patamar,Curva,Em plena via,Colisão,QUINTA-FEIRA ,1,3,11,2010-11-01,11,ligeiro,Sim,Nao,Sim,169.6,1,1,11,729
28169,2011505924,Braga,41.654410999999996,-8.390866,ER205-3,3.25,1,0,0,1.0,50,Berma pavimentada,Molhado,Dois sentidos,Chuva,Fora da intersecção,Dentro das localidades,"Noite, com iluminação",Em patamar,Recta,Em plena via,Colisão,SEXTA-FEIRA  ,0,2,11,2010-11-13,17,ligeiro,Nao,Sim,Nao,169.6,1,1,11,729
28173,2011506729,Braga,41.526177000000004,-8.000850999999999,EN205,100.5,1,0,0,1.0,50,Berma não pavimentada,Seco e limpo,Dois sentidos,Bom tempo,Fora da intersecção,Dentro das localidades,Aurora ou crepúsculo,Com inclinação,Recta,Em plena via,Colisão,SEGUNDA-FEIRA,0,2,11,2010-11-27,17,ligeiro,Nao,Nao,Sim,169.6,1,1,11,729
28180,2011510889,Braga,41.533777,-8.563516,A11,17.0,0,1,0,2.0,120,Berma pavimentada,Molhado,Sentido único,Chuva,Fora da intersecção,Fora das localidades,"Noite, sem iluminação",Com inclinação,Curva,Em plena via,Despiste,SÁBADO       ,0,1,11,2010-12-29,6,ligeiro,Nao,Sim,Nao,169.6,1,1,11,729
28209,2011529060,Braga,41.671255,-8.395432000000001,EN308,40.0,1,0,0,1.0,50,Sem berma ou impraticável,Seco e limpo,Dois sentidos,Bom tempo,Em entroncamento,Fora das localidades,Em pleno dia,Em patamar,Recta,Em plena via,Despiste,TERÇA-FEIRA  ,0,1,11,2011-03-10,11,ligeiro,Sim,Nao,Sim,169.6,1,1,11,729
28225,2011539824,Braga,41.579558,-8.789503,EN(d)13,49.8,2,0,0,1.0,50,Berma pavimentada,Seco e limpo,Dois sentidos,Bom tempo,Fora da intersecção,Dentro das localidades,Em pleno dia,Em patamar,Recta,Em plena via,Colisão,SEXTA-FEIRA  ,0,2,11,2011-05-03,18,ligeiro,Sim,Nao,Sim,169.6,1,1,11,729
28238,2011555959,Braga,41.579558,-8.789503,EN(d)13,49.8,1,0,0,1.0,50,Berma pavimentada,Seco e limpo,Sentido único,Bom tempo,Fora da intersecção,Dentro das localidades,Em pleno dia,Com inclinação,Recta,Em plena via,Colisão,SEGUNDA-FEIRA,0,3,11,2011-07-29,18,ligeiro,Sim,Nao,Sim,169.6,1,1,11,729
28242,2011540705,Braga,41.430378999999995,-8.000214999999999,EN(d)304,124.75,1,0,0,1.0,50,Berma não pavimentada,Seco e limpo,Dois sentidos,Bom tempo,Em entroncamento,Dentro das localidades,"Noite, sem iluminação",Em patamar,Recta,Em plena via,Colisão,SEXTA-FEIRA  ,0,2,11,2011-05-08,23,ligeiro,Nao,Nao,Sim,169.6,1,1,11,729
28257,2011567582,Braga,41.391391,-8.333758,EN105,38.7,1,0,0,1.0,50,Berma pavimentada,Seco e limpo,Dois sentidos,Bom tempo,Fora da intersecção,Dentro das localidades,Em pleno dia,Com inclinação,Recta,Em plena via,Colisão,SÁBADO       ,0,2,11,2011-09-23,17,ligeiro,Sim,Nao,Sim,169.6,1,1,11,729
28258,2011563854,Braga,41.656523,-8.389764999999999,ER205-3,3.5,1,0,0,1.0,50,Berma pavimentada,Seco e limpo,Dois sentidos,Bom tempo,Fora da intersecção,Dentro das localidades,"Noite, com iluminação",Em patamar,Curva,No passeio,Despiste,SEGUNDA-FEIRA,0,1,11,2011-08-04,4,ligeiro,Nao,Nao,Sim,169.6,1,1,11,729
28284,2012597829,Braga,41.579558,-8.789503,EN(d)13,49.8,2,0,0,1.0,50,Berma pavimentada,Seco e limpo,Dois sentidos,Bom tempo,Em cruzamento,Dentro das localidades,Em pleno dia,Em patamar,Recta,Em plena via,Colisão,QUARTA-FEIRA ,0,2,11,2012-01-24,16,ligeiro,Sim,Nao,Sim,169.6,1,1,11,729
28288,2012589947,Braga,41.419849,-8.579389,ER206,16.8,2,0,0,1.0,50,Sem berma ou impraticável,Seco e limpo,Dois sentidos,Bom tempo,Em entroncamento,Dentro das localidades,Em pleno dia,Com inclinação,Recta,Em plena via,Colisão,QUARTA-FEIRA ,0,2,11,2011-12-09,8,ligeiro,Sim,Nao,Sim,169.6,1,1,11,729
28311,2012600530,Braga,41.426142,-7.996046000000001,EN(d)304,125.57,1,0,0,1.0,50,Sem berma ou impraticável,Seco e limpo,Dois sentidos,Bom tempo,Fora da intersecção,Dentro das localidades,Em pleno dia,Em patamar,Curva,Na berma,Despiste,QUARTA-FEIRA ,0,1,11,2012-02-10,10,ligeiro,Sim,Nao,Sim,169.6,1,1,11,729
28312,2012600638,Braga,41.393459,-8.330598,EN105,39.05,2,0,0,1.0,50,Berma pavimentada,Seco e limpo,Dois sentidos,Bom tempo,Fora da intersecção,Dentro das localidades,"Noite, com iluminação",Em patamar,Recta,Na berma,Colisão,QUINTA-FEIRA ,0,2,11,2012-02-22,18,ligeiro,Nao,Nao,Sim,169.6,1,1,11,729
28319,2012618118,Braga,41.394339,-8.329232000000001,EN105,39.2,1,0,0,1.0,50,Berma pavimentada,Seco e limpo,Dois sentidos,Bom tempo,Fora da intersecção,Dentro das localidades,Em pleno dia,Com inclinação,Recta,Em plena via,Colisão,TERÇA-FEIRA  ,0,2,11,2012-05-16,13,ligeiro,Sim,Nao,Sim,169.6,1,1,11,729
28320,2012618125,Braga,41.419849,-8.579389,ER206,16.8,1,0,0,1.0,50,Berma pavimentada,Seco e limpo,Dois sentidos,Bom tempo,Fora da intersecção,Dentro das localidades,Em pleno dia,Com inclinação,Recta,Em plena via,Colisão,SEXTA-FEIRA  ,0,3,11,2012-05-30,14,ligeiro,Sim,Nao,Sim,169.6,1,1,11,729
28332,2012612758,Braga,41.482479999999995,-8.4261,EN(d)309,28.2,1,0,0,1.0,50,Berma pavimentada,Seco e limpo,Dois sentidos,Bom tempo,Fora da intersecção,Dentro das localidades,Em pleno dia,Com inclinação,Recta,Na berma,Despiste,QUARTA-FEIRA ,0,1,11,2012-04-02,19,ligeiro,Sim,Nao,Sim,169.6,1,1,11,729
28360,2012638673,Braga,41.576986,-8.790457,EN(d)13,49.5,2,0,0,1.0,50,Berma pavimentada,Seco e limpo,Dois sentidos,Bom tempo,Em entroncamento,Dentro das localidades,"Noite, sem iluminação",Em patamar,Curva,Na berma,Despiste,SEGUNDA-FEIRA,0,1,11,2012-08-20,4,ligeiro,Nao,Nao,Sim,169.6,1,1,11,729
28381,2013670471,Braga,41.657146000000004,-8.388212,ER205-3,3.65,2,0,0,1.0,50,Berma pavimentada,Seco e limpo,Dois sentidos,Bom tempo,Fora da intersecção,Fora das localidades,Em pleno dia,Com inclinação,Recta,No passeio,Despiste,TERÇA-FEIRA  ,0,1,11,2012-12-02,14,ligeiro,Sim,Nao,Sim,169.6,1,1,11,729
28387,2013669750,Braga,41.418907,-8.576334,ER206,17.1,3,0,0,1.0,50,Berma não pavimentada,Húmido,Dois sentidos,Chuva,Fora da intersecção,Dentro das localidades,"Noite, com iluminação",Em patamar,Curva,Em plena via,Colisão,SÁBADO       ,0,2,11,2012-12-16,18,ligeiro,Nao,Sim,Nao,169.6,1,1,11,729
28395,2008333977,Braga,41.417415000000005,-8.575142,ER206,17.3,1,0,0,1.0,50,Berma pavimentada,Húmido,Dois sentidos,Bom tempo,Em entroncamento,Dentro das localidades,Em pleno dia,Em patamar,Recta,Em plena via,Colisão,DOMINGO      ,0,2,11,2008-07-31,18,ligeiro,Sim,Nao,Nao,169.6,1,1,11,729
28432,2008338057,Braga,41.434146999999996,-8.003433,EN(d)304,124.05,3,0,0,1.0,50,Berma não pavimentada,Seco e limpo,Dois sentidos,Bom tempo,Fora da intersecção,Dentro das localidades,"Noite, com iluminação",Em patamar,Recta,Na berma,Despiste,QUARTA-FEIRA ,0,1,11,2008-08-31,3,ligeiro,Nao,Nao,Sim,169.6,1,1,11,729
28463,2009351529,Braga,41.671171,-8.399968,EN308,39.62,1,0,0,2.0,50,Sem berma ou impraticável,Seco e limpo,Dois sentidos,Bom tempo,Em entroncamento,Fora das localidades,Em pleno dia,Em patamar,Recta,Em plena via,Colisão,SEXTA-FEIRA  ,0,2,11,2008-12-19,15,ligeiro,Sim,Nao,Sim,169.6,1,1,11,729
28497,2011529301,Braga,41.52382,-8.004155,EN205,100.1,0,1,0,1.0,50,Berma não pavimentada,Seco e limpo,Dois sentidos,Bom tempo,Fora da intersecção,Dentro das localidades,Aurora ou crepúsculo,Com inclinação,Curva,Em plena via,Colisão,SÁBADO       ,0,2,11,2011-04-05,19,ligeiro,Nao,Nao,Sim,169.6,1,1,11,729
28510,2012645542,Braga,41.484963,-8.42561,EN(d)309,28.5,1,0,0,2.0,50,Sem berma ou impraticável,Seco e limpo,Dois sentidos,Bom tempo,Em entroncamento,Dentro das localidades,Em pleno dia,Com inclinação,Curva,Em plena via,Despiste,QUINTA-FEIRA ,0,1,11,2012-09-26,9,ligeiro,Sim,Nao,Sim,169.6,1,1,11,729
28539,2011563921,Braga,41.393165,-8.331053,EN105,39.0,1,0,0,1.0,50,Berma não pavimentada,Seco e limpo,Dois sentidos,Bom tempo,Fora da intersecção,Dentro das localidades,Em pleno dia,Com inclinação,Recta,Na berma,Atropelamento,SEGUNDA-FEIRA,0,1,11,2011-08-04,8,ligeiro,Sim,Nao,Sim,169.6,1,1,11,729
28545,2012589909,Braga,41.395509999999994,-8.327407000000001,EN105,39.4,1,0,0,1.0,50,Berma pavimentada,Molhado,Dois sentidos,Chuva,Fora da intersecção,Dentro das localidades,Em pleno dia,Em patamar,Recta,Em plena via,Colisão,SEGUNDA-FEIRA,0,3,11,2011-12-13,12,ligeiro,Sim,Sim,Nao,169.6,1,1,11,729
28562,2009390952,Braga,41.434146999999996,-8.003433,EN(d)304,124.05,1,0,0,1.0,50,Berma pavimentada,Molhado,Dois sentidos,Chuva,Em entroncamento,Dentro das localidades,Em pleno dia,Em patamar,Recta,Em plena via,Colisão,DOMINGO      ,0,2,11,2009-06-09,9,ligeiro,Sim,Sim,Nao,169.6,1,1,11,729
28565,2009383150,Braga,41.482323,-8.426006,EN(d)309,28.18,4,0,0,1.0,50,Berma pavimentada,Seco e limpo,Dois sentidos,Bom tempo,Em entroncamento,Dentro das localidades,Em pleno dia,Em patamar,Recta,Em plena via,Colisão,QUARTA-FEIRA ,0,3,11,2009-05-03,13,ligeiro,Sim,Nao,Sim,169.6,1,1,11,729
28581,2011529703,Braga,41.65065,-8.392813,ER205-3,2.8,3,0,0,1.0,50,Berma pavimentada,Seco e limpo,Dois sentidos,Bom tempo,Fora da intersecção,Dentro das localidades,Aurora ou crepúsculo,Em patamar,Recta,Em plena via,Despiste,DOMINGO      ,0,1,11,2011-04-17,20,ligeiro,Nao,Nao,Sim,169.6,1,1,11,729
28611,2010491499,Braga,41.672903000000005,-8.383424,EN308,41.1,1,0,0,1.0,50,Berma pavimentada,Húmido,Dois sentidos,Bom tempo,Fora da intersecção,Dentro das localidades,Em pleno dia,Em patamar,Recta,Em plena via,Despiste,SÁBADO       ,0,1,11,2010-09-07,18,ligeiro,Sim,Nao,Nao,169.6,1,1,11,729