,COD_ACIDENTE,DISTRITO,LATITUDE,LONGITUDE,VIA,KM,QT_FLIGEIROS,QT_FGRAVES,QT_MORTOS,QT_VIAS_SENTIDO,VEL_LIM_LOCAL,BERMA_VIA,CONDICAO_ADERENCIA,FAIXA_RODAGEM,FATOR_ATMOSFERICO,INTERSECAO_VIA,LOCALIZACAO,LUMINOSIDADE,PERFIL_VIA,PLANTA_VIA,SITUACAO_ACIDENTE,TIPO_NATUREZA,DIA_SEMANA,FLAG_FERIADO,QT_VEICULOS,COD_FREGUESIA,DATA,HORA,GRAVIDADE,ERA_DIA,MAU_TEMPO,ESTRADA_SECA,DENSIDADE_TOTAL,COD_DISTRITO_INE,COD_CONCELHO_INE,COD_FREGUESIA_INE,TOTAL
28641,2008302172,Braga,41.532508,-8.554861,EN103,28.2,3,0,0,2.0,50,Sem berma ou impraticável,Molhado,Dois sentidos,Chuva,Fora da intersecção,Dentro das localidades,Em pleno dia,Com inclinação,Curva,Em plena via,Colisão,TERÇA-FEIRA  ,0,3,11,2007-11-19,10,ligeiro,Sim,Sim,Nao,169.6,1,1,11,729
28646,2008324872,Braga,41.524494,-8.00649,EN205,99.9,1,0,0,1.0,50,Berma pavimentada,Molhado,Dois sentidos,Chuva,Fora da intersecção,Dentro das localidades,Em pleno dia,Em patamar,Recta,Em plena via,Colisão,SEGUNDA-FEIRA,0,2,11,2008-04-09,18,ligeiro,Sim,Sim,Nao,169.6,1,1,11,729
28667,2010496290,Braga,41.65692,-8.389130999999999,ER205-3,3.57,1,0,0,1.0,50,Berma pavimentada,Com óleo,Dois sentidos,Chuva,Fora da intersecção,Dentro das localidades,"Noite, com iluminação",Com inclinação,Curva,Em plena via,Despiste,QUARTA-FEIRA ,0,1,11,2010-10-03,23,ligeiro,Nao,Sim,Nao,169.6,1,1,11,729
28693,2011567588,Braga,41.53167,-8.546768,EN103,28.89,1,0,0,1.0,50,Sem berma ou impraticável,Seco e limpo,Dois sentidos,Bom tempo,Em entroncamento,Dentro das localidades,Em pleno dia,Com inclinação,Recta,Na berma,Despiste,QUINTA-FEIRA ,0,1,11,2011-09-27,15,ligeiro,Sim,Nao,Sim,169.6,1,1,11,729
28701,2007282270,Braga,41.571678000000006,-8.789566,EN(d)13,48.9,1,0,0,1.0,50,Berma pavimentada,Seco e limpo,Dois sentidos,Bom tempo,Fora da intersecção,Dentro das localidades,Em pleno dia,Em patamar,Recta,Em plena via,Colisão,QUINTA-FEIRA ,0,2,11,2007-05-05,12,ligeiro,Sim,Nao,Sim,169.6,1,1,11,729
28704,2012600600,Braga,41.571678000000006,-8.789566,EN(d)13,48.9,1,0,0,2.0,50,Berma pavimentada,Seco e limpo,Dois sentidos,Bom tempo,Fora da intersecção,Dentro das localidades,Em pleno dia,Em patamar,Recta,Em plena via,Colisão,SEXTA-FEIRA  ,0,2,11,2012-02-23,16,ligeiro,Sim,Nao,Sim,169.6,1,1,11,729
28739,2007292131,Braga,41.532065,-8.551357000000001,EN103,28.5,5,0,0,1.0,90,Berma pavimentada,Seco e limpo,Dois sentidos,Bom tempo,Em entroncamento,Fora das localidades,Em pleno dia,Com inclinação,Recta,Em plena via,Colisão,QUARTA-FEIRA ,1,2,11,2007-08-15,18,ligeiro,Sim,Nao,Sim,169.6,1,1,11,729
28761,2007290374,Braga,41.418907,-8.576334,ER206,17.1,0,1,0,1.0,50,Sem berma ou impraticável,Seco e limpo,Dois sentidos,Bom tempo,Fora da intersecção,Dentro das localidades,"Noite, com iluminação",Em patamar,Curva,Em plena via,Colisão,TERÇA-FEIRA  ,0,2,11,2007-07-22,4,ligeiro,Nao,Nao,Sim,169.6,1,1,11,729
28762,2010441961,Braga,41.484963,-8.42561,EN(d)309,28.5,1,0,0,1.0,50,Berma pavimentada,Molhado,Dois sentidos,Chuva,Em entroncamento,Dentro das localidades,Aurora ou crepúsculo,Com inclinação,Curva,Na berma,Atropelamento,DOMINGO      ,0,1,11,2010-01-12,7,ligeiro,Nao,Sim,Nao,169.6,1,1,11,729
28767,2010491516,Braga,41.574321999999995,-8.790289999999999,EN(d)13,49.2,1,0,0,1.0,50,Berma pavimentada,Seco e limpo,Dois sentidos,Bom tempo,Fora da intersecção,Dentro das localidades,"Noite, com iluminação",Em patamar,Recta,Em plena via,Atropelamento,QUINTA-FEIRA ,0,1,11,2010-09-11,21,ligeiro,Nao,Nao,Sim,169.6,1,1,11,729
28770,2012626713,Braga,41.480034,-8.427094,EN(d)309,27.9,1,0,0,1.0,50,Berma não pavimentada,Seco e limpo,Dois sentidos,Bom tempo,Em entroncamento,Dentro das localidades,Em pleno dia,Com inclinação,Recta,Em plena via,Colisão,SEGUNDA-FEIRA,0,2,11,2012-06-19,20,ligeiro,Sim,Nao,Sim,169.6,1,1,11,729
28771,2010433751,Braga,41.419849,-8.579389,ER206,16.8,1,0,0,1.0,50,Berma pavimentada,Húmido,Dois sentidos,Bom tempo,Fora da intersecção,Dentro das localidades,"Noite, com iluminação",Com inclinação,Recta,Em plena via,Colisão,TERÇA-FEIRA  ,0,3,11,2009-12-04,17,ligeiro,Nao,Nao,Nao,169.6,1,1,11,729
28786,2011549063,Braga,41.471909000000004,-8.439737,EN(d)309,25.9,1,0,0,1.0,50,Sem berma ou impraticável,Seco e limpo,Dois sentidos,Bom tempo,Fora da intersecção,Dentro das localidades,"Noite, sem iluminação",Com inclinação,Curva,Em plena via,Colisão,DOMINGO      ,0,2,11,2011-06-19,2,ligeiro,Nao,Nao,Sim,169.6,1,1,11,729
28799,2010433049,Braga,41.524916999999995,-8.007424,EN205,99.8,1,0,0,1.0,50,Sem berma ou impraticável,Molhado,Dois sentidos,Chuva,Fora da intersecção,Dentro das localidades,Em pleno dia,Em patamar,Curva,Em plena via,Atropelamento,SÁBADO       ,0,1,11,2009-12-30,13,ligeiro,Sim,Sim,Nao,169.6,1,1,11,729
28801,2010441994,Braga,41.419858000000005,-8.582938,ER206,16.5,1,0,0,1.0,50,Berma não pavimentada,Húmido,Dois sentidos,Bom tempo,Fora da intersecção,Dentro das localidades,Em pleno dia,Em patamar,Recta,Na berma,Despiste,SEGUNDA-FEIRA,1,1,11,2010-01-01,12,ligeiro,Sim,Nao,Nao,169.6,1,1,11,729
28805,2007289672,Braga,41.656523,-8.389764999999999,ER205-3,3.5,1,0,0,1.0,50,Sem berma ou impraticável,Molhado,Dois sentidos,Chuva,NÃO DEFINIDO,Dentro das localidades,Em pleno dia,Com inclinação,Curva,Em plena via,Despiste,SÁBADO       ,0,1,11,2007-07-03,10,ligeiro,Sim,Sim,Nao,169.6,1,1,11,729
28813,2008324875,Braga,41.43543,-8.01251,EN(d)304,122.9,1,0,0,1.0,90,Sem berma ou impraticável,Seco e limpo,Dois sentidos,Bom tempo,Fora da intersecção,Fora das localidades,"Noite, sem iluminação",Com inclinação,Recta,Em plena via,Despiste,TERÇA-FEIRA  ,0,1,11,2008-04-04,20,ligeiro,Nao,Nao,Sim,169.6,1,1,11,729
28830,2011549090,Braga,41.532083,-8.551950999999999,EN103,28.45,2,0,0,1.0,50,Berma pavimentada,Seco e limpo,Dois sentidos,Bom tempo,Em entroncamento,Fora das localidades,Em pleno dia,Com inclinação,Recta,Em plena via,Colisão,SÁBADO       ,0,4,11,2011-06-18,18,ligeiro,Sim,Nao,Sim,169.6,1,1,11,729
28857,2007274140,Braga,41.532429,-8.554511,EN103,28.23,1,0,0,1.0,90,Sem berma ou impraticável,Molhado,Dois sentidos,Chuva,Fora da intersecção,Fora das localidades,Em pleno dia,Com inclinação,Curva,Na berma,Despiste,SEGUNDA-FEIRA,0,1,11,2007-02-07,13,ligeiro,Sim,Sim,Nao,169.6,1,1,11,729
28893,2012589918,Braga,41.392577,-8.331959,EN105,38.9,1,0,0,1.0,50,Berma pavimentada,Molhado,Dois sentidos,Chuva,Fora da intersecção,Dentro das localidades,"Noite, com iluminação",Em patamar,Recta,Em plena via,Despiste,QUINTA-FEIRA ,0,1,11,2011-12-10,20,ligeiro,Nao,Sim,Nao,169.6,1,1,11,729
28912,2011573887,Braga,41.418907,-8.576334,ER206,17.1,2,0,0,1.0,50,Sem berma ou impraticável,Seco e limpo,Dois sentidos,Bom tempo,Fora da intersecção,Dentro das localidades,Em pleno dia,Em patamar,Curva,Em plena via,Colisão,SEGUNDA-FEIRA,0,2,11,2011-10-06,12,ligeiro,Sim,Nao,Sim,169.6,1,1,11,729
28913,2012600539,Braga,41.39228,-8.332408000000001,EN105,38.85,2,0,0,1.0,50,Sem berma ou impraticável,Seco e limpo,Dois sentidos,Bom tempo,Fora da intersecção,Dentro das localidades,"Noite, com iluminação",Com inclinação,Recta,Em plena via,Colisão,SÁBADO       ,0,2,11,2012-02-01,18,ligeiro,Nao,Nao,Sim,169.6,1,1,11,729
28932,2008343931,Braga,41.531517,-8.010593,EN205,98.81,2,0,0,1.0,50,Berma pavimentada,Molhado,Dois sentidos,Chuva,Fora da intersecção,Dentro das localidades,Em pleno dia,Com inclinação,Curva,Em plena via,Despiste,SÁBADO       ,0,1,11,2008-10-07,12,ligeiro,Sim,Sim,Nao,169.6,1,1,11,729
28934,2008331578,Braga,41.532658000000005,-8.013846000000001,EN205,98.44,1,0,0,1.0,50,Sem berma ou impraticável,Seco e limpo,Dois sentidos,Bom tempo,Em entroncamento,Fora das localidades,Em pleno dia,Com inclinação,Curva,Em plena via,Colisão,QUARTA-FEIRA ,0,2,11,2008-06-07,9,ligeiro,Sim,Nao,Sim,169.6,1,1,11,729
28939,2007275707,Braga,41.574321999999995,-8.790289999999999,EN(d)13,49.2,1,0,0,1.0,50,Berma pavimentada,Molhado,Reversível,Chuva,Em entroncamento,Dentro das localidades,"Noite, com iluminação",Em patamar,Recta,Em plena via,Colisão,SEGUNDA-FEIRA,0,2,11,2007-02-07,19,ligeiro,Nao,Sim,Nao,169.6,1,1,11,729
29013,2010468586,Braga,41.671199,-8.399053,EN308,39.7,3,0,0,1.0,50,Berma não pavimentada,Seco e limpo,Dois sentidos,Bom tempo,Fora da intersecção,Dentro das localidades,Em pleno dia,Em patamar,Recta,Em plena via,Colisão,SEXTA-FEIRA  ,0,2,11,2010-06-12,20,ligeiro,Sim,Nao,Sim,169.6,1,1,11,729
29020,2013663327,Braga,41.572557,-8.789802,EN(d)13,49.0,2,0,0,1.0,50,Berma pavimentada,Seco e limpo,Sentido único,Bom tempo,Fora da intersecção,Dentro das localidades,"Noite, com iluminação",Em patamar,Recta,Na berma,Despiste,TERÇA-FEIRA  ,0,1,11,2012-11-09,19,ligeiro,Nao,Nao,Sim,169.6,1,1,11,729
29025,2012613565,Braga,41.419849,-8.579389,ER206,16.8,1,0,0,1.0,50,Berma pavimentada,Seco e limpo,Dois sentidos,Bom tempo,Em entroncamento,Dentro das localidades,Em pleno dia,Com inclinação,Recta,Em plena via,Colisão,TERÇA-FEIRA  ,0,2,11,2012-04-01,14,ligeiro,Sim,Nao,Sim,169.6,1,1,11,729
29028,2009409811,Braga,41.652299,-8.391969,ER205-3,3.0,1,0,0,1.0,50,Berma pavimentada,Seco e limpo,Dois sentidos,Bom tempo,Fora da intersecção,Dentro das localidades,Em pleno dia,Em patamar,Recta,Em plena via,Colisão,QUARTA-FEIRA ,0,2,11,2009-08-13,15,ligeiro,Sim,Nao,Sim,169.6,1,1,11,729
29034,2012637167,Braga,41.532508,-8.554861,EN103,28.2,1,0,0,1.0,50,Berma pavimentada,Seco e limpo,Dois sentidos,Bom tempo,Fora da intersecção,Dentro das localidades,Em pleno dia,Em patamar,Recta,Em plena via,Colisão,SÁBADO       ,0,2,11,2012-08-02,17,ligeiro,Sim,Nao,Sim,169.6,1,1,11,729
29062,2007285307,Braga,41.656523,-8.389764999999999,ER205-3,3.5,1,0,0,1.0,50,Sem berma ou impraticável,Molhado,Dois sentidos,Chuva,NÃO DEFINIDO,Dentro das localidades,"Noite, sem iluminação",Com inclinação,Curva,Na berma,Despiste,QUARTA-FEIRA ,0,1,11,2007-06-13,23,ligeiro,Nao,Sim,Nao,169.6,1,1,11,729
29076,2008302171,Braga,41.532508,-8.554861,EN103,28.2,2,0,0,1.0,50,Berma pavimentada,Molhado,Dois sentidos,Chuva,Fora da intersecção,Dentro das localidades,Em pleno dia,Com inclinação,Curva,Em plena via,Despiste,TERÇA-FEIRA  ,0,1,11,2007-11-19,8,ligeiro,Sim,Sim,Nao,169.6,1,1,11,729
29083,2011514499,Braga,41.390502000000005,-8.335108,EN105,38.55,1,0,0,1.0,50,Sem berma ou impraticável,Molhado,Dois sentidos,Chuva,Em entroncamento,Dentro das localidades,"Noite, com iluminação",Em patamar,Recta,Em plena via,Colisão,SEGUNDA-FEIRA,1,2,11,2010-12-08,2,ligeiro,Nao,Sim,Nao,169.6,1,1,11,729
29101,2008304765,Braga,41.474154,-8.436874000000001,EN(d)309,26.26,1,0,0,1.0,50,Berma pavimentada,Seco e limpo,Dois sentidos,Bom tempo,Fora da intersecção,Fora das localidades,Em pleno dia,Em patamar,Recta,Em plena via,Colisão,SEXTA-FEIRA  ,1,3,11,2007-12-08,12,ligeiro,Sim,Nao,Sim,169.6,1,1,11,729
29130,2007293907,Braga,41.390502000000005,-8.335108,EN105,38.55,2,0,0,2.0,50,Berma não pavimentada,Seco e limpo,Dois sentidos,Bom tempo,Fora da intersecção,Dentro das localidades,"Noite, com iluminação",Em patamar,Recta,Em plena via,Colisão,SEXTA-FEIRA  ,0,2,11,2007-08-05,23,ligeiro,Nao,Nao,Sim,169.6,1,1,11,729
29145,2011547968,Braga,41.391086,-8.334206,EN105,38.65,1,0,0,1.0,50,Berma pavimentada,Seco e limpo,Dois sentidos,Bom tempo,Em entroncamento,Dentro das localidades,Em pleno dia,Em patamar,Recta,Em plena via,Colisão,DOMINGO      ,0,2,11,2011-06-02,8,ligeiro,Sim,Nao,Sim,169.6,1,1,11,729
29151,2011567658,Braga,41.531267,-8.556151,EN103,28.0,1,0,0,1.0,50,Berma não pavimentada,Seco e limpo,Dois sentidos,Nevoeiro,Fora da intersecção,Dentro das localidades,Aurora ou crepúsculo,Com inclinação,Recta,Em plena via,Colisão,TERÇA-FEIRA  ,0,2,11,2011-09-08,6,ligeiro,Nao,Sim,Sim,169.6,1,1,11,729
29161,2010428061,Braga,41.419861,-8.582346000000001,ER206,16.55,1,0,0,1.0,50,Sem berma ou impraticável,Húmido,Dois sentidos,Chuva,Em cruzamento,Dentro das localidades,"Noite, com iluminação",Em patamar,Recta,Em plena via,Colisão,DOMINGO      ,0,3,11,2009-11-10,18,ligeiro,Nao,Sim,Nao,169.6,1,1,11,729
29164,2010425052,Braga,41.484383,-8.425921,EN(d)309,28.43,0,1,0,2.0,50,Sem berma ou impraticável,Seco e limpo,Dois sentidos,Bom tempo,Fora da intersecção,Dentro das localidades,Em pleno dia,Com inclinação,Recta,Em plena via,Colisão,SEGUNDA-FEIRA,0,2,11,2009-10-02,13,ligeiro,Sim,Nao,Sim,169.6,1,1,11,729
29167,2010479435,Braga,41.579558,-8.789503,EN(d)13,49.8,1,0,0,1.0,50,Berma pavimentada,Seco e limpo,Dois sentidos,Bom tempo,Em cruzamento,Dentro das localidades,"Noite, com iluminação",Em patamar,Recta,Em plena via,Colisão,SEGUNDA-FEIRA,0,2,11,2010-07-30,22,ligeiro,Nao,Nao,Sim,169.6,1,1,11,729
29187,2008331540,Braga,41.41655,-8.569526,ER206,17.78,1,0,0,1.0,50,Berma pavimentada,Seco e limpo,Dois sentidos,Bom tempo,Fora da intersecção,Dentro das localidades,Em pleno dia,Com inclinação,Recta,Em plena via,Colisão,TERÇA-FEIRA  ,0,2,11,2008-06-06,10,ligeiro,Sim,Nao,Sim,169.6,1,1,11,729
29198,2009399647,Braga,41.393987,-8.329778,EN105,39.14,1,0,0,1.0,50,Sem berma ou impraticável,Seco e limpo,Dois sentidos,Bom tempo,Em entroncamento,Dentro das localidades,Em pleno dia,Com inclinação,Recta,Em plena via,Atropelamento,TERÇA-FEIRA  ,0,1,11,2009-07-20,18,ligeiro,Sim,Nao,Sim,169.6,1,1,11,729
29217,2008333648,Braga,41.657283,-8.387635000000001,ER205-3,3.7,2,0,0,1.0,50,Berma pavimentada,Seco e limpo,Dois sentidos,Bom tempo,Fora da intersecção,Dentro das localidades,Em pleno dia,Em patamar,Curva,Em plena via,Colisão,QUARTA-FEIRA ,0,2,11,2008-07-16,20,ligeiro,Sim,Nao,Sim,169.6,1,1,11,729
29232,2012608174,Braga,41.424078,-7.986983,EN304,126.21,1,0,0,1.0,50,Sem berma ou impraticável,Seco e limpo,Dois sentidos,Bom tempo,Fora da intersecção,Dentro das localidades,Em pleno dia,Com inclinação,Recta,Em plena via,Atropelamento,QUINTA-FEIRA ,0,1,11,2012-03-16,7,ligeiro,Sim,Nao,Sim,169.6,1,1,11,729
29256,2008312427,Braga,41.474392,-8.432311,EN(d)309,27.12,1,0,0,1.0,50,Sem berma ou impraticável,Seco e limpo,Dois sentidos,Bom tempo,Fora da intersecção,Dentro das localidades,Em pleno dia,Em patamar,Recta,Em plena via,Colisão,QUINTA-FEIRA ,0,2,11,2008-02-14,10,ligeiro,Sim,Nao,Sim,169.6,1,1,11,729
29258,2011574273,Braga,41.574366,-8.790302,EN(d)13,49.21,1,0,0,1.0,50,Berma pavimentada,Húmido,Dois sentidos,Chuva,Em cruzamento,Dentro das localidades,"Noite, com iluminação",Em patamar,Recta,Em plena via,Colisão,QUARTA-FEIRA ,0,2,11,2011-10-24,19,ligeiro,Nao,Sim,Nao,169.6,1,1,11,729
29263,2007281281,Braga,41.524319,-8.003861,EN205,100.15,1,0,0,1.0,90,Berma não pavimentada,Molhado,Dois sentidos,Chuva,Fora da intersecção,Fora das localidades,Em pleno dia,Com inclinação,Curva,Em plena via,Despiste,DOMINGO      ,0,1,11,2007-04-20,8,ligeiro,Sim,Sim,Nao,169.6,1,1,11,729
29269,2011514226,Braga,41.393048,-8.331235000000001,EN105,38.98,1,0,0,2.0,50,Berma pavimentada,Seco e limpo,Dois sentidos,Bom tempo,Fora da intersecção,Dentro das localidades,Em pleno dia,Em patamar,Recta,Em plena via,Colisão,SEGUNDA-FEIRA,0,2,11,2010-12-14,13,ligeiro,Sim,Nao,Sim,169.6,1,1,11,729
29273,2011563920,Braga,41.394046,-8.329687,EN105,39.15,1,0,0,1.0,50,Berma não pavimentada,Seco e limpo,Dois sentidos,Bom tempo,Em entroncamento,Dentro das localidades,Em pleno dia,Com inclinação,Recta,Em plena via,Colisão,DOMINGO      ,0,4,11,2011-08-09,18,ligeiro,Sim,Nao,Sim,169.6,1,1,11,729
29292,2010463520,Braga,41.416692,-8.570464,ER206,17.7,1,0,0,1.0,50,Sem berma ou impraticável,Seco e limpo,Dois sentidos,Bom tempo,Fora da intersecção,Dentro das localidades,"Noite, com iluminação",Com inclinação,Recta,Em plena via,Colisão,DOMINGO      ,0,2,11,2010-05-11,21,ligeiro,Nao,Nao,Sim,169.6,1,1,11,729
29309,2010452643,Braga,41.474152000000004,-8.43699,EN(d)309,26.25,2,0,0,1.0,50,Sem berma ou impraticável,Molhado,Dois sentidos,Chuva,Fora da intersecção,Dentro das localidades,"Noite, com iluminação",Com inclinação,Curva,Na berma,Despiste,TERÇA-FEIRA  ,0,1,11,2010-03-11,18,ligeiro,Nao,Sim,Nao,169.6,1,1,11,729
29324,2010428121,Braga,41.390502000000005,-8.335108,EN105,38.55,1,0,0,1.0,50,Berma não pavimentada,Molhado,Dois sentidos,Bom tempo,Em entroncamento,Dentro das localidades,Em pleno dia,Com inclinação,Recta,Em plena via,Colisão,SEGUNDA-FEIRA,0,2,11,2009-11-11,10,ligeiro,Sim,Nao,Nao,169.6,1,1,11,729
29355,2011539821,Braga,41.576093,-8.79062,EN(d)13,49.4,2,0,0,1.0,50,Berma pavimentada,Seco e limpo,Dois sentidos,Bom tempo,Fora da intersecção,Dentro das localidades,"Noite, com iluminação",Em patamar,Curva,Em plena via,Colisão,QUINTA-FEIRA ,0,2,11,2011-05-13,5,ligeiro,Nao,Nao,Sim,169.6,1,1,11,729
29382,2009383144,Braga,41.652134000000004,-8.392055000000001,ER205-3,2.98,2,0,0,1.0,50,Berma não pavimentada,Seco e limpo,Dois sentidos,Bom tempo,Em entroncamento,Dentro das localidades,Em pleno dia,Com inclinação,Recta,Em plena via,Colisão,TERÇA-FEIRA  ,0,3,11,2009-05-02,0,ligeiro,Sim,Nao,Sim,169.6,1,1,11,729
29388,2007287120,Braga,41.472751,-8.433593,EN(d)309,26.6,1,0,0,1.0,50,Sem berma ou impraticável,Molhado,Dois sentidos,Chuva,Fora da intersecção,Dentro das localidades,"Noite, com iluminação",Com inclinação,Curva,Em plena via,Despiste,QUARTA-FEIRA ,0,1,11,2007-06-24,21,ligeiro,Nao,Sim,Nao,169.6,1,1,11,729
29411,2011527022,Braga,41.429213,-7.999642999999999,EN(d)304,124.91,0,0,1,1.0,50,Berma não pavimentada,Seco e limpo,Dois sentidos,Bom tempo,Fora da intersecção,Dentro das localidades,Em pleno dia,Com inclinação,Recta,Em plena via,Colisão,SEGUNDA-FEIRA,0,2,11,2011-03-20,16,ligeiro,Sim,Nao,Sim,169.6,1,1,11,729
29444,2010446014,Braga,41.481637,-8.426031,EN(d)309,28.1,1,0,0,1.0,50,Berma pavimentada,Seco e limpo,Dois sentidos,Bom tempo,Em cruzamento,Dentro das localidades,"Noite, com iluminação",Com inclinação,Curva,Em plena via,Colisão,QUARTA-FEIRA ,0,2,11,2010-02-06,18,ligeiro,Nao,Nao,Sim,169.6,1,1,11,729
29515,2011574261,Braga,41.480034,-8.427094,EN(d)309,27.9,2,0,0,1.0,50,Berma não pavimentada,Seco e limpo,Dois sentidos,Bom tempo,Em entroncamento,Dentro das localidades,"Noite, com iluminação",Com inclinação,Curva,Em plena via,Colisão,SEGUNDA-FEIRA,0,2,11,2011-10-23,3,ligeiro,Nao,Nao,Sim,169.6,1,1,11,729
29541,2007279229,Braga,41.385725,-8.502853,EN204,40.9,3,0,0,1.0,50,Sem berma ou impraticável,Seco e limpo,Dois sentidos,Bom tempo,Em via de desaceleração,Dentro das localidades,Em pleno dia,Em patamar,Recta,Em plena via,Colisão,TERÇA-FEIRA  ,0,4,7,2007-04-11,15,ligeiro,Sim,Nao,Sim,256.2,1,1,7,2230
29548,2007281134,Braga,41.495795,-8.756547,EN(d)13,39.48,0,1,0,1.0,80,Berma pavimentada,Seco e limpo,Dois sentidos,Bom tempo,NÃO DEFINIDO,Fora das localidades,Em pleno dia,Em patamar,Recta,Em plena via,Colisão,SEXTA-FEIRA  ,0,2,7,2007-04-19,9,ligeiro,Sim,Nao,Sim,256.2,1,1,7,2230
29561,2007282897,Braga,41.371112,-8.50335,A3,25.38,1,0,0,1.0,60,Berma pavimentada,Molhado,Sentido único,Chuva,Fora da intersecção,Fora das localidades,Em pleno dia,Em patamar,Curva,Em plena via,Colisão,SÁBADO       ,0,2,7,2007-05-29,15,ligeiro,Sim,Sim,Nao,256.2,1,1,7,2230
29562,2007282901,Braga,41.372228,-8.503285,A3,25.5,1,0,0,1.0,60,Berma pavimentada,Molhado,Sentido único,Chuva,Em ramo de ligação - saída,Fora das localidades,Em pleno dia,Em patamar,Curva,Em plena via,Despiste,SEGUNDA-FEIRA,0,1,7,2007-05-25,9,ligeiro,Sim,Sim,Nao,256.2,1,1,7,2230
29564,2007274984,Braga,41.635453999999996,-8.155899,EN304,87.17,0,0,1,1.0,80,Berma pavimentada,Seco e limpo,Dois sentidos,Bom tempo,Fora da intersecção,Fora das localidades,"Noite, sem iluminação",Em patamar,Curva,Em plena via,Atropelamento,QUARTA-FEIRA ,0,1,7,2007-02-20,21,ligeiro,Nao,Nao,Sim,256.2,1,1,7,2230
29606,2007290902,Braga,41.443982,-8.365383999999999,ER206,37.2,2,0,0,1.0,50,Berma não pavimentada,Húmido,Dois sentidos,Chuva,Em entroncamento,Dentro das localidades,Em pleno dia,Em patamar,Recta,Em plena via,Colisão,TERÇA-FEIRA  ,0,2,7,2007-07-22,19,ligeiro,Sim,Sim,Nao,256.2,1,1,7,2230
29622,2007285492,Braga,41.487451,-8.744731,A28,43.4,3,0,0,2.0,120,Berma pavimentada,Seco e limpo,Sentido único,Bom tempo,Fora da intersecção,Fora das localidades,Em pleno dia,Em patamar,Recta,Em plena via,Colisão,TERÇA-FEIRA  ,0,2,7,2007-06-12,9,ligeiro,Sim,Nao,Sim,256.2,1,1,7,2230
29637,2007287121,Braga,41.465696,-8.36848,A11,38.68,1,0,0,2.0,120,Berma pavimentada,Seco e limpo,Sentido único,Bom tempo,Fora da intersecção,Fora das localidades,Em pleno dia,Com inclinação,Recta,Na berma,Despiste,SEXTA-FEIRA  ,0,1,7,2007-06-26,16,ligeiro,Sim,Nao,Sim,256.2,1,1,7,2230
29642,2007297399,Braga,41.447922,-8.353297,ER206,38.3,0,1,0,1.0,50,Berma pavimentada,Seco e limpo,Dois sentidos,Bom tempo,Em cruzamento,Fora das localidades,"Noite, com iluminação",Em patamar,Recta,Em plena via,Colisão,TERÇA-FEIRA  ,0,2,7,2007-10-10,22,ligeiro,Nao,Nao,Sim,256.2,1,1,7,2230
29663,2007300114,Braga,41.445067,-8.362092,ER206,37.5,1,0,0,1.0,50,Sem berma ou impraticável,Seco e limpo,Dois sentidos,Bom tempo,Em rotunda,Dentro das localidades,Em pleno dia,Em patamar,Curva,Em plena via,Atropelamento,DOMINGO      ,0,1,7,2007-10-31,16,ligeiro,Sim,Nao,Sim,256.2,1,1,7,2230
29666,2007291977,Braga,41.444344,-8.364287,ER206,37.3,1,0,0,1.0,90,Sem berma ou impraticável,Seco e limpo,Dois sentidos,Bom tempo,Fora da intersecção,Fora das localidades,Em pleno dia,Em patamar,Recta,Em plena via,Colisão,QUARTA-FEIRA ,1,2,7,2007-08-15,16,ligeiro,Sim,Nao,Sim,256.2,1,1,7,2230
29672,2007293636,Braga,41.519496999999994,-7.884589,EN206,90.3,1,0,0,1.0,90,Sem berma ou impraticável,Seco e limpo,Dois sentidos,Bom tempo,Fora da intersecção,Fora das localidades,"Noite, sem iluminação",Em patamar,Curva,Em plena via,Colisão,SÁBADO       ,0,2,7,2007-08-23,22,ligeiro,Nao,Nao,Sim,256.2,1,1,7,2230
29697,2008308065,Braga,41.630672,-8.384184,EN205,48.9,1,0,0,1.0,50,Berma pavimentada,Seco e limpo,Dois sentidos,Bom tempo,Fora da intersecção,Dentro das localidades,Aurora ou crepúsculo,Com inclinação,Recta,Em plena via,Colisão,TERÇA-FEIRA  ,0,2,7,2008-01-26,18,ligeiro,Nao,Nao,Sim,256.2,1,1,7,2230
29717,2008301916,Braga,41.630746,-8.384775,EN205,48.85,1,0,0,1.0,50,Berma pavimentada,Seco e limpo,Dois sentidos,NÃO DEFINIDO,NÃO DEFINIDO,Dentro das localidades,"Noite, com iluminação",Em patamar,Recta,Em plena via,Atropelamento,SEXTA-FEIRA  ,0,1,7,2007-11-27,19,ligeiro,Nao,Sim,Sim,256.2,1,1,7,2230
29731,2008304477,Braga,41.494968,-8.732411,A11,1.73,1,0,0,2.0,120,Berma pavimentada,Molhado,Sentido único,Chuva,Fora da intersecção,Fora das localidades,"Noite, sem iluminação",Em patamar,Curva,Na berma,Despiste,SÁBADO       ,0,1,7,2007-12-09,2,ligeiro,Nao,Sim,Nao,256.2,1,1,7,2230
29737,2008304749,Braga,41.458637,-8.36254,ER310,17.9,1,0,0,1.0,50,Sem berma ou impraticável,Húmido,Dois sentidos,Nevoeiro,NÃO DEFINIDO,Dentro das localidades,"Noite, sem iluminação",Em patamar,Curva,Em plena via,Despiste,QUARTA-FEIRA ,0,1,7,2007-12-07,19,ligeiro,Nao,Sim,Nao,256.2,1,1,7,2230