,COD_ACIDENTE,DISTRITO,LATITUDE,LONGITUDE,VIA,KM,QT_FLIGEIROS,QT_FGRAVES,QT_MORTOS,QT_VIAS_SENTIDO,VEL_LIM_LOCAL,BERMA_VIA,CONDICAO_ADERENCIA,FAIXA_RODAGEM,FATOR_ATMOSFERICO,INTERSECAO_VIA,LOCALIZACAO,LUMINOSIDADE,PERFIL_VIA,PLANTA_VIA,SITUACAO_ACIDENTE,TIPO_NATUREZA,DIA_SEMANA,FLAG_FERIADO,QT_VEICULOS,COD_FREGUESIA,DATA,HORA,GRAVIDADE,ERA_DIA,MAU_TEMPO,ESTRADA_SECA,DENSIDADE_TOTAL,COD_DISTRITO_INE,COD_CONCELHO_INE,COD_FREGUESIA_INE,TOTAL
29774,2008312553,Braga,41.372448,-8.503224000000001,A3,25.53,2,0,0,3.0,80,Berma pavimentada,Húmido,Sentido único,Chuva,Em ramo de ligação - saída,Fora das localidades,Em pleno dia,Em patamar,Curva,Em plena via,Despiste,QUINTA-FEIRA ,0,1,7,2008-02-03,17,ligeiro,Sim,Sim,Nao,256.2,1,1,7,2230
29789,2008322316,Braga,41.383068,-8.499997,EN204,41.3,3,0,0,1.0,50,Berma pavimentada,Seco e limpo,Dois sentidos,Bom tempo,Em entroncamento,Fora das localidades,Em pleno dia,Em patamar,Recta,Em plena via,Colisão,TERÇA-FEIRA  ,0,3,7,2008-03-29,12,ligeiro,Sim,Nao,Sim,256.2,1,1,7,2230
29803,2008333796,Braga,41.458637,-8.36254,ER310,17.9,1,0,0,1.0,50,Berma pavimentada,Seco e limpo,Dois sentidos,Bom tempo,Fora da intersecção,Dentro das localidades,Em pleno dia,Com inclinação,Curva,Na berma,Despiste,TERÇA-FEIRA  ,0,1,7,2008-07-21,7,ligeiro,Sim,Nao,Sim,256.2,1,1,7,2230
29807,2008336972,Braga,41.495405,-8.73172,A11,1.8,1,0,0,2.0,120,Berma pavimentada,Seco e limpo,Sentido único,Bom tempo,Fora da intersecção,Fora das localidades,Em pleno dia,Com inclinação,Curva,Em plena via,Despiste,SEGUNDA-FEIRA,0,1,7,2008-08-29,18,ligeiro,Sim,Nao,Sim,256.2,1,1,7,2230
29845,2008332706,Braga,41.37425,-8.502525,A3,25.74,1,0,0,2.0,60,Berma pavimentada,Seco e limpo,Sentido único,Bom tempo,Fora da intersecção,Fora das localidades,"Noite, com iluminação",Com inclinação,Curva,Na berma,Despiste,QUINTA-FEIRA ,0,1,7,2008-07-06,2,ligeiro,Nao,Nao,Sim,256.2,1,1,7,2230
29846,2008333633,Braga,41.630953000000005,-8.378463,EN205,49.4,1,0,0,1.0,50,Berma pavimentada,Molhado,Dois sentidos,Chuva,Fora da intersecção,Dentro das localidades,Em pleno dia,Em patamar,Recta,Em plena via,Colisão,DOMINGO      ,0,2,7,2008-07-31,7,ligeiro,Sim,Sim,Nao,256.2,1,1,7,2230
29909,2009349172,Braga,41.372448,-8.503224000000001,A3,25.53,1,0,0,1.0,60,Berma pavimentada,Molhado,Sentido único,Chuva,Fora da intersecção,Fora das localidades,Em pleno dia,Com inclinação,Curva,Em plena via,Despiste,TERÇA-FEIRA  ,0,1,7,2008-11-29,14,ligeiro,Sim,Sim,Nao,256.2,1,1,7,2230
29926,2009351466,Braga,41.447645,-8.350006,ER206,38.6,2,0,0,1.0,50,Berma pavimentada,Seco e limpo,Dois sentidos,Bom tempo,Fora da intersecção,Dentro das localidades,Em pleno dia,Em patamar,Recta,Em plena via,Colisão,SEXTA-FEIRA  ,0,2,7,2008-12-19,9,ligeiro,Sim,Nao,Sim,256.2,1,1,7,2230
29928,2008344805,Braga,41.631388,-8.388861,EN205,48.5,1,0,0,2.0,50,Berma pavimentada,Seco e limpo,Dois sentidos,Bom tempo,Fora da intersecção,Dentro das localidades,Em pleno dia,Com inclinação,Recta,Na berma,Despiste,SÁBADO       ,0,1,7,2008-10-29,6,ligeiro,Sim,Nao,Sim,256.2,1,1,7,2230
29938,2009353783,Braga,41.368718,-8.502661999999999,A3,25.1,1,0,0,2.0,120,Berma pavimentada,Molhado,Sentido único,Chuva,Fora da intersecção,Fora das localidades,Em pleno dia,Em patamar,Curva,Em plena via,Colisão,SÁBADO       ,0,2,7,2008-12-03,7,ligeiro,Sim,Sim,Nao,256.2,1,1,7,2230
29940,2009353013,Braga,41.385040000000004,-8.502127,EN204,41.0,3,0,0,1.0,50,Sem berma ou impraticável,Seco e limpo,Dois sentidos,Bom tempo,Em entroncamento,Dentro das localidades,Em pleno dia,Em patamar,Recta,Em plena via,Colisão,QUINTA-FEIRA ,0,2,7,2008-12-12,8,ligeiro,Sim,Nao,Sim,256.2,1,1,7,2230
29963,2009351432,Braga,41.446483,-8.357669999999999,ER206,37.9,1,0,0,1.0,50,Berma pavimentada,Molhado,Dois sentidos,Chuva,Fora da intersecção,Dentro das localidades,"Noite, com iluminação",Em patamar,Recta,Na berma,Despiste,SEXTA-FEIRA  ,0,1,7,2008-12-30,5,ligeiro,Nao,Sim,Nao,256.2,1,1,7,2230
29978,2009388135,Braga,41.630389,-8.380497,EN205,49.22,2,1,0,1.0,50,Berma pavimentada,Seco e limpo,Dois sentidos,Bom tempo,Fora da intersecção,Dentro das localidades,Em pleno dia,Em patamar,Curva,Em plena via,Colisão,DOMINGO      ,0,2,7,2009-05-17,14,ligeiro,Sim,Nao,Sim,256.2,1,1,7,2230
29994,2009399775,Braga,41.599947,-8.552633,A3,56.13,3,0,0,3.0,120,Berma pavimentada,Seco e limpo,Sentido único,Bom tempo,Fora da intersecção,Fora das localidades,Em pleno dia,Com inclinação,Curva,Em plena via,Despiste,TERÇA-FEIRA  ,0,1,7,2009-07-26,15,ligeiro,Sim,Nao,Sim,256.2,1,1,7,2230
30010,2009373489,Braga,41.630506,-8.383125,EN205,48.99,2,0,0,1.0,50,Berma pavimentada,Seco e limpo,Dois sentidos,Bom tempo,Fora da intersecção,Dentro das localidades,Em pleno dia,Com inclinação,Recta,Em plena via,Colisão,DOMINGO      ,0,3,7,2009-04-24,8,ligeiro,Sim,Nao,Sim,256.2,1,1,7,2230
30023,2009373216,Braga,41.502317,-7.897405,EN206,87.2,4,0,0,1.0,50,Berma não pavimentada,Molhado,Dois sentidos,Chuva,Em via de desaceleração,Fora das localidades,"Noite, sem iluminação",Em patamar,Recta,Na berma,Despiste,SEGUNDA-FEIRA,0,1,7,2009-04-14,21,ligeiro,Nao,Sim,Nao,256.2,1,1,7,2230
30041,2009389548,Braga,41.497060999999995,-7.921844999999999,EN206,83.98,1,0,0,1.0,50,Berma pavimentada,Seco e limpo,Dois sentidos,Bom tempo,Em entroncamento,Dentro das localidades,Em pleno dia,Em patamar,Recta,Em plena via,Colisão,QUARTA-FEIRA ,0,2,7,2009-06-23,10,ligeiro,Sim,Nao,Sim,256.2,1,1,7,2230
30064,2009418032,Braga,41.37425,-8.502525,A3,25.74,1,0,0,2.0,60,Berma pavimentada,Seco e limpo,Sentido único,Bom tempo,Em ramo de ligação - entrada,Fora das localidades,Em pleno dia,Em patamar,Curva,Em plena via,Despiste,SEGUNDA-FEIRA,0,1,7,2009-09-20,17,ligeiro,Sim,Nao,Sim,256.2,1,1,7,2230
30076,2009409717,Braga,41.728511,-8.411075,EN101,67.59,1,0,0,2.0,50,Sem berma ou impraticável,Seco e limpo,Dois sentidos,Bom tempo,Fora da intersecção,Dentro das localidades,Em pleno dia,Em patamar,Curva,Em plena via,Colisão,QUINTA-FEIRA ,0,2,7,2009-08-25,18,ligeiro,Sim,Nao,Sim,256.2,1,1,7,2230
30077,2009409728,Braga,41.731735,-8.413577,EN101,67.1,3,0,0,1.0,50,Sem berma ou impraticável,Seco e limpo,Dois sentidos,Bom tempo,Fora da intersecção,Dentro das localidades,Em pleno dia,Com inclinação,Curva,Em plena via,Colisão,SÁBADO       ,0,2,7,2009-08-10,18,ligeiro,Sim,Nao,Sim,256.2,1,1,7,2230
30079,2009409864,Braga,41.498309000000006,-7.915108,EN206,84.56,1,0,0,1.0,50,Sem berma ou impraticável,Seco e limpo,Dois sentidos,Bom tempo,Fora da intersecção,Dentro das localidades,Em pleno dia,Com inclinação,Curva,Em plena via,Colisão,SÁBADO       ,0,3,7,2009-08-04,19,ligeiro,Sim,Nao,Sim,256.2,1,1,7,2230
30101,2010428090,Braga,41.460253,-8.3564,ER310,17.33,1,0,0,1.0,50,Sem berma ou impraticável,Seco e limpo,Dois sentidos,Bom tempo,Fora da intersecção,Dentro das localidades,"Noite, com iluminação",Com inclinação,Recta,Em plena via,Colisão,QUINTA-FEIRA ,0,3,7,2009-11-02,18,ligeiro,Nao,Nao,Sim,256.2,1,1,7,2230
30103,2010428164,Braga,41.385725,-8.502853,EN204,40.9,1,0,0,1.0,50,Berma não pavimentada,Molhado,Dois sentidos,Chuva,Em entroncamento,Dentro das localidades,Em pleno dia,Em patamar,Recta,Em plena via,Colisão,SEXTA-FEIRA  ,0,4,7,2009-11-14,11,ligeiro,Sim,Sim,Nao,256.2,1,1,7,2230
30114,2010433724,Braga,41.373098,-8.503006,A3,25.6,1,0,0,2.0,60,Berma pavimentada,Húmido,Sentido único,Chuva,Fora da intersecção,Fora das localidades,Em pleno dia,Em patamar,Curva,Na berma,Despiste,QUARTA-FEIRA ,0,1,7,2009-12-05,12,ligeiro,Sim,Sim,Nao,256.2,1,1,7,2230
30126,2010437204,Braga,41.496982,-7.922325999999999,EN206,83.94,0,0,1,1.0,50,Berma pavimentada,Seco e limpo,Dois sentidos,Bom tempo,Fora da intersecção,Dentro das localidades,Em pleno dia,Em patamar,Recta,Em plena via,Despiste,SEGUNDA-FEIRA,1,1,7,2010-01-01,12,ligeiro,Sim,Nao,Sim,256.2,1,1,7,2230
30146,2010457464,Braga,41.37425,-8.502525,A3,25.74,2,0,0,2.0,60,Berma pavimentada,Seco e limpo,Sentido único,Bom tempo,Em ramo de ligação - entrada,Fora das localidades,Em pleno dia,Em patamar,Curva,Em plena via,Despiste,SEGUNDA-FEIRA,0,1,7,2010-04-30,9,ligeiro,Sim,Nao,Sim,256.2,1,1,7,2230
30183,2010470752,Braga,41.370889,-8.50333,A3,25.35,1,0,0,2.0,120,Berma pavimentada,Seco e limpo,Sentido único,Bom tempo,Fora da intersecção,Fora das localidades,Em pleno dia,Com inclinação,Curva,Em plena via,Despiste,SÁBADO       ,0,1,7,2010-06-30,17,ligeiro,Sim,Nao,Sim,256.2,1,1,7,2230
30186,2010477727,Braga,41.383702,-8.500743,EN204,41.2,1,0,0,1.0,50,Berma pavimentada,Seco e limpo,Dois sentidos,NÃO DEFINIDO,Fora da intersecção,Dentro das localidades,Em pleno dia,Em patamar,Recta,Em plena via,Colisão,DOMINGO      ,0,2,7,2010-07-07,8,ligeiro,Sim,Sim,Sim,256.2,1,1,7,2230
30194,2010476309,Braga,41.630953000000005,-8.378463,EN205,49.4,1,1,0,1.0,50,Berma não pavimentada,Seco e limpo,Dois sentidos,Bom tempo,Fora da intersecção,Dentro das localidades,Em pleno dia,Em patamar,Recta,Em plena via,Colisão,TERÇA-FEIRA  ,0,2,7,2010-07-14,9,ligeiro,Sim,Nao,Sim,256.2,1,1,7,2230
30197,2010486656,Braga,41.497558000000005,-8.74962,A28,44.6,1,0,0,2.0,120,Berma pavimentada,Seco e limpo,Sentido único,Bom tempo,Fora da intersecção,Fora das localidades,"Noite, sem iluminação",Em patamar,Recta,Na berma,Despiste,QUINTA-FEIRA ,0,1,7,2010-08-13,22,ligeiro,Nao,Nao,Sim,256.2,1,1,7,2230
30212,2010478938,Braga,41.630603,-8.376124,EN205,49.6,1,0,0,1.0,50,Berma não pavimentada,Seco e limpo,Dois sentidos,Bom tempo,Em entroncamento,Dentro das localidades,"Noite, com iluminação",Com inclinação,Recta,Em plena via,Colisão,TERÇA-FEIRA  ,0,2,7,2010-07-31,15,ligeiro,Nao,Nao,Sim,256.2,1,1,7,2230
30234,2010491574,Braga,41.385453999999996,-8.502558,EN204,40.94,5,0,0,1.0,50,Sem berma ou impraticável,Seco e limpo,Dois sentidos,Bom tempo,Fora da intersecção,Dentro das localidades,"Noite, com iluminação",Em patamar,Recta,Em plena via,Colisão,SEGUNDA-FEIRA,0,2,7,2010-09-25,21,ligeiro,Nao,Nao,Sim,256.2,1,1,7,2230
30258,2010496292,Braga,41.630522,-8.38012,EN205,49.25,1,0,0,1.0,50,Berma não pavimentada,Seco e limpo,Dois sentidos,Bom tempo,Fora da intersecção,Dentro das localidades,"Noite, sem iluminação",Em patamar,Curva,Na berma,Despiste,SEXTA-FEIRA  ,0,1,7,2010-10-10,4,ligeiro,Nao,Nao,Sim,256.2,1,1,7,2230
30287,2011517174,Braga,41.63045,-8.374949,EN205,49.7,1,0,0,1.0,50,Berma não pavimentada,Seco e limpo,Dois sentidos,Bom tempo,Em entroncamento,Dentro das localidades,Em pleno dia,Com inclinação,Recta,Em plena via,Colisão,SÁBADO       ,0,2,7,2011-01-21,12,ligeiro,Sim,Nao,Sim,256.2,1,1,7,2230
30310,2011523757,Braga,41.63045,-8.374949,EN205,49.7,1,0,0,1.0,50,Berma não pavimentada,Seco e limpo,Dois sentidos,Nevoeiro,Em entroncamento,Dentro das localidades,"Noite, com iluminação",Com inclinação,Recta,Em plena via,Colisão,QUINTA-FEIRA ,0,2,7,2011-02-06,4,ligeiro,Nao,Sim,Sim,256.2,1,1,7,2230
30316,2011519223,Braga,41.728759000000004,-8.411906,EN101,67.5,1,0,0,1.0,50,Berma não pavimentada,Molhado,Dois sentidos,Chuva,Fora da intersecção,Dentro das localidades,Em pleno dia,Com inclinação,Curva,Em plena via,Colisão,SÁBADO       ,0,2,7,2011-01-10,11,ligeiro,Sim,Sim,Nao,256.2,1,1,7,2230
30353,2011540697,Braga,41.630855,-8.386445,EN205,48.71,1,0,0,1.0,50,Sem berma ou impraticável,Seco e limpo,Dois sentidos,Bom tempo,Fora da intersecção,Dentro das localidades,Em pleno dia,Em patamar,Curva,Na berma,Despiste,QUARTA-FEIRA ,0,1,7,2011-05-12,17,ligeiro,Sim,Nao,Sim,256.2,1,1,7,2230
30356,2011549111,Braga,41.633462,-8.160810000000001,EN304,86.7,1,0,0,1.0,90,Berma não pavimentada,Seco e limpo,Dois sentidos,Bom tempo,Fora da intersecção,Fora das localidades,Em pleno dia,Em patamar,Recta,Na berma,Despiste,DOMINGO      ,0,1,7,2011-06-24,19,ligeiro,Sim,Nao,Sim,256.2,1,1,7,2230
30375,2011547793,Braga,41.631037,-8.387122999999999,EN205,48.65,2,0,0,1.0,50,Sem berma ou impraticável,Seco e limpo,Dois sentidos,Bom tempo,Em cruzamento,Dentro das localidades,Em pleno dia,Em patamar,Recta,Em plena via,Colisão,TERÇA-FEIRA  ,0,2,7,2011-06-15,14,ligeiro,Sim,Nao,Sim,256.2,1,1,7,2230
30393,2011563940,Braga,41.498005,-7.916842999999999,EN206,84.4,1,0,0,1.0,50,Sem berma ou impraticável,Seco e limpo,Dois sentidos,Bom tempo,Em cruzamento,Dentro das localidades,Em pleno dia,Em patamar,Curva,Em plena via,Colisão,QUINTA-FEIRA ,0,2,7,2011-08-07,11,ligeiro,Sim,Nao,Sim,256.2,1,1,7,2230
30418,2012589905,Braga,41.491873,-8.745863,A28,43.9,3,0,0,2.0,120,Berma pavimentada,Molhado,Sentido único,Chuva,Fora da intersecção,Fora das localidades,Em pleno dia,Em patamar,Curva,Em plena via,Colisão,QUINTA-FEIRA ,0,2,7,2011-12-10,12,ligeiro,Sim,Sim,Nao,256.2,1,1,7,2230
30440,2012579572,Braga,41.460051,-8.360037,A11,39.64,1,0,0,3.0,120,Berma pavimentada,Molhado,Sentido único,Chuva,Fora da intersecção,Fora das localidades,Em pleno dia,Com inclinação,Recta,Em plena via,Despiste,DOMINGO      ,0,1,7,2011-11-03,12,ligeiro,Sim,Sim,Nao,256.2,1,1,7,2230
30480,2012612558,Braga,41.382181,-8.502883,A7,21.51,1,0,0,2.0,40,Berma pavimentada,Molhado,Sentido único,Chuva,Fora da intersecção,Fora das localidades,Em pleno dia,Com inclinação,Curva,Em plena via,Despiste,TERÇA-FEIRA  ,0,1,7,2012-04-18,9,ligeiro,Sim,Sim,Nao,256.2,1,1,7,2230
30522,2012636948,Braga,41.500014,-8.759213,EN(d)13,40.0,1,0,0,2.0,50,Berma pavimentada,Seco e limpo,Dois sentidos,Bom tempo,Fora da intersecção,Dentro das localidades,Em pleno dia,Em patamar,Recta,Em plena via,Colisão,SÁBADO       ,0,2,7,2012-08-02,18,ligeiro,Sim,Nao,Sim,256.2,1,1,7,2230
30527,2013656983,Braga,41.448055,-8.351066000000001,ER206,38.5,1,0,0,1.0,50,Berma pavimentada,Seco e limpo,Dois sentidos,Bom tempo,Fora da intersecção,Dentro das localidades,Em pleno dia,Em patamar,Recta,Em plena via,Colisão,SEGUNDA-FEIRA,0,2,7,2012-10-11,18,ligeiro,Sim,Nao,Sim,256.2,1,1,7,2230
30573,2007289724,Braga,41.372448,-8.503224000000001,A3,25.53,1,0,0,1.0,60,Berma pavimentada,Seco e limpo,Sentido único,Bom tempo,Fora da intersecção,Fora das localidades,Em pleno dia,Com inclinação,Curva,Em plena via,Despiste,SEGUNDA-FEIRA,0,1,7,2007-07-21,15,ligeiro,Sim,Nao,Sim,256.2,1,1,7,2230
30594,2007281234,Braga,41.497743,-8.757775,EN(d)13,39.72,1,0,0,1.0,50,Berma pavimentada,Seco e limpo,Dois sentidos,Bom tempo,Fora da intersecção,Dentro das localidades,Em pleno dia,Em patamar,Recta,Em plena via,Colisão,SEGUNDA-FEIRA,0,2,7,2007-04-27,8,ligeiro,Sim,Nao,Sim,256.2,1,1,7,2230
30632,2009416786,Braga,41.63045,-8.374949,EN205,49.7,1,0,0,1.0,50,Sem berma ou impraticável,Seco e limpo,Dois sentidos,Bom tempo,Em cruzamento,Dentro das localidades,Em pleno dia,Com inclinação,Recta,Em plena via,Colisão,QUARTA-FEIRA ,0,2,7,2009-09-16,7,ligeiro,Sim,Nao,Sim,256.2,1,1,7,2230
30645,2007301125,Braga,41.372882000000004,-8.503082000000001,A3,25.58,2,0,0,2.0,120,Berma pavimentada,Seco e limpo,Sentido único,Bom tempo,Fora da intersecção,Fora das localidades,"Noite, com iluminação",Em patamar,Recta,Em plena via,Colisão,TERÇA-FEIRA  ,0,3,7,2007-11-13,19,ligeiro,Nao,Nao,Sim,256.2,1,1,7,2230
30661,2008344795,Braga,41.455199,-8.344799,A11,41.1,1,0,0,2.0,120,Berma pavimentada,Seco e limpo,Sentido único,Bom tempo,Fora da intersecção,Fora das localidades,"Noite, sem iluminação",Em patamar,Recta,Na berma,Despiste,SEGUNDA-FEIRA,0,1,7,2008-10-31,19,ligeiro,Nao,Nao,Sim,256.2,1,1,7,2230
30673,2008333650,Braga,41.630739,-8.39516,EN205,47.95,1,0,0,1.0,50,Sem berma ou impraticável,Seco e limpo,Dois sentidos,Bom tempo,Em entroncamento,Dentro das localidades,Em pleno dia,Com inclinação,Recta,Em plena via,Colisão,SÁBADO       ,0,2,7,2008-07-24,18,ligeiro,Sim,Nao,Sim,256.2,1,1,7,2230
30714,2010452564,Braga,41.445067,-8.362092,ER206,37.5,1,0,0,2.0,50,Sem berma ou impraticável,Seco e limpo,Dois sentidos,Bom tempo,Em rotunda,Dentro das localidades,"Noite, com iluminação",Em patamar,Curva,Em plena via,Colisão,SÁBADO       ,0,2,7,2010-03-14,2,ligeiro,Nao,Nao,Sim,256.2,1,1,7,2230
30749,2011561991,Braga,41.497743,-7.9037,EN206,86.25,1,0,0,1.0,50,Sem berma ou impraticável,Seco e limpo,Dois sentidos,Bom tempo,Em via de desaceleração,Dentro das localidades,"Noite, sem iluminação",Em patamar,Curva,Em plena via,Despiste,DOMINGO      ,0,1,7,2011-08-20,22,ligeiro,Nao,Nao,Sim,256.2,1,1,7,2230
30784,2013656252,Braga,41.735147999999995,-8.41028,EN101,66.6,1,0,0,2.0,50,Sem berma ou impraticável,Molhado,Dois sentidos,Chuva,Fora da intersecção,Dentro das localidades,"Noite, sem iluminação",Com inclinação,Curva,Na berma,Despiste,SEXTA-FEIRA  ,0,1,7,2012-10-25,23,ligeiro,Nao,Sim,Nao,256.2,1,1,7,2230
30804,2009367527,Braga,41.630522,-8.375538,EN205,49.65,4,0,0,1.0,50,Berma não pavimentada,Seco e limpo,Dois sentidos,Bom tempo,Em cruzamento,Dentro das localidades,Em pleno dia,Com inclinação,Recta,Em plena via,Colisão,QUARTA-FEIRA ,0,2,7,2009-03-18,16,ligeiro,Sim,Nao,Sim,256.2,1,1,7,2230
30809,2011513881,Braga,41.496747,-8.749077,A28,44.5,1,0,0,2.0,80,Berma pavimentada,Molhado,Sentido único,Chuva,Fora da intersecção,Fora das localidades,Em pleno dia,Em patamar,Recta,Em plena via,Despiste,QUARTA-FEIRA ,0,1,7,2010-12-21,9,ligeiro,Sim,Sim,Nao,256.2,1,1,7,2230
30815,2012591609,Braga,41.458012,-8.363353,ER310,18.0,1,0,0,1.0,50,Sem berma ou impraticável,Húmido,Dois sentidos,Bom tempo,Fora da intersecção,Dentro das localidades,Aurora ou crepúsculo,Em patamar,Curva,Em plena via,Colisão,SÁBADO       ,0,2,7,2011-12-28,7,ligeiro,Nao,Nao,Nao,256.2,1,1,7,2230
30819,2010463679,Braga,41.630734999999994,-8.379596000000001,EN205,49.3,3,0,0,1.0,50,Sem berma ou impraticável,Seco e limpo,Dois sentidos,Bom tempo,Fora da intersecção,Dentro das localidades,Em pleno dia,Com inclinação,Curva,Em plena via,Colisão,SEXTA-FEIRA  ,0,2,7,2010-05-09,18,ligeiro,Sim,Nao,Sim,256.2,1,1,7,2230
30831,2009417742,Braga,41.445067,-8.362092,ER206,37.5,0,1,0,1.0,50,Berma não pavimentada,Seco e limpo,Dois sentidos,Bom tempo,Em entroncamento,Dentro das localidades,Em pleno dia,Em patamar,Curva,Em plena via,Colisão,SEGUNDA-FEIRA,0,2,7,2009-09-20,10,ligeiro,Sim,Nao,Sim,256.2,1,1,7,2230
30838,2007282034,Braga,41.372448,-8.503224000000001,A3,25.53,1,0,0,1.0,60,Berma pavimentada,Húmido,Sentido único,Bom tempo,Em ramo de ligação - saída,Fora das localidades,"Noite, com iluminação",Em patamar,Curva,Em plena via,Despiste,SÁBADO       ,1,1,7,2007-05-01,23,ligeiro,Nao,Nao,Nao,256.2,1,1,7,2230
30844,2008321677,Braga,41.381066,-8.500794,A3,26.51,1,0,0,3.0,120,Berma pavimentada,Seco e limpo,Sentido único,Bom tempo,Fora da intersecção,Fora das localidades,Em pleno dia,Em patamar,Curva,Em plena via,Despiste,SEGUNDA-FEIRA,0,1,7,2008-03-06,16,ligeiro,Sim,Nao,Sim,256.2,1,1,7,2230
30865,2009359657,Braga,41.630708,-8.384419,EN205,48.88,1,0,0,2.0,50,Sem berma ou impraticável,Seco e limpo,Dois sentidos,Bom tempo,Fora da intersecção,Dentro das localidades,Em pleno dia,Com inclinação,Recta,Em plena via,Atropelamento,TERÇA-FEIRA  ,0,1,7,2009-02-23,14,ligeiro,Sim,Nao,Sim,256.2,1,1,7,2230
30905,2007278906,Braga,41.451602,-8.365812,ER310,18.85,1,0,1,1.0,50,Berma pavimentada,Seco e limpo,Dois sentidos,Bom tempo,Fora da intersecção,Dentro das localidades,"Noite, com iluminação",Com inclinação,Recta,Em plena via,Despiste,SÁBADO       ,1,1,7,2007-04-08,23,ligeiro,Nao,Nao,Sim,256.2,1,1,7,2230
30908,2007282036,Braga,41.372228,-8.503285,A3,25.5,1,0,0,1.0,50,Berma pavimentada,Molhado,Sentido único,Chuva,Fora da intersecção,Fora das localidades,Em pleno dia,Em patamar,Curva,Na berma,Despiste,SÁBADO       ,1,1,7,2007-05-01,18,ligeiro,Sim,Sim,Nao,256.2,1,1,7,2230
30916,2010464612,Braga,41.382438,-8.499242,EN204,41.4,1,0,0,2.0,50,Berma pavimentada,Seco e limpo,Dois sentidos,Bom tempo,Em entroncamento,Dentro das localidades,"Noite, com iluminação",Em patamar,Curva,Em plena via,Colisão,TERÇA-FEIRA  ,0,2,7,2010-05-18,19,ligeiro,Nao,Nao,Sim,256.2,1,1,7,2230
30950,2008337397,Braga,41.495899,-7.925534,EN206,83.65,3,0,0,2.0,50,Sem berma ou impraticável,Seco e limpo,Dois sentidos,Bom tempo,Fora da intersecção,Dentro das localidades,Em pleno dia,Com inclinação,Curva,Na berma,Despiste,QUARTA-FEIRA ,0,1,7,2008-08-03,19,ligeiro,Sim,Nao,Sim,256.2,1,1,7,2230
30962,2008329164,Braga,41.496271,-8.729631,A11,2.0,1,0,0,2.0,120,Berma pavimentada,Com água acumulada na faixa de rodagem,Sentido único,Chuva,Fora da intersecção,Fora das localidades,"Noite, sem iluminação",Em patamar,Recta,Em plena via,Despiste,SÁBADO       ,0,1,7,2008-05-28,21,ligeiro,Nao,Sim,Nao,256.2,1,1,7,2230
30971,2010442012,Braga,41.630778,-8.377294000000001,EN205,49.5,1,0,0,1.0,50,Berma pavimentada,Molhado,Dois sentidos,Chuva,Fora da intersecção,Dentro das localidades,Em pleno dia,Com inclinação,Recta,Em plena via,Colisão,TERÇA-FEIRA  ,0,2,7,2010-01-13,8,ligeiro,Sim,Sim,Nao,256.2,1,1,7,2230
30987,2009389634,Braga,41.630696,-8.379703,EN205,49.29,2,0,0,1.0,50,Sem berma ou impraticável,Seco e limpo,Dois sentidos,Bom tempo,Fora da intersecção,Dentro das localidades,Em pleno dia,Com inclinação,Curva,Em plena via,Colisão,SEXTA-FEIRA  ,0,2,7,2009-06-30,7,ligeiro,Sim,Nao,Sim,256.2,1,1,7,2230
31030,2010464669,Braga,41.490004,-8.739822,A11,0.9,1,0,0,4.0,60,Berma pavimentada,Seco e limpo,Sentido único,Bom tempo,Fora da intersecção,Fora das localidades,Em pleno dia,Em patamar,Recta,Em plena via,Despiste,QUARTA-FEIRA ,0,1,7,2010-05-24,15,ligeiro,Sim,Nao,Sim,256.2,1,1,7,2230
31067,2007279219,Braga,41.447922,-8.353297,ER206,38.3,2,0,0,1.0,50,Berma pavimentada,Seco e limpo,Dois sentidos,Bom tempo,Em cruzamento,Dentro das localidades,Em pleno dia,Em patamar,Recta,Em plena via,Colisão,DOMINGO      ,0,2,7,2007-04-15,12,ligeiro,Sim,Nao,Sim,256.2,1,1,7,2230
31098,2011506717,Braga,41.488351,-8.744876,A28,43.5,1,0,0,2.0,120,Berma pavimentada,Molhado,Sentido único,Chuva,Fora da intersecção,Fora das localidades,"Noite, com iluminação",Em patamar,Recta,Em plena via,Despiste,SEXTA-FEIRA  ,0,1,7,2010-11-19,23,ligeiro,Nao,Sim,Nao,256.2,1,1,7,2230
31104,2010446644,Braga,41.631121,-8.387464999999999,EN205,48.62,1,0,0,1.0,50,Berma pavimentada,Molhado,Dois sentidos,Chuva,Em cruzamento,Dentro das localidades,Em pleno dia,Com inclinação,Recta,Em plena via,Colisão,SEGUNDA-FEIRA,0,3,7,2010-02-27,15,ligeiro,Sim,Sim,Nao,256.2,1,1,7,2230
31129,2012651633,Braga,41.386394,-8.503608,EN204,40.8,0,1,0,1.0,50,Sem berma ou impraticável,Seco e limpo,Dois sentidos,Bom tempo,Fora da intersecção,Dentro das localidades,Em pleno dia,Com inclinação,Recta,Em plena via,Colisão,SÁBADO       ,0,2,7,2012-10-09,14,ligeiro,Sim,Nao,Sim,256.2,1,1,7,2230
31145,2007288555,Braga,41.368718,-8.502661999999999,A3,25.1,1,0,1,2.0,120,Berma pavimentada,Molhado,Sentido único,Chuva,Fora da intersecção,Fora das localidades,"Noite, sem iluminação",Com inclinação,Curva,Em plena via,Despiste,QUARTA-FEIRA ,0,1,7,2007-07-23,4,ligeiro,Nao,Sim,Nao,256.2,1,1,7,2230