,COD_ACIDENTE,DISTRITO,LATITUDE,LONGITUDE,VIA,KM,QT_FLIGEIROS,QT_FGRAVES,QT_MORTOS,QT_VIAS_SENTIDO,VEL_LIM_LOCAL,BERMA_VIA,CONDICAO_ADERENCIA,FAIXA_RODAGEM,FATOR_ATMOSFERICO,INTERSECAO_VIA,LOCALIZACAO,LUMINOSIDADE,PERFIL_VIA,PLANTA_VIA,SITUACAO_ACIDENTE,TIPO_NATUREZA,DIA_SEMANA,FLAG_FERIADO,QT_VEICULOS,COD_FREGUESIA,DATA,HORA,GRAVIDADE,ERA_DIA,MAU_TEMPO,ESTRADA_SECA,DENSIDADE_TOTAL,COD_DISTRITO_INE,COD_CONCELHO_INE,COD_FREGUESIA_INE,TOTAL
31146,2013670439,Braga,41.381502000000005,-8.498099,EN204,41.55,1,0,0,1.0,50,Sem berma ou impraticável,Molhado,Sentido único,Chuva,Em rotunda,Dentro das localidades,Aurora ou crepúsculo,Com inclinação,Curva,Em plena via,Colisão,TERÇA-FEIRA  ,0,2,7,2012-12-13,18,ligeiro,Nao,Sim,Nao,256.2,1,1,7,2230
31151,2007295654,Braga,41.630603,-8.376124,EN205,49.6,1,0,0,1.0,80,NÃO DEFINIDO,Seco e limpo,Dois sentidos,Bom tempo,Em cruzamento,Dentro das localidades,Em pleno dia,Em patamar,Recta,Na berma,Colisão,DOMINGO      ,0,2,7,2007-09-27,8,ligeiro,Sim,Nao,Sim,256.2,1,1,7,2230
31154,2007282035,Braga,41.372228,-8.503285,A3,25.5,4,0,0,2.0,80,Berma pavimentada,Molhado,Sentido único,Chuva,Em ramo de ligação - saída,Fora das localidades,Em pleno dia,Em patamar,Recta,Em plena via,Despiste,SÁBADO       ,1,1,7,2007-05-01,15,ligeiro,Sim,Sim,Nao,256.2,1,1,7,2230
31155,2010491502,Braga,41.385040000000004,-8.502127,EN204,41.0,1,0,0,1.0,50,Sem berma ou impraticável,Seco e limpo,Dois sentidos,Bom tempo,Em entroncamento,Dentro das localidades,Em pleno dia,Em patamar,Recta,Em plena via,Colisão,SEGUNDA-FEIRA,0,2,7,2010-09-03,11,ligeiro,Sim,Nao,Sim,256.2,1,1,7,2230
31175,2010442569,Braga,41.37425,-8.502525,A3,25.74,1,0,0,1.0,60,Berma pavimentada,Seco e limpo,Sentido único,Bom tempo,Fora da intersecção,Fora das localidades,"Noite, com iluminação",Com inclinação,Curva,Em plena via,Despiste,DOMINGO      ,0,1,7,2010-01-23,4,ligeiro,Nao,Nao,Sim,256.2,1,1,7,2230
31182,2011559717,Braga,41.384837,-8.501923,EN204,41.03,0,0,1,1.0,50,Sem berma ou impraticável,Seco e limpo,Dois sentidos,Bom tempo,Em entroncamento,Dentro das localidades,Em pleno dia,Em patamar,Recta,Em plena via,Colisão,SEXTA-FEIRA  ,0,3,7,2011-08-19,20,ligeiro,Sim,Nao,Sim,256.2,1,1,7,2230
31187,2009353338,Braga,41.370533,-8.503283,A3,25.31,1,0,0,2.0,90,Berma pavimentada,Molhado,Sentido único,Chuva,Fora da intersecção,Fora das localidades,"Noite, sem iluminação",Com inclinação,Curva,Na berma,Despiste,SÁBADO       ,0,1,7,2008-12-14,0,ligeiro,Nao,Sim,Nao,256.2,1,1,7,2230
31209,2010446643,Braga,41.631066,-8.387236999999999,EN205,48.64,1,0,0,1.0,50,Berma pavimentada,Molhado,Dois sentidos,Chuva,Em cruzamento,Dentro das localidades,"Noite, com iluminação",Com inclinação,Recta,Em plena via,Colisão,SEGUNDA-FEIRA,0,2,7,2010-02-27,22,ligeiro,Nao,Sim,Nao,256.2,1,1,7,2230
31245,2010494939,Braga,41.499108,-7.903686,EN206,86.1,0,0,1,1.0,50,Berma não pavimentada,Seco e limpo,Dois sentidos,Bom tempo,Fora da intersecção,Dentro das localidades,Em pleno dia,Com inclinação,Curva,Na berma,Despiste,DOMINGO      ,0,1,7,2010-10-23,18,ligeiro,Sim,Nao,Sim,256.2,1,1,7,2230
31318,2007294581,Braga,41.491065,-7.93127,EN206,82.8,2,0,0,1.0,50,Sem berma ou impraticável,Seco e limpo,Dois sentidos,Bom tempo,Fora da intersecção,Dentro das localidades,Em pleno dia,Em patamar,Curva,Na berma,Despiste,QUARTA-FEIRA ,0,1,7,2007-09-12,18,ligeiro,Sim,Nao,Sim,256.2,1,1,7,2230
31331,2008327174,Braga,41.500329,-7.908525999999999,EN206,85.53,1,0,0,1.0,90,Sem berma ou impraticável,Molhado,Dois sentidos,Chuva,Fora da intersecção,Fora das localidades,Em pleno dia,Com inclinação,Curva,Em plena via,Colisão,QUARTA-FEIRA ,0,2,7,2008-05-26,13,ligeiro,Sim,Sim,Nao,256.2,1,1,7,2230
31375,2008346606,Braga,41.521275,-7.867462,EN206,91.95,1,0,0,1.0,70,Berma pavimentada,Seco e limpo,Dois sentidos,Bom tempo,Fora da intersecção,Fora das localidades,"Noite, sem iluminação",Em patamar,Recta,Em plena via,Despiste,QUARTA-FEIRA ,0,1,7,2008-10-10,21,ligeiro,Nao,Nao,Sim,256.2,1,1,7,2230
31397,2013669719,Braga,41.448258,-8.35219,ER206,38.4,1,0,0,2.0,50,Berma pavimentada,Molhado,Dois sentidos,Chuva,Fora da intersecção,Dentro das localidades,Em pleno dia,Em patamar,Recta,Em plena via,Colisão,SEXTA-FEIRA  ,0,2,7,2012-12-21,14,ligeiro,Sim,Sim,Nao,256.2,1,1,7,2230
31419,2007299783,Braga,41.374415,-8.502432,A3,25.76,1,0,0,2.0,60,Berma pavimentada,Seco e limpo,Sentido único,Bom tempo,Em ramo de ligação - entrada,Fora das localidades,Em pleno dia,Em patamar,Curva,Em plena via,Despiste,SEXTA-FEIRA  ,0,1,7,2007-10-07,17,ligeiro,Sim,Nao,Sim,256.2,1,1,7,2230
31421,2012597492,Braga,41.443982,-8.365383999999999,ER206,37.2,1,0,0,1.0,50,Berma pavimentada,Seco e limpo,Dois sentidos,Bom tempo,Fora da intersecção,Dentro das localidades,Em pleno dia,Em patamar,Recta,Em plena via,Colisão,QUARTA-FEIRA ,1,2,7,2012-01-01,10,ligeiro,Sim,Nao,Sim,256.2,1,1,7,2230
31431,2007283697,Braga,41.500014,-8.759213,EN(d)13,40.0,2,0,0,1.0,50,Berma pavimentada,Seco e limpo,Dois sentidos,Bom tempo,Fora da intersecção,Dentro das localidades,Em pleno dia,Em patamar,Recta,Em plena via,Despiste,DOMINGO      ,0,2,7,2007-05-19,8,ligeiro,Sim,Nao,Sim,256.2,1,1,7,2230
31447,2009409721,Braga,41.497102000000005,-7.9216050000000005,EN206,84.0,1,0,0,1.0,50,Berma pavimentada,Seco e limpo,Dois sentidos,Bom tempo,Em via de desaceleração,Dentro das localidades,Em pleno dia,Em patamar,Recta,Em plena via,Colisão,SEGUNDA-FEIRA,0,2,7,2009-08-23,19,ligeiro,Sim,Nao,Sim,256.2,1,1,7,2230
31457,2007272556,Braga,41.371067,-8.503347,A3,25.37,0,1,0,2.0,120,Berma pavimentada,Seco e limpo,Sentido único,Bom tempo,Fora da intersecção,Fora das localidades,Aurora ou crepúsculo,Em patamar,Curva,Em plena via,Atropelamento,TERÇA-FEIRA  ,0,1,7,2007-01-27,6,ligeiro,Nao,Nao,Sim,256.2,1,1,7,2230
31469,2007300121,Braga,41.444781,-8.362972000000001,ER206,37.42,2,0,0,1.0,50,Berma não pavimentada,Seco e limpo,Dois sentidos,Bom tempo,NÃO DEFINIDO,Dentro das localidades,Em pleno dia,Em patamar,Recta,Em plena via,Colisão,QUARTA-FEIRA ,0,2,7,2007-10-16,18,ligeiro,Sim,Nao,Sim,256.2,1,1,7,2230
31478,2010485683,Braga,41.455618,-8.348342,A11,40.8,3,0,0,2.0,120,Berma pavimentada,Seco e limpo,Sentido único,Bom tempo,Fora da intersecção,Fora das localidades,Em pleno dia,Com inclinação,Recta,Em plena via,Despiste,SEXTA-FEIRA  ,0,1,7,2010-08-08,18,ligeiro,Sim,Nao,Sim,256.2,1,1,7,2230
31504,2009357591,Braga,41.445108000000005,-8.361986,ER206,37.51,1,0,0,2.0,50,Berma pavimentada,Molhado,Sentido único,Chuva,Em rotunda,Dentro das localidades,"Noite, com iluminação",Em patamar,Curva,Em plena via,Colisão,SEGUNDA-FEIRA,0,3,7,2009-01-30,18,ligeiro,Nao,Sim,Nao,256.2,1,1,7,2230
31519,2009359236,Braga,41.384362,-8.501451,EN204,41.1,1,0,0,1.0,50,Berma pavimentada,Seco e limpo,Dois sentidos,Bom tempo,Fora da intersecção,Dentro das localidades,Em pleno dia,Com inclinação,Recta,Em plena via,Colisão,TERÇA-FEIRA  ,0,2,7,2009-02-23,17,ligeiro,Sim,Nao,Sim,256.2,1,1,7,2230
31524,2010424047,Braga,41.630734999999994,-8.379596000000001,EN205,49.3,1,0,0,1.0,50,Sem berma ou impraticável,Molhado,Dois sentidos,Chuva,Fora da intersecção,Dentro das localidades,Em pleno dia,Com inclinação,Curva,Na berma,Despiste,SEGUNDA-FEIRA,0,1,7,2009-10-24,17,ligeiro,Sim,Sim,Nao,256.2,1,1,7,2230
31527,2008323759,Braga,41.372448,-8.503224000000001,A3,25.53,2,0,0,2.0,60,Berma pavimentada,Seco e limpo,Sentido único,Bom tempo,Fora da intersecção,Fora das localidades,Em pleno dia,Em patamar,Recta,Em plena via,Colisão,SÁBADO       ,0,3,7,2008-04-30,17,ligeiro,Sim,Nao,Sim,256.2,1,1,7,2230
31543,2008340864,Braga,41.458012,-8.363353,ER310,18.0,1,0,0,1.0,50,Berma não pavimentada,Seco e limpo,Dois sentidos,Bom tempo,Fora da intersecção,Dentro das localidades,"Noite, com iluminação",Com inclinação,Recta,Em plena via,Colisão,SEGUNDA-FEIRA,0,2,7,2008-09-27,20,ligeiro,Nao,Nao,Sim,256.2,1,1,7,2230
31570,2011512462,Braga,41.630522,-8.38012,EN205,49.25,1,0,0,1.0,50,Sem berma ou impraticável,Húmido,Dois sentidos,Bom tempo,Fora da intersecção,Dentro das localidades,"Noite, com iluminação",Em patamar,Curva,Na berma,Despiste,QUARTA-FEIRA ,0,1,7,2010-11-17,23,ligeiro,Nao,Nao,Nao,256.2,1,1,7,2230
31577,2010468575,Braga,41.630522,-8.375538,EN205,49.65,1,0,0,1.0,80,Berma não pavimentada,Seco e limpo,Dois sentidos,Bom tempo,Fora da intersecção,Dentro das localidades,Em pleno dia,Em patamar,Recta,Na berma,Despiste,SEXTA-FEIRA  ,0,1,7,2010-06-01,14,ligeiro,Sim,Nao,Sim,256.2,1,1,7,2230
31582,2010433145,Braga,41.385040000000004,-8.502127,EN204,41.0,0,0,1,1.0,50,Berma não pavimentada,Seco e limpo,Dois sentidos,Bom tempo,Fora da intersecção,Dentro das localidades,Em pleno dia,Em patamar,Recta,Em plena via,Atropelamento,TERÇA-FEIRA  ,0,1,7,2009-12-10,11,ligeiro,Sim,Nao,Sim,256.2,1,1,7,2230
31621,2012579568,Braga,41.456177000000004,-8.353966,A11,40.33,1,0,0,2.0,120,Sem berma ou impraticável,Seco e limpo,Sentido único,Bom tempo,Fora da intersecção,Fora das localidades,Aurora ou crepúsculo,Com inclinação,Recta,Em plena via,Colisão,SEXTA-FEIRA  ,0,3,7,2011-11-07,18,ligeiro,Nao,Nao,Sim,256.2,1,1,7,2230
31666,2009389493,Braga,41.37425,-8.502525,A3,25.74,1,0,0,2.0,60,Berma pavimentada,Molhado,Sentido único,Chuva,Fora da intersecção,Fora das localidades,Em pleno dia,Com inclinação,Curva,Em plena via,Despiste,SÁBADO       ,0,1,7,2009-06-08,12,ligeiro,Sim,Sim,Nao,256.2,1,1,7,2230
31676,2011523869,Braga,41.503842999999996,-8.752732,A28,45.35,1,0,0,2.0,120,Berma pavimentada,Seco e limpo,Sentido único,Bom tempo,Fora da intersecção,Fora das localidades,"Noite, sem iluminação",Em patamar,Recta,Em plena via,Atropelamento,TERÇA-FEIRA  ,0,1,7,2011-02-27,4,ligeiro,Nao,Nao,Sim,256.2,1,1,7,2230
31681,2011511676,Braga,41.497001000000004,-7.922206,EN206,83.95,4,0,0,1.0,50,Berma pavimentada,Molhado,Dois sentidos,Chuva,Em entroncamento,Dentro das localidades,Em pleno dia,Em patamar,Recta,Em plena via,Colisão,SEXTA-FEIRA  ,0,2,7,2010-12-28,14,ligeiro,Sim,Sim,Nao,256.2,1,1,7,2230
31682,2011514522,Braga,41.494215999999994,-8.733533,A11,1.6,1,0,0,2.0,120,Berma pavimentada,"Com gelo, geada ou neve",Sentido único,Bom tempo,Fora da intersecção,Fora das localidades,Em pleno dia,Em patamar,Curva,Em plena via,Despiste,SEGUNDA-FEIRA,0,1,7,2010-12-03,7,ligeiro,Sim,Nao,Nao,256.2,1,1,7,2230
31683,2009409871,Braga,41.730049,-8.413225,EN101,67.3,1,0,0,1.0,50,Sem berma ou impraticável,Seco e limpo,Dois sentidos,Bom tempo,Fora da intersecção,Dentro das localidades,"Noite, sem iluminação",Com inclinação,Curva,Em plena via,Despiste,SEGUNDA-FEIRA,0,1,7,2009-08-06,2,ligeiro,Nao,Nao,Sim,256.2,1,1,7,2230
31684,2007278550,Braga,41.63045,-8.374949,EN205,49.7,1,0,0,1.0,50,Berma pavimentada,Seco e limpo,Dois sentidos,Bom tempo,Em entroncamento,Dentro das localidades,Em pleno dia,Em patamar,Recta,Em plena via,Colisão,SÁBADO       ,0,2,7,2007-03-16,7,ligeiro,Sim,Nao,Sim,256.2,1,1,7,2230
31755,2009409720,Braga,41.446853999999995,-8.356592,ER206,38.0,1,0,0,1.0,50,Berma não pavimentada,Com óleo,Dois sentidos,Bom tempo,Fora da intersecção,Dentro das localidades,Em pleno dia,Em patamar,Curva,Em plena via,Colisão,TERÇA-FEIRA  ,0,2,7,2009-08-29,14,ligeiro,Sim,Nao,Nao,256.2,1,1,7,2230
31765,2011510125,Braga,41.726732,-8.411619,EN101,67.8,1,1,0,1.0,50,Sem berma ou impraticável,Seco e limpo,Dois sentidos,Chuva,Fora da intersecção,Dentro das localidades,Aurora ou crepúsculo,Com inclinação,Recta,Em plena via,Colisão,SEGUNDA-FEIRA,1,2,7,2010-12-08,7,ligeiro,Nao,Sim,Sim,256.2,1,1,7,2230
31776,2011547950,Braga,41.49689,-7.922802000000001,EN206,83.9,1,0,0,1.0,50,Berma pavimentada,Seco e limpo,Dois sentidos,Bom tempo,Fora da intersecção,Dentro das localidades,Em pleno dia,Em patamar,Recta,Em plena via,Colisão,SEGUNDA-FEIRA,0,2,7,2011-06-14,12,ligeiro,Sim,Nao,Sim,256.2,1,1,7,2230
31786,2010486561,Braga,41.380856,-8.497371000000001,EN204,41.65,1,0,0,2.0,50,Berma pavimentada,Seco e limpo,Dois sentidos,Bom tempo,Fora da intersecção,Dentro das localidades,Em pleno dia,Com inclinação,Recta,Em plena via,Colisão,SEXTA-FEIRA  ,0,3,7,2010-08-25,10,ligeiro,Sim,Nao,Sim,256.2,1,1,7,2230
31858,2009355870,Braga,41.631243,-8.393500999999999,EN205,48.1,1,0,0,1.0,50,Berma pavimentada,Seco e limpo,Dois sentidos,Bom tempo,Fora da intersecção,Dentro das localidades,"Noite, com iluminação",Em patamar,Recta,Em plena via,Colisão,SEXTA-FEIRA  ,0,3,7,2009-01-05,18,ligeiro,Nao,Nao,Sim,256.2,1,1,7,2230
31866,2009358807,Braga,41.495126,-8.747989,A28,44.3,1,0,0,2.0,120,Berma pavimentada,Molhado,Sentido único,Chuva,Fora da intersecção,Fora das localidades,Em pleno dia,Em patamar,Recta,Em plena via,Colisão,SEGUNDA-FEIRA,0,2,7,2009-02-05,7,ligeiro,Sim,Sim,Nao,256.2,1,1,7,2230
31910,2010453724,Braga,41.631388,-8.388861,EN205,48.5,1,0,0,1.0,50,Berma pavimentada,Seco e limpo,Dois sentidos,Bom tempo,Em cruzamento,Dentro das localidades,Em pleno dia,Em patamar,Recta,Em plena via,Colisão,SÁBADO       ,0,2,7,2010-03-14,17,ligeiro,Sim,Nao,Sim,256.2,1,1,7,2230
31913,2013671619,Braga,41.383068,-8.499997,EN204,41.3,1,0,0,1.0,50,Berma pavimentada,Molhado,Dois sentidos,Chuva,Fora da intersecção,Dentro das localidades,"Noite, sem iluminação",Em patamar,Recta,Em plena via,Colisão,QUINTA-FEIRA ,0,2,7,2012-12-15,2,ligeiro,Nao,Sim,Nao,256.2,1,1,7,2230
31934,2007271422,Braga,41.458994,-8.361237,ER310,17.78,3,0,0,1.0,50,Berma pavimentada,Molhado,Dois sentidos,Chuva,Em entroncamento,Dentro das localidades,"Noite, com iluminação",Com inclinação,Recta,Em plena via,Colisão,SÁBADO       ,0,3,7,2007-01-08,19,ligeiro,Nao,Sim,Nao,256.2,1,1,7,2230
31941,2007274138,Braga,41.493619,-8.734437,A11,1.5,3,0,0,2.0,120,Berma pavimentada,Seco e limpo,Sentido único,Bom tempo,Fora da intersecção,Fora das localidades,Em pleno dia,Em patamar,Recta,Em plena via,Colisão,QUINTA-FEIRA ,0,2,7,2007-02-04,16,ligeiro,Sim,Nao,Sim,256.2,1,1,7,2230
31956,2011526870,Braga,41.37425,-8.502525,A3,25.74,2,0,0,1.0,120,Berma pavimentada,Molhado,Sentido único,Bom tempo,Em ramo de ligação - saída,Fora das localidades,Em pleno dia,Em patamar,Curva,Na berma,Despiste,QUARTA-FEIRA ,0,1,7,2011-01-08,15,ligeiro,Sim,Nao,Nao,256.2,1,1,7,2230
31977,2010477745,Braga,41.445254,-8.361547,ER206,37.55,3,0,0,1.0,50,Berma não pavimentada,Seco e limpo,Dois sentidos,Bom tempo,Fora da intersecção,Dentro das localidades,Em pleno dia,Em patamar,Recta,Em plena via,Despiste,DOMINGO      ,0,1,7,2010-07-07,10,ligeiro,Sim,Nao,Sim,256.2,1,1,7,2230
31980,2007275663,Braga,41.607087,-8.549782,A3,56.95,3,0,0,2.0,120,Berma pavimentada,Molhado,Sentido único,Bom tempo,Fora da intersecção,Fora das localidades,Em pleno dia,Com inclinação,Curva,Em plena via,Despiste,SEGUNDA-FEIRA,0,1,7,2007-02-18,8,ligeiro,Sim,Nao,Nao,256.2,1,1,7,2230
31985,2009351911,Braga,41.466694,-8.371127,A11,38.43,2,0,0,3.0,120,Berma pavimentada,Húmido,Sentido único,Nevoeiro,Fora da intersecção,Fora das localidades,"Noite, sem iluminação",Com inclinação,Curva,Em plena via,Despiste,SÁBADO       ,1,1,7,2008-12-08,6,ligeiro,Nao,Sim,Nao,256.2,1,1,7,2230
31995,2013670473,Braga,41.631093,-8.387350999999999,EN205,48.63,1,0,0,1.0,50,Berma pavimentada,Molhado,Dois sentidos,Chuva,Em cruzamento,Dentro das localidades,Em pleno dia,Em patamar,Recta,Em plena via,Colisão,QUINTA-FEIRA ,0,2,7,2012-12-15,16,ligeiro,Sim,Sim,Nao,256.2,1,1,7,2230
31998,2009387675,Braga,41.630672,-8.384184,EN205,48.9,0,1,0,1.0,50,Berma não pavimentada,Seco e limpo,Dois sentidos,Bom tempo,Fora da intersecção,Dentro das localidades,Em pleno dia,Em patamar,Recta,Em plena via,Colisão,QUARTA-FEIRA ,0,2,7,2009-05-03,20,ligeiro,Sim,Nao,Sim,256.2,1,1,7,2230
32005,2009400510,Braga,41.630506,-8.383125,EN205,48.99,3,0,0,1.0,50,Berma pavimentada,Seco e limpo,Dois sentidos,Bom tempo,Fora da intersecção,Dentro das localidades,Em pleno dia,Com inclinação,Recta,Em plena via,Colisão,QUINTA-FEIRA ,0,2,7,2009-07-16,20,ligeiro,Sim,Nao,Sim,256.2,1,1,7,2230
32022,2008304757,Braga,41.502363,-8.760969000000001,EN(d)13,40.3,1,0,0,1.0,50,Berma pavimentada,Seco e limpo,Dois sentidos,Bom tempo,Em entroncamento,Dentro das localidades,Em pleno dia,Em patamar,Recta,Em plena via,Colisão,SEGUNDA-FEIRA,0,2,7,2007-12-11,12,ligeiro,Sim,Nao,Sim,256.2,1,1,7,2230
32041,2008322188,Braga,41.512505,-7.897759,EN206,88.65,1,0,0,1.0,90,Sem berma ou impraticável,Seco e limpo,Dois sentidos,Bom tempo,Fora da intersecção,Fora das localidades,"Noite, sem iluminação",Em patamar,Curva,Na berma,Despiste,SÁBADO       ,1,1,7,2008-03-21,23,ligeiro,Nao,Nao,Sim,256.2,1,1,7,2230
32062,2007273391,Braga,41.513108,-7.895357000000001,EN206,88.95,1,0,0,1.0,80,Berma não pavimentada,Molhado,Dois sentidos,Chuva,Fora da intersecção,Dentro das localidades,Em pleno dia,Em patamar,Curva,Em plena via,Colisão,SEXTA-FEIRA  ,0,2,7,2007-01-18,12,ligeiro,Sim,Sim,Nao,256.2,1,1,7,2230
32106,2011529695,Braga,41.61105,-8.550485,A3,57.4,2,0,0,3.0,120,Berma pavimentada,Seco e limpo,Sentido único,Bom tempo,Fora da intersecção,Fora das localidades,Em pleno dia,Em patamar,Recta,Em plena via,Despiste,SEGUNDA-FEIRA,0,1,7,2011-04-18,15,ligeiro,Sim,Nao,Sim,256.2,1,1,7,2230
32129,2007287123,Braga,41.381667,-8.49891,A7,21.85,2,0,0,2.0,60,Sem berma ou impraticável,Seco e limpo,Sentido único,Bom tempo,Fora da intersecção,Fora das localidades,Em pleno dia,Em patamar,Recta,Em plena via,Colisão,QUARTA-FEIRA ,0,2,7,2007-06-30,9,ligeiro,Sim,Nao,Sim,256.2,1,1,7,2230
32175,2009383136,Braga,41.630344,-8.380664999999999,EN205,49.2,1,0,0,1.0,50,Berma pavimentada,Húmido,Dois sentidos,Chuva,Fora da intersecção,Dentro das localidades,Em pleno dia,Com inclinação,Recta,Em plena via,Despiste,SEXTA-FEIRA  ,0,1,7,2009-05-10,18,ligeiro,Sim,Sim,Nao,256.2,1,1,7,2230
32187,2011555135,Braga,41.635513,-8.153176,EN304,87.4,1,0,0,1.0,50,Berma pavimentada,Molhado,Dois sentidos,Chuva,Em rotunda,Dentro das localidades,Em pleno dia,Em patamar,Recta,Em plena via,Colisão,QUARTA-FEIRA ,0,2,7,2011-07-08,18,ligeiro,Sim,Sim,Nao,256.2,1,1,7,2230
32228,2009355869,Braga,41.631281,-8.388278,EN205,48.55,1,0,0,1.0,50,Berma não pavimentada,Seco e limpo,Dois sentidos,Bom tempo,Fora da intersecção,Dentro das localidades,"Noite, sem iluminação",Em patamar,Recta,Em plena via,Colisão,SÁBADO       ,0,2,7,2009-01-06,19,ligeiro,Nao,Nao,Sim,256.2,1,1,7,2230
32232,2009373452,Braga,41.50611,-8.752972,A28,45.6,1,0,0,2.0,120,Berma pavimentada,Seco e limpo,Sentido único,Bom tempo,Fora da intersecção,Fora das localidades,"Noite, sem iluminação",Em patamar,Recta,Em plena via,Despiste,DOMINGO      ,0,1,7,2009-04-19,3,ligeiro,Nao,Nao,Sim,256.2,1,1,7,2230
32247,2011572015,Braga,41.495929,-8.730741,A11,1.9,1,0,1,2.0,120,Berma pavimentada,Seco e limpo,Sentido único,Bom tempo,Fora da intersecção,Fora das localidades,Em pleno dia,Em patamar,Curva,Em plena via,Despiste,SEGUNDA-FEIRA,0,1,7,2011-10-23,9,ligeiro,Sim,Nao,Sim,256.2,1,1,7,2230
32259,2007277173,Braga,41.458012,-8.363353,ER310,18.0,0,0,1,1.0,50,Berma pavimentada,Seco e limpo,Dois sentidos,Bom tempo,Fora da intersecção,Dentro das localidades,Em pleno dia,Com inclinação,Recta,Em plena via,Colisão,SEGUNDA-FEIRA,0,2,7,2007-03-12,13,ligeiro,Sim,Nao,Sim,256.2,1,1,7,2230
32265,2011512206,Braga,41.448258,-8.35219,ER206,38.4,1,0,0,1.0,50,Berma não pavimentada,Seco e limpo,Dois sentidos,Bom tempo,Fora da intersecção,Dentro das localidades,Aurora ou crepúsculo,Em patamar,Recta,Em plena via,Atropelamento,SEXTA-FEIRA  ,0,1,7,2010-12-23,18,ligeiro,Nao,Nao,Sim,256.2,1,1,7,2230
32292,2008330096,Braga,41.382302,-8.503267999999998,A7,21.48,3,0,0,2.0,120,Berma pavimentada,Seco e limpo,Sentido único,Bom tempo,Fora da intersecção,Fora das localidades,Em pleno dia,Com inclinação,Recta,Em plena via,Colisão,QUARTA-FEIRA ,0,3,7,2008-06-29,9,ligeiro,Sim,Nao,Sim,256.2,1,1,7,2230
32295,2007294058,Braga,41.381177,-8.497736999999999,EN204,41.6,1,0,0,1.0,50,Sem berma ou impraticável,Seco e limpo,Sentido único,Bom tempo,Em rotunda,Dentro das localidades,Em pleno dia,Com inclinação,Curva,Em plena via,Colisão,TERÇA-FEIRA  ,0,2,7,2007-08-31,17,ligeiro,Sim,Nao,Sim,256.2,1,1,7,2230
32307,2010429499,Braga,41.500801,-8.75179,A28,45.0,1,0,0,2.0,120,Berma pavimentada,Seco e limpo,Sentido único,Bom tempo,Fora da intersecção,Fora das localidades,Em pleno dia,Em patamar,Recta,Em plena via,Despiste,QUINTA-FEIRA ,0,1,7,2009-11-24,9,ligeiro,Sim,Nao,Sim,256.2,1,1,7,2230
32319,2011500179,Braga,41.510557,-7.897394,EN206,88.28,2,0,0,1.0,50,Sem berma ou impraticável,Seco e limpo,Dois sentidos,Bom tempo,Fora da intersecção,Dentro das localidades,Em pleno dia,Com inclinação,Recta,Em plena via,Despiste,SÁBADO       ,0,1,7,2010-10-16,9,ligeiro,Sim,Nao,Sim,256.2,1,1,7,2230
32336,2011559545,Braga,41.447743,-8.353846,ER206,38.25,3,1,0,1.0,50,Berma pavimentada,Seco e limpo,Dois sentidos,Bom tempo,Fora da intersecção,Dentro das localidades,"Noite, com iluminação",Em patamar,Recta,Em plena via,Colisão,SEGUNDA-FEIRA,0,2,7,2011-08-04,1,ligeiro,Nao,Nao,Sim,256.2,1,1,7,2230
32403,2007282278,Braga,41.416403,-8.541547,ER206,20.7,1,0,0,1.0,50,Berma pavimentada,Seco e limpo,Dois sentidos,Bom tempo,Em entroncamento,Dentro das localidades,Em pleno dia,Em patamar,Recta,Em plena via,Colisão,DOMINGO      ,0,2,6,2007-05-02,15,ligeiro,Sim,Nao,Sim,31.6,1,1,6,599
32419,2007276111,Braga,41.587892,-8.325747999999999,EN103,50.3,1,0,0,1.0,70,Berma pavimentada,Seco e limpo,Dois sentidos,Bom tempo,Em cruzamento,Fora das localidades,Em pleno dia,Em patamar,Recta,Em plena via,Colisão,SÁBADO       ,0,2,6,2007-03-11,16,ligeiro,Sim,Nao,Sim,31.6,1,1,6,599
32427,2007276672,Braga,41.508782000000004,-8.753548,A28,45.9,2,0,0,2.0,80,Sem berma ou impraticável,Com água acumulada na faixa de rodagem,Sentido único,Chuva,Fora da intersecção,Fora das localidades,Em pleno dia,Em patamar,Curva,Em plena via,Despiste,DOMINGO      ,0,1,6,2007-03-06,9,ligeiro,Sim,Sim,Nao,31.6,1,1,6,599
32430,2007278042,Braga,41.437637,-7.971366000000001,EN210,8.75,1,0,0,1.0,50,Berma não pavimentada,Seco e limpo,Dois sentidos,Bom tempo,NÃO DEFINIDO,Dentro das localidades,"Noite, com iluminação",Em patamar,Curva,Em plena via,Colisão,SÁBADO       ,0,2,6,2007-03-11,1,ligeiro,Nao,Nao,Sim,31.6,1,1,6,599
32451,2007289764,Braga,41.587744,-8.337562,EN103,49.25,1,0,0,1.0,50,Sem berma ou impraticável,Seco e limpo,Dois sentidos,Bom tempo,Em entroncamento,Dentro das localidades,Em pleno dia,Com inclinação,Recta,Em plena via,Atropelamento,SEGUNDA-FEIRA,0,1,6,2007-07-27,19,ligeiro,Sim,Nao,Sim,31.6,1,1,6,599
32455,2007290951,Braga,41.500004,-8.327958,ER310,11.4,2,0,0,1.0,50,Berma não pavimentada,Seco e limpo,Dois sentidos,Bom tempo,Fora da intersecção,Dentro das localidades,"Noite, sem iluminação",Em patamar,Recta,Em plena via,Colisão,QUARTA-FEIRA ,0,2,6,2007-07-28,1,ligeiro,Nao,Nao,Sim,31.6,1,1,6,599
32483,2007297894,Braga,41.513415,-8.450453,EN14,42.32,1,0,0,1.0,50,Berma pavimentada,Seco e limpo,Dois sentidos,Bom tempo,Em entroncamento,Dentro das localidades,"Noite, com iluminação",Em patamar,Recta,Em plena via,Colisão,SÁBADO       ,0,2,6,2007-10-13,21,ligeiro,Nao,Nao,Sim,31.6,1,1,6,599