,COD_ACIDENTE,DISTRITO,LATITUDE,LONGITUDE,VIA,KM,QT_FLIGEIROS,QT_FGRAVES,QT_MORTOS,QT_VIAS_SENTIDO,VEL_LIM_LOCAL,BERMA_VIA,CONDICAO_ADERENCIA,FAIXA_RODAGEM,FATOR_ATMOSFERICO,INTERSECAO_VIA,LOCALIZACAO,LUMINOSIDADE,PERFIL_VIA,PLANTA_VIA,SITUACAO_ACIDENTE,TIPO_NATUREZA,DIA_SEMANA,FLAG_FERIADO,QT_VEICULOS,COD_FREGUESIA,DATA,HORA,GRAVIDADE,ERA_DIA,MAU_TEMPO,ESTRADA_SECA,DENSIDADE_TOTAL,COD_DISTRITO_INE,COD_CONCELHO_INE,COD_FREGUESIA_INE,TOTAL
32536,2008308036,Braga,41.509102,-8.766942,EN(d)13,41.2,2,0,0,1.0,50,Berma pavimentada,Seco e limpo,Dois sentidos,Bom tempo,Fora da intersecção,Dentro das localidades,Em pleno dia,Em patamar,Recta,Em plena via,Colisão,SEGUNDA-FEIRA,0,3,6,2008-01-20,16,ligeiro,Sim,Nao,Sim,31.6,1,1,6,599
32576,2008324547,Braga,41.511403,-8.451536,EN14,42.1,1,0,0,1.0,50,Sem berma ou impraticável,Seco e limpo,Dois sentidos,Bom tempo,Em rotunda,Dentro das localidades,"Noite, com iluminação",Em patamar,Curva,Em plena via,Colisão,SEGUNDA-FEIRA,0,2,6,2008-04-15,22,ligeiro,Nao,Nao,Sim,31.6,1,1,6,599
32585,2008326551,Braga,41.505590000000005,-8.454632,EN14,41.47,0,0,1,1.0,50,Sem berma ou impraticável,Seco e limpo,Dois sentidos,Bom tempo,Em rotunda,Dentro das localidades,"Noite, com iluminação",Com inclinação,Curva,No passeio,Despiste,TERÇA-FEIRA  ,0,1,6,2008-05-25,21,ligeiro,Nao,Nao,Sim,31.6,1,1,6,599
32592,2008310539,Braga,41.509836,-8.767636,EN(d)13,41.3,1,0,0,1.0,50,Berma pavimentada,Húmido,Dois sentidos,Chuva,Em ramo de ligação - entrada,Dentro das localidades,"Noite, com iluminação",Em patamar,Curva,Em plena via,Colisão,QUINTA-FEIRA ,0,3,6,2008-02-03,23,ligeiro,Nao,Sim,Nao,31.6,1,1,6,599
32605,2008321691,Braga,41.506948,-8.445833,A11,30.35,1,0,0,2.0,70,Berma pavimentada,Molhado,Sentido único,Chuva,Fora da intersecção,Fora das localidades,Em pleno dia,Com inclinação,Curva,Em plena via,Despiste,DOMINGO      ,0,1,6,2008-03-11,11,ligeiro,Sim,Sim,Nao,31.6,1,1,6,599
32622,2008333799,Braga,41.497375,-8.334706,ER310,12.05,1,0,0,1.0,50,Berma pavimentada,Molhado,Dois sentidos,Chuva,Fora da intersecção,Dentro das localidades,Em pleno dia,Em patamar,Recta,Em plena via,Despiste,DOMINGO      ,0,1,6,2008-07-25,7,ligeiro,Sim,Sim,Nao,31.6,1,1,6,599
32644,2008340539,Braga,41.589139,-8.342350999999999,EN103,48.8,0,0,1,1.0,90,Berma pavimentada,Seco e limpo,Dois sentidos,Bom tempo,Fora da intersecção,Dentro das localidades,"Noite, sem iluminação",Em patamar,Recta,Em plena via,Atropelamento,SEXTA-FEIRA  ,0,1,6,2008-09-30,6,ligeiro,Nao,Nao,Sim,31.6,1,1,6,599
32653,2008340755,Braga,41.416441999999996,-8.543705000000001,ER206,20.51,1,0,0,1.0,50,Berma pavimentada,Seco e limpo,Dois sentidos,Bom tempo,Fora da intersecção,Dentro das localidades,Em pleno dia,Com inclinação,Curva,Em plena via,Colisão,DOMINGO      ,0,2,6,2008-09-15,8,ligeiro,Sim,Nao,Sim,31.6,1,1,6,599
32657,2008342052,Braga,41.514153,-8.450082,EN14,42.4,1,0,0,1.0,50,Berma pavimentada,Seco e limpo,Dois sentidos,Bom tempo,Em entroncamento,Dentro das localidades,"Noite, com iluminação",Em patamar,Recta,Em plena via,Colisão,DOMINGO      ,0,2,6,2008-09-15,22,ligeiro,Nao,Nao,Sim,31.6,1,1,6,599
32658,2008330136,Braga,41.519311,-8.449827,EN(d)14,43.0,2,0,0,1.0,50,Sem berma ou impraticável,Molhado,Dois sentidos,Chuva,Fora da intersecção,Dentro das localidades,"Noite, com iluminação",Com inclinação,Recta,Em plena via,Despiste,SEGUNDA-FEIRA,0,1,6,2008-06-16,1,ligeiro,Nao,Sim,Nao,31.6,1,1,6,599
32679,2008348456,Braga,41.505919,-8.454495,EN14,41.5,1,0,0,1.0,50,Sem berma ou impraticável,Seco e limpo,Dois sentidos,Bom tempo,Em rotunda,Dentro das localidades,"Noite, com iluminação",Com inclinação,Curva,Em plena via,Despiste,QUARTA-FEIRA ,0,1,6,2008-11-02,2,ligeiro,Nao,Nao,Sim,31.6,1,1,6,599
32701,2009359231,Braga,41.520481,-8.445688,A11,28.83,1,0,0,2.0,90,Berma pavimentada,Seco e limpo,Dois sentidos,Bom tempo,Fora da intersecção,Fora das localidades,Em pleno dia,Em patamar,Recta,Em plena via,Despiste,DOMINGO      ,0,1,6,2009-02-16,9,ligeiro,Sim,Nao,Sim,31.6,1,1,6,599
32734,2009358710,Braga,41.511502,-8.772395,EN(d)13,41.75,1,0,0,1.0,50,Berma pavimentada,Seco e limpo,Dois sentidos,Bom tempo,Em via de aceleração,Dentro das localidades,Em pleno dia,Em patamar,Recta,Em plena via,Atropelamento,SEGUNDA-FEIRA,0,1,6,2009-02-11,17,ligeiro,Sim,Nao,Sim,31.6,1,1,6,599
32753,2008344651,Braga,41.503887,-8.762242,EN(d)13,40.5,1,0,0,1.0,50,Berma pavimentada,Seco e limpo,Dois sentidos,Bom tempo,Fora da intersecção,Dentro das localidades,"Noite, com iluminação",Em patamar,Recta,Em plena via,Colisão,DOMINGO      ,0,2,6,2008-10-24,22,ligeiro,Nao,Nao,Sim,31.6,1,1,6,599
32756,2009350361,Braga,41.510946000000004,-8.451783,EN14,42.05,0,1,0,1.0,50,Berma pavimentada,Seco e limpo,Dois sentidos,Bom tempo,Fora da intersecção,Dentro das localidades,"Noite, com iluminação",Com inclinação,Recta,Em plena via,Colisão,QUINTA-FEIRA ,0,2,6,2008-11-08,19,ligeiro,Nao,Nao,Sim,31.6,1,1,6,599
32778,2009361185,Braga,41.367163,-8.281653,EN101-3,9.63,0,1,0,1.0,50,Berma não pavimentada,Seco e limpo,Dois sentidos,Bom tempo,Em ramo de ligação - entrada,Dentro das localidades,Em pleno dia,Em patamar,Recta,Em plena via,Colisão,SÁBADO       ,0,2,6,2009-02-15,15,ligeiro,Sim,Nao,Sim,31.6,1,1,6,599
32779,2008347727,Braga,41.520333,-8.445628999999998,A11,28.85,1,0,0,3.0,120,Berma pavimentada,Húmido,Sentido único,Bom tempo,Fora da intersecção,Fora das localidades,"Noite, sem iluminação",Com inclinação,Recta,Em plena via,Colisão,TERÇA-FEIRA  ,0,2,6,2008-11-12,19,ligeiro,Nao,Nao,Nao,31.6,1,1,6,599
32782,2008344536,Braga,41.498944,-8.331314,ER310,11.7,1,0,0,1.0,50,Berma pavimentada,Seco e limpo,Dois sentidos,Bom tempo,Fora da intersecção,Dentro das localidades,"Noite, com iluminação",Em patamar,Recta,Em plena via,Atropelamento,SÁBADO       ,0,1,6,2008-10-29,19,ligeiro,Nao,Nao,Sim,31.6,1,1,6,599
32785,2009390755,Braga,41.510946000000004,-8.451783,EN14,42.05,1,0,0,1.0,50,Berma pavimentada,Seco e limpo,Dois sentidos,Bom tempo,Fora da intersecção,Dentro das localidades,Em pleno dia,Em patamar,Recta,Na berma,Colisão,DOMINGO      ,0,2,6,2009-04-19,17,ligeiro,Sim,Nao,Sim,31.6,1,1,6,599
32786,2009367533,Braga,41.508655,-8.453004,EN14,41.8,1,0,0,2.0,50,Berma pavimentada,Seco e limpo,Dois sentidos,Bom tempo,Fora da intersecção,Dentro das localidades,Em pleno dia,Com inclinação,Recta,Em plena via,Atropelamento,SEXTA-FEIRA  ,0,1,6,2009-03-14,14,ligeiro,Sim,Nao,Sim,31.6,1,1,6,599
32901,2009409772,Braga,41.416453000000004,-8.53577,ER206,21.2,2,0,0,1.0,50,Berma pavimentada,Seco e limpo,Dois sentidos,Bom tempo,Fora da intersecção,Dentro das localidades,"Noite, com iluminação",Com inclinação,Recta,Em plena via,Colisão,QUINTA-FEIRA ,0,3,6,2009-08-14,22,ligeiro,Nao,Nao,Sim,31.6,1,1,6,599
32923,2010429500,Braga,41.510543,-8.753979,A28,46.1,1,0,0,2.0,120,Berma pavimentada,Molhado,Sentido único,Chuva,Fora da intersecção,Fora das localidades,Em pleno dia,Em patamar,Recta,Em plena via,Despiste,SEXTA-FEIRA  ,0,1,6,2009-11-25,11,ligeiro,Sim,Sim,Nao,31.6,1,1,6,599
32963,2010452537,Braga,41.498321999999995,-8.333547,ER310,11.9,2,0,0,1.0,50,Berma pavimentada,Molhado,Dois sentidos,Chuva,Em ramo de ligação - entrada,Dentro das localidades,Em pleno dia,Em patamar,Recta,Em plena via,Colisão,DOMINGO      ,0,4,6,2010-03-26,18,ligeiro,Sim,Sim,Nao,31.6,1,1,6,599
32981,2010457446,Braga,41.656875,-8.434975999999999,EN308,35.3,1,0,0,1.0,50,Berma pavimentada,Seco e limpo,Dois sentidos,Bom tempo,Em entroncamento,Dentro das localidades,Em pleno dia,Em patamar,Curva,Em plena via,Colisão,SEXTA-FEIRA  ,0,2,6,2010-04-22,12,ligeiro,Sim,Nao,Sim,31.6,1,1,6,599
32995,2010447115,Braga,41.546485,-8.026149,EN205,96.2,0,0,1,1.0,70,Sem berma ou impraticável,Seco e limpo,Dois sentidos,Bom tempo,Em via de aceleração,Dentro das localidades,Em pleno dia,Em patamar,Recta,Em plena via,Atropelamento,SEXTA-FEIRA  ,0,1,6,2010-02-08,14,ligeiro,Sim,Nao,Sim,31.6,1,1,6,599
33013,2010464622,Braga,41.510587,-8.769737,EN(d)13,41.5,3,0,0,1.0,50,Berma pavimentada,Molhado,Dois sentidos,Chuva,Em cruzamento,Dentro das localidades,Em pleno dia,Com inclinação,Recta,Em plena via,Colisão,SEXTA-FEIRA  ,0,2,6,2010-05-26,12,ligeiro,Sim,Sim,Nao,31.6,1,1,6,599
33032,2010486576,Braga,41.667705,-8.38255,EN308,41.98,2,0,0,1.0,50,Berma não pavimentada,Seco e limpo,Dois sentidos,Bom tempo,Em entroncamento,Dentro das localidades,Em pleno dia,Em patamar,Recta,Em plena via,Colisão,QUARTA-FEIRA ,0,2,6,2010-08-18,19,ligeiro,Sim,Nao,Sim,31.6,1,1,6,599
33085,2010491562,Braga,41.516787,-8.444587,A11,29.25,4,0,0,2.0,120,Berma pavimentada,Húmido,Sentido único,Bom tempo,Em ramo de ligação - entrada,Fora das localidades,"Noite, com iluminação",Com inclinação,Recta,Em plena via,Colisão,SEXTA-FEIRA  ,0,2,6,2010-09-17,19,ligeiro,Nao,Nao,Nao,31.6,1,1,6,599
33095,2010494915,Braga,41.507740999999996,-8.453497,EN14,41.7,1,1,0,1.0,50,Berma pavimentada,Seco e limpo,Dois sentidos,Bom tempo,Fora da intersecção,Dentro das localidades,Em pleno dia,Com inclinação,Curva,Em plena via,Colisão,SEGUNDA-FEIRA,0,2,6,2010-10-18,16,ligeiro,Sim,Nao,Sim,31.6,1,1,6,599
33146,2011517143,Braga,41.509102,-8.766942,EN(d)13,41.2,1,0,0,1.0,50,Berma pavimentada,Com óleo,Dois sentidos,Chuva,Fora da intersecção,Dentro das localidades,Em pleno dia,Em patamar,Recta,Em plena via,Despiste,SEGUNDA-FEIRA,0,1,6,2011-01-17,14,ligeiro,Sim,Sim,Nao,31.6,1,1,6,599
33195,2011549058,Braga,41.508655,-8.453004,EN14,41.8,1,0,0,1.0,50,Berma pavimentada,Seco e limpo,Dois sentidos,Bom tempo,Fora da intersecção,Dentro das localidades,Em pleno dia,Em patamar,Recta,Em plena via,Atropelamento,DOMINGO      ,0,1,6,2011-06-24,9,ligeiro,Sim,Nao,Sim,31.6,1,1,6,599
33197,2011549130,Braga,41.509102,-8.766942,EN(d)13,41.2,1,0,0,1.0,50,Berma pavimentada,Seco e limpo,Dois sentidos,Bom tempo,Fora da intersecção,Dentro das localidades,Em pleno dia,Em patamar,Recta,Em plena via,Despiste,SEGUNDA-FEIRA,0,1,6,2011-06-25,6,ligeiro,Sim,Nao,Sim,31.6,1,1,6,599
33201,2011547982,Braga,41.416412,-8.540403,ER206,20.8,1,0,0,1.0,50,Berma pavimentada,Seco e limpo,Dois sentidos,Bom tempo,Em entroncamento,Dentro das localidades,Em pleno dia,Com inclinação,Recta,Em plena via,Colisão,QUINTA-FEIRA ,0,2,6,2011-06-05,15,ligeiro,Sim,Nao,Sim,31.6,1,1,6,599
33207,2011554532,Braga,41.498321999999995,-8.333547,ER310,11.9,0,0,1,1.0,50,Berma pavimentada,Seco e limpo,Dois sentidos,Bom tempo,Fora da intersecção,Dentro das localidades,Em pleno dia,Em patamar,Recta,Em plena via,Atropelamento,TERÇA-FEIRA  ,0,1,6,2011-07-30,6,ligeiro,Sim,Nao,Sim,31.6,1,1,6,599
33252,2011562094,Braga,41.586556,-8.333081,EN103,49.65,1,0,0,2.0,50,Berma pavimentada,Húmido,Dois sentidos,Chuva,Fora da intersecção,Dentro das localidades,Em pleno dia,Em patamar,Recta,Na berma,Despiste,TERÇA-FEIRA  ,0,1,6,2011-08-22,15,ligeiro,Sim,Sim,Nao,31.6,1,1,6,599
33253,2011562097,Braga,41.512997,-8.773541999999999,EN(d)13,41.95,1,0,0,1.0,50,Berma pavimentada,Seco e limpo,Dois sentidos,Bom tempo,Fora da intersecção,Dentro das localidades,"Noite, com iluminação",Em patamar,Recta,Em plena via,Despiste,DOMINGO      ,0,1,6,2011-08-20,5,ligeiro,Nao,Nao,Sim,31.6,1,1,6,599
33287,2012589949,Braga,41.416441,-8.536942,ER206,21.1,1,0,0,1.0,50,Sem berma ou impraticável,Seco e limpo,Dois sentidos,Bom tempo,Fora da intersecção,Dentro das localidades,Em pleno dia,Em patamar,Recta,Em plena via,Atropelamento,DOMINGO      ,0,1,6,2011-12-12,16,ligeiro,Sim,Nao,Sim,31.6,1,1,6,599
33315,2012600550,Braga,41.51508,-8.449638,EN14,42.5,1,0,0,2.0,50,Berma pavimentada,Seco e limpo,Dois sentidos,Bom tempo,Fora da intersecção,Fora das localidades,Em pleno dia,Em patamar,Recta,Em plena via,Colisão,SEGUNDA-FEIRA,0,2,6,2012-02-14,14,ligeiro,Sim,Nao,Sim,31.6,1,1,6,599
33316,2012595229,Braga,41.676281,-8.373208,EN205-3,6.6,1,1,0,1.0,50,Berma não pavimentada,Seco e limpo,Dois sentidos,Bom tempo,Fora da intersecção,Dentro das localidades,"Noite, sem iluminação",Em patamar,Curva,Em plena via,Colisão,DOMINGO      ,0,2,6,2012-01-10,20,ligeiro,Nao,Nao,Sim,31.6,1,1,6,599
33347,2012619952,Braga,41.510543,-8.753979,A28,46.1,1,0,0,2.0,120,Berma pavimentada,Com água acumulada na faixa de rodagem,Sentido único,Chuva,Fora da intersecção,Fora das localidades,Em pleno dia,Em patamar,Curva,Na berma,Despiste,SÁBADO       ,0,1,6,2012-05-03,12,ligeiro,Sim,Sim,Nao,31.6,1,1,6,599
33354,2012608892,Braga,41.547795,-8.028233,EN205,95.95,1,0,0,1.0,90,Berma não pavimentada,Seco e limpo,Dois sentidos,Bom tempo,Fora da intersecção,Fora das localidades,Em pleno dia,Com inclinação,Curva,Na berma,Despiste,DOMINGO      ,0,1,6,2012-03-13,18,ligeiro,Sim,Nao,Sim,31.6,1,1,6,599
33363,2012608155,Braga,41.505394,-8.763552,EN(d)13,40.7,1,0,0,1.0,50,Berma pavimentada,Seco e limpo,Sentido único,Bom tempo,Fora da intersecção,Dentro das localidades,Em pleno dia,Em patamar,Curva,Em plena via,Colisão,SEXTA-FEIRA  ,0,2,6,2012-03-28,13,ligeiro,Sim,Nao,Sim,31.6,1,1,6,599
33367,2012632537,Braga,41.519311,-8.449827,EN(d)14,43.0,1,0,0,1.0,50,Berma pavimentada,Seco e limpo,Dois sentidos,Bom tempo,Fora da intersecção,Dentro das localidades,"Noite, com iluminação",Com inclinação,Curva,Em plena via,Colisão,TERÇA-FEIRA  ,0,2,6,2012-07-07,22,ligeiro,Nao,Nao,Sim,31.6,1,1,6,599
33368,2012632550,Braga,41.673497999999995,-8.145517,EN103,73.35,2,0,0,1.0,50,Berma não pavimentada,Seco e limpo,Dois sentidos,Bom tempo,Fora da intersecção,Dentro das localidades,Em pleno dia,Em patamar,Curva,Na berma,Despiste,SÁBADO       ,0,2,6,2012-07-10,20,ligeiro,Sim,Nao,Sim,31.6,1,1,6,599
33407,2012638676,Braga,41.51117,-8.771991,EN(d)13,41.7,1,0,0,1.0,50,Berma pavimentada,Húmido,Dois sentidos,Chuva,Fora da intersecção,Dentro das localidades,Em pleno dia,Com inclinação,Recta,Em plena via,Colisão,SÁBADO       ,0,2,6,2012-08-24,9,ligeiro,Sim,Sim,Nao,31.6,1,1,6,599
33429,2012645519,Braga,41.588156,-8.340498,EN103,49.0,2,0,0,1.0,70,Berma pavimentada,Seco e limpo,Dois sentidos,Bom tempo,Fora da intersecção,Dentro das localidades,Em pleno dia,Em patamar,Recta,Na berma,Despiste,SÁBADO       ,0,1,6,2012-09-22,11,ligeiro,Sim,Nao,Sim,31.6,1,1,6,599
33430,2012645522,Braga,41.591793,-8.342044999999999,EN103,48.5,1,0,0,1.0,50,Berma pavimentada,Molhado,Sentido único,Chuva,Fora da intersecção,Dentro das localidades,"Noite, sem iluminação",Em patamar,Curva,Na berma,Despiste,QUARTA-FEIRA ,0,1,6,2012-09-25,23,ligeiro,Nao,Sim,Nao,31.6,1,1,6,599
33445,2013671608,Braga,41.592529,-8.34267,EN103,48.4,1,0,0,1.0,90,Berma pavimentada,Molhado,Dois sentidos,Chuva,Fora da intersecção,Fora das localidades,Em pleno dia,Com inclinação,Curva,Na berma,Despiste,TERÇA-FEIRA  ,0,1,6,2012-12-13,10,ligeiro,Sim,Sim,Nao,31.6,1,1,6,599
33450,2013669733,Braga,41.416412,-8.540403,ER206,20.8,3,0,0,2.0,50,Berma pavimentada,Molhado,Dois sentidos,Chuva,Fora da intersecção,Dentro das localidades,Em pleno dia,Com inclinação,Recta,Em plena via,Colisão,QUARTA-FEIRA ,0,2,6,2012-12-31,11,ligeiro,Sim,Sim,Nao,31.6,1,1,6,599
33452,2013664899,Braga,41.443255,-7.969644000000001,EN210,7.9,1,0,0,1.0,50,Sem berma ou impraticável,Húmido,Dois sentidos,Bom tempo,Fora da intersecção,Dentro das localidades,"Noite, sem iluminação",Em patamar,Curva,Na berma,Despiste,DOMINGO      ,0,1,6,2012-11-24,23,ligeiro,Nao,Nao,Nao,31.6,1,1,6,599
33455,2013664946,Braga,41.512175,-8.773189,EN(d)13,41.85,1,0,0,1.0,50,Sem berma ou impraticável,Seco e limpo,Dois sentidos,Bom tempo,Em entroncamento,Dentro das localidades,"Noite, com iluminação",Em patamar,Recta,Em plena via,Colisão,QUARTA-FEIRA ,0,2,6,2012-11-27,17,ligeiro,Nao,Nao,Sim,31.6,1,1,6,599
33495,2011514774,Braga,41.511403,-8.451536,EN14,42.1,1,0,0,1.0,50,Berma pavimentada,Seco e limpo,Dois sentidos,Bom tempo,Em rotunda,Dentro das localidades,Em pleno dia,Com inclinação,Recta,Em plena via,Atropelamento,QUARTA-FEIRA ,0,2,6,2010-12-10,7,ligeiro,Sim,Nao,Sim,31.6,1,1,6,599
33497,2011527985,Braga,41.506848,-8.454058,EN14,41.6,1,0,0,1.0,50,Berma pavimentada,Seco e limpo,Dois sentidos,Bom tempo,Fora da intersecção,Dentro das localidades,Em pleno dia,Com inclinação,Recta,Em plena via,Despiste,QUINTA-FEIRA ,0,1,6,2011-03-06,6,ligeiro,Sim,Nao,Sim,31.6,1,1,6,599
33524,2007287113,Braga,41.416484000000004,-8.543804,ER206,20.5,1,0,0,1.0,50,Berma não pavimentada,Seco e limpo,Dois sentidos,Bom tempo,Fora da intersecção,Dentro das localidades,Em pleno dia,Com inclinação,Curva,Em plena via,Despiste,SEXTA-FEIRA  ,0,1,6,2007-06-20,17,ligeiro,Sim,Nao,Sim,31.6,1,1,6,599
33557,2009350429,Braga,41.508655,-8.453004,EN14,41.8,1,0,0,2.0,50,Berma pavimentada,Seco e limpo,Dois sentidos,Bom tempo,Fora da intersecção,Dentro das localidades,Aurora ou crepúsculo,Em patamar,Recta,Em plena via,Colisão,TERÇA-FEIRA  ,0,2,6,2008-11-18,17,ligeiro,Nao,Nao,Sim,31.6,1,1,6,599
33568,2010433033,Braga,41.592619,-8.342875999999999,EN103,48.38,1,0,0,2.0,90,Berma pavimentada,Húmido,Dois sentidos,Chuva,Fora da intersecção,Fora das localidades,Em pleno dia,Com inclinação,Recta,Na berma,Despiste,QUINTA-FEIRA ,0,1,6,2009-12-17,10,ligeiro,Sim,Sim,Nao,31.6,1,1,6,599
33612,2010496273,Braga,41.510587,-8.769737,EN(d)13,41.5,1,0,0,1.0,50,Sem berma ou impraticável,Húmido,Dois sentidos,Chuva,Fora da intersecção,Dentro das localidades,"Noite, com iluminação",Com inclinação,Recta,Em plena via,Atropelamento,QUARTA-FEIRA ,0,1,6,2010-10-08,19,ligeiro,Nao,Sim,Nao,31.6,1,1,6,599
33641,2008323791,Braga,41.51508,-8.449638,EN14,42.5,1,0,0,1.0,50,Berma pavimentada,Húmido,Dois sentidos,Chuva,Em entroncamento,Dentro das localidades,Em pleno dia,Em patamar,Recta,Na berma,Colisão,QUINTA-FEIRA ,0,2,6,2008-04-28,7,ligeiro,Sim,Sim,Nao,31.6,1,1,6,599
33679,2011506766,Braga,41.510543,-8.753979,A28,46.1,1,0,0,2.0,120,Berma pavimentada,Molhado,Sentido único,Chuva,Fora da intersecção,Fora das localidades,Em pleno dia,Em patamar,Curva,Em plena via,Despiste,SEXTA-FEIRA  ,0,2,6,2010-11-30,9,ligeiro,Sim,Sim,Nao,31.6,1,1,6,599
33685,2012597509,Braga,41.418563,-8.534377000000001,EN204,35.85,1,0,0,1.0,50,Berma pavimentada,Seco e limpo,Dois sentidos,Bom tempo,Em cruzamento,Dentro das localidades,"Noite, com iluminação",Com inclinação,Recta,Em plena via,Colisão,QUARTA-FEIRA ,0,2,6,2012-01-07,19,ligeiro,Nao,Nao,Sim,31.6,1,1,6,599
33713,2007282268,Braga,41.510917,-8.771231,EN(d)13,41.63,1,0,0,1.0,80,Berma pavimentada,Seco e limpo,Dois sentidos,Bom tempo,Em cruzamento,Dentro das localidades,"Noite, com iluminação",Em patamar,Recta,Em plena via,Colisão,SÁBADO       ,0,2,6,2007-05-07,21,ligeiro,Nao,Nao,Sim,31.6,1,1,6,599
33719,2009400532,Braga,41.509102,-8.766942,EN(d)13,41.2,2,0,0,1.0,50,Berma pavimentada,Seco e limpo,Dois sentidos,Bom tempo,Em cruzamento,Dentro das localidades,Em pleno dia,Em patamar,Recta,Em plena via,Colisão,SEGUNDA-FEIRA,0,2,6,2009-07-31,10,ligeiro,Sim,Nao,Sim,31.6,1,1,6,599
33728,2009373733,Braga,41.507028000000005,-8.445775,A11,30.34,1,0,0,2.0,120,Berma pavimentada,Molhado,Sentido único,Chuva,Fora da intersecção,Fora das localidades,Em pleno dia,Em patamar,Curva,Em plena via,Despiste,DOMINGO      ,0,1,6,2009-04-13,8,ligeiro,Sim,Sim,Nao,31.6,1,1,6,599
33743,2013664921,Braga,41.513596,-8.450349000000001,EN14,42.34,1,0,0,1.0,50,Berma pavimentada,Seco e limpo,Dois sentidos,Bom tempo,Em entroncamento,Dentro das localidades,Em pleno dia,Em patamar,Recta,Em plena via,Colisão,DOMINGO      ,0,2,6,2012-11-19,8,ligeiro,Sim,Nao,Sim,31.6,1,1,6,599
33754,2011527216,Braga,41.512309,-8.754197,A28,46.3,2,0,0,2.0,120,Berma pavimentada,Com água acumulada na faixa de rodagem,Sentido único,Chuva,Fora da intersecção,Fora das localidades,Em pleno dia,Em patamar,Curva,Em plena via,Despiste,SEGUNDA-FEIRA,0,1,6,2011-03-26,13,ligeiro,Sim,Sim,Nao,31.6,1,1,6,599
33793,2013663489,Braga,41.592529,-8.34267,EN103,48.4,1,0,0,1.0,90,Berma pavimentada,Molhado,Dois sentidos,Chuva,Fora da intersecção,Fora das localidades,Em pleno dia,Com inclinação,Curva,Em plena via,Despiste,SÁBADO       ,0,2,6,2012-11-01,8,ligeiro,Sim,Sim,Nao,31.6,1,1,6,599
33836,2012591629,Braga,41.587035,-8.330326,EN103,49.9,2,0,0,1.0,50,Berma pavimentada,Húmido,Dois sentidos,Nevoeiro,Fora da intersecção,Dentro das localidades,"Noite, sem iluminação",Em patamar,Recta,Em plena via,Colisão,QUINTA-FEIRA ,0,2,6,2011-12-21,0,ligeiro,Nao,Sim,Nao,31.6,1,1,6,599
33848,2011519172,Braga,41.665583000000005,-8.382402,ER205-3,5.2,2,0,0,1.0,50,Sem berma ou impraticável,Molhado,Dois sentidos,Chuva,Fora da intersecção,Dentro das localidades,"Noite, com iluminação",Em patamar,Recta,Na berma,Despiste,TERÇA-FEIRA  ,0,1,6,2011-01-07,7,ligeiro,Nao,Sim,Nao,31.6,1,1,6,599
33865,2009351462,Braga,41.543054,-8.022122,EN205,96.76,1,0,0,2.0,70,Berma não pavimentada,Húmido,Dois sentidos,Bom tempo,Em via de desaceleração,Fora das localidades,Em pleno dia,Com inclinação,Curva,Em plena via,Colisão,DOMINGO      ,0,2,6,2008-12-20,17,ligeiro,Sim,Nao,Nao,31.6,1,1,6,599
33910,2010478895,Braga,41.497747,-8.334484,ER310,12.0,1,0,0,1.0,50,Berma pavimentada,Seco e limpo,Dois sentidos,Bom tempo,Fora da intersecção,Dentro das localidades,Em pleno dia,Em patamar,Curva,No passeio,Despiste,DOMINGO      ,0,1,6,2010-07-29,14,ligeiro,Sim,Nao,Sim,31.6,1,1,6,599
33918,2011567573,Braga,41.503887,-8.762242,EN(d)13,40.5,1,0,0,1.0,50,Berma não pavimentada,Seco e limpo,Dois sentidos,Bom tempo,Fora da intersecção,Fora das localidades,Em pleno dia,Em patamar,Recta,Em plena via,Colisão,QUINTA-FEIRA ,0,2,6,2011-09-10,12,ligeiro,Sim,Nao,Sim,31.6,1,1,6,599
33926,2010446607,Braga,41.510359,-8.768664999999999,EN(d)13,41.41,2,0,0,1.0,50,Sem berma ou impraticável,Molhado,Dois sentidos,Bom tempo,Fora da intersecção,Dentro das localidades,Em pleno dia,Em patamar,Curva,Em plena via,Despiste,QUARTA-FEIRA ,0,1,6,2010-02-17,8,ligeiro,Sim,Nao,Nao,31.6,1,1,6,599
33929,2011506767,Braga,41.507740999999996,-8.453497,EN14,41.7,2,0,0,1.0,50,Berma pavimentada,Molhado,Sentido único,Chuva,Em rotunda,Dentro das localidades,Em pleno dia,Em patamar,Curva,Em plena via,Colisão,SEXTA-FEIRA  ,0,2,6,2010-11-30,10,ligeiro,Sim,Sim,Nao,31.6,1,1,6,599
33931,2011574257,Braga,41.509669,-8.753767999999999,A28,46.0,1,0,0,2.0,120,Berma pavimentada,Molhado,Sentido único,Chuva,Fora da intersecção,Fora das localidades,Em pleno dia,Em patamar,Recta,Em plena via,Despiste,DOMINGO      ,0,1,6,2011-10-11,17,ligeiro,Sim,Sim,Nao,31.6,1,1,6,599
33934,2013656271,Braga,41.497747,-8.334484,ER310,12.0,1,0,0,1.0,30,Berma pavimentada,Seco e limpo,Dois sentidos,Bom tempo,Fora da intersecção,Dentro das localidades,Em pleno dia,Em patamar,Recta,Em plena via,Colisão,SEXTA-FEIRA  ,0,2,6,2012-10-25,10,ligeiro,Sim,Nao,Sim,31.6,1,1,6,599