,COD_ACIDENTE,DISTRITO,LATITUDE,LONGITUDE,VIA,KM,QT_FLIGEIROS,QT_FGRAVES,QT_MORTOS,QT_VIAS_SENTIDO,VEL_LIM_LOCAL,BERMA_VIA,CONDICAO_ADERENCIA,FAIXA_RODAGEM,FATOR_ATMOSFERICO,INTERSECAO_VIA,LOCALIZACAO,LUMINOSIDADE,PERFIL_VIA,PLANTA_VIA,SITUACAO_ACIDENTE,TIPO_NATUREZA,DIA_SEMANA,FLAG_FERIADO,QT_VEICULOS,COD_FREGUESIA,DATA,HORA,GRAVIDADE,ERA_DIA,MAU_TEMPO,ESTRADA_SECA,DENSIDADE_TOTAL,COD_DISTRITO_INE,COD_CONCELHO_INE,COD_FREGUESIA_INE,TOTAL
33935,2010464661,Braga,41.416441999999996,-8.543705000000001,ER206,20.51,1,0,0,1.0,50,Berma pavimentada,Seco e limpo,Dois sentidos,Bom tempo,Fora da intersecção,Dentro das localidades,Em pleno dia,Com inclinação,Curva,Em plena via,Colisão,SEGUNDA-FEIRA,0,2,6,2010-05-17,15,ligeiro,Sim,Nao,Sim,31.6,1,1,6,599
33962,2009387183,Braga,41.510342,-8.768583999999999,EN(d)13,41.4,4,0,0,1.0,50,Sem berma ou impraticável,Seco e limpo,Dois sentidos,Bom tempo,Fora da intersecção,Dentro das localidades,Em pleno dia,Em patamar,Recta,Em plena via,Colisão,TERÇA-FEIRA  ,0,2,6,2009-05-19,7,ligeiro,Sim,Nao,Sim,31.6,1,1,6,599
33967,2007294059,Braga,41.586725,-8.333634,EN103,49.6,1,0,0,1.0,50,Berma pavimentada,Seco e limpo,Dois sentidos,NÃO DEFINIDO,Fora da intersecção,Dentro das localidades,Em pleno dia,Em patamar,Recta,Em plena via,Despiste,TERÇA-FEIRA  ,0,1,6,2007-08-31,14,ligeiro,Sim,Sim,Sim,31.6,1,1,6,599
33972,2008308034,Braga,41.510838,-8.770887,EN(d)13,41.6,1,0,0,1.0,50,Berma não pavimentada,Húmido,Dois sentidos,Chuva,Em cruzamento,Dentro das localidades,Em pleno dia,Em patamar,Recta,Em plena via,Atropelamento,SÁBADO       ,0,1,6,2008-01-18,7,ligeiro,Sim,Sim,Nao,31.6,1,1,6,599
33990,2010428113,Braga,41.507011999999996,-8.445787,A11,30.34,1,0,0,2.0,60,Berma pavimentada,Molhado,Sentido único,Chuva,Em ramo de ligação - saída,Fora das localidades,Em pleno dia,Com inclinação,Recta,Em plena via,Colisão,SEGUNDA-FEIRA,0,2,6,2009-11-05,13,ligeiro,Sim,Sim,Nao,31.6,1,1,6,599
34003,2011567608,Braga,41.416431,-8.538116,ER206,21.0,1,0,0,2.0,50,Berma pavimentada,Seco e limpo,Dois sentidos,Nevoeiro,Fora da intersecção,Dentro das localidades,"Noite, com iluminação",Em patamar,Recta,Em plena via,Colisão,QUARTA-FEIRA ,0,2,6,2011-09-26,6,ligeiro,Nao,Sim,Sim,31.6,1,1,6,599
34004,2009400499,Braga,41.510838,-8.770887,EN(d)13,41.6,3,0,0,1.0,50,Berma pavimentada,Seco e limpo,Dois sentidos,Bom tempo,Fora da intersecção,Dentro das localidades,Em pleno dia,Em patamar,Recta,Em plena via,Atropelamento,QUINTA-FEIRA ,0,1,6,2009-07-16,20,ligeiro,Sim,Nao,Sim,31.6,1,1,6,599
34023,2011518976,Braga,41.511421999999996,-8.754136,A28,46.2,1,0,0,2.0,120,Berma pavimentada,Molhado,Sentido único,Chuva,Fora da intersecção,Fora das localidades,Em pleno dia,Em patamar,Curva,Em plena via,Despiste,SEGUNDA-FEIRA,0,1,6,2011-01-06,11,ligeiro,Sim,Sim,Nao,31.6,1,1,6,599
34027,2010486985,Braga,41.674541999999995,-8.140292,EN103,74.05,1,0,0,1.0,50,Berma não pavimentada,Seco e limpo,Dois sentidos,Bom tempo,Fora da intersecção,Dentro das localidades,Em pleno dia,Com inclinação,Recta,Em plena via,Colisão,QUARTA-FEIRA ,0,2,6,2010-08-07,11,ligeiro,Sim,Nao,Sim,31.6,1,1,6,599
34034,2008317707,Braga,41.513234000000004,-8.450558000000001,EN14,42.3,1,0,0,1.0,50,Sem berma ou impraticável,Seco e limpo,Dois sentidos,Bom tempo,Fora da intersecção,Dentro das localidades,Aurora ou crepúsculo,Em patamar,Recta,Em plena via,Atropelamento,DOMINGO      ,0,1,6,2008-02-28,18,ligeiro,Nao,Nao,Sim,31.6,1,1,6,599
34104,2008333670,Braga,41.51117,-8.771991,EN(d)13,41.7,1,0,0,2.0,50,Berma não pavimentada,Seco e limpo,Dois sentidos,Bom tempo,Fora da intersecção,Dentro das localidades,Em pleno dia,Em patamar,Curva,Em plena via,Colisão,SEGUNDA-FEIRA,0,2,6,2008-07-26,10,ligeiro,Sim,Nao,Sim,31.6,1,1,6,599
34110,2010424111,Braga,41.510587,-8.769737,EN(d)13,41.5,1,0,0,1.0,50,Sem berma ou impraticável,Seco e limpo,Sentido único,Bom tempo,Em cruzamento,Dentro das localidades,Em pleno dia,Em Lomba,Recta,Em plena via,Colisão,TERÇA-FEIRA  ,0,2,6,2009-10-08,13,ligeiro,Sim,Nao,Sim,31.6,1,1,6,599
34111,2009389470,Braga,41.52077,-8.4458,A11,28.8,1,0,0,2.0,90,Berma pavimentada,Com água acumulada na faixa de rodagem,Sentido único,Chuva,Fora da intersecção,Fora das localidades,Em pleno dia,Em patamar,Recta,Em plena via,Despiste,TERÇA-FEIRA  ,0,1,6,2009-06-05,11,ligeiro,Sim,Sim,Nao,31.6,1,1,6,599
34113,2010424129,Braga,41.504034000000004,-8.3233,ER310,10.8,3,0,0,1.0,50,Berma não pavimentada,Seco e limpo,Dois sentidos,Bom tempo,Fora da intersecção,Dentro das localidades,Em pleno dia,Em patamar,Recta,Em plena via,Colisão,DOMINGO      ,0,2,6,2009-10-01,8,ligeiro,Sim,Nao,Sim,31.6,1,1,6,599
34129,2012638675,Braga,41.509836,-8.767636,EN(d)13,41.3,1,0,0,1.0,50,Sem berma ou impraticável,Seco e limpo,Dois sentidos,Bom tempo,Em entroncamento,Dentro das localidades,Aurora ou crepúsculo,Em patamar,Curva,Em plena via,Atropelamento,QUINTA-FEIRA ,0,0,6,2012-08-23,6,ligeiro,Nao,Nao,Sim,31.6,1,1,6,599
34194,2007286895,Braga,41.503262,-8.323934,ER310,10.9,1,0,0,1.0,50,Berma pavimentada,Seco e limpo,Dois sentidos,Bom tempo,NÃO DEFINIDO,Dentro das localidades,Em pleno dia,Em patamar,Recta,Em plena via,Colisão,SEGUNDA-FEIRA,0,2,6,2007-06-28,13,ligeiro,Sim,Nao,Sim,31.6,1,1,6,599
34214,2007278058,Braga,41.58659,-8.331363,EN103,49.8,1,0,0,1.0,50,Berma não pavimentada,Molhado,Dois sentidos,Chuva,Fora da intersecção,Dentro das localidades,"Noite, sem iluminação",Em patamar,Recta,Em plena via,Colisão,QUARTA-FEIRA ,0,2,6,2007-03-03,6,ligeiro,Nao,Sim,Nao,31.6,1,1,6,599
34216,2007295629,Braga,41.51117,-8.771991,EN(d)13,41.7,2,0,0,1.0,50,Berma pavimentada,Molhado,Dois sentidos,Chuva,Em cruzamento,Dentro das localidades,Em pleno dia,Em patamar,Recta,Em plena via,Colisão,QUARTA-FEIRA ,0,2,6,2007-09-12,8,ligeiro,Sim,Sim,Nao,31.6,1,1,6,599
34238,2009417650,Braga,41.542043,-8.018851,EN205,97.08,1,1,0,1.0,50,Sem berma ou impraticável,Seco e limpo,Dois sentidos,Bom tempo,Em cruzamento,Dentro das localidades,Em pleno dia,Em patamar,Recta,Em plena via,Colisão,DOMINGO      ,0,2,6,2009-09-08,14,ligeiro,Sim,Nao,Sim,31.6,1,1,6,599
34264,2009373244,Braga,41.497747,-8.334484,ER310,12.0,1,0,0,1.0,50,Berma pavimentada,Molhado,Dois sentidos,Chuva,Fora da intersecção,Dentro das localidades,Em pleno dia,Em patamar,Curva,Em plena via,Colisão,DOMINGO      ,0,2,6,2009-04-13,15,ligeiro,Sim,Sim,Nao,31.6,1,1,6,599
34292,2010463459,Braga,41.500407,-8.326871,ER310,11.3,1,0,0,1.0,50,Berma pavimentada,Seco e limpo,Dois sentidos,Bom tempo,Em rotunda,Dentro das localidades,Em pleno dia,Em patamar,Curva,Em plena via,Colisão,QUARTA-FEIRA ,0,2,6,2010-05-02,12,ligeiro,Sim,Nao,Sim,31.6,1,1,6,599
34299,2012595448,Braga,41.669829,-8.158494000000001,EN103,72.05,0,0,1,1.0,50,Berma pavimentada,Seco e limpo,Dois sentidos,Bom tempo,Fora da intersecção,Dentro das localidades,Em pleno dia,Em patamar,Curva,Em plena via,Colisão,SEGUNDA-FEIRA,0,2,6,2012-01-28,7,ligeiro,Sim,Nao,Sim,31.6,1,1,6,599
34306,2012636909,Braga,41.546548,-8.026715,EN205,96.15,1,0,0,1.0,50,Berma não pavimentada,Seco e limpo,Dois sentidos,Bom tempo,Fora da intersecção,Dentro das localidades,Aurora ou crepúsculo,Com inclinação,Curva,Na berma,Despiste,QUINTA-FEIRA ,0,1,6,2012-08-06,5,ligeiro,Nao,Nao,Sim,31.6,1,1,6,599
34313,2008338338,Braga,41.519311,-8.449827,EN(d)14,43.0,2,0,0,1.0,90,Berma pavimentada,Seco e limpo,Dois sentidos,Bom tempo,Fora da intersecção,Fora das localidades,Em pleno dia,Com inclinação,Recta,Em plena via,Colisão,QUINTA-FEIRA ,0,3,6,2008-08-09,16,ligeiro,Sim,Nao,Sim,31.6,1,1,6,599
34317,2011567581,Braga,41.508655,-8.453004,EN14,41.8,1,0,0,1.0,50,Berma pavimentada,Seco e limpo,Dois sentidos,Bom tempo,Fora da intersecção,Dentro das localidades,"Noite, com iluminação",Em patamar,Recta,Em plena via,Colisão,QUARTA-FEIRA ,0,2,6,2011-09-20,20,ligeiro,Nao,Nao,Sim,31.6,1,1,6,599
34333,2011506722,Braga,41.510487,-8.452024,EN14,42.0,1,0,0,1.0,50,Berma pavimentada,Seco e limpo,Dois sentidos,Bom tempo,Fora da intersecção,Dentro das localidades,"Noite, com iluminação",Em patamar,Recta,Em plena via,Colisão,TERÇA-FEIRA  ,0,3,6,2010-11-22,19,ligeiro,Nao,Nao,Sim,31.6,1,1,6,599
34359,2008337954,Braga,41.442838,-7.971852,EN210,8.1,1,0,0,1.0,50,Berma pavimentada,Molhado,Dois sentidos,Chuva,Fora da intersecção,Dentro das localidades,Em pleno dia,Com inclinação,Curva,Em plena via,Colisão,SÁBADO       ,0,2,6,2008-08-16,11,ligeiro,Sim,Sim,Nao,31.6,1,1,6,599
34374,2007292014,Braga,41.504642,-8.762895,EN(d)13,40.6,2,0,0,1.0,50,Berma pavimentada,Seco e limpo,Dois sentidos,Bom tempo,Em entroncamento,Dentro das localidades,Em pleno dia,Em patamar,Recta,Em plena via,Colisão,TERÇA-FEIRA  ,0,2,6,2007-08-08,18,ligeiro,Sim,Nao,Sim,31.6,1,1,6,599
34412,2011503539,Braga,41.671993,-8.152819000000001,EN103,72.6,1,1,0,1.0,50,Sem berma ou impraticável,Molhado,Dois sentidos,Chuva,Em entroncamento,Dentro das localidades,Em pleno dia,Em patamar,Recta,Em plena via,Colisão,QUINTA-FEIRA ,0,2,6,2010-11-12,13,ligeiro,Sim,Sim,Nao,31.6,1,1,6,599
34435,2008333811,Braga,41.505018,-8.763223,EN(d)13,40.65,1,0,0,1.0,50,Berma pavimentada,Seco e limpo,Dois sentidos,Bom tempo,Fora da intersecção,Dentro das localidades,Em pleno dia,Em patamar,Recta,Em plena via,Colisão,SÁBADO       ,0,2,6,2008-07-13,16,ligeiro,Sim,Nao,Sim,31.6,1,1,6,599
34453,2009389529,Braga,41.506848,-8.454058,EN14,41.6,1,0,0,1.0,50,Berma pavimentada,Molhado,Dois sentidos,Chuva,Fora da intersecção,Dentro das localidades,Em pleno dia,Com inclinação,Recta,Em plena via,Colisão,SEGUNDA-FEIRA,1,2,6,2009-06-10,11,ligeiro,Sim,Sim,Nao,31.6,1,1,6,599
34454,2011529626,Braga,41.519311,-8.449827,EN(d)14,43.0,1,0,0,1.0,50,Berma pavimentada,Seco e limpo,Dois sentidos,Bom tempo,Fora da intersecção,Dentro das localidades,"Noite, com iluminação",Com inclinação,Recta,Em plena via,Atropelamento,SÁBADO       ,0,1,6,2011-04-05,21,ligeiro,Nao,Nao,Sim,31.6,1,1,6,599
34478,2010486043,Braga,41.512549,-8.77351,EN(d)13,41.9,1,0,0,1.0,50,Berma pavimentada,Seco e limpo,Dois sentidos,Bom tempo,Fora da intersecção,Dentro das localidades,Em pleno dia,Em patamar,Curva,Em plena via,Colisão,SÁBADO       ,0,2,6,2010-08-20,12,ligeiro,Sim,Nao,Sim,31.6,1,1,6,599
34495,2012617498,Braga,41.495902,-8.335626,ER310,12.25,1,0,1,1.0,50,Sem berma ou impraticável,Molhado,Dois sentidos,Chuva,Fora da intersecção,Dentro das localidades,Em pleno dia,Em patamar,Recta,Em plena via,Colisão,QUINTA-FEIRA ,0,2,6,2012-05-07,19,ligeiro,Sim,Sim,Nao,31.6,1,1,6,599
34497,2010433783,Braga,41.495557,-8.33592,ER310,12.3,5,0,0,1.0,50,Berma não pavimentada,Molhado,Dois sentidos,Chuva,Fora da intersecção,Dentro das localidades,Em pleno dia,Em patamar,Recta,Em plena via,Colisão,QUARTA-FEIRA ,0,2,6,2009-12-05,16,ligeiro,Sim,Sim,Nao,31.6,1,1,6,599
34533,2008333007,Braga,41.508655,-8.453004,EN14,41.8,1,0,0,1.0,50,Berma pavimentada,Seco e limpo,Dois sentidos,Bom tempo,Fora da intersecção,Dentro das localidades,Em pleno dia,Em patamar,Recta,Em plena via,Colisão,QUARTA-FEIRA ,0,2,6,2008-07-11,17,ligeiro,Sim,Nao,Sim,31.6,1,1,6,599
34558,2012608219,Braga,41.502877000000005,-8.32425,ER310,10.95,2,0,0,1.0,50,Berma não pavimentada,Seco e limpo,Dois sentidos,Bom tempo,Fora da intersecção,Dentro das localidades,"Noite, com iluminação",Com inclinação,Recta,Em plena via,Colisão,QUINTA-FEIRA ,0,2,6,2012-03-22,22,ligeiro,Nao,Nao,Sim,31.6,1,1,6,599
34559,2010457447,Braga,41.507740999999996,-8.453497,EN14,41.7,2,0,0,1.0,50,Berma pavimentada,Seco e limpo,Dois sentidos,Bom tempo,Em entroncamento,Dentro das localidades,Em pleno dia,Em patamar,Recta,Em plena via,Colisão,SEGUNDA-FEIRA,0,2,6,2010-04-30,19,ligeiro,Sim,Nao,Sim,31.6,1,1,6,599
34591,2007274147,Braga,41.586428000000005,-8.331914999999999,EN103,49.75,3,0,0,1.0,90,Berma pavimentada,Húmido,Dois sentidos,Bom tempo,Fora da intersecção,Fora das localidades,Em pleno dia,Com inclinação,Curva,Em plena via,Colisão,DOMINGO      ,0,2,6,2007-02-12,8,ligeiro,Sim,Nao,Nao,31.6,1,1,6,599
34599,2009355669,Braga,41.513415,-8.450453,EN14,42.32,1,0,0,2.0,50,Berma pavimentada,Seco e limpo,Dois sentidos,Bom tempo,Fora da intersecção,Dentro das localidades,Em pleno dia,Em patamar,Recta,Em plena via,Colisão,SEGUNDA-FEIRA,0,2,6,2009-01-08,13,ligeiro,Sim,Nao,Sim,31.6,1,1,6,599
34614,2010456954,Braga,41.514246,-8.773238000000001,EN(d)13,42.1,1,0,0,2.0,50,Sem berma ou impraticável,Seco e limpo,Dois sentidos,Bom tempo,Fora da intersecção,Dentro das localidades,Em pleno dia,Em patamar,Curva,Em plena via,Colisão,SEXTA-FEIRA  ,0,2,6,2010-04-22,15,ligeiro,Sim,Nao,Sim,31.6,1,1,6,599
34637,2012597527,Braga,41.545503000000004,-8.023992999999999,EN205,96.43,1,0,0,1.0,50,Sem berma ou impraticável,Seco e limpo,Dois sentidos,Bom tempo,Fora da intersecção,Dentro das localidades,"Noite, sem iluminação",Em patamar,Curva,Na berma,Despiste,SÁBADO       ,0,1,6,2012-01-04,19,ligeiro,Nao,Nao,Sim,31.6,1,1,6,599
34641,2008330166,Braga,41.587953000000006,-8.325524,EN103,50.32,1,0,0,1.0,50,Berma pavimentada,Seco e limpo,Dois sentidos,Bom tempo,Fora da intersecção,Dentro das localidades,Em pleno dia,Em patamar,Recta,Em plena via,Colisão,QUARTA-FEIRA ,0,2,6,2008-06-18,19,ligeiro,Sim,Nao,Sim,31.6,1,1,6,599
34645,2010424106,Braga,41.510587,-8.769737,EN(d)13,41.5,1,0,0,1.0,50,Berma não pavimentada,Seco e limpo,Dois sentidos,Bom tempo,Em cruzamento,Dentro das localidades,Em pleno dia,Em patamar,Recta,Em plena via,Colisão,QUARTA-FEIRA ,0,2,6,2009-10-15,13,ligeiro,Sim,Nao,Sim,31.6,1,1,6,599
34649,2011523761,Braga,41.670751,-8.157233999999999,EN103,72.2,1,0,0,1.0,70,Berma não pavimentada,Seco e limpo,Dois sentidos,Bom tempo,Fora da intersecção,Fora das localidades,Em pleno dia,Em patamar,Recta,Em plena via,Colisão,SEGUNDA-FEIRA,0,1,6,2011-02-04,7,ligeiro,Sim,Nao,Sim,31.6,1,1,6,599
34661,2010456968,Braga,41.519748,-8.450021000000001,EN(d)14,43.05,1,0,0,1.0,50,Sem berma ou impraticável,Molhado,Dois sentidos,Chuva,Fora da intersecção,Fora das localidades,Em pleno dia,Com inclinação,Recta,Em plena via,Colisão,SÁBADO       ,0,2,6,2010-04-17,18,ligeiro,Sim,Sim,Nao,31.6,1,1,6,599
34727,2011573881,Braga,41.507011999999996,-8.445787,A11,30.34,1,0,0,2.0,60,Berma pavimentada,Seco e limpo,Sentido único,Bom tempo,Fora da intersecção,Fora das localidades,Em pleno dia,Com inclinação,Curva,Em plena via,Despiste,TERÇA-FEIRA  ,0,1,6,2011-10-01,16,ligeiro,Sim,Nao,Sim,31.6,1,1,6,599
34729,2011527234,Braga,41.504034000000004,-8.3233,ER310,10.8,1,0,0,2.0,50,Berma pavimentada,Seco e limpo,Sentido único,Bom tempo,Fora da intersecção,Dentro das localidades,Em pleno dia,Em patamar,Recta,Em plena via,Colisão,SÁBADO       ,0,3,6,2011-03-19,10,ligeiro,Sim,Nao,Sim,31.6,1,1,6,599
34806,2012597515,Braga,41.513688,-8.450295,EN14,42.35,1,0,0,1.0,50,Berma pavimentada,Molhado,Dois sentidos,Chuva,Fora da intersecção,Dentro das localidades,Em pleno dia,Em patamar,Recta,Em plena via,Colisão,SÁBADO       ,0,2,6,2012-01-15,15,ligeiro,Sim,Sim,Nao,31.6,1,1,6,599
34808,2009418117,Braga,41.511502,-8.772395,EN(d)13,41.75,1,0,0,1.0,50,Berma pavimentada,Seco e limpo,Dois sentidos,Bom tempo,Em entroncamento,Dentro das localidades,Em pleno dia,Com inclinação,Recta,Em plena via,Colisão,QUARTA-FEIRA ,0,2,6,2009-09-16,19,ligeiro,Sim,Nao,Sim,31.6,1,1,6,599
34839,2012619948,Braga,41.515432000000004,-8.449581,EN14,42.54,2,0,0,1.0,50,Berma não pavimentada,Seco e limpo,Dois sentidos,Bom tempo,Fora da intersecção,Dentro das localidades,Em pleno dia,Em patamar,Recta,Em plena via,Colisão,DOMINGO      ,0,3,6,2012-05-09,16,ligeiro,Sim,Nao,Sim,31.6,1,1,6,599
34845,2008340685,Braga,41.513723,-8.450277999999999,EN14,42.35,2,0,0,2.0,50,Berma pavimentada,Seco e limpo,Dois sentidos,Bom tempo,Fora da intersecção,Dentro das localidades,"Noite, com iluminação",Em patamar,Recta,Em plena via,Atropelamento,DOMINGO      ,0,1,6,2008-09-09,23,ligeiro,Nao,Nao,Sim,31.6,1,1,6,599
34847,2009409740,Braga,41.519311,-8.449827,EN(d)14,43.0,1,0,0,1.0,50,Sem berma ou impraticável,Seco e limpo,Dois sentidos,Bom tempo,Fora da intersecção,Dentro das localidades,"Noite, com iluminação",Com inclinação,Recta,Na berma,Despiste,TERÇA-FEIRA  ,0,1,6,2009-08-01,0,ligeiro,Nao,Nao,Sim,31.6,1,1,6,599
34860,2008322153,Braga,41.510587,-8.769737,EN(d)13,41.5,1,0,0,1.0,50,Berma pavimentada,Húmido,Dois sentidos,Chuva,Em cruzamento,Dentro das localidades,Em pleno dia,Em patamar,Recta,Em plena via,Colisão,SEGUNDA-FEIRA,0,2,6,2008-03-28,15,ligeiro,Sim,Sim,Nao,31.6,1,1,6,599
34868,2010432523,Braga,41.509384999999995,-8.753698,A28,45.97,1,0,0,2.0,120,Berma pavimentada,Molhado,Sentido único,Chuva,Fora da intersecção,Fora das localidades,Em pleno dia,Em patamar,Recta,Em plena via,Despiste,DOMINGO      ,0,1,6,2009-12-31,13,ligeiro,Sim,Sim,Nao,31.6,1,1,6,599
34872,2008337303,Braga,41.512593,-8.773522,EN(d)13,41.91,1,0,0,1.0,50,Sem berma ou impraticável,Seco e limpo,Dois sentidos,Bom tempo,Fora da intersecção,Dentro das localidades,"Noite, com iluminação",Em patamar,Curva,Em plena via,Atropelamento,SÁBADO       ,0,1,6,2008-08-05,22,ligeiro,Nao,Nao,Sim,31.6,1,1,6,599
34877,2010433061,Braga,41.504642,-8.762895,EN(d)13,40.6,1,0,0,2.0,50,Berma pavimentada,Seco e limpo,Dois sentidos,Bom tempo,Em entroncamento,Dentro das localidades,"Noite, com iluminação",Em patamar,Recta,Em plena via,Colisão,SEGUNDA-FEIRA,0,2,6,2009-12-09,18,ligeiro,Nao,Nao,Sim,31.6,1,1,6,599
34904,2009389479,Braga,41.667709,-8.382734,EN308,41.97,1,0,0,1.0,50,Berma não pavimentada,Seco e limpo,Dois sentidos,Bom tempo,Em entroncamento,Dentro das localidades,Em pleno dia,Em patamar,Recta,Em plena via,Colisão,QUINTA-FEIRA ,0,2,6,2009-06-01,6,ligeiro,Sim,Nao,Sim,31.6,1,1,6,599
34909,2010445883,Braga,41.416407,-8.541203999999999,ER206,20.73,1,0,0,1.0,50,Berma pavimentada,Seco e limpo,Dois sentidos,Bom tempo,Em entroncamento,Dentro das localidades,"Noite, com iluminação",Em patamar,Recta,Em plena via,Colisão,TERÇA-FEIRA  ,0,2,6,2010-02-05,22,ligeiro,Nao,Nao,Sim,31.6,1,1,6,599
34914,2012637160,Braga,41.670751,-8.157233999999999,EN103,72.2,2,0,0,1.0,50,Sem berma ou impraticável,Molhado,Dois sentidos,Chuva,Em entroncamento,Fora das localidades,Em pleno dia,Em patamar,Recta,Em plena via,Colisão,SEXTA-FEIRA  ,0,4,6,2012-08-01,17,ligeiro,Sim,Sim,Nao,31.6,1,1,6,599
34916,2012626712,Braga,41.514199,-8.450058,EN14,42.41,1,0,0,1.0,50,Berma pavimentada,Seco e limpo,Dois sentidos,Bom tempo,Em entroncamento,Dentro das localidades,Em pleno dia,Em patamar,Recta,Em plena via,Colisão,DOMINGO      ,0,2,6,2012-06-18,16,ligeiro,Sim,Nao,Sim,31.6,1,1,6,599
34946,2013664929,Braga,41.587444,-8.329263000000001,EN103,50.0,1,0,0,1.0,90,Berma pavimentada,Húmido,Dois sentidos,Chuva,Fora da intersecção,Dentro das localidades,"Noite, sem iluminação",Em patamar,Recta,Na berma,Despiste,SEGUNDA-FEIRA,0,1,6,2012-11-25,1,ligeiro,Nao,Sim,Nao,31.6,1,1,6,599
34951,2011525523,Braga,41.509571,-8.452511999999999,EN14,41.9,1,0,0,1.0,50,Berma pavimentada,Molhado,Dois sentidos,Chuva,Fora da intersecção,Dentro das localidades,"Noite, com iluminação",Em patamar,Recta,Em plena via,Atropelamento,TERÇA-FEIRA  ,0,1,6,2011-02-21,18,ligeiro,Nao,Sim,Nao,31.6,1,1,6,599
34956,2011567569,Braga,41.416489,-8.534075,EN204,36.1,2,0,0,1.0,50,Sem berma ou impraticável,Seco e limpo,Sentido único,Bom tempo,Em rotunda,Dentro das localidades,Em pleno dia,Em patamar,Curva,Em plena via,Colisão,DOMINGO      ,0,2,6,2011-09-12,18,ligeiro,Sim,Nao,Sim,31.6,1,1,6,599
34957,2008324429,Braga,41.508655,-8.453004,EN14,41.8,1,0,0,1.0,50,Berma pavimentada,Seco e limpo,Dois sentidos,Bom tempo,Fora da intersecção,Dentro das localidades,Em pleno dia,Com inclinação,Recta,Em plena via,Atropelamento,SEXTA-FEIRA  ,0,1,6,2008-04-07,7,ligeiro,Sim,Nao,Sim,31.6,1,1,6,599
34964,2007294980,Braga,41.505418,-8.454694,EN14,41.45,0,1,0,1.0,50,Berma pavimentada,Seco e limpo,Dois sentidos,Bom tempo,Fora da intersecção,Dentro das localidades,"Noite, com iluminação",Com inclinação,Recta,Em plena via,Colisão,SEXTA-FEIRA  ,0,2,6,2007-09-14,21,ligeiro,Nao,Nao,Sim,31.6,1,1,6,599
34989,2011527215,Braga,41.516931,-8.448905,EN14,42.7,1,0,0,1.0,50,Berma pavimentada,Seco e limpo,Dois sentidos,Bom tempo,Em rotunda,Dentro das localidades,Em pleno dia,Em patamar,Recta,Em plena via,Colisão,QUINTA-FEIRA ,0,2,6,2011-03-23,8,ligeiro,Sim,Nao,Sim,31.6,1,1,6,599
35009,2008337320,Braga,41.674939,-8.377427,EN205-3,6.2,2,0,0,1.0,50,Sem berma ou impraticável,Seco e limpo,Dois sentidos,Bom tempo,Fora da intersecção,Dentro das localidades,Em pleno dia,Em patamar,Recta,Em plena via,Despiste,SÁBADO       ,0,1,6,2008-08-05,18,ligeiro,Sim,Nao,Sim,31.6,1,1,6,599
35011,2009366742,Braga,41.495971000000004,-8.335567999999999,ER310,12.24,1,0,0,1.0,50,Berma não pavimentada,Seco e limpo,Dois sentidos,Bom tempo,Em entroncamento,Dentro das localidades,"Noite, com iluminação",Com inclinação,Recta,Em plena via,Colisão,SÁBADO       ,0,2,6,2009-03-09,21,ligeiro,Nao,Nao,Sim,31.6,1,1,6,599
35029,2012583018,Braga,41.519311,-8.449827,EN(d)14,43.0,1,0,0,1.0,50,Berma pavimentada,Molhado,Dois sentidos,Chuva,Fora da intersecção,Dentro das localidades,Em pleno dia,Com inclinação,Recta,Em plena via,Colisão,SEXTA-FEIRA  ,0,2,6,2011-11-18,14,ligeiro,Sim,Sim,Nao,31.6,1,1,6,599
35032,2012638728,Braga,41.587105,-8.334717,EN103,49.5,1,0,0,1.0,50,Berma pavimentada,Seco e limpo,Sentido único,Bom tempo,Fora da intersecção,Dentro das localidades,Em pleno dia,Em patamar,Curva,Em plena via,Colisão,QUINTA-FEIRA ,0,2,6,2012-08-28,8,ligeiro,Sim,Nao,Sim,31.6,1,1,6,599
35095,2013669745,Braga,41.417211,-8.534381,EN204,36.0,1,0,0,1.0,50,Berma não pavimentada,Molhado,Dois sentidos,Chuva,Fora da intersecção,Dentro das localidades,"Noite, sem iluminação",Em patamar,Recta,Em plena via,Atropelamento,SEGUNDA-FEIRA,0,1,6,2012-12-18,18,ligeiro,Nao,Sim,Nao,31.6,1,1,6,599
35101,2007294593,Braga,41.510587,-8.769737,EN(d)13,41.5,1,0,0,1.0,50,Sem berma ou impraticável,Seco e limpo,NÃO DEFINIDO,NÃO DEFINIDO,Fora da intersecção,Dentro das localidades,Em pleno dia,Em patamar,Recta,Em plena via,Despiste,SEGUNDA-FEIRA,0,1,6,2007-09-05,13,ligeiro,Sim,Sim,Sim,31.6,1,1,6,599
35124,2009409792,Braga,41.499645,-8.329074,ER310,11.5,1,0,0,1.0,50,Berma não pavimentada,Seco e limpo,Dois sentidos,Bom tempo,Fora da intersecção,Dentro das localidades,Em pleno dia,Em patamar,Recta,Em plena via,Despiste,DOMINGO      ,0,1,6,2009-08-11,17,ligeiro,Sim,Nao,Sim,31.6,1,1,6,599
35148,2009361197,Braga,41.505018,-8.763223,EN(d)13,40.65,0,1,0,1.0,50,Berma não pavimentada,Húmido,Dois sentidos,Chuva,Em entroncamento,Dentro das localidades,"Noite, sem iluminação",Em patamar,Recta,Na berma,Colisão,QUARTA-FEIRA ,0,2,6,2009-02-07,20,ligeiro,Nao,Sim,Nao,31.6,1,1,6,599
35150,2011513885,Braga,41.514153,-8.450082,EN14,42.4,2,0,0,1.0,50,Berma pavimentada,Molhado,Dois sentidos,Chuva,Em entroncamento,Dentro das localidades,Em pleno dia,Em patamar,Recta,Na berma,Colisão,QUARTA-FEIRA ,0,2,6,2010-12-27,14,ligeiro,Sim,Sim,Nao,31.6,1,1,6,599