,COD_ACIDENTE,DISTRITO,LATITUDE,LONGITUDE,VIA,KM,QT_FLIGEIROS,QT_FGRAVES,QT_MORTOS,QT_VIAS_SENTIDO,VEL_LIM_LOCAL,BERMA_VIA,CONDICAO_ADERENCIA,FAIXA_RODAGEM,FATOR_ATMOSFERICO,INTERSECAO_VIA,LOCALIZACAO,LUMINOSIDADE,PERFIL_VIA,PLANTA_VIA,SITUACAO_ACIDENTE,TIPO_NATUREZA,DIA_SEMANA,FLAG_FERIADO,QT_VEICULOS,COD_FREGUESIA,DATA,HORA,GRAVIDADE,ERA_DIA,MAU_TEMPO,ESTRADA_SECA,DENSIDADE_TOTAL,COD_DISTRITO_INE,COD_CONCELHO_INE,COD_FREGUESIA_INE,TOTAL
35151,2007271415,Braga,41.58681,-8.330853,EN103,49.85,2,0,0,1.0,50,Berma pavimentada,Molhado,Dois sentidos,Chuva,NÃO DEFINIDO,Dentro das localidades,Em pleno dia,Em patamar,Curva,Em plena via,Colisão,SEXTA-FEIRA  ,1,2,6,2007-01-01,8,ligeiro,Sim,Sim,Nao,31.6,1,1,6,599
35152,2008324425,Braga,41.509102,-8.766942,EN(d)13,41.2,1,0,0,1.0,50,Berma pavimentada,Seco e limpo,Dois sentidos,Bom tempo,Fora da intersecção,Dentro das localidades,Em pleno dia,Em patamar,Recta,Em plena via,Atropelamento,DOMINGO      ,0,1,6,2008-04-03,13,ligeiro,Sim,Nao,Sim,31.6,1,1,6,599
35155,2007281945,Braga,41.519311,-8.449827,EN(d)14,43.0,1,0,0,1.0,50,Berma pavimentada,Seco e limpo,Dois sentidos,Bom tempo,Em cruzamento,Dentro das localidades,Em pleno dia,Com inclinação,Recta,Em plena via,Colisão,SEGUNDA-FEIRA,0,2,6,2007-05-03,11,ligeiro,Sim,Nao,Sim,31.6,1,1,6,599
35166,2012618116,Braga,41.549186,-8.029713000000001,EN205,95.75,1,0,0,1.0,50,Berma não pavimentada,Seco e limpo,Dois sentidos,Bom tempo,Fora da intersecção,Dentro das localidades,Em pleno dia,Com inclinação,Recta,Em plena via,Colisão,SEGUNDA-FEIRA,0,2,6,2012-05-21,11,ligeiro,Sim,Nao,Sim,31.6,1,1,6,599
35195,2013655772,Braga,41.510543,-8.753979,A28,46.1,1,0,0,2.0,120,Sem berma ou impraticável,Molhado,Sentido único,Chuva,Fora da intersecção,Fora das localidades,Em pleno dia,Em patamar,Recta,Em plena via,Colisão,SEGUNDA-FEIRA,0,3,6,2012-10-22,13,ligeiro,Sim,Sim,Nao,31.6,1,1,6,599
35221,2010446010,Braga,41.508655,-8.453004,EN14,41.8,1,0,0,1.0,50,Berma pavimentada,Seco e limpo,Dois sentidos,Bom tempo,Fora da intersecção,Dentro das localidades,Em pleno dia,Com inclinação,Recta,Em plena via,Colisão,SÁBADO       ,0,3,6,2010-02-03,11,ligeiro,Sim,Nao,Sim,31.6,1,1,6,599
35230,2007280331,Braga,41.41813,-8.544343,ER206,20.3,1,0,0,1.0,50,Berma pavimentada,Seco e limpo,Dois sentidos,Bom tempo,Fora da intersecção,Dentro das localidades,Sol escandeante,Com inclinação,Recta,Em plena via,Colisão,TERÇA-FEIRA  ,0,2,6,2007-04-16,9,ligeiro,Sim,Nao,Sim,31.6,1,1,6,599
35232,2010468144,Braga,41.587336,-8.32958,EN103,49.97,0,1,0,1.0,80,Berma pavimentada,Seco e limpo,Dois sentidos,Bom tempo,Fora da intersecção,Fora das localidades,Em pleno dia,Em patamar,Recta,Na berma,Colisão,SEGUNDA-FEIRA,0,2,6,2010-06-15,9,ligeiro,Sim,Nao,Sim,31.6,1,1,6,599
35255,2007271405,Braga,41.685201,-8.520247999999999,EN308,23.5,5,0,0,1.0,50,Berma não pavimentada,Seco e limpo,Dois sentidos,Bom tempo,Fora da intersecção,Dentro das localidades,Em pleno dia,Em patamar,Curva,Em plena via,Colisão,DOMINGO      ,0,2,18,2007-01-03,13,ligeiro,Sim,Nao,Sim,205.2,1,1,18,1589
35266,2007277778,Braga,41.53463,-8.456703,EN103,36.8,1,0,0,1.0,50,Berma não pavimentada,Seco e limpo,Dois sentidos,Bom tempo,Fora da intersecção,Dentro das localidades,Em pleno dia,Em patamar,Recta,Na berma,Despiste,SEXTA-FEIRA  ,0,1,18,2007-03-21,16,ligeiro,Sim,Nao,Sim,205.2,1,1,18,1589
35272,2007291307,Braga,41.402324,-8.253263,A11,53.98,0,0,1,2.0,40,Berma pavimentada,Seco e limpo,Sentido único,Bom tempo,Fora da intersecção,Fora das localidades,Em pleno dia,Com inclinação,Curva,Em plena via,Colisão,SEXTA-FEIRA  ,0,2,18,2007-08-11,18,ligeiro,Sim,Nao,Sim,205.2,1,1,18,1589
35273,2007285494,Braga,41.62963,-8.397482,EN205,47.72,1,0,0,1.0,50,Berma pavimentada,Seco e limpo,Dois sentidos,Bom tempo,Fora da intersecção,Dentro das localidades,Em pleno dia,Em patamar,Recta,Em plena via,Atropelamento,SÁBADO       ,1,1,18,2007-06-10,8,ligeiro,Sim,Nao,Sim,205.2,1,1,18,1589
35281,2007292120,Braga,41.536971,-8.453615,EN103,37.18,1,0,0,1.0,50,Berma pavimentada,Molhado,Dois sentidos,Chuva,Fora da intersecção,Dentro das localidades,Em pleno dia,Com inclinação,Recta,Em plena via,Colisão,DOMINGO      ,0,3,18,2007-08-01,8,ligeiro,Sim,Sim,Nao,205.2,1,1,18,1589
35282,2007293612,Braga,41.635303,-8.18858,EN103,66.2,1,0,0,1.0,50,Berma não pavimentada,Seco e limpo,Dois sentidos,Bom tempo,NÃO DEFINIDO,Dentro das localidades,Em pleno dia,Em patamar,Recta,Em plena via,Colisão,SÁBADO       ,0,3,18,2007-08-17,17,ligeiro,Sim,Nao,Sim,205.2,1,1,18,1589
35283,2007295594,Braga,41.5348,-8.456145,EN103,36.85,1,0,0,1.0,50,Berma pavimentada,Seco e limpo,Dois sentidos,Bom tempo,Fora da intersecção,Dentro das localidades,Em pleno dia,Em patamar,Recta,Em plena via,Colisão,SÁBADO       ,0,3,18,2007-09-15,13,ligeiro,Sim,Nao,Sim,205.2,1,1,18,1589
35284,2007295613,Braga,41.460215000000005,-8.024453,EN206,69.7,1,0,0,1.0,60,Sem berma ou impraticável,Seco e limpo,Dois sentidos,Bom tempo,NÃO DEFINIDO,Dentro das localidades,Em pleno dia,Com inclinação,Recta,Em plena via,Colisão,SEXTA-FEIRA  ,0,2,18,2007-09-25,18,ligeiro,Sim,Nao,Sim,205.2,1,1,18,1589
35299,2008310767,Braga,41.632401,-8.164075,EN304,86.4,1,0,0,1.0,90,Berma pavimentada,Seco e limpo,Dois sentidos,NÃO DEFINIDO,NÃO DEFINIDO,Dentro das localidades,"Noite, sem iluminação",Em patamar,Recta,Em plena via,Despiste,SÁBADO       ,0,1,18,2008-02-10,19,ligeiro,Nao,Sim,Sim,205.2,1,1,18,1589
35300,2008312371,Braga,41.534976,-8.455599000000001,EN103,36.9,1,0,0,1.0,50,Berma pavimentada,Seco e limpo,Dois sentidos,Bom tempo,Fora da intersecção,Dentro das localidades,"Noite, com iluminação",Em patamar,Recta,Em plena via,Colisão,SEXTA-FEIRA  ,0,3,18,2008-02-09,22,ligeiro,Nao,Nao,Sim,205.2,1,1,18,1589
35313,2008340804,Braga,41.447075,-8.057342,A7,65.72,1,0,0,2.0,120,Berma pavimentada,Seco e limpo,Sentido único,Bom tempo,Fora da intersecção,Fora das localidades,Em pleno dia,Com inclinação,Recta,Na berma,Despiste,QUARTA-FEIRA ,0,1,18,2008-09-17,9,ligeiro,Sim,Nao,Sim,205.2,1,1,18,1589
35315,2008330855,Braga,41.634481,-8.191982000000001,EN103,65.9,2,0,0,1.0,50,Berma pavimentada,Seco e limpo,Sentido único,Bom tempo,Em rotunda,Dentro das localidades,Em pleno dia,Em patamar,Curva,Em plena via,Colisão,QUARTA-FEIRA ,0,2,18,2008-06-01,10,ligeiro,Sim,Nao,Sim,205.2,1,1,18,1589
35317,2009366686,Braga,41.634501,-8.399877,ER205-3,0.6,6,0,0,1.0,50,Berma não pavimentada,Seco e limpo,Dois sentidos,Bom tempo,Fora da intersecção,Dentro das localidades,Em pleno dia,Em patamar,Curva,Em plena via,Colisão,SEXTA-FEIRA  ,0,2,18,2009-03-14,8,ligeiro,Sim,Nao,Sim,205.2,1,1,18,1589
35320,2008346649,Braga,41.63003,-8.396677,EN205,47.8,1,0,0,2.0,50,Berma pavimentada,Seco e limpo,Dois sentidos,Bom tempo,Fora da intersecção,Dentro das localidades,Em pleno dia,Em patamar,Recta,Em plena via,Atropelamento,TERÇA-FEIRA  ,0,1,18,2008-10-15,18,ligeiro,Sim,Nao,Sim,205.2,1,1,18,1589
35327,2009351800,Braga,41.535851,-8.454311,EN103,37.05,1,0,0,1.0,50,Berma pavimentada,Molhado,Dois sentidos,Chuva,Fora da intersecção,Dentro das localidades,Em pleno dia,Em patamar,Recta,Em plena via,Colisão,TERÇA-FEIRA  ,0,2,18,2008-12-11,11,ligeiro,Sim,Sim,Nao,205.2,1,1,18,1589
35329,2009358724,Braga,41.402324,-8.253263,A11,53.98,1,0,0,2.0,80,Berma pavimentada,Seco e limpo,Sentido único,Bom tempo,Em ramo de ligação - saída,Fora das localidades,"Noite, com iluminação",Com inclinação,Curva,Em plena via,Despiste,DOMINGO      ,0,1,18,2009-02-10,21,ligeiro,Nao,Nao,Sim,205.2,1,1,18,1589
35330,2008348381,Braga,41.630257,-8.396165,EN205,47.85,1,0,0,1.0,50,Berma pavimentada,Seco e limpo,Dois sentidos,Bom tempo,Fora da intersecção,Dentro das localidades,"Noite, com iluminação",Em patamar,Recta,Em plena via,Despiste,QUINTA-FEIRA ,0,1,18,2008-11-03,6,ligeiro,Nao,Nao,Sim,205.2,1,1,18,1589
35331,2008348406,Braga,41.629045,-8.201195,EN103,64.8,2,0,0,1.0,40,Berma não pavimentada,Seco e limpo,Dois sentidos,Bom tempo,Fora da intersecção,Dentro das localidades,Em pleno dia,Em patamar,Curva,Na berma,Despiste,DOMINGO      ,0,1,18,2008-11-05,14,ligeiro,Sim,Nao,Sim,205.2,1,1,18,1589
35346,2009383148,Braga,41.627655,-8.401514,EN205,47.32,1,0,0,1.0,50,Berma não pavimentada,Molhado,Dois sentidos,Chuva,Fora da intersecção,Dentro das localidades,Em pleno dia,Em patamar,Recta,Em plena via,Colisão,SEGUNDA-FEIRA,0,3,18,2009-05-12,9,ligeiro,Sim,Sim,Nao,205.2,1,1,18,1589
35352,2009409333,Braga,41.632115,-8.167632000000001,EN304,86.1,1,0,0,1.0,70,Berma pavimentada,Seco e limpo,Dois sentidos,Bom tempo,Em entroncamento,Dentro das localidades,Em pleno dia,Em patamar,Recta,Em plena via,Colisão,QUINTA-FEIRA ,0,2,18,2009-09-23,10,ligeiro,Sim,Nao,Sim,205.2,1,1,18,1589
35355,2010424048,Braga,41.633939,-8.177837,EN304,85.2,1,0,0,2.0,50,Berma pavimentada,Molhado,Dois sentidos,Chuva,Fora da intersecção,Fora das localidades,Em pleno dia,Com inclinação,Curva,Na berma,Despiste,QUARTA-FEIRA ,0,1,18,2009-10-20,9,ligeiro,Sim,Sim,Nao,205.2,1,1,18,1589
35356,2010424054,Braga,41.402324,-8.253263,A11,53.98,1,0,0,2.0,60,Berma pavimentada,Húmido,Sentido único,Bom tempo,Fora da intersecção,Fora das localidades,Em pleno dia,Com inclinação,Curva,Na berma,Despiste,QUINTA-FEIRA ,0,1,18,2009-10-04,11,ligeiro,Sim,Nao,Nao,205.2,1,1,18,1589
35357,2010424078,Braga,41.585874,-8.633182000000001,ER204,18.5,1,0,0,1.0,50,Berma não pavimentada,Molhado,Dois sentidos,Chuva,Em passagem de nível,Dentro das localidades,"Noite, com iluminação",Em patamar,Recta,Em plena via,Colisão,SÁBADO       ,0,2,18,2009-10-23,19,ligeiro,Nao,Sim,Nao,205.2,1,1,18,1589
35362,2010433787,Braga,41.634396,-8.193694,EN103,65.75,1,0,0,2.0,50,Berma pavimentada,Molhado,Sentido único,Chuva,Fora da intersecção,Dentro das localidades,Aurora ou crepúsculo,Em patamar,Recta,Em plena via,Colisão,QUARTA-FEIRA ,0,3,18,2009-12-05,16,ligeiro,Nao,Sim,Nao,205.2,1,1,18,1589
35364,2010433172,Braga,41.633939,-8.177837,EN304,85.2,11,0,2,1.0,70,Berma pavimentada,"Com gelo, geada ou neve",Dois sentidos,Neve,Fora da intersecção,Fora das localidades,"Noite, sem iluminação",Com inclinação,Curva,Em plena via,Despiste,QUARTA-FEIRA ,0,1,18,2009-12-16,4,muito grave,Nao,Sim,Nao,205.2,1,1,18,1589
35369,2010442849,Braga,41.6859,-8.507441,EN308,24.7,2,0,0,1.0,50,Sem berma ou impraticável,Molhado,Dois sentidos,Bom tempo,Fora da intersecção,Dentro das localidades,Em pleno dia,Em patamar,Curva,Em plena via,Colisão,DOMINGO      ,0,2,18,2010-01-17,11,ligeiro,Sim,Nao,Nao,205.2,1,1,18,1589
35374,2010452714,Braga,41.587340999999995,-8.632522,ER204,18.3,1,0,0,1.0,50,Berma pavimentada,Molhado,Dois sentidos,Chuva,Fora da intersecção,Dentro das localidades,"Noite, com iluminação",Com inclinação,Recta,Em plena via,Colisão,DOMINGO      ,0,2,18,2010-03-20,19,ligeiro,Nao,Sim,Nao,205.2,1,1,18,1589
35379,2010486978,Braga,41.578179999999996,-8.632732,ER204,19.4,1,0,0,1.0,50,Berma pavimentada,Seco e limpo,Dois sentidos,Bom tempo,Em cruzamento,Dentro das localidades,Em pleno dia,Em patamar,Recta,Em plena via,Colisão,SEXTA-FEIRA  ,0,3,18,2010-08-03,10,ligeiro,Sim,Nao,Sim,205.2,1,1,18,1589
35381,2010486056,Braga,41.637619,-8.187233,EN304,83.65,2,0,0,1.0,90,Sem berma ou impraticável,Seco e limpo,Dois sentidos,Bom tempo,Fora da intersecção,Fora das localidades,Aurora ou crepúsculo,Com inclinação,Curva,Em plena via,Colisão,QUINTA-FEIRA ,0,2,18,2010-08-24,7,ligeiro,Nao,Nao,Sim,205.2,1,1,18,1589
35401,2011506745,Braga,41.625861,-8.204624,EN103,64.35,1,0,0,1.0,90,Sem berma ou impraticável,Molhado,Dois sentidos,Chuva,Fora da intersecção,Fora das localidades,"Noite, sem iluminação",Em patamar,Recta,Em plena via,Colisão,SEXTA-FEIRA  ,0,2,18,2010-11-19,23,ligeiro,Nao,Sim,Nao,205.2,1,1,18,1589
35402,2011506771,Braga,41.577273999999996,-8.632635,ER204,19.5,1,0,0,1.0,50,Berma pavimentada,Seco e limpo,Dois sentidos,Bom tempo,Fora da intersecção,Dentro das localidades,Em pleno dia,Em patamar,Recta,Em plena via,Colisão,DOMINGO      ,0,2,18,2010-11-26,7,ligeiro,Sim,Nao,Sim,205.2,1,1,18,1589
35406,2011513923,Braga,41.627882,-8.401286,EN205,47.35,1,0,0,1.0,50,Berma pavimentada,Molhado,Dois sentidos,Chuva,Em cruzamento,Dentro das localidades,Em pleno dia,Em patamar,Curva,Em plena via,Colisão,SEXTA-FEIRA  ,0,2,18,2010-12-06,12,ligeiro,Sim,Sim,Nao,205.2,1,1,18,1589
35409,2011523854,Braga,41.63317,-8.398984,ER205-3,0.43,1,0,0,1.0,50,Berma não pavimentada,Seco e limpo,Dois sentidos,Bom tempo,Fora da intersecção,Dentro das localidades,Em pleno dia,Em patamar,Curva,Em plena via,Colisão,QUINTA-FEIRA ,0,3,18,2011-02-17,17,ligeiro,Sim,Nao,Sim,205.2,1,1,18,1589
35410,2011523762,Braga,41.635303,-8.18858,EN103,66.2,2,0,0,1.0,50,Berma pavimentada,Seco e limpo,Dois sentidos,Bom tempo,Fora da intersecção,Fora das localidades,Em pleno dia,Em patamar,Recta,Em plena via,Colisão,QUINTA-FEIRA ,0,2,18,2011-02-06,13,ligeiro,Sim,Nao,Sim,205.2,1,1,18,1589
35411,2011518982,Braga,41.535971999999994,-8.454236,EN103,37.06,1,0,0,1.0,50,Berma pavimentada,Com água acumulada na faixa de rodagem,Dois sentidos,Chuva,Fora da intersecção,Dentro das localidades,Em pleno dia,Com inclinação,Recta,Em plena via,Atropelamento,SÁBADO       ,0,1,18,2011-01-10,8,ligeiro,Sim,Sim,Nao,205.2,1,1,18,1589
35415,2011542160,Braga,41.629075,-8.398676,EN205,47.6,1,0,0,1.0,50,Berma pavimentada,Seco e limpo,Dois sentidos,Bom tempo,Fora da intersecção,Dentro das localidades,Em pleno dia,Em patamar,Recta,Em plena via,Colisão,TERÇA-FEIRA  ,0,2,18,2011-05-23,16,ligeiro,Sim,Nao,Sim,205.2,1,1,18,1589
35417,2011529594,Braga,41.537289,-8.450376,EN103,37.45,1,0,0,1.0,50,Sem berma ou impraticável,Seco e limpo,Dois sentidos,Bom tempo,Fora da intersecção,Dentro das localidades,Em pleno dia,Com inclinação,Recta,Em plena via,Atropelamento,SÁBADO       ,1,1,18,2011-04-22,11,ligeiro,Sim,Nao,Sim,205.2,1,1,18,1589
35420,2011547961,Braga,41.460819,-8.023417,EN206,69.8,2,0,0,1.0,50,Sem berma ou impraticável,Seco e limpo,Dois sentidos,Bom tempo,Fora da intersecção,Dentro das localidades,Em pleno dia,Em patamar,Recta,Em plena via,Colisão,SÁBADO       ,0,2,18,2011-06-12,11,ligeiro,Sim,Nao,Sim,205.2,1,1,18,1589
35421,2011555538,Braga,41.537319000000004,-8.450441,EN103,37.44,1,0,0,1.0,50,Sem berma ou impraticável,Seco e limpo,Dois sentidos,Bom tempo,Fora da intersecção,Dentro das localidades,Em pleno dia,Com inclinação,Curva,Em plena via,Colisão,DOMINGO      ,0,3,18,2011-07-23,17,ligeiro,Sim,Nao,Sim,205.2,1,1,18,1589
35423,2011563852,Braga,41.63623,-8.399736,ER205-3,0.8,3,0,0,2.0,50,Berma não pavimentada,Húmido,Dois sentidos,Bom tempo,Fora da intersecção,Dentro das localidades,"Noite, com iluminação",Em patamar,Recta,Na berma,Colisão,SEXTA-FEIRA  ,0,1,18,2011-08-13,23,ligeiro,Nao,Nao,Nao,205.2,1,1,18,1589
35425,2011572016,Braga,41.628421,-8.400293,EN205,47.45,3,1,0,1.0,50,Berma pavimentada,Seco e limpo,Dois sentidos,Bom tempo,Fora da intersecção,Dentro das localidades,Em pleno dia,Em patamar,Recta,Em plena via,Colisão,SEGUNDA-FEIRA,0,3,18,2011-10-23,9,ligeiro,Sim,Nao,Sim,205.2,1,1,18,1589
35433,2012597899,Braga,41.632127000000004,-8.17049,EN304,85.86,1,0,0,1.0,50,Berma pavimentada,Seco e limpo,Dois sentidos,Bom tempo,Fora da intersecção,Dentro das localidades,"Noite, sem iluminação",Com inclinação,Recta,Em plena via,Colisão,QUARTA-FEIRA ,0,1,18,2012-01-24,1,ligeiro,Nao,Nao,Sim,205.2,1,1,18,1589
35435,2012591638,Braga,41.633614,-8.18256,EN304,84.62,3,0,0,1.0,50,Sem berma ou impraticável,Molhado,Dois sentidos,Chuva,Fora da intersecção,Dentro das localidades,"Noite, sem iluminação",Com inclinação,Curva,Na berma,Despiste,TERÇA-FEIRA  ,0,1,18,2011-12-31,23,ligeiro,Nao,Sim,Nao,205.2,1,1,18,1589
35436,2012600483,Braga,41.632135,-8.197135000000001,EN103,65.3,1,0,0,1.0,90,Sem berma ou impraticável,Húmido,Dois sentidos,Chuva,Fora da intersecção,Fora das localidades,Em pleno dia,Em patamar,Curva,Em plena via,Colisão,QUINTA-FEIRA ,0,3,18,2012-02-05,16,ligeiro,Sim,Sim,Nao,205.2,1,1,18,1589
35438,2012614135,Braga,41.440318,-8.025982,EN(d)304,120.5,4,0,0,2.0,50,Sem berma ou impraticável,Molhado,Dois sentidos,Chuva,Fora da intersecção,Fora das localidades,Em pleno dia,Em patamar,Curva,Em plena via,Colisão,QUARTA-FEIRA ,0,2,18,2012-04-13,13,ligeiro,Sim,Sim,Nao,205.2,1,1,18,1589
35439,2012618119,Braga,41.64029,-8.186649000000001,EN304,83.22,1,0,0,1.0,50,Sem berma ou impraticável,Seco e limpo,Dois sentidos,Bom tempo,Fora da intersecção,Dentro das localidades,Em pleno dia,Com inclinação,Curva,Na berma,Despiste,DOMINGO      ,0,1,18,2012-05-15,10,ligeiro,Sim,Nao,Sim,205.2,1,1,18,1589
35446,2012608620,Braga,41.537112,-8.453448,EN103,37.2,2,0,0,1.0,50,Berma pavimentada,Molhado,Dois sentidos,Chuva,Em entroncamento,Dentro das localidades,"Noite, com iluminação",Em patamar,Recta,Em plena via,Colisão,SEGUNDA-FEIRA,0,2,18,2012-03-03,19,ligeiro,Nao,Sim,Nao,205.2,1,1,18,1589
35448,2012628143,Braga,41.458271999999994,-8.029694000000001,EN206,69.25,1,0,0,1.0,50,Sem berma ou impraticável,Húmido,Dois sentidos,Bom tempo,Fora da intersecção,Dentro das localidades,Em pleno dia,Em patamar,Recta,Em plena via,Colisão,QUARTA-FEIRA ,0,2,18,2012-06-15,18,ligeiro,Sim,Nao,Nao,205.2,1,1,18,1589
35450,2012630963,Braga,41.626204,-8.204224,EN103,64.4,3,0,0,1.0,50,Sem berma ou impraticável,Seco e limpo,Dois sentidos,Bom tempo,Fora da intersecção,Dentro das localidades,Em pleno dia,Em patamar,Recta,Em plena via,Despiste,QUARTA-FEIRA ,0,1,18,2012-07-24,15,ligeiro,Sim,Nao,Sim,205.2,1,1,18,1589
35452,2012645073,Braga,41.634473,-8.192325,EN103,65.87,1,0,0,1.0,50,Berma pavimentada,Seco e limpo,Dois sentidos,Bom tempo,Fora da intersecção,Dentro das localidades,Em pleno dia,Em patamar,Recta,Em plena via,Colisão,SEXTA-FEIRA  ,0,2,18,2012-09-04,16,ligeiro,Sim,Nao,Sim,205.2,1,1,18,1589
35458,2012638942,Braga,41.637619,-8.187233,EN304,83.65,5,0,0,1.0,50,Sem berma ou impraticável,Seco e limpo,Dois sentidos,Bom tempo,Fora da intersecção,Dentro das localidades,Em pleno dia,Com inclinação,Curva,Em plena via,Despiste,QUINTA-FEIRA ,0,1,18,2012-08-17,15,ligeiro,Sim,Nao,Sim,205.2,1,1,18,1589
35463,2013669698,Braga,41.454302,-8.031199,EN(d)304,118.04,1,0,0,1.0,90,Sem berma ou impraticável,Molhado,Dois sentidos,Chuva,Fora da intersecção,Fora das localidades,Em pleno dia,Em patamar,Curva,Na berma,Despiste,SÁBADO       ,0,1,18,2012-12-16,9,ligeiro,Sim,Sim,Nao,205.2,1,1,18,1589
35469,2007294068,Braga,41.534976,-8.455599000000001,EN103,36.9,2,0,0,1.0,50,Berma pavimentada,Seco e limpo,Dois sentidos,Bom tempo,Em entroncamento,Dentro das localidades,Em pleno dia,Em patamar,Recta,Em plena via,Colisão,SEGUNDA-FEIRA,0,2,18,2007-08-24,13,ligeiro,Sim,Nao,Sim,205.2,1,1,18,1589
35488,2008339858,Braga,41.452243,-8.060034,EN206,65.9,1,0,0,1.0,90,Berma não pavimentada,Seco e limpo,Dois sentidos,Bom tempo,Fora da intersecção,Fora das localidades,Em pleno dia,Com inclinação,Curva,Em plena via,Despiste,DOMINGO      ,0,1,18,2008-09-26,11,ligeiro,Sim,Nao,Sim,205.2,1,1,18,1589
35491,2009418084,Braga,41.577273999999996,-8.632635,ER204,19.5,1,0,0,1.0,50,Berma não pavimentada,Seco e limpo,Sentido único,Bom tempo,Fora da intersecção,Dentro das localidades,Em pleno dia,Em patamar,Recta,Em plena via,Colisão,QUARTA-FEIRA ,0,2,18,2009-09-05,11,ligeiro,Sim,Nao,Sim,205.2,1,1,18,1589
35506,2011574216,Braga,41.63292,-8.174601,EN304,85.5,1,0,0,1.0,90,Berma pavimentada,Molhado,Dois sentidos,Chuva,Em entroncamento,Fora das localidades,Em pleno dia,Em patamar,Recta,Na berma,Colisão,QUARTA-FEIRA ,0,2,18,2011-10-24,12,ligeiro,Sim,Sim,Nao,205.2,1,1,18,1589
35516,2008308760,Braga,41.635111,-8.189091000000001,EN103,66.15,1,0,0,1.0,50,Berma pavimentada,Húmido,Dois sentidos,Chuva,NÃO DEFINIDO,Dentro das localidades,Em pleno dia,Em patamar,Recta,Em plena via,Atropelamento,QUINTA-FEIRA ,0,1,18,2008-01-11,12,ligeiro,Sim,Sim,Nao,205.2,1,1,18,1589
35526,2009409724,Braga,41.458636,-8.028489,EN206,69.35,1,0,0,1.0,50,Berma não pavimentada,Seco e limpo,Dois sentidos,Bom tempo,Fora da intersecção,Dentro das localidades,Em pleno dia,Com inclinação,Recta,Em plena via,Colisão,SEGUNDA-FEIRA,0,3,18,2009-08-17,18,ligeiro,Sim,Nao,Sim,205.2,1,1,18,1589
35529,2009399774,Braga,41.402324,-8.253263,A11,53.98,1,0,0,2.0,60,Berma pavimentada,Seco e limpo,Sentido único,Bom tempo,Fora da intersecção,Fora das localidades,Em pleno dia,Com inclinação,Curva,Em plena via,Despiste,SEGUNDA-FEIRA,0,1,18,2009-07-25,17,ligeiro,Sim,Nao,Sim,205.2,1,1,18,1589
35532,2008306163,Braga,41.585001,-8.63298,ER204,18.6,1,0,0,2.0,50,Sem berma ou impraticável,Seco e limpo,Dois sentidos,Bom tempo,Em entroncamento,Dentro das localidades,"Noite, com iluminação",Com inclinação,Curva,Em plena via,Despiste,SÁBADO       ,0,1,18,2007-12-20,2,ligeiro,Nao,Nao,Sim,205.2,1,1,18,1589
35536,2012638498,Braga,41.635967,-8.186722999999999,EN103,66.38,1,0,0,1.0,50,Berma pavimentada,Seco e limpo,Dois sentidos,Bom tempo,Fora da intersecção,Dentro das localidades,Em pleno dia,Em Lomba,Recta,Em plena via,Colisão,TERÇA-FEIRA  ,0,2,18,2012-08-27,17,ligeiro,Sim,Nao,Sim,205.2,1,1,18,1589
35538,2010445914,Braga,41.638878999999996,-8.184177,EN103,66.8,1,0,0,1.0,50,Berma não pavimentada,Seco e limpo,Dois sentidos,Bom tempo,Em entroncamento,Dentro das localidades,Em pleno dia,Em patamar,Recta,Em plena via,Colisão,SEXTA-FEIRA  ,0,2,18,2010-02-08,10,ligeiro,Sim,Nao,Sim,205.2,1,1,18,1589
35543,2011563942,Braga,41.623574,-8.40456,EN205,46.8,1,0,0,1.0,50,Berma pavimentada,Seco e limpo,Dois sentidos,Bom tempo,Fora da intersecção,Dentro das localidades,Em pleno dia,Em patamar,Recta,Em plena via,Colisão,SEXTA-FEIRA  ,0,2,18,2011-08-13,15,ligeiro,Sim,Nao,Sim,205.2,1,1,18,1589
35559,2008308763,Braga,41.624423,-8.404164999999999,EN205,46.9,3,0,0,1.0,50,Berma pavimentada,Molhado,Dois sentidos,Chuva,Fora da intersecção,Dentro das localidades,"Noite, com iluminação",Em patamar,Recta,Em plena via,Colisão,SEGUNDA-FEIRA,0,2,18,2008-01-14,0,ligeiro,Nao,Sim,Nao,205.2,1,1,18,1589
35573,2008333876,Braga,41.535851,-8.454311,EN103,37.05,1,0,0,1.0,50,Berma pavimentada,Seco e limpo,Dois sentidos,Bom tempo,Fora da intersecção,Dentro das localidades,Em pleno dia,Em patamar,Recta,Em plena via,Atropelamento,QUINTA-FEIRA ,0,1,18,2008-07-23,18,ligeiro,Sim,Nao,Sim,205.2,1,1,18,1589
35575,2013656957,Braga,41.632253999999996,-8.165852000000001,EN304,86.25,1,0,0,1.0,50,Berma pavimentada,Seco e limpo,Dois sentidos,Bom tempo,Fora da intersecção,Dentro das localidades,Em pleno dia,Em patamar,Recta,Em plena via,Colisão,QUARTA-FEIRA ,0,2,18,2012-10-07,15,ligeiro,Sim,Nao,Sim,205.2,1,1,18,1589
35578,2010433725,Braga,41.447169,-8.056397,A7,65.8,4,0,0,2.0,120,Berma pavimentada,Molhado,Sentido único,Chuva,Fora da intersecção,Fora das localidades,"Noite, sem iluminação",Com inclinação,Recta,Em plena via,Despiste,QUINTA-FEIRA ,0,1,18,2009-12-06,17,ligeiro,Nao,Sim,Nao,205.2,1,1,18,1589