,COD_ACIDENTE,DISTRITO,LATITUDE,LONGITUDE,VIA,KM,QT_FLIGEIROS,QT_FGRAVES,QT_MORTOS,QT_VIAS_SENTIDO,VEL_LIM_LOCAL,BERMA_VIA,CONDICAO_ADERENCIA,FAIXA_RODAGEM,FATOR_ATMOSFERICO,INTERSECAO_VIA,LOCALIZACAO,LUMINOSIDADE,PERFIL_VIA,PLANTA_VIA,SITUACAO_ACIDENTE,TIPO_NATUREZA,DIA_SEMANA,FLAG_FERIADO,QT_VEICULOS,COD_FREGUESIA,DATA,HORA,GRAVIDADE,ERA_DIA,MAU_TEMPO,ESTRADA_SECA,DENSIDADE_TOTAL,COD_DISTRITO_INE,COD_CONCELHO_INE,COD_FREGUESIA_INE,TOTAL
35579,2009349145,Braga,41.537331,-8.452255000000001,EN103,37.3,1,0,0,1.0,50,Berma não pavimentada,Seco e limpo,Dois sentidos,Bom tempo,Fora da intersecção,Dentro das localidades,Em pleno dia,Com inclinação,Recta,Em plena via,Colisão,TERÇA-FEIRA  ,0,2,18,2008-11-18,10,ligeiro,Sim,Nao,Sim,205.2,1,1,18,1589
35581,2009408902,Braga,41.632115,-8.167632000000001,EN304,86.1,2,1,0,1.0,70,Berma pavimentada,Seco e limpo,Dois sentidos,Bom tempo,Fora da intersecção,Fora das localidades,Em pleno dia,Com inclinação,Recta,Em plena via,Colisão,SÁBADO       ,0,2,18,2009-08-21,14,ligeiro,Sim,Nao,Sim,205.2,1,1,18,1589
35583,2011529592,Braga,41.447497999999996,-8.054972,A7,65.93,1,0,0,2.0,120,Berma pavimentada,Com água acumulada na faixa de rodagem,Sentido único,Chuva,Fora da intersecção,Fora das localidades,Em pleno dia,Com inclinação,Recta,Em plena via,Despiste,SÁBADO       ,1,1,18,2011-04-22,8,ligeiro,Sim,Sim,Nao,205.2,1,1,18,1589
35593,2009389621,Braga,41.402324,-8.253263,A11,53.98,1,0,0,2.0,40,Berma pavimentada,Seco e limpo,Sentido único,Bom tempo,Fora da intersecção,Fora das localidades,Em pleno dia,Com inclinação,Recta,Na berma,Despiste,QUARTA-FEIRA ,0,1,18,2009-06-28,13,ligeiro,Sim,Nao,Sim,205.2,1,1,18,1589
35598,2012626687,Braga,41.630302,-8.398377,ER205-3,0.1,2,0,0,1.0,50,Berma não pavimentada,Seco e limpo,Dois sentidos,Bom tempo,Fora da intersecção,Dentro das localidades,Em pleno dia,Em patamar,Recta,Em plena via,Colisão,QUINTA-FEIRA ,0,2,18,2012-06-21,18,ligeiro,Sim,Nao,Sim,205.2,1,1,18,1589
35603,2010421312,Braga,41.632115,-8.167632000000001,EN304,86.1,1,0,0,1.0,70,Berma pavimentada,Húmido,Dois sentidos,Bom tempo,Fora da intersecção,Fora das localidades,Aurora ou crepúsculo,Com inclinação,Curva,Em plena via,Despiste,DOMINGO      ,0,1,18,2009-09-03,6,ligeiro,Nao,Nao,Nao,205.2,1,1,18,1589
35605,2008341802,Braga,41.625262,-8.403742999999999,EN205,47.0,1,0,0,1.0,50,Sem berma ou impraticável,Seco e limpo,Dois sentidos,Bom tempo,Em entroncamento,Dentro das localidades,Em pleno dia,Em patamar,Curva,Em plena via,Atropelamento,QUINTA-FEIRA ,0,1,18,2008-09-12,15,ligeiro,Sim,Nao,Sim,205.2,1,1,18,1589
35607,2010462714,Braga,41.627628,-8.202711,EN103,64.6,2,1,0,1.0,80,Sem berma ou impraticável,Seco e limpo,Dois sentidos,Bom tempo,Fora da intersecção,Fora das localidades,Em pleno dia,Em patamar,Recta,Em plena via,Colisão,SEGUNDA-FEIRA,0,2,18,2010-05-06,14,ligeiro,Sim,Nao,Sim,205.2,1,1,18,1589
35618,2010468369,Braga,41.53463,-8.456703,EN103,36.8,1,1,0,1.0,50,Sem berma ou impraticável,Seco e limpo,Dois sentidos,Bom tempo,Em entroncamento,Dentro das localidades,Em pleno dia,Em patamar,Recta,Em plena via,Colisão,SEXTA-FEIRA  ,0,2,18,2010-06-29,12,ligeiro,Sim,Nao,Sim,205.2,1,1,18,1589
35620,2011542157,Braga,41.635304999999995,-8.180233,EN304,84.9,2,0,0,1.0,70,Berma pavimentada,Seco e limpo,Dois sentidos,Bom tempo,Fora da intersecção,Fora das localidades,Em pleno dia,Em patamar,Recta,Na berma,Despiste,SEGUNDA-FEIRA,0,1,18,2011-05-22,9,ligeiro,Sim,Nao,Sim,205.2,1,1,18,1589
35631,2008323662,Braga,41.402324,-8.253263,A11,53.98,1,0,0,2.0,40,Berma pavimentada,Molhado,Sentido único,Chuva,Fora da intersecção,Fora das localidades,Em pleno dia,Com inclinação,Curva,Na berma,Despiste,SÁBADO       ,0,1,18,2008-04-19,19,ligeiro,Sim,Sim,Nao,205.2,1,1,18,1589
35632,2007273374,Braga,41.458271999999994,-8.029694000000001,EN206,69.25,1,0,0,1.0,50,Berma pavimentada,Seco e limpo,Dois sentidos,Bom tempo,Fora da intersecção,Dentro das localidades,Em pleno dia,Em patamar,Recta,Em plena via,Colisão,TERÇA-FEIRA  ,0,2,18,2007-01-27,15,ligeiro,Sim,Nao,Sim,205.2,1,1,18,1589
35641,2012608680,Braga,41.632166,-8.1718,EN304,85.75,1,0,0,1.0,90,Berma pavimentada,Seco e limpo,Dois sentidos,Bom tempo,Fora da intersecção,Fora das localidades,Em pleno dia,Com inclinação,Curva,Em plena via,Colisão,QUARTA-FEIRA ,0,2,18,2012-03-10,9,ligeiro,Sim,Nao,Sim,205.2,1,1,18,1589
35643,2011539579,Braga,41.625262,-8.403742999999999,EN205,47.0,1,1,0,1.0,50,Berma não pavimentada,Seco e limpo,Dois sentidos,Bom tempo,Em entroncamento,Dentro das localidades,Em pleno dia,Em patamar,Curva,Em plena via,Colisão,SEXTA-FEIRA  ,0,2,18,2011-05-31,18,ligeiro,Sim,Nao,Sim,205.2,1,1,18,1589
35646,2012591640,Braga,41.587228,-8.632707,ER204,18.32,1,0,0,1.0,50,Berma pavimentada,Seco e limpo,Dois sentidos,Bom tempo,Fora da intersecção,Dentro das localidades,"Noite, com iluminação",Em patamar,Recta,Em plena via,Colisão,SEXTA-FEIRA  ,0,2,18,2011-12-16,20,ligeiro,Nao,Nao,Sim,205.2,1,1,18,1589
35656,2011527255,Braga,41.536282,-8.454042999999999,EN103,37.1,1,0,0,1.0,50,Berma pavimentada,Seco e limpo,Dois sentidos,Bom tempo,Fora da intersecção,Dentro das localidades,Em pleno dia,Em patamar,Recta,Em plena via,Colisão,QUARTA-FEIRA ,0,2,18,2011-03-22,9,ligeiro,Sim,Nao,Sim,205.2,1,1,18,1589
35669,2008310169,Braga,41.640582,-8.183133999999999,EN103,67.02,0,1,0,1.0,90,Berma pavimentada,Seco e limpo,Dois sentidos,Bom tempo,Fora da intersecção,Fora das localidades,Em pleno dia,Em patamar,Recta,Em plena via,Atropelamento,TERÇA-FEIRA  ,0,1,18,2008-02-29,17,ligeiro,Sim,Nao,Sim,205.2,1,1,18,1589
35670,2010423994,Braga,41.537375,-8.4508,EN103,37.42,2,0,0,2.0,50,Berma pavimentada,Molhado,Dois sentidos,Chuva,Em rotunda,Dentro das localidades,"Noite, com iluminação",Em patamar,Curva,Em plena via,Despiste,SEGUNDA-FEIRA,0,1,18,2009-10-24,22,ligeiro,Nao,Sim,Nao,205.2,1,1,18,1589
35671,2008330329,Braga,41.620599,-8.405928999999999,EN205,46.45,1,0,0,1.0,50,Sem berma ou impraticável,Seco e limpo,Dois sentidos,Bom tempo,Fora da intersecção,Fora das localidades,Em pleno dia,Em patamar,Recta,Em plena via,Colisão,SÁBADO       ,0,2,18,2008-06-26,16,ligeiro,Sim,Nao,Sim,205.2,1,1,18,1589
35673,2008333972,Braga,41.634481,-8.191982000000001,EN103,65.9,3,0,0,1.0,50,Berma pavimentada,Seco e limpo,Dois sentidos,Bom tempo,Em rotunda,Dentro das localidades,Sol escandeante,Com inclinação,Curva,Em plena via,Colisão,SEGUNDA-FEIRA,0,2,18,2008-07-20,13,ligeiro,Sim,Nao,Sim,205.2,1,1,18,1589
35682,2010453719,Braga,41.398763,-8.257214999999999,A11,54.5,1,0,0,2.0,120,Berma pavimentada,Molhado,Sentido único,Chuva,Fora da intersecção,Fora das localidades,Em pleno dia,Com inclinação,Recta,Em plena via,Colisão,QUINTA-FEIRA ,0,2,18,2010-03-01,9,ligeiro,Sim,Sim,Nao,205.2,1,1,18,1589
35692,2012630960,Braga,41.639672,-8.183744,EN103,66.9,1,0,0,1.0,50,Sem berma ou impraticável,Seco e limpo,Dois sentidos,Bom tempo,Fora da intersecção,Dentro das localidades,Em pleno dia,Em patamar,Recta,Em plena via,Colisão,DOMINGO      ,0,2,18,2012-07-16,12,ligeiro,Sim,Nao,Sim,205.2,1,1,18,1589
35693,2011573888,Braga,41.535424,-8.454589,EN103,37.0,1,0,0,1.0,50,Sem berma ou impraticável,Seco e limpo,Dois sentidos,Bom tempo,Em entroncamento,Dentro das localidades,Em pleno dia,Em patamar,Curva,Em plena via,Colisão,SEGUNDA-FEIRA,0,2,18,2011-10-06,13,ligeiro,Sim,Nao,Sim,205.2,1,1,18,1589
35698,2010464668,Braga,41.401483,-8.254112,A11,54.1,1,0,0,2.0,40,Berma pavimentada,Seco e limpo,Dois sentidos,Bom tempo,Fora da intersecção,Fora das localidades,Em pleno dia,Com inclinação,Curva,Na berma,Despiste,SEGUNDA-FEIRA,0,1,18,2010-05-23,18,ligeiro,Sim,Nao,Sim,205.2,1,1,18,1589
35705,2012626689,Braga,41.63523,-8.180449000000001,EN304,84.88,1,0,0,1.0,50,Berma pavimentada,Molhado,Dois sentidos,Chuva,Em entroncamento,Dentro das localidades,Em pleno dia,Com inclinação,Recta,Em plena via,Colisão,QUARTA-FEIRA ,0,2,18,2012-06-20,17,ligeiro,Sim,Sim,Nao,205.2,1,1,18,1589
35708,2011574217,Braga,41.632115,-8.170013,EN304,85.9,2,0,0,1.0,50,Berma pavimentada,Seco e limpo,Dois sentidos,Bom tempo,Fora da intersecção,Dentro das localidades,Em pleno dia,Com inclinação,Recta,Em plena via,Colisão,SEXTA-FEIRA  ,0,2,18,2011-10-20,14,ligeiro,Sim,Nao,Sim,205.2,1,1,18,1589
35716,2008329272,Braga,41.53463,-8.456703,EN103,36.8,1,0,0,1.0,50,Berma pavimentada,Seco e limpo,Dois sentidos,Bom tempo,Em entroncamento,Dentro das localidades,"Noite, com iluminação",Em patamar,Recta,Em plena via,Colisão,SÁBADO       ,0,2,18,2008-05-23,21,ligeiro,Nao,Nao,Sim,205.2,1,1,18,1589
35725,2010433640,Braga,41.628364000000005,-8.201996000000001,EN103,64.7,1,0,0,1.0,50,Berma não pavimentada,Húmido,Dois sentidos,Chuva,Fora da intersecção,Dentro das localidades,"Noite, sem iluminação",Em patamar,Recta,Em plena via,Despiste,QUARTA-FEIRA ,0,1,18,2009-12-16,20,ligeiro,Nao,Sim,Nao,205.2,1,1,18,1589
35728,2007295032,Braga,41.621025,-8.405738000000001,EN205,46.5,0,1,0,2.0,50,Sem berma ou impraticável,Seco e limpo,Dois sentidos,Bom tempo,Em entroncamento,Dentro das localidades,"Noite, com iluminação",Em patamar,Recta,Em plena via,Colisão,QUINTA-FEIRA ,0,2,18,2007-09-30,19,ligeiro,Nao,Nao,Sim,205.2,1,1,18,1589
35734,2010447038,Braga,41.452518,-8.059908,EN206,65.93,1,0,0,1.0,50,Sem berma ou impraticável,Seco e limpo,Dois sentidos,Bom tempo,Em entroncamento,Dentro das localidades,"Noite, com iluminação",Com inclinação,Curva,Em plena via,Atropelamento,SEXTA-FEIRA  ,0,1,18,2010-02-02,20,ligeiro,Nao,Nao,Sim,205.2,1,1,18,1589
35737,2012600487,Braga,41.635822,-8.187130999999999,EN103,66.34,1,0,0,1.0,50,Berma pavimentada,Molhado,Dois sentidos,Chuva,Fora da intersecção,Dentro das localidades,Em pleno dia,Em patamar,Recta,Em plena via,Colisão,SÁBADO       ,0,2,18,2012-02-01,17,ligeiro,Sim,Sim,Nao,205.2,1,1,18,1589
35738,2007283598,Braga,41.686438,-8.508232000000001,EN308,24.61,0,1,0,1.0,80,Sem berma ou impraticável,Seco e limpo,Dois sentidos,Bom tempo,Fora da intersecção,Dentro das localidades,Aurora ou crepúsculo,Em patamar,Recta,Na berma,Despiste,QUARTA-FEIRA ,0,1,18,2007-05-21,20,ligeiro,Nao,Nao,Sim,205.2,1,1,18,1589
35741,2008337285,Braga,41.458271999999994,-8.029694000000001,EN206,69.25,2,0,0,1.0,40,Berma não pavimentada,Húmido,Dois sentidos,Nevoeiro,Fora da intersecção,Dentro das localidades,Aurora ou crepúsculo,Em patamar,Recta,Em plena via,Colisão,SÁBADO       ,0,2,18,2008-08-11,6,ligeiro,Nao,Sim,Nao,205.2,1,1,18,1589
35742,2009417848,Braga,41.454096,-8.057661999999999,EN206,66.2,1,0,0,1.0,50,Sem berma ou impraticável,Seco e limpo,Dois sentidos,Bom tempo,Fora da intersecção,Dentro das localidades,Em pleno dia,Com inclinação,Curva,Em plena via,Despiste,SEGUNDA-FEIRA,0,1,18,2009-09-15,14,ligeiro,Sim,Nao,Sim,205.2,1,1,18,1589
35746,2010430431,Braga,41.635822,-8.187130999999999,EN103,66.34,0,0,1,1.0,50,Berma pavimentada,Molhado,Dois sentidos,Chuva,Fora da intersecção,Dentro das localidades,Em pleno dia,Em patamar,Recta,Em plena via,Atropelamento,SEGUNDA-FEIRA,0,1,18,2009-11-16,17,ligeiro,Sim,Sim,Nao,205.2,1,1,18,1589
35750,2007278887,Braga,41.631172,-8.398558,ER205-3,0.2,0,1,0,2.0,50,Berma pavimentada,Seco e limpo,Dois sentidos,Bom tempo,Em entroncamento,Dentro das localidades,"Noite, sem iluminação",Em patamar,Recta,Em plena via,Colisão,TERÇA-FEIRA  ,0,2,18,2007-04-05,21,ligeiro,Nao,Nao,Sim,205.2,1,1,18,1589
35751,2007286881,Braga,41.626682,-8.40218,EN205,47.2,1,0,0,1.0,80,Berma pavimentada,Seco e limpo,Dois sentidos,Bom tempo,NÃO DEFINIDO,Dentro das localidades,Em pleno dia,Em patamar,Curva,Em plena via,Despiste,QUARTA-FEIRA ,0,1,18,2007-06-30,18,ligeiro,Sim,Nao,Sim,205.2,1,1,18,1589
35755,2008339855,Braga,41.62963,-8.200264,EN103,64.9,1,0,0,1.0,90,Sem berma ou impraticável,Seco e limpo,Dois sentidos,Bom tempo,Fora da intersecção,Fora das localidades,"Noite, sem iluminação",Em patamar,Recta,Em plena via,Colisão,QUINTA-FEIRA ,0,1,18,2008-09-18,1,ligeiro,Nao,Nao,Sim,205.2,1,1,18,1589
35757,2011524014,Braga,41.447783,-8.054160000000001,A7,66.0,1,0,0,2.0,120,Berma pavimentada,Molhado,Sentido único,Chuva,Fora da intersecção,Fora das localidades,Em pleno dia,Com inclinação,Curva,Na berma,Despiste,QUINTA-FEIRA ,0,1,18,2011-02-17,10,ligeiro,Sim,Sim,Nao,205.2,1,1,18,1589
35761,2010432538,Braga,41.447718,-8.062661,A7,65.27,3,0,0,2.0,120,Berma pavimentada,"Com gelo, geada ou neve",Sentido único,Chuva,Fora da intersecção,Fora das localidades,"Noite, sem iluminação",Com inclinação,Curva,Em plena via,Colisão,SEGUNDA-FEIRA,0,4,18,2009-12-20,23,ligeiro,Nao,Sim,Nao,205.2,1,1,18,1589
35770,2013663290,Braga,41.402015000000006,-8.252544,A7,46.2,1,0,0,2.0,120,Berma pavimentada,Molhado,Sentido único,Chuva,Fora da intersecção,Fora das localidades,"Noite, com iluminação",Com inclinação,Curva,Em plena via,Colisão,SÁBADO       ,0,2,18,2012-11-07,19,ligeiro,Nao,Sim,Nao,205.2,1,1,18,1589
35777,2007274994,Braga,41.577273999999996,-8.632635,ER204,19.5,1,0,1,1.0,50,Berma pavimentada,Seco e limpo,Dois sentidos,Nevoeiro,Fora da intersecção,Dentro das localidades,"Noite, com iluminação",Em patamar,Recta,Em plena via,Colisão,SEXTA-FEIRA  ,0,2,18,2007-02-27,6,ligeiro,Nao,Sim,Sim,205.2,1,1,18,1589
35779,2010452717,Braga,41.626204,-8.204224,EN103,64.4,2,0,0,1.0,90,Berma pavimentada,Seco e limpo,Dois sentidos,Bom tempo,Fora da intersecção,Fora das localidades,Em pleno dia,Em patamar,Recta,Na berma,Despiste,TERÇA-FEIRA  ,0,1,18,2010-03-22,8,ligeiro,Sim,Nao,Sim,205.2,1,1,18,1589
35791,2007300503,Braga,41.621025,-8.405738000000001,EN205,46.5,3,1,0,1.0,80,Berma não pavimentada,Seco e limpo,Dois sentidos,Bom tempo,Em entroncamento,Dentro das localidades,Em pleno dia,Em patamar,Recta,Na berma,Colisão,QUARTA-FEIRA ,0,2,18,2007-11-08,14,ligeiro,Sim,Nao,Sim,205.2,1,1,18,1589
35800,2009365221,Braga,41.537331,-8.452255000000001,EN103,37.3,3,0,0,1.0,50,Sem berma ou impraticável,Seco e limpo,Dois sentidos,Bom tempo,Fora da intersecção,Dentro das localidades,Em pleno dia,Em patamar,Recta,Em plena via,Colisão,QUARTA-FEIRA ,0,3,18,2009-03-18,15,ligeiro,Sim,Nao,Sim,205.2,1,1,18,1589
35806,2013656956,Braga,41.63623,-8.399736,ER205-3,0.8,1,0,0,1.0,50,Sem berma ou impraticável,Seco e limpo,Dois sentidos,Bom tempo,Fora da intersecção,Dentro das localidades,"Noite, com iluminação",Em patamar,Recta,Em plena via,Despiste,QUARTA-FEIRA ,0,1,18,2012-10-12,21,ligeiro,Nao,Nao,Sim,205.2,1,1,18,1589
35822,2007275702,Braga,41.630208,-8.199325,EN103,65.0,1,0,0,1.0,40,Berma pavimentada,Molhado,Dois sentidos,Chuva,NÃO DEFINIDO,Dentro das localidades,Em pleno dia,Em patamar,Recta,Em plena via,Colisão,TERÇA-FEIRA  ,0,2,18,2007-02-13,13,ligeiro,Sim,Sim,Nao,205.2,1,1,18,1589
35823,2010452630,Braga,41.537374,-8.450989,EN103,37.4,2,0,0,1.0,50,Berma pavimentada,Seco e limpo,Dois sentidos,Bom tempo,Em cruzamento,Dentro das localidades,Em pleno dia,Com inclinação,Recta,Em plena via,Colisão,SEGUNDA-FEIRA,0,3,18,2010-03-27,13,ligeiro,Sim,Nao,Sim,205.2,1,1,18,1589
35829,2009402039,Braga,41.685201,-8.520247999999999,EN308,23.5,1,0,0,1.0,50,Berma não pavimentada,Seco e limpo,Dois sentidos,Bom tempo,Fora da intersecção,Dentro das localidades,Em pleno dia,Em patamar,Curva,Em plena via,Colisão,SEGUNDA-FEIRA,0,2,18,2009-07-31,18,ligeiro,Sim,Nao,Sim,205.2,1,1,18,1589
35833,2007274152,Braga,41.537352,-8.451622,EN103,37.35,1,0,0,1.0,50,Berma pavimentada,Seco e limpo,Dois sentidos,Bom tempo,Fora da intersecção,Dentro das localidades,Em pleno dia,Com inclinação,Recta,Em plena via,Colisão,QUARTA-FEIRA ,0,2,18,2007-02-14,10,ligeiro,Sim,Nao,Sim,205.2,1,1,18,1589
35834,2011547947,Braga,41.583294,-8.633706,ER204,18.8,1,0,0,1.0,50,Berma não pavimentada,Seco e limpo,Dois sentidos,Bom tempo,Fora da intersecção,Dentro das localidades,Em pleno dia,Com inclinação,Recta,Na berma,Despiste,SÁBADO       ,0,1,18,2011-06-07,13,ligeiro,Sim,Nao,Sim,205.2,1,1,18,1589
35836,2009383197,Braga,41.630526,-8.395602,EN205,47.91,1,0,0,1.0,40,Berma não pavimentada,Húmido,Dois sentidos,Chuva,Fora da intersecção,Dentro das localidades,"Noite, com iluminação",Em patamar,Recta,Na berma,Despiste,SEGUNDA-FEIRA,0,1,18,2009-05-18,23,ligeiro,Nao,Sim,Nao,205.2,1,1,18,1589
35837,2008348422,Braga,41.581140000000005,-8.634076,ER204,19.05,1,0,0,1.0,50,Berma não pavimentada,Húmido,Dois sentidos,Chuva,Fora da intersecção,Dentro das localidades,Em pleno dia,Com inclinação,Curva,Na berma,Colisão,QUINTA-FEIRA ,0,2,18,2008-11-08,8,ligeiro,Sim,Sim,Nao,205.2,1,1,18,1589
35840,2009373230,Braga,41.632203999999994,-8.166444,EN304,86.2,1,0,0,1.0,70,Berma pavimentada,Seco e limpo,Dois sentidos,Bom tempo,Fora da intersecção,Fora das localidades,"Noite, sem iluminação",Em patamar,Recta,Em plena via,Colisão,SEGUNDA-FEIRA,0,1,18,2009-04-03,4,ligeiro,Nao,Nao,Sim,205.2,1,1,18,1589
35841,2009409817,Braga,41.637122999999995,-8.185092,EN103,66.58,2,0,0,1.0,50,Berma pavimentada,Seco e limpo,Dois sentidos,Bom tempo,Em entroncamento,Dentro das localidades,Em pleno dia,Com inclinação,Recta,Em plena via,Colisão,TERÇA-FEIRA  ,0,3,18,2009-08-12,15,ligeiro,Sim,Nao,Sim,205.2,1,1,18,1589
35848,2008321960,Braga,41.620599,-8.405928999999999,EN205,46.45,1,0,0,1.0,50,Berma não pavimentada,Seco e limpo,Dois sentidos,Bom tempo,Fora da intersecção,Dentro das localidades,"Noite, com iluminação",Em patamar,Recta,Em plena via,Colisão,TERÇA-FEIRA  ,0,2,18,2008-03-01,22,ligeiro,Nao,Nao,Sim,205.2,1,1,18,1589
35849,2010478898,Braga,41.454114000000004,-8.03152,EN(d)304,118.0,1,0,0,1.0,90,Sem berma ou impraticável,Seco e limpo,Dois sentidos,Bom tempo,Em entroncamento,Fora das localidades,Em pleno dia,Com inclinação,Curva,Em plena via,Colisão,SÁBADO       ,0,2,18,2010-07-17,7,ligeiro,Sim,Nao,Sim,205.2,1,1,18,1589
35852,2007294604,Braga,41.581569,-8.634267999999999,ER204,19.0,2,0,0,1.0,50,Berma pavimentada,Seco e limpo,Dois sentidos,Bom tempo,Em cruzamento,Dentro das localidades,Sol escandeante,Em patamar,Recta,Em plena via,Colisão,SEGUNDA-FEIRA,0,2,18,2007-09-11,17,ligeiro,Sim,Nao,Sim,205.2,1,1,18,1589
35859,2010456391,Braga,41.633609,-8.196202,EN103,65.49,5,0,0,2.0,50,Berma não pavimentada,Seco e limpo,Dois sentidos,Bom tempo,Fora da intersecção,Dentro das localidades,"Noite, com iluminação",Em patamar,Recta,Em plena via,Colisão,SEXTA-FEIRA  ,0,2,18,2010-04-11,1,ligeiro,Nao,Nao,Sim,205.2,1,1,18,1589
35860,2007271428,Braga,41.488784,-8.358107,EN101,103.78,5,0,0,1.0,50,Berma pavimentada,Seco e limpo,Dois sentidos,Bom tempo,Fora da intersecção,Dentro das localidades,Em pleno dia,Em patamar,Recta,Em plena via,Colisão,DOMINGO      ,0,3,58,2007-01-14,16,ligeiro,Sim,Nao,Sim,143.9,1,4,58,1599
35861,2007271435,Braga,41.557548,-8.390642,EN(d)103-3,0.7,2,0,0,2.0,50,Berma pavimentada,Seco e limpo,Sentido único,Bom tempo,Em ramo de ligação - saída,Dentro das localidades,"Noite, com iluminação",Com inclinação,Recta,Em plena via,Colisão,QUINTA-FEIRA ,0,2,58,2007-01-12,0,ligeiro,Nao,Nao,Sim,143.9,1,4,58,1599
35862,2007278045,Braga,41.491265999999996,-8.360291,EN101,103.45,1,0,0,1.0,50,Berma pavimentada,Seco e limpo,Dois sentidos,Bom tempo,Fora da intersecção,Dentro das localidades,Em pleno dia,Com inclinação,Recta,Em plena via,Colisão,QUARTA-FEIRA ,0,2,58,2007-03-08,10,ligeiro,Sim,Nao,Sim,143.9,1,4,58,1599
35863,2007286891,Braga,41.491679,-8.360536,EN101,103.4,1,0,0,1.0,50,Berma pavimentada,Seco e limpo,Dois sentidos,Bom tempo,Fora da intersecção,Dentro das localidades,Em pleno dia,Com inclinação,Curva,Em plena via,Colisão,SÁBADO       ,0,2,58,2007-06-21,16,ligeiro,Sim,Nao,Sim,143.9,1,4,58,1599
35864,2008301971,Braga,41.558489,-8.377374,EN(d)103-3,3.22,1,0,0,1.0,50,Sem berma ou impraticável,Molhado,Dois sentidos,Chuva,Fora da intersecção,Dentro das localidades,"Noite, com iluminação",Com inclinação,Curva,Em plena via,Colisão,SEGUNDA-FEIRA,0,2,58,2007-11-18,22,ligeiro,Nao,Sim,Nao,143.9,1,4,58,1599
35865,2008344648,Braga,41.493331,-8.361514,EN101,103.2,1,0,0,1.0,50,Berma pavimentada,Molhado,Dois sentidos,Chuva,Em ramo de ligação - entrada,Dentro das localidades,Em pleno dia,Com inclinação,Recta,Em plena via,Colisão,QUARTA-FEIRA ,0,2,58,2008-10-21,17,ligeiro,Sim,Sim,Nao,143.9,1,4,58,1599
35866,2009373734,Braga,41.553927,-8.385333000000001,EN(d)103-3,1.45,3,0,0,2.0,50,Berma não pavimentada,Seco e limpo,Sentido único,Bom tempo,Fora da intersecção,Dentro das localidades,"Noite, com iluminação",Com inclinação,Curva,Em plena via,Despiste,DOMINGO      ,0,1,58,2009-04-19,2,ligeiro,Nao,Nao,Sim,143.9,1,4,58,1599
35867,2010442021,Braga,41.491265999999996,-8.360291,EN101,103.45,1,0,0,1.0,50,Sem berma ou impraticável,Seco e limpo,Dois sentidos,Bom tempo,Fora da intersecção,Dentro das localidades,Em pleno dia,Em patamar,Recta,Em plena via,Atropelamento,TERÇA-FEIRA  ,0,1,58,2010-01-08,8,ligeiro,Sim,Nao,Sim,143.9,1,4,58,1599
35868,2010447037,Braga,41.495844,-8.362865,EN101,102.9,1,0,0,1.0,50,Sem berma ou impraticável,Molhado,Dois sentidos,Chuva,Fora da intersecção,Dentro das localidades,"Noite, com iluminação",Em patamar,Recta,Em plena via,Colisão,DOMINGO      ,0,2,58,2010-02-04,21,ligeiro,Nao,Sim,Nao,143.9,1,4,58,1599
35869,2010486621,Braga,41.491927000000004,-8.360683,EN101,103.37,1,0,0,1.0,50,Berma pavimentada,Seco e limpo,Dois sentidos,Bom tempo,Fora da intersecção,Dentro das localidades,Em pleno dia,Em patamar,Recta,Em plena via,Atropelamento,DOMINGO      ,0,1,58,2010-08-27,17,ligeiro,Sim,Nao,Sim,143.9,1,4,58,1599
35870,2010469708,Braga,41.55775,-8.391448,EN(d)103-3,0.63,3,0,0,2.0,50,Berma pavimentada,Seco e limpo,Sentido único,Bom tempo,Fora da intersecção,Dentro das localidades,Em pleno dia,Com inclinação,Recta,Na berma,Despiste,SÁBADO       ,0,1,58,2010-06-24,17,ligeiro,Sim,Nao,Sim,143.9,1,4,58,1599
35871,2011527235,Braga,41.490119,-8.359342999999999,EN101,103.6,1,0,0,1.0,50,Berma pavimentada,Seco e limpo,Dois sentidos,Bom tempo,Em entroncamento,Dentro das localidades,Em pleno dia,Em patamar,Recta,Em plena via,Colisão,QUINTA-FEIRA ,0,4,58,2011-03-23,11,ligeiro,Sim,Nao,Sim,143.9,1,4,58,1599
35872,2011529680,Braga,41.555228,-8.385292999999999,EN(d)103-3,1.3,1,0,0,1.0,50,Berma pavimentada,Molhado,Dois sentidos,Chuva,Fora da intersecção,Dentro das localidades,Em pleno dia,Com inclinação,Recta,Em plena via,Despiste,SEXTA-FEIRA  ,0,1,58,2011-04-21,19,ligeiro,Sim,Sim,Nao,143.9,1,4,58,1599
35873,2011555092,Braga,41.554624,-8.385246,EN(d)103-3,1.37,1,0,0,2.0,50,Berma pavimentada,Molhado,Sentido único,Chuva,Fora da intersecção,Dentro das localidades,Em pleno dia,Com inclinação,Curva,Em plena via,Despiste,QUARTA-FEIRA ,0,1,58,2011-07-08,18,ligeiro,Sim,Sim,Nao,143.9,1,4,58,1599