,COD_ACIDENTE,DISTRITO,LATITUDE,LONGITUDE,VIA,KM,QT_FLIGEIROS,QT_FGRAVES,QT_MORTOS,QT_VIAS_SENTIDO,VEL_LIM_LOCAL,BERMA_VIA,CONDICAO_ADERENCIA,FAIXA_RODAGEM,FATOR_ATMOSFERICO,INTERSECAO_VIA,LOCALIZACAO,LUMINOSIDADE,PERFIL_VIA,PLANTA_VIA,SITUACAO_ACIDENTE,TIPO_NATUREZA,DIA_SEMANA,FLAG_FERIADO,QT_VEICULOS,COD_FREGUESIA,DATA,HORA,GRAVIDADE,ERA_DIA,MAU_TEMPO,ESTRADA_SECA,DENSIDADE_TOTAL,COD_DISTRITO_INE,COD_CONCELHO_INE,COD_FREGUESIA_INE,TOTAL
35874,2012614129,Braga,41.491265999999996,-8.360291,EN101,103.45,2,0,0,1.0,50,Berma não pavimentada,Húmido,Dois sentidos,Chuva,Fora da intersecção,Dentro das localidades,Em pleno dia,Com inclinação,Curva,Em plena via,Colisão,SÁBADO       ,0,2,58,2012-04-10,10,ligeiro,Sim,Sim,Nao,143.9,1,4,58,1599
35875,2012638698,Braga,41.487128000000006,-8.355033,EN101,104.1,1,0,0,1.0,50,Berma pavimentada,Seco e limpo,Dois sentidos,Bom tempo,Fora da intersecção,Dentro das localidades,"Noite, com iluminação",Em patamar,Recta,Em plena via,Colisão,DOMINGO      ,0,2,58,2012-08-31,23,ligeiro,Nao,Nao,Sim,143.9,1,4,58,1599
35876,2008338790,Braga,41.487284,-8.355597,EN101,104.05,5,0,0,1.0,50,Berma pavimentada,Seco e limpo,Dois sentidos,Bom tempo,Em entroncamento,Dentro das localidades,"Noite, com iluminação",Com inclinação,Recta,Em plena via,Colisão,SÁBADO       ,0,3,58,2008-08-22,0,ligeiro,Nao,Nao,Sim,143.9,1,4,58,1599
35877,2009373807,Braga,41.487743,-8.356619,EN101,103.95,1,0,0,1.0,50,Berma pavimentada,Seco e limpo,Dois sentidos,Bom tempo,Fora da intersecção,Dentro das localidades,Em pleno dia,Em patamar,Recta,Em plena via,Colisão,QUARTA-FEIRA ,0,4,58,2009-04-21,8,ligeiro,Sim,Nao,Sim,143.9,1,4,58,1599
35878,2009389540,Braga,41.495844,-8.362865,EN101,102.9,1,0,0,1.0,50,Sem berma ou impraticável,Seco e limpo,Dois sentidos,Bom tempo,Em entroncamento,Dentro das localidades,Em pleno dia,Com inclinação,Recta,Em plena via,Atropelamento,SEXTA-FEIRA  ,0,1,58,2009-06-24,10,ligeiro,Sim,Nao,Sim,143.9,1,4,58,1599
35879,2010442028,Braga,41.499894,-8.364875,EN101,102.4,1,0,0,1.0,50,Berma pavimentada,Com água acumulada na faixa de rodagem,Dois sentidos,Chuva,Fora da intersecção,Dentro das localidades,"Noite, sem iluminação",Com inclinação,Recta,Em plena via,Atropelamento,QUINTA-FEIRA ,0,1,58,2010-01-15,18,ligeiro,Nao,Sim,Nao,143.9,1,4,58,1599
35880,2007286856,Braga,41.555562,-8.387037,EN(d)103-3,1.13,2,0,0,1.0,50,Berma não pavimentada,Seco e limpo,Sentido único,Bom tempo,NÃO DEFINIDO,Dentro das localidades,Em pleno dia,Em patamar,Curva,Em plena via,Despiste,SEGUNDA-FEIRA,0,1,58,2007-06-28,14,ligeiro,Sim,Nao,Sim,143.9,1,4,58,1599
35881,2013670502,Braga,41.498098999999996,-8.364823,EN101,102.6,1,0,0,1.0,50,Berma não pavimentada,Molhado,Dois sentidos,Chuva,Fora da intersecção,Dentro das localidades,"Noite, com iluminação",Em patamar,Curva,Em plena via,Colisão,QUINTA-FEIRA ,0,3,58,2012-12-15,20,ligeiro,Nao,Sim,Nao,143.9,1,4,58,1599
35882,2011542741,Braga,41.488632,-8.357975999999999,EN101,103.8,1,0,0,1.0,50,Berma não pavimentada,Seco e limpo,Dois sentidos,Bom tempo,Fora da intersecção,Dentro das localidades,Em pleno dia,Em patamar,Recta,Em plena via,Colisão,SEXTA-FEIRA  ,0,3,58,2011-05-25,12,ligeiro,Sim,Nao,Sim,143.9,1,4,58,1599
35883,2009416082,Braga,41.490339,-8.359554,EN101,103.57,1,0,0,1.0,50,Berma pavimentada,Seco e limpo,Dois sentidos,Bom tempo,Em entroncamento,Dentro das localidades,Em pleno dia,Em patamar,Recta,Em plena via,Colisão,SEXTA-FEIRA  ,0,2,58,2009-09-29,13,ligeiro,Sim,Nao,Sim,143.9,1,4,58,1599
35884,2012591769,Braga,41.552513,-8.375197,EN(d)309,45.5,3,0,0,1.0,50,Sem berma ou impraticável,Seco e limpo,Dois sentidos,Bom tempo,Em entroncamento,Dentro das localidades,"Noite, com iluminação",Com inclinação,Curva,Na berma,Despiste,TERÇA-FEIRA  ,1,1,58,2011-12-25,3,ligeiro,Nao,Nao,Sim,143.9,1,4,58,1599
35885,2009350733,Braga,41.491679,-8.360536,EN101,103.4,0,1,0,1.0,50,Berma pavimentada,Seco e limpo,Dois sentidos,Bom tempo,Fora da intersecção,Dentro das localidades,"Noite, com iluminação",Com inclinação,Recta,Em plena via,Atropelamento,DOMINGO      ,0,1,58,2008-11-22,18,ligeiro,Nao,Nao,Sim,143.9,1,4,58,1599
35886,2009367395,Braga,41.552752000000005,-8.381917,EN(d)103-3,1.8,1,0,0,3.0,50,Berma não pavimentada,Seco e limpo,Sentido único,Bom tempo,Em entroncamento,Dentro das localidades,"Noite, com iluminação",Com inclinação,Recta,Em plena via,Colisão,QUINTA-FEIRA ,0,2,58,2009-03-24,19,ligeiro,Nao,Nao,Sim,143.9,1,4,58,1599
35887,2010478893,Braga,41.486816,-8.353904,EN101,104.2,2,0,0,1.0,50,Berma pavimentada,Seco e limpo,Dois sentidos,Bom tempo,Fora da intersecção,Dentro das localidades,Em pleno dia,Em patamar,Recta,Em plena via,Colisão,SEXTA-FEIRA  ,0,2,58,2010-07-22,19,ligeiro,Sim,Nao,Sim,143.9,1,4,58,1599
35888,2007291271,Braga,41.554145,-8.385358,EN(d)103-3,1.43,0,4,0,2.0,50,Sem berma ou impraticável,Seco e limpo,Sentido único,Bom tempo,Fora da intersecção,Dentro das localidades,"Noite, com iluminação",Com inclinação,Curva,Em plena via,Despiste,SÁBADO       ,0,1,58,2007-08-06,3,ligeiro,Nao,Nao,Sim,143.9,1,4,58,1599
35889,2011519158,Braga,41.494996,-8.362452000000001,EN101,103.0,1,0,0,1.0,50,Berma pavimentada,Seco e limpo,Dois sentidos,Bom tempo,Fora da intersecção,Dentro das localidades,Em pleno dia,Em patamar,Recta,Em plena via,Colisão,SEXTA-FEIRA  ,0,2,58,2011-01-15,8,ligeiro,Sim,Nao,Sim,143.9,1,4,58,1599
35890,2011524749,Braga,41.555484,-8.387338,EN(d)103-3,1.1,1,0,0,1.0,50,Berma pavimentada,Molhado,Sentido único,Chuva,Fora da intersecção,Dentro das localidades,Em pleno dia,Com inclinação,Curva,Em plena via,Despiste,SEGUNDA-FEIRA,0,1,58,2011-02-15,8,ligeiro,Sim,Sim,Nao,143.9,1,4,58,1599
35891,2011511677,Braga,41.494164000000005,-8.361981,EN101,103.1,1,0,0,1.0,50,Berma não pavimentada,Seco e limpo,Dois sentidos,Bom tempo,Em entroncamento,Dentro das localidades,Em pleno dia,Em patamar,Recta,Em plena via,Colisão,SEXTA-FEIRA  ,0,2,58,2010-12-17,15,ligeiro,Sim,Nao,Sim,143.9,1,4,58,1599
35892,2007292124,Braga,41.495588,-8.362745,EN101,102.93,1,0,0,1.0,50,Sem berma ou impraticável,Seco e limpo,Dois sentidos,Bom tempo,Fora da intersecção,Dentro das localidades,Em pleno dia,Com inclinação,Recta,Em plena via,Colisão,SEXTA-FEIRA  ,0,3,58,2007-08-05,15,ligeiro,Sim,Nao,Sim,143.9,1,4,58,1599
35893,2010486619,Braga,41.494996,-8.362452000000001,EN101,103.0,1,0,0,1.0,80,Berma pavimentada,Seco e limpo,Dois sentidos,Bom tempo,Fora da intersecção,Dentro das localidades,Em pleno dia,Em patamar,Recta,Em plena via,Colisão,DOMINGO      ,0,3,58,2010-08-21,19,ligeiro,Sim,Nao,Sim,143.9,1,4,58,1599
35894,2010442025,Braga,41.490854999999996,-8.360042,EN101,103.5,1,0,0,1.0,50,Sem berma ou impraticável,Molhado,Dois sentidos,Chuva,Fora da intersecção,Dentro das localidades,"Noite, com iluminação",Em patamar,Recta,Em plena via,Despiste,DOMINGO      ,0,1,58,2010-01-12,6,ligeiro,Nao,Sim,Nao,143.9,1,4,58,1599
35895,2008333655,Braga,41.48747,-8.356143,EN101,104.0,1,0,0,1.0,50,Sem berma ou impraticável,Seco e limpo,Dois sentidos,Bom tempo,Em entroncamento,Dentro das localidades,"Noite, com iluminação",Em patamar,Recta,Em plena via,Colisão,TERÇA-FEIRA  ,0,2,58,2008-07-27,0,ligeiro,Nao,Nao,Sim,143.9,1,4,58,1599
35896,2010476376,Braga,41.487284,-8.355597,EN101,104.05,0,1,0,1.0,50,Sem berma ou impraticável,Seco e limpo,Dois sentidos,Bom tempo,Fora da intersecção,Dentro das localidades,Em pleno dia,Em patamar,Recta,Em plena via,Atropelamento,SEXTA-FEIRA  ,0,1,58,2010-07-22,19,ligeiro,Sim,Nao,Sim,143.9,1,4,58,1599
35897,2011505880,Braga,41.489408000000005,-8.35866,EN101,103.7,1,0,0,1.0,50,Berma pavimentada,Molhado,Dois sentidos,Chuva,Fora da intersecção,Dentro das localidades,Em pleno dia,Em patamar,Recta,Em plena via,Despiste,SÁBADO       ,0,1,58,2010-11-14,12,ligeiro,Sim,Sim,Nao,143.9,1,4,58,1599
35898,2009373737,Braga,41.555625,-8.386778999999999,EN(d)103-3,1.15,1,0,0,2.0,50,Berma pavimentada,Húmido,Sentido único,Bom tempo,Fora da intersecção,Dentro das localidades,"Noite, com iluminação",Com inclinação,Curva,Em plena via,Despiste,DOMINGO      ,0,1,58,2009-04-19,5,ligeiro,Nao,Nao,Nao,143.9,1,4,58,1599
35899,2011539578,Braga,41.556551,-8.388791000000001,EN(d)103-3,0.9,0,1,1,2.0,50,Berma pavimentada,Seco e limpo,Dois sentidos,Bom tempo,Fora da intersecção,Dentro das localidades,"Noite, com iluminação",Com inclinação,Recta,Em plena via,Atropelamento,SEXTA-FEIRA  ,0,1,58,2011-05-31,21,grave,Nao,Nao,Sim,143.9,1,4,58,1599
35900,2007271433,Braga,41.641890999999994,-8.491934,EN201,52.9,1,0,0,2.0,50,Sem berma ou impraticável,Seco e limpo,Dois sentidos,Bom tempo,Fora da intersecção,Dentro das localidades,"Noite, com iluminação",Com inclinação,Recta,Em plena via,Colisão,TERÇA-FEIRA  ,0,3,28,2007-01-10,17,ligeiro,Nao,Nao,Sim,115.4,1,2,28,2040
35902,2007279249,Braga,41.637151,-8.478873,EN201,54.25,1,0,0,1.0,50,Berma não pavimentada,Seco e limpo,Dois sentidos,Bom tempo,Fora da intersecção,Dentro das localidades,Em pleno dia,Com inclinação,Recta,Na berma,Despiste,SÁBADO       ,0,2,28,2007-04-14,17,ligeiro,Sim,Nao,Sim,115.4,1,2,28,2040
35906,2007277165,Braga,41.640974,-8.487498,EN201,53.3,0,1,0,1.0,50,Berma não pavimentada,Seco e limpo,Dois sentidos,Bom tempo,Fora da intersecção,Dentro das localidades,"Noite, com iluminação",Em patamar,Recta,Em plena via,Atropelamento,SEXTA-FEIRA  ,0,1,28,2007-03-10,20,ligeiro,Nao,Nao,Sim,115.4,1,2,28,2040
35911,2007283671,Braga,41.645938,-8.495925999999999,EN201,52.35,2,0,0,1.0,50,Sem berma ou impraticável,Molhado,Dois sentidos,Bom tempo,NÃO DEFINIDO,Dentro das localidades,Em pleno dia,Em patamar,Recta,Em plena via,Colisão,SEGUNDA-FEIRA,0,2,28,2007-05-31,7,ligeiro,Sim,Nao,Nao,115.4,1,2,28,2040
35912,2007284863,Braga,41.368502,-8.385645,EN105,32.85,0,1,0,1.0,50,Berma pavimentada,Seco e limpo,Dois sentidos,Bom tempo,Fora da intersecção,Dentro das localidades,Em pleno dia,Em patamar,Curva,No passeio,Atropelamento,SEGUNDA-FEIRA,0,1,28,2007-06-06,8,ligeiro,Sim,Nao,Sim,115.4,1,2,28,2040
35913,2007286379,Braga,41.531482000000004,-8.400533,EN(d)309,38.3,2,0,0,1.0,50,Sem berma ou impraticável,Seco e limpo,Dois sentidos,NÃO DEFINIDO,Fora da intersecção,Dentro das localidades,Em pleno dia,Com inclinação,Curva,Em plena via,Colisão,DOMINGO      ,0,2,28,2007-06-05,9,ligeiro,Sim,Sim,Sim,115.4,1,2,28,2040
35915,2007300155,Braga,41.636132,-8.47755,EN201,54.42,1,0,0,2.0,50,Berma não pavimentada,Seco e limpo,Dois sentidos,Bom tempo,Em entroncamento,Dentro das localidades,"Noite, com iluminação",Com inclinação,Recta,Em plena via,Colisão,QUINTA-FEIRA ,0,2,28,2007-10-28,1,ligeiro,Nao,Nao,Sim,115.4,1,2,28,2040
35921,2008310116,Braga,41.370686,-8.378789999999999,EN105,33.5,0,1,0,1.0,50,NÃO DEFINIDO,Húmido,Dois sentidos,Bom tempo,NÃO DEFINIDO,Dentro das localidades,Em pleno dia,Com inclinação,Curva,Em plena via,Colisão,TERÇA-FEIRA  ,0,2,28,2008-02-18,9,ligeiro,Sim,Nao,Nao,115.4,1,2,28,2040
35923,2008318231,Braga,41.371356,-8.377365,EN105,33.65,2,0,0,1.0,50,Berma pavimentada,Molhado,Dois sentidos,Chuva,Em rotunda,Dentro das localidades,Em pleno dia,Em patamar,Recta,Em plena via,Colisão,SÁBADO       ,0,2,28,2008-02-27,17,ligeiro,Sim,Sim,Nao,115.4,1,2,28,2040
35926,2008331462,Braga,41.443044,-8.104866000000001,A7,61.61,1,0,0,2.0,120,Berma pavimentada,Seco e limpo,Sentido único,Bom tempo,Fora da intersecção,Fora das localidades,Em pleno dia,Com inclinação,Recta,Em plena via,Despiste,TERÇA-FEIRA  ,0,1,28,2008-06-06,13,ligeiro,Sim,Nao,Sim,115.4,1,2,28,2040
35927,2008330684,Braga,41.637151,-8.478873,EN201,54.25,1,0,0,1.0,50,Berma pavimentada,Seco e limpo,Dois sentidos,Bom tempo,Em entroncamento,Dentro das localidades,Em pleno dia,Com inclinação,Recta,Em plena via,Colisão,QUARTA-FEIRA ,0,2,28,2008-06-07,9,ligeiro,Sim,Nao,Sim,115.4,1,2,28,2040
35928,2008331507,Braga,41.526647,-8.418073,EN101,93.9,1,0,0,1.0,50,Berma pavimentada,Seco e limpo,Dois sentidos,Bom tempo,Em entroncamento,Dentro das localidades,Em pleno dia,Com inclinação,Recta,Em plena via,Despiste,QUARTA-FEIRA ,0,1,28,2008-06-01,14,ligeiro,Sim,Nao,Sim,115.4,1,2,28,2040
35929,2008338331,Braga,41.526824,-8.418028,EN101,93.88,1,0,0,1.0,50,Sem berma ou impraticável,Seco e limpo,Dois sentidos,Bom tempo,Em entroncamento,Dentro das localidades,Em pleno dia,Com inclinação,Recta,Em plena via,Colisão,SEGUNDA-FEIRA,0,2,28,2008-08-12,17,ligeiro,Sim,Nao,Sim,115.4,1,2,28,2040
35931,2008330130,Braga,41.441234,-8.114523,A7,60.78,1,0,0,2.0,120,Berma pavimentada,Molhado,Sentido único,Chuva,Fora da intersecção,Fora das localidades,Em pleno dia,Com inclinação,Recta,Em plena via,Despiste,SEGUNDA-FEIRA,0,1,28,2008-06-16,19,ligeiro,Sim,Sim,Nao,115.4,1,2,28,2040
35936,2008348400,Braga,41.445091,-8.103803,EN206,61.4,3,0,0,1.0,90,Berma pavimentada,Molhado,Dois sentidos,Chuva,Fora da intersecção,Fora das localidades,"Noite, sem iluminação",Em patamar,Recta,Em plena via,Despiste,QUINTA-FEIRA ,0,1,28,2008-11-08,22,ligeiro,Nao,Sim,Nao,115.4,1,2,28,2040
35938,2008344406,Braga,41.642456,-8.492472,EN201,52.83,2,0,0,1.0,50,Berma pavimentada,Seco e limpo,Dois sentidos,Bom tempo,Fora da intersecção,Dentro das localidades,Em pleno dia,Em patamar,Recta,Em plena via,Colisão,TERÇA-FEIRA  ,0,4,28,2008-10-26,15,ligeiro,Sim,Nao,Sim,115.4,1,2,28,2040
35940,2008337342,Braga,41.639712,-8.481939,EN201,53.85,2,0,0,1.0,50,Berma não pavimentada,Seco e limpo,Dois sentidos,Bom tempo,Fora da intersecção,Dentro das localidades,Em pleno dia,Com inclinação,Curva,Em plena via,Colisão,QUINTA-FEIRA ,0,2,28,2008-08-09,18,ligeiro,Sim,Nao,Sim,115.4,1,2,28,2040
35941,2009365219,Braga,41.527985,-8.417796000000001,EN101,93.75,1,0,0,1.0,50,Sem berma ou impraticável,Seco e limpo,Dois sentidos,Bom tempo,Fora da intersecção,Dentro das localidades,Em pleno dia,Em patamar,Recta,Em plena via,Colisão,QUINTA-FEIRA ,0,2,28,2009-03-13,9,ligeiro,Sim,Nao,Sim,115.4,1,2,28,2040
35943,2009359336,Braga,41.636187,-8.47777,EN201,54.4,1,0,0,1.0,50,Berma pavimentada,Molhado,Dois sentidos,Chuva,Em entroncamento,Dentro das localidades,Em pleno dia,Com inclinação,Recta,Em plena via,Colisão,QUINTA-FEIRA ,0,3,28,2009-02-02,7,ligeiro,Sim,Sim,Nao,115.4,1,2,28,2040
35944,2009360346,Braga,41.531538,-8.384826,EN(d)309,42.0,2,0,0,2.0,50,Berma não pavimentada,Seco e limpo,Dois sentidos,Bom tempo,Fora da intersecção,Fora das localidades,Em pleno dia,Com inclinação,Recta,Em plena via,Colisão,SEXTA-FEIRA  ,0,2,28,2009-02-25,18,ligeiro,Sim,Nao,Sim,115.4,1,2,28,2040
35945,2009387169,Braga,41.638265000000004,-8.480116,EN201,54.08,1,0,0,1.0,50,Sem berma ou impraticável,Seco e limpo,Dois sentidos,Bom tempo,Em cruzamento,Dentro das localidades,Em pleno dia,Em patamar,Recta,Em plena via,Colisão,TERÇA-FEIRA  ,0,2,28,2009-05-02,9,ligeiro,Sim,Nao,Sim,115.4,1,2,28,2040
35951,2009389527,Braga,41.649217,-8.499564,EN201,51.89,3,0,0,1.0,50,Berma pavimentada,Húmido,Dois sentidos,Chuva,Fora da intersecção,Dentro das localidades,"Noite, com iluminação",Com inclinação,Recta,Em plena via,Colisão,TERÇA-FEIRA  ,0,2,28,2009-06-05,22,ligeiro,Nao,Sim,Nao,115.4,1,2,28,2040
35956,2009409730,Braga,41.63692,-8.478709,EN201,54.28,1,0,0,1.0,50,Sem berma ou impraticável,Seco e limpo,Dois sentidos,Bom tempo,Fora da intersecção,Dentro das localidades,Em pleno dia,Com inclinação,Recta,Em plena via,Colisão,TERÇA-FEIRA  ,0,3,28,2009-08-01,18,ligeiro,Sim,Nao,Sim,115.4,1,2,28,2040
35960,2010429520,Braga,41.37207,-8.361286999999999,EN105,35.4,2,0,0,1.0,50,Berma pavimentada,Molhado,Dois sentidos,Chuva,Fora da intersecção,Dentro das localidades,Em pleno dia,Com inclinação,Curva,Em plena via,Colisão,SEGUNDA-FEIRA,0,2,28,2009-11-22,15,ligeiro,Sim,Sim,Nao,115.4,1,2,28,2040
35961,2010428102,Braga,41.440814,-8.12219,EN206,59.5,1,0,0,1.0,90,Berma não pavimentada,Molhado,Dois sentidos,Chuva,Fora da intersecção,Fora das localidades,"Noite, sem iluminação",Em patamar,Curva,Na berma,Despiste,SEGUNDA-FEIRA,0,1,28,2009-11-11,0,ligeiro,Nao,Sim,Nao,115.4,1,2,28,2040
35962,2010433639,Braga,41.371943,-8.360192,EN105,35.5,1,0,0,1.0,50,Berma não pavimentada,Seco e limpo,Dois sentidos,Bom tempo,Fora da intersecção,Dentro das localidades,"Noite, com iluminação",Com inclinação,Recta,Em plena via,Atropelamento,SEXTA-FEIRA  ,0,1,28,2009-12-12,18,ligeiro,Nao,Nao,Sim,115.4,1,2,28,2040
35966,2010430390,Braga,41.63984,-8.484098,EN201,53.63,4,1,0,1.0,50,Berma pavimentada,Seco e limpo,Dois sentidos,Bom tempo,Fora da intersecção,Dentro das localidades,"Noite, com iluminação",Com inclinação,Curva,Em plena via,Colisão,SEXTA-FEIRA  ,0,2,28,2009-11-08,21,ligeiro,Nao,Nao,Sim,115.4,1,2,28,2040
35967,2010433118,Braga,41.637546,-8.47914,EN201,54.2,0,2,1,1.0,50,Berma não pavimentada,Molhado,Dois sentidos,Chuva,Fora da intersecção,Dentro das localidades,"Noite, com iluminação",Com inclinação,Recta,Na berma,Despiste,QUINTA-FEIRA ,0,1,28,2009-12-06,22,grave,Nao,Sim,Nao,115.4,1,2,28,2040
35972,2010447108,Braga,41.489752,-8.704839999999999,ER205,13.9,5,1,0,1.0,90,Sem berma ou impraticável,Seco e limpo,Dois sentidos,Bom tempo,Fora da intersecção,Dentro das localidades,Em pleno dia,Em patamar,Recta,Em plena via,Colisão,QUINTA-FEIRA ,0,3,28,2010-02-07,15,ligeiro,Sim,Nao,Sim,115.4,1,2,28,2040
35973,2010446583,Braga,41.439721,-8.122336,A7,60.1,1,0,0,3.0,120,Berma pavimentada,Seco e limpo,Sentido único,Bom tempo,Fora da intersecção,Fora das localidades,Em pleno dia,Com inclinação,Curva,Em plena via,Colisão,DOMINGO      ,0,2,28,2010-02-26,17,ligeiro,Sim,Nao,Sim,115.4,1,2,28,2040
35974,2010446595,Braga,41.437734999999996,-8.128369000000001,A7,59.55,1,0,0,2.0,120,Berma pavimentada,Molhado,Sentido único,Chuva,Fora da intersecção,Fora das localidades,Em pleno dia,Com inclinação,Recta,Em plena via,Despiste,QUINTA-FEIRA ,0,1,28,2010-02-24,14,ligeiro,Sim,Sim,Nao,115.4,1,2,28,2040
35976,2010463471,Braga,41.367132,-8.389380000000001,EN105,32.5,1,0,0,1.0,50,Berma pavimentada,Molhado,Dois sentidos,Chuva,Em entroncamento,Dentro das localidades,Em pleno dia,Em patamar,Recta,Em plena via,Colisão,QUINTA-FEIRA ,0,2,28,2010-05-08,13,ligeiro,Sim,Sim,Nao,115.4,1,2,28,2040
35977,2010486543,Braga,41.639899,-8.483882000000001,EN201,53.65,2,0,0,1.0,50,Berma pavimentada,Seco e limpo,Dois sentidos,Bom tempo,Fora da intersecção,Dentro das localidades,Em pleno dia,Com inclinação,Curva,No passeio,Despiste,SÁBADO       ,0,1,28,2010-08-20,19,ligeiro,Sim,Nao,Sim,115.4,1,2,28,2040
35978,2010468607,Braga,41.37158,-8.376877,EN105,33.7,1,0,0,1.0,50,Berma pavimentada,Seco e limpo,Dois sentidos,Bom tempo,Em rotunda,Dentro das localidades,Em pleno dia,Em patamar,Curva,Em plena via,Colisão,TERÇA-FEIRA  ,0,2,28,2010-06-04,18,ligeiro,Sim,Nao,Sim,115.4,1,2,28,2040
35979,2010482489,Braga,41.44455,-8.091728999999999,A7,62.73,1,1,0,2.0,120,Berma pavimentada,Seco e limpo,Sentido único,Bom tempo,Fora da intersecção,Fora das localidades,Em pleno dia,Com inclinação,Curva,Em plena via,Despiste,DOMINGO      ,0,1,28,2010-08-21,17,ligeiro,Sim,Nao,Sim,115.4,1,2,28,2040
35982,2010496299,Braga,41.641225,-8.489802000000001,EN201,53.1,1,0,0,1.0,50,Sem berma ou impraticável,Molhado,Dois sentidos,Chuva,Fora da intersecção,Dentro das localidades,"Noite, com iluminação",Com inclinação,Recta,Em plena via,Colisão,QUARTA-FEIRA ,0,2,28,2010-10-03,21,ligeiro,Nao,Sim,Nao,115.4,1,2,28,2040
35987,2011527249,Braga,41.373374,-8.358708,EN105,35.7,1,0,0,1.0,50,Berma pavimentada,Molhado,Dois sentidos,Chuva,Em cruzamento,Dentro das localidades,Em pleno dia,Com inclinação,Recta,Em plena via,Colisão,QUARTA-FEIRA ,0,2,28,2011-03-16,16,ligeiro,Sim,Sim,Nao,115.4,1,2,28,2040
35989,2011527009,Braga,41.370433,-8.373916,EN105,34.0,1,1,0,1.0,50,Berma não pavimentada,Seco e limpo,Dois sentidos,Bom tempo,Fora da intersecção,Dentro das localidades,Em pleno dia,Com inclinação,Curva,Em plena via,Colisão,QUINTA-FEIRA ,0,2,28,2011-03-17,13,ligeiro,Sim,Nao,Sim,115.4,1,2,28,2040
35990,2011514771,Braga,41.373288,-8.363809,EN105,35.05,3,0,0,1.0,50,Sem berma ou impraticável,Molhado,Dois sentidos,Chuva,Fora da intersecção,Dentro das localidades,"Noite, com iluminação",Em patamar,Curva,Em plena via,Colisão,QUINTA-FEIRA ,0,2,28,2010-12-05,18,ligeiro,Nao,Sim,Nao,115.4,1,2,28,2040
35991,2011510127,Braga,41.373374,-8.358708,EN105,35.7,2,1,0,1.0,50,Sem berma ou impraticável,Molhado,Dois sentidos,Chuva,Em cruzamento,Fora das localidades,Em pleno dia,Em patamar,Recta,Em plena via,Colisão,TERÇA-FEIRA  ,0,2,28,2010-12-09,8,ligeiro,Sim,Sim,Nao,115.4,1,2,28,2040
35992,2011529709,Braga,41.373374,-8.358708,EN105,35.7,1,0,0,1.0,50,Sem berma ou impraticável,Seco e limpo,Dois sentidos,Bom tempo,Em cruzamento,Dentro das localidades,Em pleno dia,Em patamar,Recta,Em plena via,Colisão,QUINTA-FEIRA ,0,2,28,2011-04-26,14,ligeiro,Sim,Nao,Sim,115.4,1,2,28,2040
35993,2011529033,Braga,41.444451,-8.101778999999999,EN206,61.6,2,0,0,1.0,70,Berma não pavimentada,Seco e limpo,Dois sentidos,Bom tempo,Fora da intersecção,Fora das localidades,Em pleno dia,Com inclinação,Curva,Em plena via,Despiste,SEXTA-FEIRA  ,0,2,28,2011-03-07,5,ligeiro,Sim,Nao,Sim,115.4,1,2,28,2040
35996,2011555109,Braga,41.444798999999996,-8.100043,EN206,61.8,1,0,0,1.0,50,Berma não pavimentada,Molhado,Dois sentidos,Chuva,Fora da intersecção,Dentro das localidades,Em pleno dia,Em patamar,Curva,Em plena via,Despiste,QUINTA-FEIRA ,0,1,28,2011-07-09,8,ligeiro,Sim,Sim,Nao,115.4,1,2,28,2040
35999,2011567584,Braga,41.635902,-8.476547,EN201,54.51,1,0,0,1.0,50,Berma pavimentada,Seco e limpo,Dois sentidos,Bom tempo,Fora da intersecção,Dentro das localidades,Em pleno dia,Em patamar,Curva,Em plena via,Despiste,SEGUNDA-FEIRA,0,1,28,2011-09-24,17,ligeiro,Sim,Nao,Sim,115.4,1,2,28,2040
36001,2011563846,Braga,41.635157,-8.475875,EN201,54.62,3,0,0,1.0,50,Sem berma ou impraticável,Molhado,Dois sentidos,Chuva,Fora da intersecção,Dentro das localidades,Em pleno dia,Com inclinação,Recta,Em plena via,Colisão,QUARTA-FEIRA ,0,2,28,2011-08-06,11,ligeiro,Sim,Sim,Nao,115.4,1,2,28,2040
36003,2011561920,Braga,41.644731,-8.494056,EN201,52.55,1,0,0,1.0,50,Berma pavimentada,Seco e limpo,Dois sentidos,Bom tempo,Fora da intersecção,Dentro das localidades,Em pleno dia,Em patamar,Recta,Em plena via,Colisão,SÁBADO       ,0,2,28,2011-08-25,9,ligeiro,Sim,Nao,Sim,115.4,1,2,28,2040
36005,2011574243,Braga,41.443709999999996,-8.101309,A7,61.92,2,0,0,2.0,120,Berma pavimentada,Seco e limpo,Sentido único,Bom tempo,Fora da intersecção,Fora das localidades,Em pleno dia,Com inclinação,Recta,Em plena via,Colisão,TERÇA-FEIRA  ,0,2,28,2011-10-29,16,ligeiro,Sim,Nao,Sim,115.4,1,2,28,2040
36006,2011573821,Braga,41.635721999999994,-8.476158,EN201,54.55,1,0,0,1.0,50,Berma pavimentada,Seco e limpo,Dois sentidos,Bom tempo,Fora da intersecção,Dentro das localidades,Em pleno dia,Em patamar,Curva,Em plena via,Colisão,TERÇA-FEIRA  ,0,3,28,2011-10-07,9,ligeiro,Sim,Nao,Sim,115.4,1,2,28,2040