,COD_ACIDENTE,DISTRITO,LATITUDE,LONGITUDE,VIA,KM,QT_FLIGEIROS,QT_FGRAVES,QT_MORTOS,QT_VIAS_SENTIDO,VEL_LIM_LOCAL,BERMA_VIA,CONDICAO_ADERENCIA,FAIXA_RODAGEM,FATOR_ATMOSFERICO,INTERSECAO_VIA,LOCALIZACAO,LUMINOSIDADE,PERFIL_VIA,PLANTA_VIA,SITUACAO_ACIDENTE,TIPO_NATUREZA,DIA_SEMANA,FLAG_FERIADO,QT_VEICULOS,COD_FREGUESIA,DATA,HORA,GRAVIDADE,ERA_DIA,MAU_TEMPO,ESTRADA_SECA,DENSIDADE_TOTAL,COD_DISTRITO_INE,COD_CONCELHO_INE,COD_FREGUESIA_INE,TOTAL
36011,2012600637,Braga,41.370686,-8.378789999999999,EN105,33.5,1,0,0,1.0,50,Berma pavimentada,Seco e limpo,Dois sentidos,Bom tempo,Em rotunda,Dentro das localidades,Em pleno dia,Em patamar,Recta,Em plena via,Colisão,SÁBADO       ,0,2,28,2012-02-18,15,ligeiro,Sim,Nao,Sim,115.4,1,2,28,2040
36012,2012611648,Braga,41.641104,-8.488648,EN201,53.2,0,1,0,1.0,50,Berma não pavimentada,Seco e limpo,Dois sentidos,Bom tempo,Em cruzamento,Dentro das localidades,Em pleno dia,Com inclinação,Recta,Em plena via,Colisão,QUINTA-FEIRA ,1,2,28,2012-04-08,19,ligeiro,Sim,Nao,Sim,115.4,1,2,28,2040
36013,2012618132,Braga,41.640089,-8.483359,EN201,53.7,1,0,0,1.0,50,Berma pavimentada,Seco e limpo,Dois sentidos,Bom tempo,Fora da intersecção,Dentro das localidades,Em pleno dia,Com inclinação,Recta,Em plena via,Colisão,TERÇA-FEIRA  ,0,2,28,2012-05-22,19,ligeiro,Sim,Nao,Sim,115.4,1,2,28,2040
36018,2012628544,Braga,41.368914000000004,-8.383966000000001,EN105,33.0,1,0,0,1.0,50,Berma pavimentada,Seco e limpo,Dois sentidos,Bom tempo,Em entroncamento,Dentro das localidades,Em pleno dia,Em patamar,Recta,Em plena via,Colisão,SÁBADO       ,0,2,28,2012-06-17,11,ligeiro,Sim,Nao,Sim,115.4,1,2,28,2040
36029,2013664917,Braga,41.641152000000005,-8.489101,EN201,53.16,2,0,0,1.0,50,Sem berma ou impraticável,Seco e limpo,Dois sentidos,Bom tempo,Fora da intersecção,Dentro das localidades,Em pleno dia,Com inclinação,Recta,Em plena via,Colisão,QUARTA-FEIRA ,0,2,28,2012-11-21,17,ligeiro,Sim,Nao,Sim,115.4,1,2,28,2040
36030,2008308021,Braga,41.636767,-8.478597,EN201,54.3,1,0,0,1.0,50,Berma pavimentada,Seco e limpo,Dois sentidos,Bom tempo,Em entroncamento,Dentro das localidades,Em pleno dia,Com inclinação,Recta,Em plena via,Colisão,QUINTA-FEIRA ,0,2,28,2008-01-28,10,ligeiro,Sim,Nao,Sim,115.4,1,2,28,2040
36031,2009388187,Braga,41.368678,-8.385098,EN105,32.9,0,1,0,2.0,50,Berma pavimentada,Seco e limpo,Dois sentidos,Bom tempo,Fora da intersecção,Fora das localidades,"Noite, com iluminação",Em patamar,Recta,Em plena via,Atropelamento,DOMINGO      ,0,1,28,2009-05-28,22,ligeiro,Nao,Nao,Sim,115.4,1,2,28,2040
36033,2007293662,Braga,41.64099,-8.487612,EN201,53.29,1,0,0,1.0,50,Berma pavimentada,Seco e limpo,Dois sentidos,Bom tempo,Fora da intersecção,Fora das localidades,Em pleno dia,Em patamar,Recta,Em plena via,Colisão,DOMINGO      ,0,3,28,2007-08-18,19,ligeiro,Sim,Nao,Sim,115.4,1,2,28,2040
36035,2009389465,Braga,41.373662,-8.362216,EN105,35.2,2,0,0,1.0,50,Berma não pavimentada,Seco e limpo,Dois sentidos,Bom tempo,Fora da intersecção,Dentro das localidades,Em pleno dia,Em patamar,Recta,Em plena via,Despiste,QUINTA-FEIRA ,0,1,28,2009-06-07,17,ligeiro,Sim,Nao,Sim,115.4,1,2,28,2040
36039,2008336434,Braga,41.648447999999995,-8.498741,EN201,52.0,1,0,0,1.0,50,Berma pavimentada,Seco e limpo,Dois sentidos,Bom tempo,Fora da intersecção,Dentro das localidades,Em pleno dia,Em patamar,Recta,Na berma,Colisão,SÁBADO       ,0,2,28,2008-08-05,15,ligeiro,Sim,Nao,Sim,115.4,1,2,28,2040
36041,2007300159,Braga,41.633617,-8.475458,EN201,54.8,1,0,0,1.0,50,Berma pavimentada,Seco e limpo,Dois sentidos,Bom tempo,NÃO DEFINIDO,Dentro das localidades,Em pleno dia,Em patamar,Recta,Em plena via,Colisão,SEGUNDA-FEIRA,0,2,28,2007-10-20,12,ligeiro,Sim,Nao,Sim,115.4,1,2,28,2040
36043,2008327150,Braga,41.649136999999996,-8.499473,EN201,51.9,2,0,0,1.0,50,Berma pavimentada,Seco e limpo,Dois sentidos,Bom tempo,Em entroncamento,Dentro das localidades,"Noite, com iluminação",Em patamar,Curva,Em plena via,Colisão,DOMINGO      ,0,3,28,2008-05-18,21,ligeiro,Nao,Nao,Sim,115.4,1,2,28,2040
36044,2008333617,Braga,41.443342,-8.093272,EN206,62.5,1,0,0,1.0,90,Berma pavimentada,Seco e limpo,Dois sentidos,Bom tempo,Fora da intersecção,Fora das localidades,Em pleno dia,Em patamar,Recta,Em plena via,Colisão,QUINTA-FEIRA ,0,2,28,2008-07-23,17,ligeiro,Sim,Nao,Sim,115.4,1,2,28,2040
36046,2009387555,Braga,41.648447999999995,-8.498741,EN201,52.0,1,0,0,1.0,50,Berma pavimentada,Seco e limpo,Dois sentidos,Bom tempo,Fora da intersecção,Dentro das localidades,Em pleno dia,Com inclinação,Recta,Em plena via,Despiste,SEXTA-FEIRA  ,0,1,28,2009-05-27,11,ligeiro,Sim,Nao,Sim,115.4,1,2,28,2040
36047,2009350887,Braga,41.637694,-8.479238,EN201,54.18,0,0,1,1.0,50,Berma pavimentada,Seco e limpo,Dois sentidos,Bom tempo,Em entroncamento,Dentro das localidades,Sol escandeante,Em patamar,Curva,Em plena via,Atropelamento,SEXTA-FEIRA  ,0,1,28,2008-11-20,8,ligeiro,Sim,Nao,Sim,115.4,1,2,28,2040
36049,2012583029,Braga,41.443834,-8.100622999999999,A7,61.97,1,0,0,2.0,120,Berma pavimentada,Seco e limpo,Sentido único,Bom tempo,Fora da intersecção,Fora das localidades,Em pleno dia,Em patamar,Recta,Em plena via,Colisão,SÁBADO       ,0,2,28,2011-11-30,15,ligeiro,Sim,Nao,Sim,115.4,1,2,28,2040
36050,2011514778,Braga,41.44463,-8.092322,A7,62.68,1,0,0,2.0,120,Berma pavimentada,Molhado,Sentido único,Bom tempo,Fora da intersecção,Fora das localidades,"Noite, sem iluminação",Com inclinação,Recta,Em plena via,Colisão,SEGUNDA-FEIRA,0,2,28,2010-12-03,18,ligeiro,Nao,Nao,Nao,115.4,1,2,28,2040
36052,2011529665,Braga,41.635721999999994,-8.476158,EN201,54.55,2,0,0,1.0,50,Sem berma ou impraticável,Seco e limpo,Dois sentidos,Bom tempo,Fora da intersecção,Dentro das localidades,Em pleno dia,Em patamar,Curva,Em plena via,Colisão,SEGUNDA-FEIRA,0,2,28,2011-04-07,10,ligeiro,Sim,Nao,Sim,115.4,1,2,28,2040
36054,2012612570,Braga,41.444352,-8.097992,A7,62.2,1,0,0,2.0,120,Berma pavimentada,Com água acumulada na faixa de rodagem,Sentido único,Chuva,Fora da intersecção,Fora das localidades,Em pleno dia,Com inclinação,Recta,Em plena via,Despiste,QUINTA-FEIRA ,1,1,28,2012-04-25,9,ligeiro,Sim,Sim,Nao,115.4,1,2,28,2040
36055,2007296340,Braga,41.440814,-8.12219,EN206,59.5,4,0,0,1.0,90,Sem berma ou impraticável,Seco e limpo,Dois sentidos,Bom tempo,Fora da intersecção,Fora das localidades,Em pleno dia,Com inclinação,Curva,Em plena via,Colisão,TERÇA-FEIRA  ,0,3,28,2007-09-28,19,ligeiro,Sim,Nao,Sim,115.4,1,2,28,2040
36057,2012630108,Braga,41.444746,-8.094521,A7,62.49,2,1,0,2.0,120,Berma pavimentada,Seco e limpo,Sentido único,Bom tempo,Fora da intersecção,Fora das localidades,Em pleno dia,Com inclinação,Recta,Em plena via,Colisão,TERÇA-FEIRA  ,0,2,28,2012-07-01,14,ligeiro,Sim,Nao,Sim,115.4,1,2,28,2040
36058,2010433633,Braga,41.368869000000004,-8.383369,EN105,33.05,1,0,0,2.0,50,Sem berma ou impraticável,Seco e limpo,Dois sentidos,Bom tempo,Fora da intersecção,Dentro das localidades,Em pleno dia,Em patamar,Curva,Em plena via,Colisão,QUINTA-FEIRA ,0,2,28,2009-12-23,14,ligeiro,Sim,Nao,Sim,115.4,1,2,28,2040
36059,2008343621,Braga,41.524725,-8.388705,EN(d)309,40.03,2,0,0,1.0,90,Sem berma ou impraticável,Seco e limpo,Dois sentidos,Bom tempo,Fora da intersecção,Fora das localidades,Em pleno dia,Com inclinação,Curva,Em plena via,Colisão,QUARTA-FEIRA ,0,2,28,2008-10-04,18,ligeiro,Sim,Nao,Sim,115.4,1,2,28,2040
36060,2008332116,Braga,41.532829,-8.419284,EN101,93.2,1,0,0,1.0,50,Berma pavimentada,Seco e limpo,Dois sentidos,Bom tempo,Fora da intersecção,Dentro das localidades,"Noite, sem iluminação",Em patamar,Recta,Em plena via,Colisão,SÁBADO       ,0,2,28,2008-06-09,22,ligeiro,Nao,Nao,Sim,115.4,1,2,28,2040
36063,2013656282,Braga,41.369344,-8.381704,EN105,33.2,1,0,0,1.0,50,Berma pavimentada,Seco e limpo,Dois sentidos,Bom tempo,Em ramo de ligação - entrada,Dentro das localidades,"Noite, com iluminação",Em patamar,Curva,Em plena via,Colisão,SEXTA-FEIRA  ,0,2,28,2012-10-31,21,ligeiro,Nao,Nao,Sim,115.4,1,2,28,2040
36065,2007283668,Braga,41.641104,-8.488648,EN201,53.2,2,0,0,1.0,50,Berma pavimentada,Molhado,Dois sentidos,Bom tempo,Em cruzamento,Dentro das localidades,Em pleno dia,Em patamar,Recta,Em plena via,Colisão,SEXTA-FEIRA  ,0,2,28,2007-05-23,10,ligeiro,Sim,Nao,Nao,115.4,1,2,28,2040
36067,2010433130,Braga,41.444919,-8.104983,EN206,61.3,2,0,1,2.0,90,Sem berma ou impraticável,Molhado,Dois sentidos,Chuva,Fora da intersecção,Fora das localidades,Em pleno dia,Em patamar,Curva,Em plena via,Colisão,QUARTA-FEIRA ,0,2,28,2009-12-05,14,ligeiro,Sim,Sim,Nao,115.4,1,2,28,2040
36073,2012645454,Braga,41.440915000000004,-8.122717,EN206,59.45,1,0,0,1.0,50,Berma não pavimentada,Molhado,Dois sentidos,Chuva,Fora da intersecção,Fora das localidades,Em pleno dia,Com inclinação,Curva,Em plena via,Colisão,QUARTA-FEIRA ,0,2,28,2012-09-25,10,ligeiro,Sim,Sim,Nao,115.4,1,2,28,2040
36074,2013663314,Braga,41.445194,-8.095632,EN206,62.2,1,0,0,1.0,90,Berma pavimentada,Seco e limpo,Dois sentidos,Bom tempo,Fora da intersecção,Fora das localidades,Em pleno dia,Em patamar,Curva,Em plena via,Despiste,TERÇA-FEIRA  ,0,1,28,2012-11-15,14,ligeiro,Sim,Nao,Sim,115.4,1,2,28,2040
36076,2009388103,Braga,41.439109,-8.126344,EN206,58.92,0,1,0,2.0,50,Berma pavimentada,Seco e limpo,Dois sentidos,Bom tempo,Em entroncamento,Fora das localidades,Em pleno dia,Em patamar,Recta,Em plena via,Colisão,SEGUNDA-FEIRA,0,2,28,2009-05-07,19,ligeiro,Sim,Nao,Sim,115.4,1,2,28,2040
36077,2009391528,Braga,41.641225,-8.489802000000001,EN201,53.1,1,0,0,2.0,50,Berma pavimentada,Molhado,Dois sentidos,Chuva,Fora da intersecção,Dentro das localidades,Sol escandeante,Com inclinação,Recta,No passeio,Despiste,SEGUNDA-FEIRA,1,1,28,2009-06-10,20,ligeiro,Sim,Sim,Nao,115.4,1,2,28,2040
36082,2011573940,Braga,41.441625,-8.11945,EN206,59.8,2,0,0,1.0,90,Sem berma ou impraticável,Molhado,Dois sentidos,Chuva,Fora da intersecção,Fora das localidades,Em pleno dia,Em patamar,Recta,Em plena via,Despiste,SEGUNDA-FEIRA,0,2,28,2011-10-23,16,ligeiro,Sim,Sim,Nao,115.4,1,2,28,2040
36085,2013657021,Braga,41.634816,-8.475776,EN201,54.66,1,0,0,1.0,50,Berma pavimentada,Molhado,Dois sentidos,Bom tempo,Fora da intersecção,Dentro das localidades,Em pleno dia,Com inclinação,Recta,Em plena via,Colisão,SEXTA-FEIRA  ,0,2,28,2012-10-08,13,ligeiro,Sim,Nao,Nao,115.4,1,2,28,2040
36086,2011514550,Braga,41.442166,-8.109597,A7,61.2,1,0,0,2.0,120,Berma pavimentada,Molhado,Sentido único,Chuva,Fora da intersecção,Fora das localidades,"Noite, sem iluminação",Com inclinação,Recta,Em plena via,Colisão,SÁBADO       ,1,2,28,2010-12-01,6,ligeiro,Nao,Sim,Nao,115.4,1,2,28,2040
36087,2007278543,Braga,41.439048,-8.126497,EN206,58.9,2,0,0,1.0,90,Sem berma ou impraticável,Seco e limpo,Dois sentidos,Bom tempo,Em entroncamento,Fora das localidades,Em pleno dia,Em patamar,Curva,Em plena via,Colisão,SEGUNDA-FEIRA,0,2,28,2007-03-29,19,ligeiro,Sim,Nao,Sim,115.4,1,2,28,2040
36088,2008337188,Braga,41.442824,-8.106122000000001,A7,61.5,2,0,0,2.0,120,Berma pavimentada,Seco e limpo,Sentido único,Bom tempo,Fora da intersecção,Fora das localidades,"Noite, sem iluminação",Com inclinação,Recta,Em plena via,Colisão,TERÇA-FEIRA  ,0,2,28,2008-08-30,6,ligeiro,Nao,Nao,Sim,115.4,1,2,28,2040
36090,2010469707,Braga,41.646831,-8.496934,EN201,52.23,1,0,0,1.0,50,Berma não pavimentada,Seco e limpo,Dois sentidos,Bom tempo,Fora da intersecção,Dentro das localidades,Em pleno dia,Em patamar,Recta,Em plena via,Colisão,TERÇA-FEIRA  ,0,4,28,2010-06-21,8,ligeiro,Sim,Nao,Sim,115.4,1,2,28,2040
36091,2007300457,Braga,41.444615,-8.135515,EN206,57.0,0,1,0,1.0,50,Berma pavimentada,Seco e limpo,Dois sentidos,Bom tempo,Fora da intersecção,Dentro das localidades,"Noite, com iluminação",Com inclinação,Curva,Em plena via,Colisão,TERÇA-FEIRA  ,0,2,28,2007-11-02,18,ligeiro,Nao,Nao,Sim,115.4,1,2,28,2040
36092,2011563843,Braga,41.637546,-8.47914,EN201,54.2,1,0,0,1.0,50,Berma pavimentada,Seco e limpo,Dois sentidos,Bom tempo,Fora da intersecção,Dentro das localidades,Em pleno dia,Em patamar,Recta,Em plena via,Atropelamento,SEGUNDA-FEIRA,0,1,28,2011-08-10,9,ligeiro,Sim,Nao,Sim,115.4,1,2,28,2040
36095,2011545171,Braga,41.443624,-8.093712,EN206,62.45,0,1,0,1.0,90,Sem berma ou impraticável,Seco e limpo,Dois sentidos,Bom tempo,Fora da intersecção,Fora das localidades,Em pleno dia,Em patamar,Recta,Em plena via,Colisão,TERÇA-FEIRA  ,0,2,28,2011-06-09,19,ligeiro,Sim,Nao,Sim,115.4,1,2,28,2040
36096,2009373225,Braga,41.444171000000004,-8.105630999999999,EN206,61.2,2,0,0,1.0,90,Berma não pavimentada,Molhado,Dois sentidos,Chuva,Fora da intersecção,Fora das localidades,Em pleno dia,Com inclinação,Curva,Na berma,Despiste,TERÇA-FEIRA  ,0,1,28,2009-04-15,12,ligeiro,Sim,Sim,Nao,115.4,1,2,28,2040
36097,2010446626,Braga,41.444858,-8.138021,EN206,56.7,2,0,0,2.0,50,Berma não pavimentada,Molhado,Dois sentidos,Chuva,Fora da intersecção,Fora das localidades,Em pleno dia,Em patamar,Curva,Na berma,Despiste,QUINTA-FEIRA ,0,1,28,2010-02-24,13,ligeiro,Sim,Sim,Nao,115.4,1,2,28,2040
36098,2012579556,Braga,41.370065000000004,-8.380984,EN105,33.3,2,0,0,1.0,50,Berma pavimentada,Seco e limpo,Dois sentidos,Bom tempo,Fora da intersecção,Dentro das localidades,Em pleno dia,Em patamar,Recta,Em plena via,Colisão,SEXTA-FEIRA  ,0,2,28,2011-11-12,10,ligeiro,Sim,Nao,Sim,115.4,1,2,28,2040
36099,2008308772,Braga,41.367340000000006,-8.388855,EN105,32.55,1,0,0,1.0,50,Berma pavimentada,Seco e limpo,Dois sentidos,Bom tempo,Em entroncamento,Dentro das localidades,"Noite, com iluminação",Em patamar,Recta,Em plena via,Colisão,TERÇA-FEIRA  ,0,2,28,2008-01-09,18,ligeiro,Nao,Nao,Sim,115.4,1,2,28,2040
36100,2011555105,Braga,41.368869000000004,-8.383369,EN105,33.05,1,0,0,1.0,50,Berma pavimentada,Molhado,Dois sentidos,Chuva,Fora da intersecção,Dentro das localidades,Em pleno dia,Em patamar,Curva,Em plena via,Colisão,QUARTA-FEIRA ,0,3,28,2011-07-08,19,ligeiro,Sim,Sim,Nao,115.4,1,2,28,2040
36101,2012638499,Braga,41.640974,-8.487498,EN201,53.3,1,0,0,1.0,50,Sem berma ou impraticável,Seco e limpo,Dois sentidos,Bom tempo,Fora da intersecção,Dentro das localidades,Em pleno dia,Com inclinação,Recta,Em plena via,Colisão,QUINTA-FEIRA ,0,2,28,2012-08-17,19,ligeiro,Sim,Nao,Sim,115.4,1,2,28,2040
36103,2007300170,Braga,41.365282,-8.393446,EN105,32.1,1,0,0,1.0,50,Berma pavimentada,Seco e limpo,Dois sentidos,Bom tempo,Fora da intersecção,Dentro das localidades,Em pleno dia,Em patamar,Recta,Em plena via,Atropelamento,QUARTA-FEIRA ,0,1,28,2007-10-22,12,ligeiro,Sim,Nao,Sim,115.4,1,2,28,2040
36104,2007275683,Braga,41.37186,-8.360767999999998,EN105,35.45,1,0,0,1.0,80,Berma pavimentada,Húmido,Dois sentidos,Bom tempo,NÃO DEFINIDO,Dentro das localidades,"Noite, com iluminação",Com inclinação,Curva,Em plena via,Despiste,QUARTA-FEIRA ,0,1,28,2007-02-03,15,ligeiro,Nao,Nao,Nao,115.4,1,2,28,2040
36105,2011519228,Braga,41.637151,-8.478873,EN201,54.25,3,0,0,1.0,50,Berma pavimentada,Molhado,Dois sentidos,Chuva,Fora da intersecção,Dentro das localidades,"Noite, com iluminação",Em patamar,Recta,Em plena via,Colisão,SÁBADO       ,0,2,28,2011-01-10,20,ligeiro,Nao,Sim,Nao,115.4,1,2,28,2040
36106,2012608634,Braga,41.648082,-8.498349000000001,EN201,52.05,1,0,0,1.0,50,Berma não pavimentada,Seco e limpo,Dois sentidos,Bom tempo,Fora da intersecção,Dentro das localidades,"Noite, com iluminação",Com inclinação,Recta,Em plena via,Colisão,DOMINGO      ,0,2,28,2012-03-02,18,ligeiro,Nao,Nao,Sim,115.4,1,2,28,2040
36108,2010446035,Braga,41.635721999999994,-8.476158,EN201,54.55,3,0,0,1.0,50,Berma pavimentada,Húmido,Dois sentidos,Bom tempo,Fora da intersecção,Dentro das localidades,"Noite, com iluminação",Em patamar,Curva,Em plena via,Colisão,SEXTA-FEIRA  ,0,2,28,2010-02-08,6,ligeiro,Nao,Nao,Nao,115.4,1,2,28,2040
36110,2007289627,Braga,41.37207,-8.361286999999999,EN105,35.4,1,0,0,1.0,90,Berma pavimentada,Molhado,Dois sentidos,Chuva,Fora da intersecção,Dentro das localidades,Em pleno dia,Com inclinação,Curva,Na berma,Despiste,DOMINGO      ,0,1,28,2007-07-15,11,ligeiro,Sim,Sim,Nao,115.4,1,2,28,2040
36111,2007278010,Braga,41.637546,-8.47914,EN201,54.2,1,0,0,1.0,50,Berma pavimentada,Seco e limpo,Dois sentidos,Bom tempo,Fora da intersecção,Dentro das localidades,"Noite, com iluminação",Com inclinação,Recta,Em plena via,Atropelamento,SÁBADO       ,0,1,28,2007-03-11,20,ligeiro,Nao,Nao,Sim,115.4,1,2,28,2040
36115,2010482424,Braga,41.441132,-8.123172,EN206,59.4,1,1,0,1.0,90,Sem berma ou impraticável,Seco e limpo,Dois sentidos,Bom tempo,Fora da intersecção,Fora das localidades,Em pleno dia,Com inclinação,Curva,Em plena via,Colisão,QUINTA-FEIRA ,0,2,28,2010-08-13,15,ligeiro,Sim,Nao,Sim,115.4,1,2,28,2040
36117,2011511689,Braga,41.371536,-8.371362,EN105,34.25,2,0,0,1.0,50,Berma pavimentada,Seco e limpo,Dois sentidos,Bom tempo,Em cruzamento,Dentro das localidades,Em pleno dia,Em patamar,Recta,Em plena via,Colisão,QUINTA-FEIRA ,0,2,28,2010-12-16,10,ligeiro,Sim,Nao,Sim,115.4,1,2,28,2040
36118,2008321380,Braga,41.640974,-8.487498,EN201,53.3,1,0,0,1.0,50,Sem berma ou impraticável,Seco e limpo,Dois sentidos,Bom tempo,Fora da intersecção,Dentro das localidades,Em pleno dia,Com inclinação,Recta,Em plena via,Atropelamento,QUARTA-FEIRA ,0,1,28,2008-03-19,8,ligeiro,Sim,Nao,Sim,115.4,1,2,28,2040
36119,2007297365,Braga,41.635927,-8.476659,EN201,54.5,0,1,0,1.0,50,Berma pavimentada,Seco e limpo,Dois sentidos,Bom tempo,NÃO DEFINIDO,Dentro das localidades,"Noite, com iluminação",Com inclinação,Curva,Em plena via,Despiste,QUARTA-FEIRA ,1,1,28,2007-10-05,21,ligeiro,Nao,Nao,Sim,115.4,1,2,28,2040
36121,2007289631,Braga,41.371943,-8.360192,EN105,35.5,3,0,0,1.0,50,Berma pavimentada,Com água acumulada na faixa de rodagem,Dois sentidos,Chuva,NÃO DEFINIDO,Dentro das localidades,Aurora ou crepúsculo,Em patamar,Curva,No passeio,Colisão,SÁBADO       ,0,2,28,2007-07-03,20,ligeiro,Nao,Sim,Nao,115.4,1,2,28,2040
36124,2008333654,Braga,41.373011,-8.35907,EN105,35.65,1,0,0,1.0,50,Berma não pavimentada,Molhado,Dois sentidos,Chuva,Em cruzamento,Dentro das localidades,Em pleno dia,Com inclinação,Recta,Em plena via,Colisão,DOMINGO      ,0,3,28,2008-07-25,18,ligeiro,Sim,Sim,Nao,115.4,1,2,28,2040
36126,2010421115,Braga,41.528431,-8.417883,EN101,93.7,2,0,0,2.0,50,Sem berma ou impraticável,Seco e limpo,Dois sentidos,Chuva,Em entroncamento,Dentro das localidades,"Noite, com iluminação",Com inclinação,Recta,Em plena via,Colisão,SEXTA-FEIRA  ,0,3,28,2009-12-29,19,ligeiro,Nao,Sim,Sim,115.4,1,2,28,2040
36128,2008327621,Braga,41.528431,-8.417883,EN101,93.7,4,0,0,1.0,50,Berma pavimentada,Seco e limpo,Dois sentidos,Bom tempo,Em entroncamento,Dentro das localidades,Em pleno dia,Com inclinação,Recta,Em plena via,Colisão,DOMINGO      ,0,2,28,2008-05-29,7,ligeiro,Sim,Nao,Sim,115.4,1,2,28,2040
36131,2012645509,Braga,41.638153,-8.479937,EN201,54.1,2,0,0,1.0,50,Berma não pavimentada,Seco e limpo,Dois sentidos,Bom tempo,Em cruzamento,Dentro das localidades,Em pleno dia,Em patamar,Recta,Na berma,Despiste,TERÇA-FEIRA  ,0,2,28,2012-09-19,15,ligeiro,Sim,Nao,Sim,115.4,1,2,28,2040
36136,2011548700,Braga,41.648447999999995,-8.498741,EN201,52.0,1,0,0,1.0,50,Berma não pavimentada,Seco e limpo,Dois sentidos,Bom tempo,Fora da intersecção,Dentro das localidades,"Noite, com iluminação",Com inclinação,Recta,Na berma,Despiste,DOMINGO      ,0,1,28,2011-06-19,0,ligeiro,Nao,Nao,Sim,115.4,1,2,28,2040
36139,2007271431,Braga,41.635785,-8.476239,EN201,54.54,1,0,0,1.0,50,Sem berma ou impraticável,Molhado,Dois sentidos,Chuva,NÃO DEFINIDO,Dentro das localidades,"Noite, com iluminação",Em patamar,Curva,Em parque de estacionamento,Despiste,DOMINGO      ,0,1,28,2007-01-03,19,ligeiro,Nao,Sim,Nao,115.4,1,2,28,2040
36141,2007282011,Braga,41.444747,-8.094424,A7,62.5,1,0,0,2.0,120,Berma pavimentada,Húmido,Sentido único,Bom tempo,Fora da intersecção,Fora das localidades,Em pleno dia,Com inclinação,Recta,Na berma,Despiste,SEGUNDA-FEIRA,0,1,28,2007-05-14,14,ligeiro,Sim,Nao,Nao,115.4,1,2,28,2040
36143,2009366677,Braga,41.442563,-8.116767,EN206,60.1,2,0,0,2.0,50,Berma pavimentada,Seco e limpo,Dois sentidos,Bom tempo,Fora da intersecção,Fora das localidades,Em pleno dia,Com inclinação,Curva,Em plena via,Colisão,SEXTA-FEIRA  ,0,2,28,2009-03-14,15,ligeiro,Sim,Nao,Sim,115.4,1,2,28,2040
36146,2008308054,Braga,41.367132,-8.389380000000001,EN105,32.5,1,0,0,2.0,50,Berma pavimentada,Seco e limpo,Dois sentidos,Bom tempo,Fora da intersecção,Dentro das localidades,Em pleno dia,Em patamar,Recta,Em plena via,Atropelamento,DOMINGO      ,0,1,28,2008-01-19,15,ligeiro,Sim,Nao,Sim,115.4,1,2,28,2040
36147,2008329030,Braga,41.640221999999994,-8.48281,EN201,53.75,1,0,0,2.0,50,Sem berma ou impraticável,Seco e limpo,Dois sentidos,Bom tempo,Em cruzamento,Dentro das localidades,Em pleno dia,Com inclinação,Recta,Em plena via,Colisão,QUARTA-FEIRA ,0,2,28,2008-05-15,16,ligeiro,Sim,Nao,Sim,115.4,1,2,28,2040
36150,2010433715,Braga,41.372904,-8.36399,EN105,35.0,4,0,0,1.0,50,Berma pavimentada,Molhado,Dois sentidos,Chuva,Fora da intersecção,Dentro das localidades,Em pleno dia,Com inclinação,Recta,Em plena via,Colisão,TERÇA-FEIRA  ,0,3,28,2009-12-04,10,ligeiro,Sim,Sim,Nao,115.4,1,2,28,2040
36153,2010446648,Braga,41.37142,-8.376345,EN105,33.75,1,0,0,1.0,50,Berma não pavimentada,Molhado,Dois sentidos,Chuva,Fora da intersecção,Dentro das localidades,Em pleno dia,Em patamar,Curva,Em plena via,Colisão,QUINTA-FEIRA ,0,2,28,2010-02-24,6,ligeiro,Sim,Sim,Nao,115.4,1,2,28,2040
36164,2008322225,Braga,41.368320000000004,-8.386187,EN105,32.8,1,0,0,1.0,50,Berma pavimentada,Seco e limpo,Dois sentidos,Bom tempo,Fora da intersecção,Fora das localidades,Em pleno dia,Em patamar,Recta,Em plena via,Colisão,SEXTA-FEIRA  ,0,3,28,2008-03-20,8,ligeiro,Sim,Nao,Sim,115.4,1,2,28,2040
36166,2007285267,Braga,41.640089,-8.483359,EN201,53.7,1,0,0,1.0,50,Berma não pavimentada,Seco e limpo,Dois sentidos,Bom tempo,Fora da intersecção,Dentro das localidades,Em pleno dia,Em patamar,Curva,Em parque de estacionamento,Despiste,QUARTA-FEIRA ,0,1,28,2007-06-13,12,ligeiro,Sim,Nao,Sim,115.4,1,2,28,2040
36168,2012638705,Braga,41.444919,-8.104983,EN206,61.3,1,0,0,1.0,90,Sem berma ou impraticável,Seco e limpo,Dois sentidos,Bom tempo,Fora da intersecção,Fora das localidades,Em pleno dia,Com inclinação,Curva,Na berma,Despiste,QUINTA-FEIRA ,0,1,28,2012-08-28,8,ligeiro,Sim,Nao,Sim,115.4,1,2,28,2040
36171,2010421445,Braga,41.639899,-8.483882000000001,EN201,53.65,2,0,0,1.0,50,Berma não pavimentada,Húmido,Dois sentidos,Chuva,Fora da intersecção,Dentro das localidades,Em pleno dia,Com inclinação,Curva,Em plena via,Colisão,TERÇA-FEIRA  ,0,2,28,2009-10-25,11,ligeiro,Sim,Sim,Nao,115.4,1,2,28,2040