,COD_ACIDENTE,DISTRITO,LATITUDE,LONGITUDE,VIA,KM,QT_FLIGEIROS,QT_FGRAVES,QT_MORTOS,QT_VIAS_SENTIDO,VEL_LIM_LOCAL,BERMA_VIA,CONDICAO_ADERENCIA,FAIXA_RODAGEM,FATOR_ATMOSFERICO,INTERSECAO_VIA,LOCALIZACAO,LUMINOSIDADE,PERFIL_VIA,PLANTA_VIA,SITUACAO_ACIDENTE,TIPO_NATUREZA,DIA_SEMANA,FLAG_FERIADO,QT_VEICULOS,COD_FREGUESIA,DATA,HORA,GRAVIDADE,ERA_DIA,MAU_TEMPO,ESTRADA_SECA,DENSIDADE_TOTAL,COD_DISTRITO_INE,COD_CONCELHO_INE,COD_FREGUESIA_INE,TOTAL
36173,2012631250,Braga,41.444447,-8.135598,EN206,57.02,1,0,0,1.0,50,Sem berma ou impraticável,Seco e limpo,Dois sentidos,Bom tempo,Fora da intersecção,Dentro das localidades,Em pleno dia,Em patamar,Curva,Em plena via,Colisão,SEXTA-FEIRA  ,0,2,28,2012-07-20,17,ligeiro,Sim,Nao,Sim,115.4,1,2,28,2040
36174,2008329085,Braga,41.521011,-8.389279,EN(d)309,40.7,1,0,0,1.0,90,Sem berma ou impraticável,Seco e limpo,NÃO DEFINIDO,Bom tempo,Fora da intersecção,Fora das localidades,Em pleno dia,Com inclinação,Recta,Em plena via,Despiste,QUARTA-FEIRA ,0,1,28,2008-05-20,11,ligeiro,Sim,Nao,Sim,115.4,1,2,28,2040
36180,2013669703,Braga,41.442605,-8.109553,EN206,60.8,1,0,0,1.0,70,Sem berma ou impraticável,Molhado,Dois sentidos,Chuva,Fora da intersecção,Dentro das localidades,Em pleno dia,Com inclinação,Curva,Na berma,Colisão,SEXTA-FEIRA  ,0,2,28,2012-12-21,14,ligeiro,Sim,Sim,Nao,115.4,1,2,28,2040
36182,2010478909,Braga,41.367548,-8.388328999999999,EN105,32.6,2,0,0,1.0,50,Sem berma ou impraticável,Seco e limpo,Dois sentidos,Bom tempo,Em cruzamento,Dentro das localidades,Em pleno dia,Em patamar,Recta,Em plena via,Colisão,SEGUNDA-FEIRA,0,3,28,2010-07-19,19,ligeiro,Sim,Nao,Sim,115.4,1,2,28,2040
36183,2008306178,Braga,41.444615,-8.135515,EN206,57.0,1,0,0,1.0,50,Berma pavimentada,Seco e limpo,Dois sentidos,Bom tempo,Em entroncamento,Dentro das localidades,Em pleno dia,Com inclinação,Curva,Em plena via,Colisão,TERÇA-FEIRA  ,0,2,28,2007-12-17,12,ligeiro,Sim,Nao,Sim,115.4,1,2,28,2040
36184,2008308773,Braga,41.371356,-8.377365,EN105,33.65,3,0,0,1.0,50,Sem berma ou impraticável,Molhado,Dois sentidos,Chuva,Fora da intersecção,Dentro das localidades,Em pleno dia,Com inclinação,Curva,Em plena via,Despiste,QUINTA-FEIRA ,0,1,28,2008-01-05,11,ligeiro,Sim,Sim,Nao,115.4,1,2,28,2040
36187,2007294600,Braga,41.490715,-8.702549000000001,ER205,14.1,2,0,0,1.0,80,Sem berma ou impraticável,Seco e limpo,Dois sentidos,Bom tempo,Fora da intersecção,Fora das localidades,Em pleno dia,Com inclinação,Recta,Em plena via,Colisão,SEXTA-FEIRA  ,0,2,28,2007-09-14,12,ligeiro,Sim,Nao,Sim,115.4,1,2,28,2040
36189,2007291310,Braga,41.372652,-8.359418,EN105,35.6,1,1,0,2.0,50,Berma pavimentada,Seco e limpo,Dois sentidos,Bom tempo,NÃO DEFINIDO,Dentro das localidades,Aurora ou crepúsculo,Com inclinação,Recta,Em plena via,Atropelamento,DOMINGO      ,0,1,28,2007-08-12,20,ligeiro,Nao,Nao,Sim,115.4,1,2,28,2040
36191,2010452600,Braga,41.373374,-8.358708,EN105,35.7,1,0,0,1.0,50,Berma pavimentada,Molhado,Dois sentidos,Chuva,Fora da intersecção,Dentro das localidades,Em pleno dia,Em patamar,Recta,Em plena via,Colisão,QUINTA-FEIRA ,0,3,28,2010-03-29,10,ligeiro,Sim,Sim,Nao,115.4,1,2,28,2040
36194,2012636927,Braga,41.635927,-8.476659,EN201,54.5,1,0,0,1.0,50,Sem berma ou impraticável,Molhado,Dois sentidos,Chuva,Fora da intersecção,Dentro das localidades,Em pleno dia,Com inclinação,Curva,Em plena via,Colisão,DOMINGO      ,0,3,28,2012-08-14,12,ligeiro,Sim,Sim,Nao,115.4,1,2,28,2040
36197,2013669781,Braga,41.639461,-8.481707,EN201,53.89,2,0,0,1.0,50,Sem berma ou impraticável,Húmido,Dois sentidos,Chuva,Fora da intersecção,Dentro das localidades,Aurora ou crepúsculo,Com inclinação,Recta,Em plena via,Colisão,SEXTA-FEIRA  ,0,2,28,2012-12-27,17,ligeiro,Nao,Sim,Nao,115.4,1,2,28,2040
36201,2011529621,Braga,41.37187,-8.360469,EN105,35.48,1,0,0,2.0,50,Berma pavimentada,Seco e limpo,Dois sentidos,Bom tempo,Em entroncamento,Dentro das localidades,"Noite, com iluminação",Em patamar,Recta,Em plena via,Colisão,SÁBADO       ,0,2,28,2011-04-05,5,ligeiro,Nao,Nao,Sim,115.4,1,2,28,2040
36203,2007281138,Braga,41.372904,-8.36399,EN105,35.0,2,1,0,1.0,50,Berma não pavimentada,Molhado,Dois sentidos,Chuva,Fora da intersecção,Dentro das localidades,"Noite, com iluminação",Em patamar,Curva,Em plena via,Colisão,SEXTA-FEIRA  ,0,3,28,2007-04-24,22,ligeiro,Nao,Sim,Nao,115.4,1,2,28,2040
36205,2008337316,Braga,41.648082,-8.498349000000001,EN201,52.05,1,0,0,1.0,50,Berma pavimentada,Seco e limpo,Dois sentidos,Bom tempo,Fora da intersecção,Dentro das localidades,Em pleno dia,Em patamar,Recta,Na berma,Despiste,QUINTA-FEIRA ,1,1,28,2008-08-15,10,ligeiro,Sim,Nao,Sim,115.4,1,2,28,2040
36210,2009390955,Braga,41.371786,-8.37087,EN105,34.3,1,0,0,1.0,50,Berma não pavimentada,Molhado,Dois sentidos,Chuva,Fora da intersecção,Dentro das localidades,Em pleno dia,Com inclinação,Curva,Em plena via,Colisão,TERÇA-FEIRA  ,0,2,28,2009-06-05,11,ligeiro,Sim,Sim,Nao,115.4,1,2,28,2040
36211,2008318469,Braga,41.635721999999994,-8.476158,EN201,54.55,1,0,0,1.0,50,Berma não pavimentada,Húmido,Dois sentidos,Chuva,NÃO DEFINIDO,Dentro das localidades,Em pleno dia,Em patamar,Curva,Na berma,Despiste,TERÇA-FEIRA  ,0,1,28,2008-02-24,14,ligeiro,Sim,Sim,Nao,115.4,1,2,28,2040
36214,2007283667,Braga,41.64628,-8.496352,EN201,52.3,1,0,0,1.0,50,Berma não pavimentada,Seco e limpo,Dois sentidos,Bom tempo,Em cruzamento,Dentro das localidades,Em pleno dia,Em patamar,Recta,Em plena via,Colisão,SEXTA-FEIRA  ,0,2,28,2007-05-23,7,ligeiro,Sim,Nao,Sim,115.4,1,2,28,2040
36219,2007299733,Braga,41.637893,-8.479471,EN201,54.15,1,0,0,1.0,50,Berma pavimentada,Seco e limpo,Dois sentidos,Bom tempo,Fora da intersecção,Dentro das localidades,"Noite, com iluminação",Em patamar,Recta,Em plena via,Colisão,DOMINGO      ,0,3,28,2007-10-25,20,ligeiro,Nao,Nao,Sim,115.4,1,2,28,2040
36221,2012591767,Braga,41.639814,-8.48444,EN201,53.6,1,0,0,1.0,50,Berma não pavimentada,Seco e limpo,Dois sentidos,Bom tempo,Fora da intersecção,Dentro das localidades,Em pleno dia,Em patamar,Curva,Em plena via,Despiste,TERÇA-FEIRA  ,1,1,28,2011-12-25,14,ligeiro,Sim,Nao,Sim,115.4,1,2,28,2040
36222,2008347722,Braga,41.44474,-8.093822,A7,62.55,1,0,0,2.0,120,Berma pavimentada,Seco e limpo,Sentido único,Bom tempo,Fora da intersecção,Fora das localidades,"Noite, sem iluminação",Com inclinação,Recta,Em plena via,Colisão,SÁBADO       ,0,2,28,2008-11-10,19,ligeiro,Nao,Nao,Sim,115.4,1,2,28,2040
36226,2007292024,Braga,41.490301,-8.703536,ER205,14.02,1,0,0,2.0,50,Sem berma ou impraticável,Seco e limpo,Dois sentidos,Bom tempo,Fora da intersecção,Dentro das localidades,Em pleno dia,Em patamar,Recta,No passeio,Atropelamento,SEXTA-FEIRA  ,0,1,28,2007-08-11,9,ligeiro,Sim,Nao,Sim,115.4,1,2,28,2040
36230,2009400567,Braga,41.634473,-8.475689,EN201,54.7,1,0,0,2.0,50,Berma pavimentada,Seco e limpo,Dois sentidos,Bom tempo,Em entroncamento,Dentro das localidades,Em pleno dia,Em patamar,Recta,Em plena via,Colisão,SEXTA-FEIRA  ,0,2,28,2009-07-28,18,ligeiro,Sim,Nao,Sim,115.4,1,2,28,2040
36231,2012626699,Braga,41.37207,-8.361286999999999,EN105,35.4,1,0,0,1.0,50,Sem berma ou impraticável,Seco e limpo,Dois sentidos,Bom tempo,Fora da intersecção,Dentro das localidades,Em pleno dia,Com inclinação,Curva,Em plena via,Despiste,SEGUNDA-FEIRA,0,1,28,2012-06-24,14,ligeiro,Sim,Nao,Sim,115.4,1,2,28,2040
36232,2008333379,Braga,41.372818,-8.365732000000001,EN105,34.8,1,1,0,1.0,50,Berma pavimentada,Seco e limpo,Dois sentidos,Bom tempo,Fora da intersecção,Dentro das localidades,"Noite, com iluminação",Com inclinação,Curva,Na berma,Despiste,SEXTA-FEIRA  ,0,1,28,2008-07-12,23,ligeiro,Nao,Nao,Sim,115.4,1,2,28,2040
36235,2008337936,Braga,41.640051,-8.482304,EN201,53.8,1,0,0,1.0,50,Sem berma ou impraticável,Seco e limpo,Dois sentidos,Bom tempo,Fora da intersecção,Dentro das localidades,Aurora ou crepúsculo,Em patamar,Recta,Em plena via,Colisão,DOMINGO      ,0,3,28,2008-08-17,20,ligeiro,Nao,Nao,Sim,115.4,1,2,28,2040
36238,2010430275,Braga,41.639354,-8.481605,EN201,53.9,1,0,0,2.0,50,Berma não pavimentada,Molhado,Dois sentidos,Chuva,Fora da intersecção,Dentro das localidades,"Noite, com iluminação",Com inclinação,Recta,Em plena via,Colisão,TERÇA-FEIRA  ,0,3,28,2009-11-06,17,ligeiro,Nao,Sim,Nao,115.4,1,2,28,2040
36239,2007282096,Braga,41.442015000000005,-8.136307,EN206,57.3,1,0,0,1.0,50,Berma não pavimentada,Seco e limpo,Dois sentidos,Bom tempo,Em entroncamento,Dentro das localidades,Em pleno dia,Em patamar,Recta,Em plena via,Colisão,QUARTA-FEIRA ,0,2,28,2007-05-10,20,ligeiro,Sim,Nao,Sim,115.4,1,2,28,2040
36241,2012651217,Braga,41.373733,-8.358344,EN105,35.75,0,1,0,1.0,50,Sem berma ou impraticável,Seco e limpo,Dois sentidos,Bom tempo,Em cruzamento,Dentro das localidades,Em pleno dia,Com inclinação,Recta,Em plena via,Colisão,SÁBADO       ,0,2,28,2012-09-05,17,ligeiro,Sim,Nao,Sim,115.4,1,2,28,2040
36242,2012632539,Braga,41.442657000000004,-8.10699,A7,61.43,1,0,0,2.0,120,Berma pavimentada,Seco e limpo,Sentido único,Bom tempo,Fora da intersecção,Fora das localidades,Em pleno dia,Com inclinação,Recta,Na berma,Despiste,TERÇA-FEIRA  ,0,1,28,2012-07-12,17,ligeiro,Sim,Nao,Sim,115.4,1,2,28,2040
36243,2013665683,Braga,41.367132,-8.389380000000001,EN105,32.5,1,0,0,1.0,50,Berma pavimentada,Seco e limpo,Dois sentidos,Bom tempo,Fora da intersecção,Dentro das localidades,Em pleno dia,Em patamar,Recta,Em plena via,Colisão,SÁBADO       ,0,2,28,2012-11-18,12,ligeiro,Sim,Nao,Sim,115.4,1,2,28,2040
36247,2012597924,Braga,41.369239,-8.381899,EN105,33.18,1,0,0,1.0,50,Berma pavimentada,Seco e limpo,Dois sentidos,Bom tempo,Fora da intersecção,Dentro das localidades,Em pleno dia,Com inclinação,Recta,Em plena via,Colisão,SEGUNDA-FEIRA,0,2,28,2012-01-28,11,ligeiro,Sim,Nao,Sim,115.4,1,2,28,2040
36248,2009366759,Braga,41.636052,-8.477217,EN201,54.45,1,0,0,2.0,50,Berma pavimentada,Seco e limpo,Dois sentidos,Bom tempo,Fora da intersecção,Dentro das localidades,Aurora ou crepúsculo,Em patamar,Recta,Na berma,Despiste,SEGUNDA-FEIRA,0,1,28,2009-03-22,19,ligeiro,Nao,Nao,Sim,115.4,1,2,28,2040
36249,2007290541,Braga,41.535404,-8.422452999999999,EN101,92.8,1,0,0,1.0,50,Berma pavimentada,Seco e limpo,Dois sentidos,Bom tempo,Fora da intersecção,Dentro das localidades,Em pleno dia,Em patamar,Recta,Em plena via,Atropelamento,QUINTA-FEIRA ,0,1,28,2007-07-29,18,ligeiro,Sim,Nao,Sim,115.4,1,2,28,2040
36250,2007297889,Braga,41.444408,-8.0977,A7,62.23,1,0,0,2.0,120,Berma pavimentada,Seco e limpo,Sentido único,Bom tempo,Fora da intersecção,Fora das localidades,"Noite, sem iluminação",Com inclinação,Recta,Em plena via,Colisão,SEGUNDA-FEIRA,0,2,28,2007-10-15,21,ligeiro,Nao,Nao,Sim,115.4,1,2,28,2040
36258,2009389630,Braga,41.530049,-8.418402,EN101,93.52,1,0,0,1.0,50,Berma pavimentada,Seco e limpo,Dois sentidos,Bom tempo,Em entroncamento,Dentro das localidades,Em pleno dia,Com inclinação,Curva,Em plena via,Colisão,DOMINGO      ,0,2,28,2009-06-20,7,ligeiro,Sim,Nao,Sim,115.4,1,2,28,2040
36259,2010433190,Braga,41.442356,-8.115433,EN206,60.23,3,2,2,2.0,90,Berma pavimentada,Seco e limpo,Dois sentidos,Bom tempo,Fora da intersecção,Fora das localidades,"Noite, sem iluminação",Com inclinação,Recta,Em plena via,Colisão,SEXTA-FEIRA  ,0,2,28,2009-12-12,23,muito grave,Nao,Nao,Sim,115.4,1,2,28,2040
36264,2009409784,Braga,41.445306,-8.096784,EN206,62.1,1,0,0,2.0,50,Sem berma ou impraticável,Seco e limpo,Dois sentidos,Bom tempo,Fora da intersecção,Fora das localidades,Em pleno dia,Em patamar,Recta,Na berma,Despiste,SEXTA-FEIRA  ,1,1,28,2009-08-15,7,ligeiro,Sim,Nao,Sim,115.4,1,2,28,2040
36266,2007271500,Braga,41.482857,-8.717139999999999,ER205,12.5,1,0,0,1.0,50,Sem berma ou impraticável,Seco e limpo,Dois sentidos,Bom tempo,Fora da intersecção,Dentro das localidades,Aurora ou crepúsculo,Em patamar,Recta,Na berma,Despiste,QUINTA-FEIRA ,0,2,15,2007-01-12,6,ligeiro,Nao,Nao,Sim,21.3,1,1,15,724
36274,2007279241,Braga,41.462567,-8.723166,ER205,10.1,2,0,0,1.0,80,Sem berma ou impraticável,Seco e limpo,Dois sentidos,Bom tempo,Fora da intersecção,Dentro das localidades,"Noite, com iluminação",Em patamar,Curva,Em plena via,Despiste,SEXTA-FEIRA  ,0,1,15,2007-04-02,3,ligeiro,Nao,Nao,Sim,21.3,1,1,15,724
36287,2007289678,Braga,41.588692,-8.287195,EN205,62.9,1,0,0,2.0,50,Berma não pavimentada,Seco e limpo,Dois sentidos,Bom tempo,Em entroncamento,Dentro das localidades,Em pleno dia,Com inclinação,Curva,Em plena via,Colisão,QUINTA-FEIRA ,0,3,15,2007-07-07,19,ligeiro,Sim,Nao,Sim,21.3,1,1,15,724
36299,2007287119,Braga,41.471184,-8.73905,A28,41.5,1,0,0,2.0,120,Berma pavimentada,Seco e limpo,Sentido único,Bom tempo,Fora da intersecção,Fora das localidades,Em pleno dia,Em patamar,Curva,Em plena via,Despiste,QUARTA-FEIRA ,0,1,15,2007-06-24,9,ligeiro,Sim,Nao,Sim,21.3,1,1,15,724
36306,2007292125,Braga,41.564328,-8.763237,A28,52.4,1,0,0,2.0,120,Berma pavimentada,Seco e limpo,Sentido único,Bom tempo,Fora da intersecção,Fora das localidades,"Noite, sem iluminação",Com inclinação,Recta,Em plena via,Despiste,SÁBADO       ,0,1,15,2007-08-06,23,ligeiro,Nao,Nao,Sim,21.3,1,1,15,724
36308,2007292127,Braga,41.556898,-8.757214,A28,51.4,3,0,0,2.0,120,Berma pavimentada,Seco e limpo,Sentido único,Bom tempo,Fora da intersecção,Fora das localidades,Em pleno dia,Com inclinação,Recta,Em plena via,Colisão,QUINTA-FEIRA ,0,3,15,2007-08-10,13,ligeiro,Sim,Nao,Sim,21.3,1,1,15,724
36310,2007294071,Braga,41.568877,-8.766853999999999,A28,53.0,2,0,0,2.0,120,Berma pavimentada,Seco e limpo,Sentido único,Bom tempo,Fora da intersecção,Fora das localidades,"Noite, sem iluminação",Em patamar,Curva,Em plena via,Despiste,SÁBADO       ,0,1,15,2007-08-17,22,ligeiro,Nao,Nao,Sim,21.3,1,1,15,724
36316,2007295597,Braga,41.46847,-8.738893,A28,41.2,3,0,0,2.0,120,Berma pavimentada,Seco e limpo,Sentido único,Bom tempo,Fora da intersecção,Fora das localidades,Em pleno dia,Em patamar,Recta,Em plena via,Despiste,SÁBADO       ,0,1,15,2007-09-09,16,ligeiro,Sim,Nao,Sim,21.3,1,1,15,724
36345,2008323560,Braga,41.588493,-8.285916,EN205,63.0,2,0,0,1.0,50,Berma pavimentada,Seco e limpo,Dois sentidos,Bom tempo,Fora da intersecção,Dentro das localidades,Em pleno dia,Com inclinação,Curva,No passeio,Atropelamento,SEGUNDA-FEIRA,0,1,15,2008-04-26,19,ligeiro,Sim,Nao,Sim,21.3,1,1,15,724
36355,2008333841,Braga,41.467886,-8.724188,ER205,10.7,1,0,0,1.0,50,Berma pavimentada,Seco e limpo,Dois sentidos,Bom tempo,Fora da intersecção,Dentro das localidades,Em pleno dia,Em patamar,Curva,Na berma,Colisão,QUINTA-FEIRA ,0,3,15,2008-07-17,15,ligeiro,Sim,Nao,Sim,21.3,1,1,15,724
36362,2008340793,Braga,41.558646,-8.757553999999999,A28,51.6,2,0,0,2.0,120,Berma pavimentada,Húmido,Sentido único,Bom tempo,Fora da intersecção,Fora das localidades,Em pleno dia,Com inclinação,Curva,Na berma,Despiste,TERÇA-FEIRA  ,0,1,15,2008-09-22,17,ligeiro,Sim,Nao,Nao,21.3,1,1,15,724
36365,2008329163,Braga,41.556898,-8.757214,A28,51.4,1,0,0,2.0,120,Berma pavimentada,Molhado,Sentido único,Chuva,Fora da intersecção,Fora das localidades,Em pleno dia,Com inclinação,Curva,Em plena via,Despiste,SEGUNDA-FEIRA,0,1,15,2008-05-24,7,ligeiro,Sim,Sim,Nao,21.3,1,1,15,724
36373,2009353297,Braga,41.555128,-8.757381,A28,51.2,6,0,0,2.0,120,Berma pavimentada,Molhado,Sentido único,Bom tempo,Fora da intersecção,Fora das localidades,"Noite, sem iluminação",Com inclinação,Recta,Em plena via,Colisão,SEGUNDA-FEIRA,0,2,15,2008-12-04,22,ligeiro,Nao,Nao,Nao,21.3,1,1,15,724
36410,2009351449,Braga,41.588493,-8.285916,EN205,63.0,1,0,0,1.0,50,Sem berma ou impraticável,"Com gelo, geada ou neve",Dois sentidos,Bom tempo,Fora da intersecção,Dentro das localidades,Em pleno dia,Com inclinação,Curva,Em plena via,Despiste,DOMINGO      ,0,1,15,2008-12-26,9,ligeiro,Sim,Nao,Nao,21.3,1,1,15,724
36431,2009373755,Braga,41.503796,-8.435067,EN(d)309,30.88,1,0,0,2.0,50,Sem berma ou impraticável,Seco e limpo,Dois sentidos,Bom tempo,Em entroncamento,Dentro das localidades,Em pleno dia,Em patamar,Recta,Em plena via,Colisão,SÁBADO       ,1,2,15,2009-04-12,11,ligeiro,Sim,Nao,Sim,21.3,1,1,15,724
36443,2009389476,Braga,41.581009,-8.76355,A28,54.4,1,0,0,2.0,120,Berma pavimentada,Seco e limpo,Sentido único,Bom tempo,Fora da intersecção,Fora das localidades,"Noite, sem iluminação",Com inclinação,Recta,Em plena via,Colisão,SEGUNDA-FEIRA,0,2,15,2009-05-29,22,ligeiro,Nao,Nao,Sim,21.3,1,1,15,724
36445,2009389617,Braga,41.472958,-8.739473,A28,41.7,1,0,0,2.0,120,Berma pavimentada,Seco e limpo,Sentido único,Bom tempo,Fora da intersecção,Fora das localidades,Em pleno dia,Em patamar,Curva,Em plena via,Despiste,SEXTA-FEIRA  ,0,1,15,2009-06-24,18,ligeiro,Sim,Nao,Sim,21.3,1,1,15,724
36464,2009408854,Braga,41.472601,-8.723366,ER205,11.23,2,3,0,1.0,50,Berma pavimentada,Seco e limpo,Dois sentidos,Bom tempo,Fora da intersecção,Dentro das localidades,"Noite, com iluminação",Em patamar,Recta,Em plena via,Colisão,SEXTA-FEIRA  ,0,3,15,2009-08-20,21,ligeiro,Nao,Nao,Sim,21.3,1,1,15,724
36467,2010425733,Braga,41.472526,-8.739297,A28,41.65,1,0,0,2.0,100,Berma pavimentada,Seco e limpo,Sentido único,Bom tempo,Fora da intersecção,Fora das localidades,"Noite, sem iluminação",Em patamar,Recta,Em plena via,Despiste,QUARTA-FEIRA ,0,1,15,2009-11-18,23,ligeiro,Nao,Nao,Sim,21.3,1,1,15,724
36483,2010451153,Braga,41.472958,-8.739473,A28,41.7,0,1,1,2.0,120,Berma pavimentada,Seco e limpo,Sentido único,Bom tempo,Fora da intersecção,Fora das localidades,Em pleno dia,Em patamar,Curva,Em plena via,Colisão,SÁBADO       ,0,4,15,2010-03-14,12,grave,Sim,Nao,Sim,21.3,1,1,15,724
36494,2010456946,Braga,41.479785,-8.719597,ER205,12.1,1,0,0,1.0,50,Berma pavimentada,Seco e limpo,Dois sentidos,Bom tempo,Fora da intersecção,Dentro das localidades,Em pleno dia,Em patamar,Recta,Em plena via,Atropelamento,QUARTA-FEIRA ,0,1,15,2010-04-26,18,ligeiro,Sim,Nao,Sim,21.3,1,1,15,724
36495,2010457460,Braga,41.661371,-8.440398,EN308,34.53,1,0,0,1.0,50,Sem berma ou impraticável,Molhado,Dois sentidos,Chuva,Fora da intersecção,Dentro das localidades,Em pleno dia,Em patamar,Curva,Em plena via,Colisão,QUINTA-FEIRA ,0,2,15,2010-04-21,8,ligeiro,Sim,Sim,Nao,21.3,1,1,15,724
36555,2011505893,Braga,41.505081,-8.43495,EN(d)309,31.02,1,0,0,1.0,50,Sem berma ou impraticável,Seco e limpo,Dois sentidos,Bom tempo,Fora da intersecção,Dentro das localidades,Em pleno dia,Em patamar,Recta,Em plena via,Colisão,SEGUNDA-FEIRA,0,2,15,2010-11-04,8,ligeiro,Sim,Nao,Sim,21.3,1,1,15,724
36558,2011506716,Braga,41.50398,-8.435048,EN(d)309,30.9,1,0,0,1.0,50,Berma pavimentada,Molhado,Dois sentidos,Chuva,Fora da intersecção,Dentro das localidades,Em pleno dia,Em patamar,Recta,No passeio,Atropelamento,SEXTA-FEIRA  ,0,1,15,2010-11-19,9,ligeiro,Sim,Sim,Nao,21.3,1,1,15,724
36566,2011517127,Braga,41.505081,-8.43495,EN(d)309,31.02,1,0,0,1.0,50,Berma pavimentada,Seco e limpo,Dois sentidos,Bom tempo,Fora da intersecção,Dentro das localidades,Em pleno dia,Em patamar,Recta,Na berma,Colisão,SÁBADO       ,0,2,15,2011-01-21,10,ligeiro,Sim,Nao,Sim,21.3,1,1,15,724
36573,2011527196,Braga,41.663786,-8.45004,EN308,33.57,1,0,0,1.0,50,Sem berma ou impraticável,Molhado,Dois sentidos,Chuva,Fora da intersecção,Dentro das localidades,Em pleno dia,Em patamar,Recta,Em plena via,Colisão,QUINTA-FEIRA ,0,2,15,2011-03-28,14,ligeiro,Sim,Sim,Nao,21.3,1,1,15,724
36588,2011549085,Braga,41.466996,-8.724099,ER205,10.6,2,0,0,1.0,50,Berma pavimentada,Seco e limpo,Sentido único,Bom tempo,Fora da intersecção,Dentro das localidades,Em pleno dia,Em patamar,Recta,Em plena via,Colisão,DOMINGO      ,0,2,15,2011-06-30,18,ligeiro,Sim,Nao,Sim,21.3,1,1,15,724
36596,2011555972,Braga,41.473755,-8.723141,ER205,11.36,1,0,0,1.0,50,Berma pavimentada,Seco e limpo,Dois sentidos,Bom tempo,Fora da intersecção,Dentro das localidades,Em pleno dia,Em patamar,Recta,Em plena via,Atropelamento,DOMINGO      ,0,1,15,2011-07-28,9,ligeiro,Sim,Nao,Sim,21.3,1,1,15,724
36602,2011567623,Braga,41.585602,-7.957806,ER311,37.1,1,0,0,1.0,90,Sem berma ou impraticável,Seco e limpo,Dois sentidos,Bom tempo,Fora da intersecção,Dentro das localidades,Em pleno dia,Em patamar,Curva,Na berma,Despiste,SEXTA-FEIRA  ,0,1,15,2011-09-22,20,ligeiro,Sim,Nao,Sim,21.3,1,1,15,724
36605,2011562102,Braga,41.663247,-8.448822,EN308,33.7,1,0,0,1.0,50,Berma pavimentada,Molhado,Dois sentidos,Chuva,Fora da intersecção,Dentro das localidades,Em pleno dia,Em patamar,Recta,Em plena via,Despiste,SÁBADO       ,0,1,15,2011-08-31,13,ligeiro,Sim,Sim,Nao,21.3,1,1,15,724
36618,2012597642,Braga,41.466996,-8.724099,ER205,10.6,1,0,0,1.0,50,Berma pavimentada,Seco e limpo,Dois sentidos,Bom tempo,Em cruzamento,Dentro das localidades,Em pleno dia,Em patamar,Recta,Em plena via,Colisão,QUARTA-FEIRA ,0,2,15,2012-01-24,17,ligeiro,Sim,Nao,Sim,21.3,1,1,15,724
36621,2012579280,Braga,41.458233,-8.734709,A28,40.0,1,0,0,2.0,120,Berma pavimentada,Seco e limpo,Sentido único,Bom tempo,Fora da intersecção,Fora das localidades,Em pleno dia,Em patamar,Recta,Em plena via,Despiste,SEXTA-FEIRA  ,0,1,15,2011-11-07,11,ligeiro,Sim,Nao,Sim,21.3,1,1,15,724
36633,2012607232,Braga,41.463102,-8.737967,A28,40.6,1,0,0,2.0,120,Berma pavimentada,Seco e limpo,Sentido único,Bom tempo,Fora da intersecção,Fora das localidades,Em pleno dia,Em patamar,Curva,Em plena via,Despiste,QUINTA-FEIRA ,0,1,15,2012-03-22,6,ligeiro,Sim,Nao,Sim,21.3,1,1,15,724
36635,2012607236,Braga,41.459041,-8.735263,A28,40.1,1,0,0,2.0,120,Berma pavimentada,Seco e limpo,Sentido único,Bom tempo,Fora da intersecção,Fora das localidades,Em pleno dia,Em patamar,Recta,Em plena via,Despiste,TERÇA-FEIRA  ,0,1,15,2012-03-26,10,ligeiro,Sim,Nao,Sim,21.3,1,1,15,724
36639,2012608623,Braga,41.473815,-8.739863,A28,41.8,1,0,0,2.0,120,Berma pavimentada,Seco e limpo,Sentido único,Bom tempo,Fora da intersecção,Fora das localidades,"Noite, sem iluminação",Em patamar,Recta,Em plena via,Despiste,TERÇA-FEIRA  ,0,1,15,2012-03-09,22,ligeiro,Nao,Nao,Sim,21.3,1,1,15,724
36640,2012619953,Braga,41.474657,-8.740306,A28,41.9,1,0,0,2.0,120,Berma pavimentada,Molhado,Sentido único,Chuva,Fora da intersecção,Fora das localidades,Em pleno dia,Em patamar,Recta,Na berma,Despiste,SEXTA-FEIRA  ,0,1,15,2012-05-02,18,ligeiro,Sim,Sim,Nao,21.3,1,1,15,724
36658,2012646584,Braga,41.462763,-8.737791,A28,40.56,1,0,0,2.0,120,Berma pavimentada,Seco e limpo,Sentido único,Bom tempo,Fora da intersecção,Fora das localidades,Em pleno dia,Em patamar,Recta,Em plena via,Despiste,TERÇA-FEIRA  ,0,1,15,2012-09-24,16,ligeiro,Sim,Nao,Sim,21.3,1,1,15,724
36671,2013664940,Braga,41.534163,-7.975179,ER311,30.07,1,0,0,1.0,50,Sem berma ou impraticável,Seco e limpo,Dois sentidos,Bom tempo,Fora da intersecção,Dentro das localidades,"Noite, sem iluminação",Com inclinação,Curva,Na berma,Despiste,SEGUNDA-FEIRA,0,1,15,2012-11-25,1,ligeiro,Nao,Nao,Sim,21.3,1,1,15,724