,COD_ACIDENTE,DISTRITO,LATITUDE,LONGITUDE,VIA,KM,QT_FLIGEIROS,QT_FGRAVES,QT_MORTOS,QT_VIAS_SENTIDO,VEL_LIM_LOCAL,BERMA_VIA,CONDICAO_ADERENCIA,FAIXA_RODAGEM,FATOR_ATMOSFERICO,INTERSECAO_VIA,LOCALIZACAO,LUMINOSIDADE,PERFIL_VIA,PLANTA_VIA,SITUACAO_ACIDENTE,TIPO_NATUREZA,DIA_SEMANA,FLAG_FERIADO,QT_VEICULOS,COD_FREGUESIA,DATA,HORA,GRAVIDADE,ERA_DIA,MAU_TEMPO,ESTRADA_SECA,DENSIDADE_TOTAL,COD_DISTRITO_INE,COD_CONCELHO_INE,COD_FREGUESIA_INE,TOTAL
36705,2007286897,Braga,41.361242,-8.068263,ER101-4,16.5,1,0,0,1.0,50,Berma não pavimentada,Seco e limpo,Dois sentidos,Bom tempo,Em entroncamento,Dentro das localidades,Em pleno dia,Em patamar,Recta,Em plena via,Colisão,SEGUNDA-FEIRA,0,2,15,2007-06-23,19,ligeiro,Sim,Nao,Sim,21.3,1,1,15,724
36708,2009358217,Braga,41.587295000000005,-8.284738,EN205,63.17,2,0,0,2.0,50,Berma pavimentada,Molhado,Dois sentidos,Chuva,Fora da intersecção,Fora das localidades,Em pleno dia,Com inclinação,Curva,Em plena via,Colisão,TERÇA-FEIRA  ,0,3,15,2009-01-31,15,ligeiro,Sim,Sim,Nao,21.3,1,1,15,724
36717,2007291886,Braga,41.476476,-8.72138,ER205,11.7,1,0,0,1.0,50,Berma não pavimentada,Seco e limpo,Dois sentidos,Bom tempo,Fora da intersecção,Dentro das localidades,"Noite, com iluminação",Em patamar,Recta,Em plena via,Despiste,SEXTA-FEIRA  ,0,1,15,2007-08-11,5,ligeiro,Nao,Nao,Sim,21.3,1,1,15,724
36719,2007293611,Braga,41.682487,-8.08868,EN103,79.7,1,0,0,1.0,50,Berma pavimentada,Seco e limpo,Dois sentidos,Bom tempo,Fora da intersecção,Dentro das localidades,"Noite, com iluminação",Em patamar,Curva,Em plena via,Colisão,DOMINGO      ,0,2,15,2007-08-18,21,ligeiro,Nao,Nao,Sim,21.3,1,1,15,724
36723,2009373228,Braga,41.683008,-8.096206,EN103,79.0,2,0,0,1.0,50,Berma pavimentada,Seco e limpo,Dois sentidos,Bom tempo,Fora da intersecção,Dentro das localidades,Em pleno dia,Em patamar,Recta,Em plena via,Atropelamento,QUINTA-FEIRA ,0,1,15,2009-04-05,19,ligeiro,Sim,Nao,Sim,21.3,1,1,15,724
36756,2012638939,Braga,41.469375,-8.738946,A28,41.3,3,0,0,2.0,120,Berma pavimentada,Húmido,Sentido único,Chuva,Fora da intersecção,Fora das localidades,"Noite, sem iluminação",Em patamar,Recta,Na berma,Despiste,SÁBADO       ,0,1,15,2012-07-27,4,ligeiro,Nao,Sim,Nao,21.3,1,1,15,724
36759,2012608169,Braga,41.554245,-8.757503999999999,A28,51.1,1,0,0,2.0,120,Berma pavimentada,Seco e limpo,Sentido único,Bom tempo,Fora da intersecção,Fora das localidades,Em pleno dia,Com inclinação,Recta,Em plena via,Colisão,QUARTA-FEIRA ,0,2,15,2012-03-27,10,ligeiro,Sim,Nao,Sim,21.3,1,1,15,724
36760,2013664924,Braga,41.475646000000005,-8.740886999999999,A28,42.02,1,0,0,2.0,60,Berma pavimentada,Húmido,Sentido único,Chuva,Em ramo de ligação - saída,Fora das localidades,"Noite, sem iluminação",Com inclinação,Curva,Em plena via,Despiste,TERÇA-FEIRA  ,0,1,15,2012-11-26,21,ligeiro,Nao,Sim,Nao,21.3,1,1,15,724
36767,2010496255,Braga,41.480545,-8.718960000000001,ER205,12.2,1,0,0,1.0,50,Berma pavimentada,Molhado,Dois sentidos,Chuva,Fora da intersecção,Dentro das localidades,Em pleno dia,Em patamar,Recta,Em plena via,Colisão,SEGUNDA-FEIRA,0,3,15,2010-10-07,8,ligeiro,Sim,Sim,Nao,21.3,1,1,15,724
36772,2011527227,Braga,41.477926000000004,-8.742134,A28,42.3,1,0,0,2.0,120,Berma pavimentada,Seco e limpo,Sentido único,Bom tempo,Fora da intersecção,Fora das localidades,Em pleno dia,Em patamar,Recta,Em plena via,Despiste,DOMINGO      ,0,1,15,2011-03-31,10,ligeiro,Sim,Nao,Sim,21.3,1,1,15,724
36777,2009382073,Braga,41.485496999999995,-8.716457,ER205,12.8,0,0,1,2.0,50,Berma pavimentada,Seco e limpo,Dois sentidos,Bom tempo,Fora da intersecção,Dentro das localidades,Em pleno dia,Em patamar,Curva,Em plena via,Colisão,QUARTA-FEIRA ,0,2,15,2009-04-04,18,ligeiro,Sim,Nao,Sim,21.3,1,1,15,724
36779,2008312347,Braga,41.567999,-8.766601,A28,52.9,1,0,0,2.0,120,Berma pavimentada,Molhado,Sentido único,Chuva,Fora da intersecção,Fora das localidades,"Noite, sem iluminação",Em patamar,Curva,Em plena via,Colisão,TERÇA-FEIRA  ,0,3,15,2008-02-01,19,ligeiro,Nao,Sim,Nao,21.3,1,1,15,724
36787,2007293223,Braga,41.463895,-8.723448,ER205,10.25,2,0,0,2.0,50,Sem berma ou impraticável,Seco e limpo,Dois sentidos,Bom tempo,NÃO DEFINIDO,Dentro das localidades,"Noite, com iluminação",Em patamar,Recta,Na berma,Despiste,DOMINGO      ,0,1,15,2007-08-18,23,ligeiro,Nao,Nao,Sim,21.3,1,1,15,724
36792,2012608170,Braga,41.562289,-8.760886,A28,52.1,1,0,0,2.0,120,Berma pavimentada,Seco e limpo,Sentido único,Bom tempo,Fora da intersecção,Fora das localidades,Em pleno dia,Com inclinação,Recta,Em plena via,Colisão,QUARTA-FEIRA ,0,2,15,2012-03-27,14,ligeiro,Sim,Nao,Sim,21.3,1,1,15,724
36798,2007297900,Braga,41.55336,-8.757579,A28,51.0,1,0,0,2.0,120,Berma pavimentada,Seco e limpo,Sentido único,Bom tempo,Fora da intersecção,Fora das localidades,Em pleno dia,Com inclinação,Recta,Em plena via,Colisão,DOMINGO      ,0,2,15,2007-10-08,9,ligeiro,Sim,Nao,Sim,21.3,1,1,15,724
36800,2007300509,Braga,41.464338,-8.72354,ER205,10.3,1,1,0,1.0,50,Berma não pavimentada,Seco e limpo,Dois sentidos,Bom tempo,Fora da intersecção,Dentro das localidades,"Noite, com iluminação",Em patamar,Recta,Em plena via,Colisão,QUINTA-FEIRA ,0,2,15,2007-11-09,23,ligeiro,Nao,Nao,Sim,21.3,1,1,15,724
36807,2011524878,Braga,41.482857,-8.717139999999999,ER205,12.5,1,0,0,1.0,50,Sem berma ou impraticável,Húmido,Dois sentidos,Chuva,Fora da intersecção,Dentro das localidades,"Noite, com iluminação",Em patamar,Recta,Em plena via,Atropelamento,SEGUNDA-FEIRA,0,1,15,2011-02-09,22,ligeiro,Nao,Sim,Nao,21.3,1,1,15,724
36812,2012595241,Braga,41.682403,-8.076491,EN103,80.8,1,1,0,1.0,90,Sem berma ou impraticável,Húmido,Dois sentidos,Bom tempo,Fora da intersecção,Fora das localidades,Em pleno dia,Em patamar,Recta,Na berma,Atropelamento,SEXTA-FEIRA  ,0,1,15,2012-01-14,10,ligeiro,Sim,Nao,Nao,21.3,1,1,15,724
36827,2009367482,Braga,41.46833,-8.724105999999999,ER205,10.75,1,0,0,1.0,50,Berma pavimentada,Seco e limpo,Dois sentidos,Bom tempo,Fora da intersecção,Dentro das localidades,Em pleno dia,Em patamar,Curva,Em plena via,Colisão,SEXTA-FEIRA  ,0,2,15,2009-03-03,12,ligeiro,Sim,Nao,Sim,21.3,1,1,15,724
36829,2012613570,Braga,41.477108,-8.741698,A28,42.2,1,0,0,2.0,120,Berma pavimentada,Seco e limpo,Sentido único,Bom tempo,Fora da intersecção,Fora das localidades,Em pleno dia,Em patamar,Curva,Na berma,Despiste,QUINTA-FEIRA ,1,1,15,2012-04-08,13,ligeiro,Sim,Nao,Sim,21.3,1,1,15,724
36855,2008310768,Braga,41.679627,-8.103452,EN103,78.05,1,0,0,1.0,80,Sem berma ou impraticável,Seco e limpo,Dois sentidos,Bom tempo,Fora da intersecção,Fora das localidades,"Noite, sem iluminação",Em patamar,Curva,Em plena via,Despiste,SEXTA-FEIRA  ,0,1,15,2008-02-15,21,ligeiro,Nao,Nao,Sim,21.3,1,1,15,724
36860,2010486658,Braga,41.577534,-8.763517,A28,54.0,3,0,0,2.0,120,Berma pavimentada,Seco e limpo,Sentido único,Bom tempo,Fora da intersecção,Fora das localidades,Em pleno dia,Com inclinação,Curva,Na berma,Despiste,SÁBADO       ,1,1,15,2010-08-15,10,ligeiro,Sim,Nao,Sim,21.3,1,1,15,724
36863,2011519167,Braga,41.587099,-8.283858,EN205,63.25,1,0,0,1.0,50,Berma pavimentada,Molhado,Dois sentidos,Chuva,Fora da intersecção,Dentro das localidades,Em pleno dia,Em patamar,Curva,Em plena via,Colisão,SEGUNDA-FEIRA,0,2,15,2011-01-06,9,ligeiro,Sim,Sim,Nao,21.3,1,1,15,724
36866,2011547145,Braga,41.459846,-8.735825,A28,40.2,1,0,0,2.0,120,Berma pavimentada,Seco e limpo,Sentido único,Bom tempo,Fora da intersecção,Fora das localidades,Em pleno dia,Em patamar,Recta,Em plena via,Despiste,DOMINGO      ,0,1,15,2011-06-13,11,ligeiro,Sim,Nao,Sim,21.3,1,1,15,724
36868,2010452725,Braga,41.588823,-7.9562669999999995,ER311,37.53,2,0,0,2.0,70,Berma não pavimentada,Molhado,Dois sentidos,Chuva,Fora da intersecção,Fora das localidades,Em pleno dia,Com inclinação,Curva,Em plena via,Colisão,DOMINGO      ,0,2,15,2010-03-26,16,ligeiro,Sim,Sim,Nao,21.3,1,1,15,724
36882,2008337930,Braga,41.470108,-8.723788,ER205,10.95,2,0,0,1.0,50,Berma pavimentada,Seco e limpo,Dois sentidos,Bom tempo,Em entroncamento,Dentro das localidades,"Noite, com iluminação",Em patamar,Recta,Em plena via,Colisão,SEXTA-FEIRA  ,0,2,15,2008-08-21,21,ligeiro,Nao,Nao,Sim,21.3,1,1,15,724
36886,2009358156,Braga,41.504228000000005,-8.435025999999999,EN(d)309,30.93,1,0,0,1.0,50,Sem berma ou impraticável,Molhado,Dois sentidos,Chuva,Fora da intersecção,Dentro das localidades,Em pleno dia,Em patamar,Recta,Em plena via,Colisão,SEGUNDA-FEIRA,0,2,15,2009-01-19,14,ligeiro,Sim,Sim,Nao,21.3,1,1,15,724
36891,2012614124,Braga,41.678921,-8.099798,EN103,78.4,1,0,0,2.0,90,Sem berma ou impraticável,Seco e limpo,Dois sentidos,Bom tempo,Fora da intersecção,Fora das localidades,Em pleno dia,Em patamar,Curva,Em plena via,Colisão,QUINTA-FEIRA ,0,2,15,2012-04-03,8,ligeiro,Sim,Nao,Sim,21.3,1,1,15,724
36908,2012632543,Braga,41.581009,-8.76355,A28,54.4,2,0,0,2.0,120,Berma pavimentada,Molhado,Sentido único,Chuva,Fora da intersecção,Fora das localidades,"Noite, sem iluminação",Com inclinação,Recta,Em plena via,Colisão,QUARTA-FEIRA ,0,2,15,2012-07-13,22,ligeiro,Nao,Sim,Nao,21.3,1,1,15,724
36914,2009358729,Braga,41.577534,-8.763517,A28,54.0,1,0,0,2.0,120,Berma pavimentada,Com água acumulada na faixa de rodagem,Sentido único,Chuva,Fora da intersecção,Fora das localidades,Em pleno dia,Em patamar,Curva,Na berma,Despiste,SEGUNDA-FEIRA,0,1,15,2009-02-05,11,ligeiro,Sim,Sim,Nao,21.3,1,1,15,724
36915,2013668007,Braga,41.558646,-8.757553999999999,A28,51.6,0,1,0,2.0,120,Berma pavimentada,Húmido,Sentido único,Chuva,Fora da intersecção,Fora das localidades,Em pleno dia,Com inclinação,Curva,Em plena via,Despiste,SEXTA-FEIRA  ,0,1,15,2012-12-27,14,ligeiro,Sim,Sim,Nao,21.3,1,1,15,724
36916,2009409744,Braga,41.50306,-8.435144000000001,EN(d)309,30.8,1,0,0,1.0,50,Sem berma ou impraticável,Seco e limpo,Dois sentidos,Bom tempo,Em entroncamento,Dentro das localidades,Em pleno dia,Em patamar,Recta,Em plena via,Colisão,SEGUNDA-FEIRA,0,2,15,2009-08-06,19,ligeiro,Sim,Nao,Sim,21.3,1,1,15,724
36923,2012612592,Braga,41.58811,-7.9574300000000004,ER311,37.4,1,0,0,1.0,70,Berma não pavimentada,Molhado,Dois sentidos,Chuva,Fora da intersecção,Fora das localidades,Aurora ou crepúsculo,Com inclinação,Curva,Em plena via,Despiste,SÁBADO       ,0,1,15,2012-04-21,19,ligeiro,Nao,Sim,Nao,21.3,1,1,15,724
36929,2010452640,Braga,41.470279999999995,-8.738980999999999,A28,41.4,1,0,0,2.0,120,Berma pavimentada,Seco e limpo,Sentido único,Bom tempo,Fora da intersecção,Fora das localidades,Em pleno dia,Em patamar,Recta,Em plena via,Despiste,QUARTA-FEIRA ,0,1,15,2010-03-28,14,ligeiro,Sim,Nao,Sim,21.3,1,1,15,724
36930,2012619671,Braga,41.462269,-8.737485000000001,A28,40.5,1,0,0,2.0,120,Berma pavimentada,Molhado,Sentido único,Bom tempo,Fora da intersecção,Fora das localidades,Em pleno dia,Em patamar,Curva,Em plena via,Colisão,DOMINGO      ,0,2,15,2012-05-20,12,ligeiro,Sim,Nao,Nao,21.3,1,1,15,724
36938,2010428163,Braga,41.567999,-8.766601,A28,52.9,2,0,0,2.0,120,Berma pavimentada,Com água acumulada na faixa de rodagem,Sentido único,Chuva,Fora da intersecção,Fora das localidades,Em pleno dia,Com inclinação,Curva,Em plena via,Colisão,QUARTA-FEIRA ,0,3,15,2009-11-12,7,ligeiro,Sim,Sim,Nao,21.3,1,1,15,724
36960,2010464670,Braga,41.55336,-8.757579,A28,51.0,1,0,0,2.0,120,Berma pavimentada,Seco e limpo,Sentido único,Bom tempo,Fora da intersecção,Fora das localidades,Em pleno dia,Com inclinação,Recta,Em plena via,Colisão,QUARTA-FEIRA ,0,2,15,2010-05-24,19,ligeiro,Sim,Nao,Sim,21.3,1,1,15,724
36966,2008308699,Braga,41.663815,-8.450739,EN308,33.5,1,0,0,1.0,50,Sem berma ou impraticável,Molhado,Dois sentidos,Chuva,Fora da intersecção,Fora das localidades,Em pleno dia,Com inclinação,Curva,Em plena via,Despiste,DOMINGO      ,0,1,15,2008-01-08,11,ligeiro,Sim,Sim,Nao,21.3,1,1,15,724
36967,2007301142,Braga,41.578396000000005,-8.763292999999999,A28,54.1,1,0,0,2.0,120,Berma pavimentada,Seco e limpo,Sentido único,Bom tempo,Fora da intersecção,Fora das localidades,Em pleno dia,Com inclinação,Curva,Em plena via,Despiste,QUINTA-FEIRA ,0,1,15,2007-11-09,14,ligeiro,Sim,Nao,Sim,21.3,1,1,15,724
36970,2007277797,Braga,41.46666,-8.738812,A28,41.0,2,0,0,2.0,120,Berma pavimentada,Húmido,Sentido único,Bom tempo,Fora da intersecção,Fora das localidades,Aurora ou crepúsculo,Em patamar,Recta,Em plena via,Despiste,QUARTA-FEIRA ,0,1,15,2007-03-31,7,ligeiro,Nao,Nao,Nao,21.3,1,1,15,724
36974,2007290914,Braga,41.475713,-8.722008,ER205,11.6,1,0,0,1.0,50,Berma pavimentada,Seco e limpo,Dois sentidos,Bom tempo,Fora da intersecção,Dentro das localidades,Em pleno dia,Em patamar,Recta,Em plena via,Colisão,SÁBADO       ,0,2,15,2007-07-25,13,ligeiro,Sim,Nao,Sim,21.3,1,1,15,724
36985,2009394640,Braga,41.456888,-8.718991,ER205,9.4,1,0,0,1.0,50,Sem berma ou impraticável,Seco e limpo,Dois sentidos,Bom tempo,Fora da intersecção,Dentro das localidades,Aurora ou crepúsculo,Com inclinação,Curva,Em plena via,Colisão,TERÇA-FEIRA  ,0,2,15,2009-07-15,19,ligeiro,Nao,Nao,Sim,21.3,1,1,15,724
36986,2009418042,Braga,41.505081,-8.43495,EN(d)309,31.02,1,0,0,1.0,50,Berma pavimentada,Seco e limpo,Dois sentidos,Bom tempo,Fora da intersecção,Dentro das localidades,Em pleno dia,Em patamar,Recta,Em plena via,Colisão,QUARTA-FEIRA ,0,2,15,2009-09-05,12,ligeiro,Sim,Nao,Sim,21.3,1,1,15,724
36989,2009358011,Braga,41.570685,-8.766757,A28,53.2,1,0,1,2.0,120,Berma pavimentada,Molhado,Sentido único,Chuva,Fora da intersecção,Fora das localidades,"Noite, sem iluminação",Com inclinação,Curva,Em plena via,Despiste,QUINTA-FEIRA ,0,3,15,2009-01-21,18,ligeiro,Nao,Sim,Nao,21.3,1,1,15,724
36998,2013671620,Braga,41.558646,-8.757553999999999,A28,51.6,1,0,0,2.0,120,Berma pavimentada,Molhado,Sentido único,Chuva,Fora da intersecção,Fora das localidades,Em pleno dia,Com inclinação,Curva,Na berma,Despiste,QUINTA-FEIRA ,0,1,15,2012-12-15,16,ligeiro,Sim,Sim,Nao,21.3,1,1,15,724
37021,2011500375,Braga,41.660724,-8.442325,EN308,34.35,1,0,0,2.0,50,Berma não pavimentada,Seco e limpo,Dois sentidos,Bom tempo,Em entroncamento,Dentro das localidades,Em pleno dia,Em patamar,Recta,Em plena via,Colisão,DOMINGO      ,0,2,15,2010-10-23,14,ligeiro,Sim,Nao,Sim,21.3,1,1,15,724
37023,2009359610,Braga,41.465753,-8.738739,A28,40.9,2,0,0,2.0,120,Berma pavimentada,Molhado,Sentido único,Chuva,Fora da intersecção,Fora das localidades,Em pleno dia,Em patamar,Recta,Em plena via,Despiste,SÁBADO       ,0,1,15,2009-02-04,15,ligeiro,Sim,Sim,Nao,21.3,1,1,15,724
37026,2009373272,Braga,41.661934,-8.455232,EN308,32.95,1,0,0,1.0,50,Berma não pavimentada,Molhado,Dois sentidos,Chuva,Fora da intersecção,Dentro das localidades,"Noite, com iluminação",Em patamar,Recta,Na berma,Despiste,TERÇA-FEIRA  ,0,1,15,2009-04-09,21,ligeiro,Nao,Sim,Nao,21.3,1,1,15,724
37030,2010443242,Braga,41.455859999999994,-8.733124,A28,39.7,1,0,0,2.0,120,Berma pavimentada,Seco e limpo,Sentido único,Bom tempo,Fora da intersecção,Fora das localidades,Em pleno dia,Em patamar,Recta,Em plena via,Colisão,SÁBADO       ,0,2,15,2010-01-11,10,ligeiro,Sim,Nao,Sim,21.3,1,1,15,724
37037,2008337486,Braga,41.479785,-8.719597,ER205,12.1,1,0,0,1.0,50,Berma pavimentada,Seco e limpo,Dois sentidos,Bom tempo,Em entroncamento,Dentro das localidades,Em pleno dia,Em patamar,Recta,Em plena via,Colisão,DOMINGO      ,0,2,15,2008-08-06,12,ligeiro,Sim,Nao,Sim,21.3,1,1,15,724
37043,2011517138,Braga,41.482857,-8.717139999999999,ER205,12.5,1,0,0,1.0,50,Berma pavimentada,Seco e limpo,Dois sentidos,Bom tempo,Em cruzamento,Dentro das localidades,"Noite, com iluminação",Em patamar,Recta,Em plena via,Colisão,SEXTA-FEIRA  ,0,3,15,2011-01-26,18,ligeiro,Nao,Nao,Sim,21.3,1,1,15,724
37045,2011523764,Braga,41.662257000000004,-8.455741,EN308,32.89,4,0,0,1.0,50,Berma não pavimentada,Com óleo,Dois sentidos,Chuva,Fora da intersecção,Dentro das localidades,Em pleno dia,Com inclinação,Curva,Em plena via,Colisão,SÁBADO       ,0,2,15,2011-02-13,12,ligeiro,Sim,Sim,Nao,21.3,1,1,15,724
37060,2010442042,Braga,41.46666,-8.738812,A28,41.0,3,0,0,2.0,120,Berma pavimentada,Molhado,Sentido único,Chuva,Fora da intersecção,Fora das localidades,"Noite, sem iluminação",Em patamar,Recta,Em plena via,Despiste,QUINTA-FEIRA ,0,1,15,2010-01-04,17,ligeiro,Nao,Sim,Nao,21.3,1,1,15,724
37071,2008344445,Braga,41.661348,-8.440177,EN308,34.55,1,0,0,1.0,50,Berma não pavimentada,Molhado,Dois sentidos,Chuva,Fora da intersecção,Dentro das localidades,"Noite, sem iluminação",Em patamar,Recta,Na berma,Despiste,QUARTA-FEIRA ,0,1,15,2008-10-21,19,ligeiro,Nao,Sim,Nao,21.3,1,1,15,724
37076,2009367456,Braga,41.360569,-8.065477,ER101-4,16.8,1,0,0,1.0,90,Berma não pavimentada,Seco e limpo,Dois sentidos,Bom tempo,Em entroncamento,Fora das localidades,Em pleno dia,Em patamar,Recta,Em plena via,Atropelamento,TERÇA-FEIRA  ,0,1,15,2009-03-28,9,ligeiro,Sim,Nao,Sim,21.3,1,1,15,724
37085,2009351813,Braga,41.475485,-8.740794000000001,A28,42.0,1,0,0,2.0,120,Berma pavimentada,Molhado,Sentido único,Bom tempo,Fora da intersecção,Fora das localidades,Em pleno dia,Em patamar,Recta,Em plena via,Despiste,SÁBADO       ,0,1,15,2008-12-14,9,ligeiro,Sim,Nao,Nao,21.3,1,1,15,724
37094,2011542200,Braga,41.459846,-8.735825,A28,40.2,1,0,0,2.0,120,Berma pavimentada,Seco e limpo,Sentido único,Bom tempo,Fora da intersecção,Fora das localidades,Em pleno dia,Em patamar,Recta,Na berma,Despiste,TERÇA-FEIRA  ,0,1,15,2011-05-23,10,ligeiro,Sim,Nao,Sim,21.3,1,1,15,724
37109,2009408759,Braga,41.581868,-8.763798,A28,54.5,0,1,0,2.0,120,Berma pavimentada,Seco e limpo,Sentido único,Bom tempo,Fora da intersecção,Fora das localidades,Em pleno dia,Com inclinação,Recta,Em plena via,Colisão,SEGUNDA-FEIRA,0,2,15,2009-08-06,9,ligeiro,Sim,Nao,Sim,21.3,1,1,15,724
37117,2012618191,Braga,41.661792,-8.454674,EN308,33.0,1,0,0,1.0,50,Sem berma ou impraticável,Húmido,Dois sentidos,Chuva,Fora da intersecção,Dentro das localidades,Em pleno dia,Com inclinação,Curva,Em plena via,Colisão,DOMINGO      ,0,2,15,2012-05-09,8,ligeiro,Sim,Sim,Nao,21.3,1,1,15,724
37119,2012626696,Braga,41.569084000000004,-7.961482000000001,ER311,34.98,1,0,0,1.0,50,Sem berma ou impraticável,Seco e limpo,Dois sentidos,Bom tempo,Fora da intersecção,Dentro das localidades,"Noite, sem iluminação",Com inclinação,Curva,Na berma,Despiste,TERÇA-FEIRA  ,0,1,15,2012-06-25,2,ligeiro,Nao,Nao,Sim,21.3,1,1,15,724
37143,2011519226,Braga,41.663236,-8.448224,EN308,33.75,1,0,0,1.0,50,Berma não pavimentada,Seco e limpo,Dois sentidos,Bom tempo,Fora da intersecção,Dentro das localidades,Em pleno dia,Em patamar,Recta,Em plena via,Colisão,QUINTA-FEIRA ,0,2,15,2011-01-14,9,ligeiro,Sim,Nao,Sim,21.3,1,1,15,724
37154,2010477717,Braga,41.484628,-8.716736000000001,ER205,12.7,1,0,0,1.0,50,Berma pavimentada,Seco e limpo,Dois sentidos,Bom tempo,Fora da intersecção,Dentro das localidades,Em pleno dia,Em patamar,Recta,Em plena via,Atropelamento,DOMINGO      ,0,1,15,2010-07-12,10,ligeiro,Sim,Nao,Sim,21.3,1,1,15,724
37164,2010468363,Braga,41.466996,-8.724099,ER205,10.6,1,1,0,1.0,50,Berma não pavimentada,Seco e limpo,Dois sentidos,Bom tempo,Em entroncamento,Dentro das localidades,"Noite, com iluminação",Em patamar,Recta,Em plena via,Despiste,QUINTA-FEIRA ,0,1,15,2010-06-28,2,ligeiro,Nao,Nao,Sim,21.3,1,1,15,724
37165,2012597908,Braga,41.663815,-8.450739,EN308,33.5,1,0,0,2.0,50,Berma não pavimentada,Seco e limpo,Dois sentidos,Bom tempo,Fora da intersecção,Fora das localidades,Em pleno dia,Com inclinação,Curva,Em plena via,Despiste,QUINTA-FEIRA ,0,1,15,2012-01-30,16,ligeiro,Sim,Nao,Sim,21.3,1,1,15,724
37175,2011523846,Braga,41.484628,-8.716736000000001,ER205,12.7,1,0,0,1.0,50,Berma pavimentada,Seco e limpo,Dois sentidos,Bom tempo,Fora da intersecção,Dentro das localidades,Em pleno dia,Em patamar,Recta,Em plena via,Colisão,TERÇA-FEIRA  ,0,2,15,2011-02-27,12,ligeiro,Sim,Nao,Sim,21.3,1,1,15,724
37187,2012636967,Braga,41.474101,-8.723048,ER205,11.4,1,0,0,1.0,50,Berma pavimentada,Seco e limpo,Dois sentidos,Bom tempo,Em entroncamento,Dentro das localidades,Em pleno dia,Em patamar,Recta,Em plena via,Despiste,SEGUNDA-FEIRA,0,1,15,2012-08-09,12,ligeiro,Sim,Nao,Sim,21.3,1,1,15,724
37188,2011500357,Braga,41.556012,-8.757274,A28,51.3,1,0,0,2.0,120,Berma não pavimentada,Seco e limpo,Sentido único,Bom tempo,Fora da intersecção,Fora das localidades,"Noite, sem iluminação",Com inclinação,Recta,Em plena via,Colisão,SEXTA-FEIRA  ,0,2,15,2010-10-21,21,ligeiro,Nao,Nao,Sim,21.3,1,1,15,724
37191,2008340701,Braga,41.554693,-8.757446,A28,51.15,5,0,0,1.0,120,Berma pavimentada,Seco e limpo,Sentido único,Bom tempo,Fora da intersecção,Fora das localidades,"Noite, sem iluminação",Com inclinação,Recta,Em plena via,Despiste,QUINTA-FEIRA ,0,3,15,2008-09-01,1,ligeiro,Nao,Nao,Sim,21.3,1,1,15,724
37193,2012600527,Braga,41.587981,-7.957592999999999,ER311,37.38,1,0,0,1.0,50,Berma não pavimentada,Seco e limpo,Dois sentidos,Bom tempo,Fora da intersecção,Fora das localidades,"Noite, sem iluminação",Com inclinação,Curva,Na berma,Despiste,SEXTA-FEIRA  ,0,1,15,2012-02-06,20,ligeiro,Nao,Nao,Sim,21.3,1,1,15,724
37196,2007287106,Braga,41.458233,-8.734709,A28,40.0,1,0,0,2.0,120,Berma pavimentada,Molhado,Sentido único,Chuva,Fora da intersecção,Fora das localidades,Em pleno dia,Em patamar,Recta,Em plena via,Despiste,SEXTA-FEIRA  ,0,1,15,2007-06-26,13,ligeiro,Sim,Sim,Nao,21.3,1,1,15,724
37220,2009358580,Braga,41.565690000000004,-8.7648,A28,52.6,1,0,0,2.0,120,Berma pavimentada,Seco e limpo,Sentido único,Bom tempo,Fora da intersecção,Fora das localidades,Aurora ou crepúsculo,Com inclinação,Recta,Em plena via,Colisão,SEXTA-FEIRA  ,0,2,15,2009-02-25,18,ligeiro,Nao,Nao,Sim,21.3,1,1,15,724
37230,2008337932,Braga,41.476861,-8.721074,ER205,11.75,1,0,0,1.0,50,Berma pavimentada,Seco e limpo,Dois sentidos,Bom tempo,Fora da intersecção,Dentro das localidades,"Noite, com iluminação",Em patamar,Recta,Em plena via,Colisão,SÁBADO       ,0,2,15,2008-08-22,23,ligeiro,Nao,Nao,Sim,21.3,1,1,15,724
37237,2012613563,Braga,41.661032,-8.439785,EN308,34.6,1,0,0,1.0,50,Sem berma ou impraticável,Seco e limpo,Dois sentidos,Bom tempo,Fora da intersecção,Dentro das localidades,Em pleno dia,Em patamar,Recta,Em plena via,Colisão,QUINTA-FEIRA ,1,2,15,2012-04-08,13,ligeiro,Sim,Nao,Sim,21.3,1,1,15,724
37238,2009394636,Braga,41.466996,-8.724099,ER205,10.6,1,0,0,1.0,50,Berma pavimentada,Seco e limpo,Dois sentidos,Bom tempo,Fora da intersecção,Fora das localidades,Em pleno dia,Em patamar,Recta,Em plena via,Colisão,DOMINGO      ,0,2,15,2009-07-13,14,ligeiro,Sim,Nao,Sim,21.3,1,1,15,724
37240,2012630961,Braga,41.682288,-8.098272,EN103,78.81,1,0,0,1.0,50,Berma pavimentada,Seco e limpo,Dois sentidos,Bom tempo,Fora da intersecção,Dentro das localidades,Em pleno dia,Em patamar,Curva,Em plena via,Atropelamento,SEGUNDA-FEIRA,0,1,15,2012-07-17,7,ligeiro,Sim,Nao,Sim,21.3,1,1,15,724
37243,2010446645,Braga,41.58715,-8.28444,EN205,63.2,1,0,0,2.0,50,Berma não pavimentada,Molhado,Dois sentidos,Chuva,Fora da intersecção,Dentro das localidades,Em pleno dia,Com inclinação,Curva,Em plena via,Colisão,DOMINGO      ,0,2,15,2010-02-26,10,ligeiro,Sim,Sim,Nao,21.3,1,1,15,724