,COD_ACIDENTE,DISTRITO,LATITUDE,LONGITUDE,VIA,KM,QT_FLIGEIROS,QT_FGRAVES,QT_MORTOS,QT_VIAS_SENTIDO,VEL_LIM_LOCAL,BERMA_VIA,CONDICAO_ADERENCIA,FAIXA_RODAGEM,FATOR_ATMOSFERICO,INTERSECAO_VIA,LOCALIZACAO,LUMINOSIDADE,PERFIL_VIA,PLANTA_VIA,SITUACAO_ACIDENTE,TIPO_NATUREZA,DIA_SEMANA,FLAG_FERIADO,QT_VEICULOS,COD_FREGUESIA,DATA,HORA,GRAVIDADE,ERA_DIA,MAU_TEMPO,ESTRADA_SECA,DENSIDADE_TOTAL,COD_DISTRITO_INE,COD_CONCELHO_INE,COD_FREGUESIA_INE,TOTAL
37247,2012597486,Braga,41.482063000000004,-8.717682,ER205,12.4,1,0,0,2.0,50,Berma pavimentada,Seco e limpo,Dois sentidos,Bom tempo,Fora da intersecção,Dentro das localidades,"Noite, sem iluminação",Em patamar,Recta,Em plena via,Colisão,DOMINGO      ,0,2,15,2012-01-10,19,ligeiro,Nao,Nao,Sim,21.3,1,1,15,724
37248,2010445908,Braga,41.461782,-8.722592,ER205,10.0,1,0,0,1.0,50,Sem berma ou impraticável,Molhado,Dois sentidos,Chuva,Fora da intersecção,Dentro das localidades,Em pleno dia,Em patamar,Recta,Na berma,Despiste,DOMINGO      ,0,1,15,2010-02-09,9,ligeiro,Sim,Sim,Nao,21.3,1,1,15,724
37251,2012591644,Braga,41.482063000000004,-8.717682,ER205,12.4,1,0,0,1.0,50,Berma pavimentada,Húmido,Dois sentidos,Bom tempo,Em entroncamento,Dentro das localidades,Em pleno dia,Em patamar,Recta,Em plena via,Colisão,QUINTA-FEIRA ,0,2,15,2011-12-21,7,ligeiro,Sim,Nao,Nao,21.3,1,1,15,724
37254,2011506744,Braga,41.682775,-8.084471,EN103,80.1,1,0,0,1.0,50,Sem berma ou impraticável,Seco e limpo,Dois sentidos,Bom tempo,Fora da intersecção,Dentro das localidades,"Noite, com iluminação",Com inclinação,Recta,Em plena via,Colisão,SEGUNDA-FEIRA,0,3,15,2010-11-27,22,ligeiro,Nao,Nao,Sim,21.3,1,1,15,724
37280,2009389496,Braga,41.477108,-8.741698,A28,42.2,1,0,0,2.0,120,Berma pavimentada,Molhado,Sentido único,Chuva,Fora da intersecção,Fora das localidades,Em pleno dia,Em patamar,Recta,Em plena via,Despiste,TERÇA-FEIRA  ,1,1,15,2009-06-11,8,ligeiro,Sim,Sim,Nao,21.3,1,1,15,724
37302,2011542750,Braga,41.559525,-8.758056,A28,51.71,1,0,0,2.0,120,Berma pavimentada,Seco e limpo,Sentido único,Bom tempo,Fora da intersecção,Fora das localidades,Em pleno dia,Em patamar,Curva,Em plena via,Despiste,SEXTA-FEIRA  ,0,1,15,2011-05-31,15,ligeiro,Sim,Nao,Sim,21.3,1,1,15,724
37303,2011555539,Braga,41.472085,-8.739163000000001,A28,41.6,1,0,0,2.0,120,Berma pavimentada,Seco e limpo,Sentido único,Bom tempo,Fora da intersecção,Fora das localidades,Em pleno dia,Em patamar,Curva,Em plena via,Atropelamento,DOMINGO      ,0,1,15,2011-07-23,8,ligeiro,Sim,Nao,Sim,21.3,1,1,15,724
37311,2008336970,Braga,41.387407,-8.584387,A7,13.65,1,0,0,2.0,120,Berma pavimentada,Seco e limpo,Sentido único,Bom tempo,Fora da intersecção,Fora das localidades,Em pleno dia,Com inclinação,Curva,Em plena via,Despiste,QUARTA-FEIRA ,0,1,15,2008-08-31,12,ligeiro,Sim,Nao,Sim,21.3,1,1,15,724
37314,2012608632,Braga,41.562289,-8.760886,A28,52.1,2,0,0,2.0,120,Berma pavimentada,Seco e limpo,Sentido único,Bom tempo,Fora da intersecção,Fora das localidades,Em pleno dia,Em patamar,Recta,Em plena via,Despiste,TERÇA-FEIRA  ,0,1,15,2012-03-15,16,ligeiro,Sim,Nao,Sim,21.3,1,1,15,724
37325,2010446565,Braga,41.662379,-8.453489,EN308,33.15,1,0,0,1.0,90,Berma não pavimentada,Seco e limpo,Sentido único,Bom tempo,Fora da intersecção,Fora das localidades,Em pleno dia,Em patamar,Curva,Na berma,Despiste,QUINTA-FEIRA ,0,1,15,2010-02-18,7,ligeiro,Sim,Nao,Sim,21.3,1,1,15,724
37336,2012608203,Braga,41.662271000000004,-8.445673,EN308,34.0,1,0,0,1.0,50,Berma pavimentada,Seco e limpo,Dois sentidos,Bom tempo,Fora da intersecção,Dentro das localidades,Em pleno dia,Em patamar,Recta,Na berma,Atropelamento,QUINTA-FEIRA ,0,1,15,2012-03-22,8,ligeiro,Sim,Nao,Sim,21.3,1,1,15,724
37339,2012597505,Braga,41.567999,-8.766601,A28,52.9,1,0,0,2.0,120,Berma pavimentada,Molhado,Sentido único,Bom tempo,Fora da intersecção,Fora das localidades,Em pleno dia,Com inclinação,Curva,Em plena via,Despiste,SEXTA-FEIRA  ,0,1,15,2012-01-03,9,ligeiro,Sim,Nao,Nao,21.3,1,1,15,724
37347,2010441979,Braga,41.662592,-8.446091000000001,EN308,33.95,1,0,0,1.0,50,Berma pavimentada,Seco e limpo,Dois sentidos,Bom tempo,Em entroncamento,Dentro das localidades,"Noite, com iluminação",Em patamar,Recta,Em plena via,Colisão,DOMINGO      ,0,2,15,2010-01-06,21,ligeiro,Nao,Nao,Sim,21.3,1,1,15,724
37354,2011574262,Braga,41.474657,-8.740306,A28,41.9,1,0,0,2.0,120,Berma não pavimentada,Seco e limpo,Sentido único,Bom tempo,Fora da intersecção,Fora das localidades,"Noite, sem iluminação",Em patamar,Recta,Na berma,Despiste,SÁBADO       ,0,1,15,2011-10-21,20,ligeiro,Nao,Nao,Sim,21.3,1,1,15,724
37364,2008344024,Braga,41.481302,-8.718318,ER205,12.3,1,0,0,1.0,50,Berma pavimentada,Molhado,Dois sentidos,Chuva,Em entroncamento,Dentro das localidades,"Noite, com iluminação",Em patamar,Recta,Em plena via,Colisão,SÁBADO       ,0,2,15,2008-10-12,20,ligeiro,Nao,Sim,Nao,21.3,1,1,15,724
37372,2008329533,Braga,41.469668,-8.723864,ER205,10.9,0,1,0,1.0,50,Berma pavimentada,Seco e limpo,Dois sentidos,Bom tempo,Fora da intersecção,Dentro das localidades,Em pleno dia,Em patamar,Curva,Em plena via,Colisão,TERÇA-FEIRA  ,0,2,15,2008-06-23,20,ligeiro,Sim,Nao,Sim,21.3,1,1,15,724
37380,2007281252,Braga,41.475331,-8.722322,ER205,11.55,1,0,0,1.0,50,Berma não pavimentada,Seco e limpo,Dois sentidos,Bom tempo,Fora da intersecção,Dentro das localidades,Em pleno dia,Em patamar,Recta,Em plena via,Colisão,QUINTA-FEIRA ,0,2,15,2007-04-29,12,ligeiro,Sim,Nao,Sim,21.3,1,1,15,724
37393,2011555069,Braga,41.46666,-8.738812,A28,41.0,1,0,0,2.0,120,Berma pavimentada,Seco e limpo,Sentido único,Bom tempo,Fora da intersecção,Fora das localidades,Em pleno dia,Em patamar,Curva,Em plena via,Colisão,QUARTA-FEIRA ,0,2,15,2011-07-14,12,ligeiro,Sim,Nao,Sim,21.3,1,1,15,724
37399,2008340638,Braga,41.471184,-8.73905,A28,41.5,1,0,0,1.0,120,Berma pavimentada,Seco e limpo,Sentido único,Bom tempo,Fora da intersecção,Fora das localidades,Em pleno dia,Em patamar,Recta,Em plena via,Despiste,QUINTA-FEIRA ,0,1,15,2008-09-01,19,ligeiro,Sim,Nao,Sim,21.3,1,1,15,724
37400,2008327956,Braga,41.556453999999995,-8.757230999999999,A28,51.35,1,0,0,2.0,120,Berma pavimentada,Húmido,Sentido único,Chuva,Fora da intersecção,Fora das localidades,Em pleno dia,Com inclinação,Curva,Em plena via,Despiste,TERÇA-FEIRA  ,0,1,15,2008-05-14,11,ligeiro,Sim,Sim,Nao,21.3,1,1,15,724
37426,2011523804,Braga,41.55336,-8.757579,A28,51.0,1,0,0,2.0,120,Berma pavimentada,Seco e limpo,Sentido único,Bom tempo,Fora da intersecção,Fora das localidades,Em pleno dia,Com inclinação,Recta,Em plena via,Colisão,SÁBADO       ,0,2,15,2011-02-02,16,ligeiro,Sim,Nao,Sim,21.3,1,1,15,724
37435,2013657024,Braga,41.461461,-8.736934,A28,40.4,1,0,0,2.0,120,Berma pavimentada,Húmido,Sentido único,Chuva,Fora da intersecção,Fora das localidades,Em pleno dia,Em patamar,Recta,Em plena via,Despiste,SÁBADO       ,0,1,15,2012-10-09,12,ligeiro,Sim,Sim,Nao,21.3,1,1,15,724
37438,2012623490,Braga,41.665529,-8.455795,EN308,32.5,0,0,1,1.0,50,Berma não pavimentada,Seco e limpo,Dois sentidos,Bom tempo,Fora da intersecção,Dentro das localidades,"Noite, com iluminação",Em patamar,Recta,Na berma,Despiste,SEGUNDA-FEIRA,0,1,15,2012-06-24,21,ligeiro,Nao,Nao,Sim,21.3,1,1,15,724
37439,2010478920,Braga,41.505806,-8.434867,EN(d)309,31.1,3,0,0,2.0,50,Berma não pavimentada,Seco e limpo,Dois sentidos,Bom tempo,Fora da intersecção,Dentro das localidades,Em pleno dia,Em patamar,Recta,Em plena via,Colisão,DOMINGO      ,0,2,15,2010-07-18,18,ligeiro,Sim,Nao,Sim,21.3,1,1,15,724
37442,2007290920,Braga,41.51383,-8.649672,ER205,19.7,2,0,0,2.0,50,Berma pavimentada,Seco e limpo,Dois sentidos,Bom tempo,Em entroncamento,Dentro das localidades,Em pleno dia,Em patamar,Recta,Em plena via,Colisão,DOMINGO      ,0,2,37,2007-07-20,14,ligeiro,Sim,Nao,Sim,174.5,1,3,37,491
37444,2007292028,Braga,41.503156,-8.669959,ER205,17.47,5,0,0,1.0,50,Berma pavimentada,Seco e limpo,Dois sentidos,Nevoeiro,Fora da intersecção,Dentro das localidades,Aurora ou crepúsculo,Em patamar,Recta,Em plena via,Colisão,SEXTA-FEIRA  ,0,2,37,2007-08-05,6,ligeiro,Nao,Sim,Sim,174.5,1,3,37,491
37445,2007294609,Braga,41.502584000000006,-8.671164,ER205,17.35,2,0,0,1.0,50,Berma pavimentada,Seco e limpo,Dois sentidos,Bom tempo,Fora da intersecção,Dentro das localidades,"Noite, com iluminação",Em patamar,Recta,No passeio,Despiste,QUINTA-FEIRA ,0,1,37,2007-09-02,0,ligeiro,Nao,Nao,Sim,174.5,1,3,37,491
37447,2008307919,Braga,41.51076,-8.660711000000001,ER205,18.65,1,0,0,1.0,50,Berma pavimentada,Seco e limpo,Dois sentidos,Bom tempo,Fora da intersecção,Dentro das localidades,Em pleno dia,Em patamar,Recta,Em plena via,Colisão,SÁBADO       ,0,2,37,2008-01-29,9,ligeiro,Sim,Nao,Sim,174.5,1,3,37,491
37448,2008324022,Braga,41.506246000000004,-8.665408,ER205,17.99,2,0,0,2.0,50,Berma pavimentada,Molhado,Dois sentidos,Chuva,Em entroncamento,Dentro das localidades,Em pleno dia,Em patamar,Recta,Em plena via,Colisão,QUARTA-FEIRA ,0,2,37,2008-04-22,17,ligeiro,Sim,Sim,Nao,174.5,1,3,37,491
37452,2008330248,Braga,41.503787,-8.668667,ER205,17.6,2,0,0,1.0,50,Berma pavimentada,Seco e limpo,Sentido único,Bom tempo,Em rotunda,Dentro das localidades,Em pleno dia,Com inclinação,Curva,Em plena via,Colisão,DOMINGO      ,0,2,37,2008-06-21,18,ligeiro,Sim,Nao,Sim,174.5,1,3,37,491
37454,2009360841,Braga,41.51383,-8.649672,ER205,19.7,2,0,0,2.0,50,Berma pavimentada,Seco e limpo,Dois sentidos,Bom tempo,Em entroncamento,Dentro das localidades,Em pleno dia,Em patamar,Recta,Em plena via,Colisão,TERÇA-FEIRA  ,0,2,37,2009-02-23,14,ligeiro,Sim,Nao,Sim,174.5,1,3,37,491
37455,2009359538,Braga,41.510869,-8.658424,ER205,18.85,1,0,0,1.0,50,Berma pavimentada,Seco e limpo,Dois sentidos,Bom tempo,Fora da intersecção,Dentro das localidades,"Noite, com iluminação",Em patamar,Recta,Em plena via,Atropelamento,TERÇA-FEIRA  ,0,1,37,2009-02-17,18,ligeiro,Nao,Nao,Sim,174.5,1,3,37,491
37456,2009350007,Braga,41.417840000000005,-8.305307,EN105,42.8,1,0,0,2.0,50,Berma pavimentada,Seco e limpo,Dois sentidos,Bom tempo,Fora da intersecção,Dentro das localidades,Em pleno dia,Com inclinação,Recta,Em plena via,Colisão,SEGUNDA-FEIRA,0,2,37,2008-11-23,7,ligeiro,Sim,Nao,Sim,174.5,1,3,37,491
37460,2009387647,Braga,41.409836999999996,-8.285963,A7,43.13,0,1,0,2.0,120,Berma pavimentada,Seco e limpo,Sentido único,Bom tempo,Fora da intersecção,Fora das localidades,"Noite, sem iluminação",Com inclinação,Recta,Em plena via,Despiste,SEGUNDA-FEIRA,1,1,37,2009-05-01,1,ligeiro,Nao,Nao,Sim,174.5,1,3,37,491
37462,2009383225,Braga,41.506312,-8.665328,ER205,18.0,1,0,0,1.0,50,Berma pavimentada,Molhado,Dois sentidos,Chuva,Em entroncamento,Dentro das localidades,Em pleno dia,Em patamar,Recta,Em plena via,Colisão,SÁBADO       ,0,2,37,2009-05-16,17,ligeiro,Sim,Sim,Nao,174.5,1,3,37,491
37463,2009409525,Braga,41.515136,-8.646625,ER205,20.0,1,0,0,1.0,50,Sem berma ou impraticável,Seco e limpo,Dois sentidos,Bom tempo,Fora da intersecção,Dentro das localidades,Em pleno dia,Em patamar,Curva,Em plena via,Despiste,SEGUNDA-FEIRA,0,1,37,2009-08-28,10,ligeiro,Sim,Nao,Sim,174.5,1,3,37,491
37464,2009417731,Braga,41.503298,-8.669658,ER205,17.5,1,0,1,1.0,50,Berma pavimentada,Seco e limpo,Dois sentidos,Bom tempo,Em entroncamento,Dentro das localidades,Aurora ou crepúsculo,Em patamar,Recta,Em plena via,Atropelamento,QUINTA-FEIRA ,0,1,37,2009-09-17,6,ligeiro,Nao,Nao,Sim,174.5,1,3,37,491
37466,2010433697,Braga,41.510677,-8.656668,ER205,19.0,2,0,0,1.0,50,Sem berma ou impraticável,Seco e limpo,Dois sentidos,Bom tempo,Fora da intersecção,Dentro das localidades,Em pleno dia,Em patamar,Recta,Em plena via,Colisão,TERÇA-FEIRA  ,0,3,37,2009-12-10,11,ligeiro,Sim,Nao,Sim,174.5,1,3,37,491
37467,2010433030,Braga,41.502821999999995,-8.670662,ER205,17.4,2,0,0,1.0,50,Berma pavimentada,NÃO DEFINIDO,Dois sentidos,Bom tempo,Fora da intersecção,Dentro das localidades,Em pleno dia,Em patamar,Recta,Em plena via,Colisão,SEXTA-FEIRA  ,0,2,37,2009-12-18,14,ligeiro,Sim,Nao,Nao,174.5,1,3,37,491
37468,2010442043,Braga,41.51095,-8.660174000000001,ER205,18.7,1,0,0,1.0,50,Berma pavimentada,Húmido,Dois sentidos,Chuva,Em entroncamento,Dentro das localidades,"Noite, sem iluminação",Em patamar,Curva,Em plena via,Despiste,SEGUNDA-FEIRA,1,1,37,2010-01-01,19,ligeiro,Nao,Sim,Nao,174.5,1,3,37,491
37469,2010456963,Braga,41.515794,-8.645131,ER205,20.15,1,0,0,1.0,50,Berma pavimentada,Seco e limpo,Dois sentidos,Bom tempo,Fora da intersecção,Dentro das localidades,Em pleno dia,Em patamar,Recta,Em plena via,Colisão,DOMINGO      ,0,2,37,2010-04-18,19,ligeiro,Sim,Nao,Sim,174.5,1,3,37,491
37470,2010452707,Braga,41.502346,-8.671664999999999,ER205,17.3,1,0,0,1.0,50,Berma pavimentada,Molhado,Dois sentidos,Chuva,Em rotunda,Dentro das localidades,"Noite, com iluminação",Em patamar,Recta,Em plena via,Despiste,DOMINGO      ,0,1,37,2010-03-20,22,ligeiro,Nao,Sim,Nao,174.5,1,3,37,491
37471,2010453867,Braga,41.513463,-8.65047,ER205,19.62,1,0,0,1.0,50,Berma pavimentada,Seco e limpo,Dois sentidos,Bom tempo,Fora da intersecção,Dentro das localidades,Em pleno dia,Em patamar,Recta,Em plena via,Colisão,DOMINGO      ,0,3,37,2010-03-09,19,ligeiro,Sim,Nao,Sim,174.5,1,3,37,491
37472,2010446026,Braga,41.499435999999996,-8.665742,A11,7.23,1,0,0,2.0,120,Berma pavimentada,Seco e limpo,Sentido único,Bom tempo,Fora da intersecção,Fora das localidades,Em pleno dia,Em patamar,Curva,Em plena via,Despiste,QUARTA-FEIRA ,0,1,37,2010-02-12,8,ligeiro,Sim,Nao,Sim,174.5,1,3,37,491
37473,2011500403,Braga,41.511010999999996,-8.655599,ER205,19.1,3,0,0,2.0,50,Berma pavimentada,Molhado,Dois sentidos,Chuva,Em entroncamento,Dentro das localidades,"Noite, com iluminação",Em patamar,Recta,Em plena via,Colisão,TERÇA-FEIRA  ,0,3,37,2010-10-30,19,ligeiro,Nao,Sim,Nao,174.5,1,3,37,491
37475,2011501541,Braga,41.413989,-8.313191999999999,EN105,42.0,2,0,0,2.0,60,Berma pavimentada,Seco e limpo,Dois sentidos,Chuva,Fora da intersecção,Dentro das localidades,"Noite, com iluminação",Em patamar,Recta,Em plena via,Colisão,DOMINGO      ,0,2,37,2010-03-26,19,ligeiro,Nao,Sim,Sim,174.5,1,3,37,491
37477,2011512180,Braga,41.510785,-8.65784,ER205,18.9,1,0,0,1.0,50,Sem berma ou impraticável,Seco e limpo,Dois sentidos,Bom tempo,Fora da intersecção,Dentro das localidades,"Noite, sem iluminação",Em patamar,Recta,Na berma,Despiste,SEXTA-FEIRA  ,0,1,37,2010-12-17,5,ligeiro,Nao,Nao,Sim,174.5,1,3,37,491
37478,2011555513,Braga,41.511247,-8.655106,ER205,19.15,1,0,0,1.0,50,Berma pavimentada,Seco e limpo,Dois sentidos,Bom tempo,Em entroncamento,Dentro das localidades,Em pleno dia,Com inclinação,Recta,Em plena via,Colisão,TERÇA-FEIRA  ,0,2,37,2011-07-19,13,ligeiro,Sim,Nao,Sim,174.5,1,3,37,491
37479,2012588268,Braga,41.506345,-8.665288,ER205,18.01,0,1,0,1.0,50,Berma pavimentada,Seco e limpo,Dois sentidos,Bom tempo,Em entroncamento,Dentro das localidades,Aurora ou crepúsculo,Em patamar,Recta,Em plena via,Colisão,SEGUNDA-FEIRA,0,2,37,2011-12-24,17,ligeiro,Nao,Nao,Sim,174.5,1,3,37,491
37481,2012628123,Braga,41.511175,-8.655254,ER205,19.14,5,0,0,1.0,50,Berma não pavimentada,Molhado,Dois sentidos,Chuva,Fora da intersecção,Dentro das localidades,Em pleno dia,Em patamar,Recta,Em plena via,Colisão,SEXTA-FEIRA  ,0,2,37,2012-06-05,17,ligeiro,Sim,Sim,Nao,174.5,1,3,37,491
37484,2010478326,Braga,41.413989,-8.313191999999999,EN105,42.0,1,0,0,1.0,50,Sem berma ou impraticável,Húmido,Dois sentidos,Bom tempo,Fora da intersecção,Dentro das localidades,Em pleno dia,Com inclinação,Recta,Em plena via,Colisão,TERÇA-FEIRA  ,0,2,37,2010-09-20,10,ligeiro,Sim,Nao,Nao,174.5,1,3,37,491
37485,2010428154,Braga,41.505254,-8.666601,ER205,17.84,1,0,0,2.0,50,Berma pavimentada,Húmido,Dois sentidos,Chuva,Fora da intersecção,Dentro das localidades,Em pleno dia,Em patamar,Recta,Em plena via,Colisão,QUARTA-FEIRA ,0,2,37,2009-11-29,11,ligeiro,Sim,Sim,Nao,174.5,1,3,37,491
37486,2010432533,Braga,41.50161,-8.65884,A11,7.85,2,0,0,2.0,60,Berma pavimentada,Seco e limpo,Sentido único,Bom tempo,Em via de desaceleração,Fora das localidades,Em pleno dia,Com inclinação,Curva,Em plena via,Despiste,SÁBADO       ,0,1,37,2009-12-19,14,ligeiro,Sim,Nao,Sim,174.5,1,3,37,491
37487,2012626720,Braga,41.507632,-8.663728,ER205,18.2,1,0,0,1.0,50,Berma pavimentada,Seco e limpo,Dois sentidos,Bom tempo,Fora da intersecção,Dentro das localidades,Em pleno dia,Em patamar,Recta,Em plena via,Colisão,DOMINGO      ,0,3,37,2012-06-29,8,ligeiro,Sim,Nao,Sim,174.5,1,3,37,491
37488,2009358147,Braga,41.502346,-8.671664999999999,ER205,17.3,1,0,0,1.0,50,Sem berma ou impraticável,Molhado,Dois sentidos,Chuva,Em rotunda,Dentro das localidades,Em pleno dia,Em patamar,Curva,Em plena via,Colisão,TERÇA-FEIRA  ,0,2,37,2009-01-20,7,ligeiro,Sim,Sim,Nao,174.5,1,3,37,491
37489,2008348420,Braga,41.504991,-8.666922,ER205,17.8,2,0,0,1.0,50,Sem berma ou impraticável,Seco e limpo,Dois sentidos,Bom tempo,Fora da intersecção,Dentro das localidades,"Noite, com iluminação",Em patamar,Recta,Em plena via,Colisão,TERÇA-FEIRA  ,1,2,37,2008-11-01,20,ligeiro,Nao,Nao,Sim,174.5,1,3,37,491
37490,2012616322,Braga,41.41975,-8.302921000000001,EN105,43.1,1,0,0,1.0,50,Berma pavimentada,Seco e limpo,Dois sentidos,Bom tempo,Fora da intersecção,Dentro das localidades,"Noite, com iluminação",Em patamar,Recta,Em plena via,Colisão,SEGUNDA-FEIRA,0,2,37,2012-06-30,0,ligeiro,Nao,Nao,Sim,174.5,1,3,37,491
37491,2010445889,Braga,41.510677,-8.656668,ER205,19.0,1,0,0,1.0,50,Berma pavimentada,Seco e limpo,Dois sentidos,Bom tempo,Em cruzamento,Dentro das localidades,Em pleno dia,Em patamar,Recta,Em plena via,Colisão,QUARTA-FEIRA ,0,2,37,2010-02-12,9,ligeiro,Sim,Nao,Sim,174.5,1,3,37,491
37494,2007283684,Braga,41.50829,-8.662924,ER205,18.3,1,0,0,2.0,80,Berma pavimentada,Molhado,Dois sentidos,Chuva,Fora da intersecção,Dentro das localidades,"Noite, com iluminação",Em patamar,Recta,Em plena via,Colisão,SEXTA-FEIRA  ,0,2,37,2007-05-23,0,ligeiro,Nao,Sim,Nao,174.5,1,3,37,491
37495,2012613102,Braga,41.510799,-8.660604,ER205,18.66,1,0,0,1.0,50,Berma não pavimentada,Seco e limpo,Dois sentidos,Bom tempo,Fora da intersecção,Dentro das localidades,Em pleno dia,Em patamar,Recta,Na berma,Despiste,QUINTA-FEIRA ,1,1,37,2012-04-08,18,ligeiro,Sim,Nao,Sim,174.5,1,3,37,491
37496,2012589983,Braga,41.511482,-8.654612,ER205,19.2,1,0,0,1.0,50,Berma pavimentada,Molhado,Dois sentidos,Chuva,Fora da intersecção,Dentro das localidades,Em pleno dia,Com inclinação,Recta,Em plena via,Colisão,TERÇA-FEIRA  ,0,2,37,2011-12-14,10,ligeiro,Sim,Sim,Nao,174.5,1,3,37,491
37497,2008323814,Braga,41.500192999999996,-8.662286,A11,7.53,2,0,0,1.0,120,Berma pavimentada,Molhado,Sentido único,Chuva,Fora da intersecção,Fora das localidades,Em pleno dia,Em patamar,Recta,Em plena via,Colisão,SÁBADO       ,0,2,37,2008-04-19,12,ligeiro,Sim,Sim,Nao,174.5,1,3,37,491
37498,2010463501,Braga,41.515007000000004,-8.646930000000001,ER205,19.97,1,0,0,1.0,50,Sem berma ou impraticável,Seco e limpo,Dois sentidos,Bom tempo,Fora da intersecção,Dentro das localidades,"Noite, sem iluminação",Em Lomba,Recta,Na berma,Despiste,SÁBADO       ,0,1,37,2010-05-10,23,ligeiro,Nao,Nao,Sim,174.5,1,3,37,491
37499,2010424076,Braga,41.511482,-8.654612,ER205,19.2,1,0,0,1.0,50,Berma pavimentada,Seco e limpo,Dois sentidos,Bom tempo,Fora da intersecção,Dentro das localidades,Em pleno dia,Com inclinação,Recta,Em plena via,Colisão,SÁBADO       ,0,3,37,2009-10-23,8,ligeiro,Sim,Nao,Sim,174.5,1,3,37,491
37501,2007295600,Braga,41.412658,-8.300276,A7,41.93,1,0,0,3.0,120,Berma pavimentada,Seco e limpo,Sentido único,Bom tempo,Fora da intersecção,Fora das localidades,"Noite, com iluminação",Com inclinação,Recta,Em plena via,Despiste,SEXTA-FEIRA  ,0,1,37,2007-09-03,21,ligeiro,Nao,Nao,Sim,174.5,1,3,37,491
37502,2012591646,Braga,41.510560999999996,-8.661242,ER205,18.6,1,0,0,1.0,50,Berma pavimentada,Seco e limpo,Dois sentidos,Bom tempo,Fora da intersecção,Dentro das localidades,Em pleno dia,Em patamar,Recta,Em plena via,Colisão,SEXTA-FEIRA  ,0,2,37,2011-12-22,14,ligeiro,Sim,Nao,Sim,174.5,1,3,37,491
37503,2012608781,Braga,41.418485,-8.304492999999999,EN105,42.9,2,0,0,1.0,50,Sem berma ou impraticável,Seco e limpo,Dois sentidos,Bom tempo,Fora da intersecção,Dentro das localidades,Em pleno dia,Em patamar,Recta,Em plena via,Colisão,DOMINGO      ,0,2,37,2012-05-20,12,ligeiro,Sim,Nao,Sim,174.5,1,3,37,491
37505,2013669727,Braga,41.415658,-8.309289,EN105,42.38,1,0,0,1.0,50,Berma pavimentada,Seco e limpo,Dois sentidos,Bom tempo,Fora da intersecção,Dentro das localidades,Em pleno dia,Em patamar,Recta,Em plena via,Atropelamento,QUINTA-FEIRA ,0,1,37,2012-12-26,10,ligeiro,Sim,Nao,Sim,174.5,1,3,37,491
37507,2009349506,Braga,41.507632,-8.663728,ER205,18.2,1,0,0,1.0,50,Berma pavimentada,Seco e limpo,Dois sentidos,Bom tempo,Fora da intersecção,Dentro das localidades,Em pleno dia,Em patamar,Recta,Em plena via,Colisão,TERÇA-FEIRA  ,0,2,37,2008-11-18,7,ligeiro,Sim,Nao,Sim,174.5,1,3,37,491
37508,2011505912,Braga,41.411395,-8.296014,A7,42.27,1,0,0,2.0,120,Berma pavimentada,Molhado,Sentido único,Chuva,Em ramo de ligação - entrada,Fora das localidades,"Noite, com iluminação",Com inclinação,Curva,Em plena via,Colisão,DOMINGO      ,0,2,37,2010-11-09,19,ligeiro,Nao,Sim,Nao,174.5,1,3,37,491
37509,2010477708,Braga,41.507632,-8.663728,ER205,18.2,1,0,0,1.0,50,Berma pavimentada,Seco e limpo,Dois sentidos,Bom tempo,Fora da intersecção,Dentro das localidades,Em pleno dia,Em patamar,Recta,Em plena via,Despiste,SÁBADO       ,0,1,37,2010-07-06,17,ligeiro,Sim,Nao,Sim,174.5,1,3,37,491
37513,2009400572,Braga,41.510677,-8.656668,ER205,19.0,1,0,0,1.0,50,Berma pavimentada,Seco e limpo,Dois sentidos,Bom tempo,Fora da intersecção,Dentro das localidades,Em pleno dia,Em patamar,Curva,Em plena via,Colisão,SÁBADO       ,0,2,37,2009-07-12,15,ligeiro,Sim,Nao,Sim,174.5,1,3,37,491
37518,2008322288,Braga,41.514703999999995,-8.647642999999999,ER205,19.9,1,0,0,2.0,50,Berma pavimentada,Seco e limpo,Dois sentidos,Bom tempo,Fora da intersecção,Dentro das localidades,Em pleno dia,Em patamar,Recta,Na berma,Colisão,SEXTA-FEIRA  ,0,2,37,2008-03-20,9,ligeiro,Sim,Nao,Sim,174.5,1,3,37,491
37519,2009373290,Braga,41.515136,-8.646625,ER205,20.0,1,0,0,1.0,50,Berma não pavimentada,Molhado,Dois sentidos,Chuva,Em entroncamento,Dentro das localidades,Em pleno dia,Em patamar,Recta,Em plena via,Colisão,TERÇA-FEIRA  ,0,2,37,2009-04-15,12,ligeiro,Sim,Sim,Nao,174.5,1,3,37,491
37521,2012645025,Braga,41.413989,-8.313191999999999,EN105,42.0,1,0,0,1.0,50,Berma pavimentada,Seco e limpo,Dois sentidos,Bom tempo,Fora da intersecção,Dentro das localidades,Em pleno dia,Em patamar,Recta,Em plena via,Colisão,TERÇA-FEIRA  ,0,2,37,2012-09-02,19,ligeiro,Sim,Nao,Sim,174.5,1,3,37,491