,COD_ACIDENTE,DISTRITO,LATITUDE,LONGITUDE,VIA,KM,QT_FLIGEIROS,QT_FGRAVES,QT_MORTOS,QT_VIAS_SENTIDO,VEL_LIM_LOCAL,BERMA_VIA,CONDICAO_ADERENCIA,FAIXA_RODAGEM,FATOR_ATMOSFERICO,INTERSECAO_VIA,LOCALIZACAO,LUMINOSIDADE,PERFIL_VIA,PLANTA_VIA,SITUACAO_ACIDENTE,TIPO_NATUREZA,DIA_SEMANA,FLAG_FERIADO,QT_VEICULOS,COD_FREGUESIA,DATA,HORA,GRAVIDADE,ERA_DIA,MAU_TEMPO,ESTRADA_SECA,DENSIDADE_TOTAL,COD_DISTRITO_INE,COD_CONCELHO_INE,COD_FREGUESIA_INE,TOTAL
37522,2009358160,Braga,41.514358,-8.648458,ER205,19.82,2,0,0,1.0,50,Berma pavimentada,Molhado,Dois sentidos,Chuva,Fora da intersecção,Dentro das localidades,Em pleno dia,Em patamar,Recta,Em plena via,Colisão,SÁBADO       ,0,2,37,2009-01-23,12,ligeiro,Sim,Sim,Nao,174.5,1,3,37,491
37526,2009409745,Braga,41.502821999999995,-8.670662,ER205,17.4,1,0,0,1.0,50,Berma pavimentada,Seco e limpo,Dois sentidos,Bom tempo,Fora da intersecção,Dentro das localidades,Em pleno dia,Em patamar,Recta,Em plena via,Colisão,SEGUNDA-FEIRA,0,2,37,2009-08-06,16,ligeiro,Sim,Nao,Sim,174.5,1,3,37,491
37528,2010466657,Braga,41.416639,-8.307053,EN105,42.6,1,0,0,2.0,50,Sem berma ou impraticável,Húmido,Dois sentidos,Bom tempo,Em cruzamento,Dentro das localidades,Em pleno dia,Em patamar,Recta,Em plena via,Colisão,SÁBADO       ,0,2,37,2010-03-03,12,ligeiro,Sim,Nao,Nao,174.5,1,3,37,491
37530,2010453841,Braga,41.5073,-8.664125,ER205,18.15,4,0,0,2.0,50,Berma pavimentada,Seco e limpo,Dois sentidos,Bom tempo,Em entroncamento,Dentro das localidades,Em pleno dia,Em patamar,Recta,Em plena via,Colisão,SÁBADO       ,0,4,37,2010-03-14,15,ligeiro,Sim,Nao,Sim,174.5,1,3,37,491
37532,2009402063,Braga,41.51556,-8.645617,ER205,20.1,1,1,0,1.0,50,Berma pavimentada,Seco e limpo,Dois sentidos,Bom tempo,Em cruzamento,Dentro das localidades,Em pleno dia,Em patamar,Recta,Em plena via,Colisão,QUINTA-FEIRA ,0,2,37,2009-07-05,20,ligeiro,Sim,Nao,Sim,174.5,1,3,37,491
37537,2010424060,Braga,41.501059000000005,-8.660161,A11,7.73,1,0,0,2.0,60,Sem berma ou impraticável,Seco e limpo,Sentido único,Bom tempo,Em via de desaceleração,Fora das localidades,Em pleno dia,Em patamar,Recta,Em plena via,Despiste,TERÇA-FEIRA  ,0,1,37,2009-10-14,15,ligeiro,Sim,Nao,Sim,174.5,1,3,37,491
37538,2010453877,Braga,41.511010999999996,-8.655599,ER205,19.1,4,0,0,1.0,50,Berma não pavimentada,Molhado,Dois sentidos,Chuva,Em entroncamento,Dentro das localidades,"Noite, com iluminação",Com inclinação,Recta,Em plena via,Colisão,QUARTA-FEIRA ,0,2,37,2010-03-06,20,ligeiro,Nao,Sim,Nao,174.5,1,3,37,491
37540,2009373291,Braga,41.504665,-8.667332,ER205,17.75,4,0,0,2.0,50,Sem berma ou impraticável,Húmido,Dois sentidos,Chuva,Em entroncamento,Dentro das localidades,Em pleno dia,Em patamar,Recta,Em plena via,Colisão,SEGUNDA-FEIRA,0,2,37,2009-04-14,19,ligeiro,Sim,Sim,Nao,174.5,1,3,37,491
37541,2011505914,Braga,41.505762,-8.665988,ER205,17.92,1,0,0,1.0,50,Berma pavimentada,Molhado,Dois sentidos,Chuva,Fora da intersecção,Dentro das localidades,Em pleno dia,Em patamar,Recta,Em plena via,Despiste,DOMINGO      ,0,1,37,2010-11-09,10,ligeiro,Sim,Sim,Nao,174.5,1,3,37,491
37542,2008347155,Braga,41.412313,-8.316005,EN105,41.7,1,0,1,1.0,50,Berma pavimentada,Seco e limpo,Dois sentidos,Bom tempo,Fora da intersecção,Dentro das localidades,"Noite, com iluminação",Com inclinação,Recta,No passeio,Despiste,DOMINGO      ,0,1,37,2008-10-19,19,ligeiro,Nao,Nao,Sim,174.5,1,3,37,491
37543,2011568454,Braga,41.505656,-8.666114,ER205,17.9,1,0,0,2.0,50,Berma pavimentada,Seco e limpo,Dois sentidos,Bom tempo,Fora da intersecção,Dentro das localidades,Em pleno dia,Em patamar,Recta,Em plena via,Colisão,QUINTA-FEIRA ,0,2,37,2011-09-04,10,ligeiro,Sim,Nao,Sim,174.5,1,3,37,491
37548,2010470405,Braga,41.512547,-8.652397,ER205,19.43,3,0,0,1.0,50,Berma pavimentada,Seco e limpo,Dois sentidos,Bom tempo,Fora da intersecção,Dentro das localidades,Em pleno dia,Em patamar,Recta,Em plena via,Colisão,SEXTA-FEIRA  ,0,4,37,2010-06-01,8,ligeiro,Sim,Nao,Sim,174.5,1,3,37,491
37549,2008331583,Braga,41.502346,-8.671664999999999,ER205,17.3,4,0,0,1.0,50,Berma pavimentada,Seco e limpo,Dois sentidos,Bom tempo,Em rotunda,Dentro das localidades,"Noite, com iluminação",Em patamar,Curva,Em plena via,Colisão,TERÇA-FEIRA  ,0,2,37,2008-06-06,22,ligeiro,Nao,Nao,Sim,174.5,1,3,37,491
37550,2008333821,Braga,41.504991,-8.666922,ER205,17.8,1,0,0,1.0,50,Berma não pavimentada,Seco e limpo,Dois sentidos,Bom tempo,Fora da intersecção,Dentro das localidades,Em pleno dia,Em patamar,Recta,Em plena via,Colisão,SEXTA-FEIRA  ,0,2,37,2008-07-07,9,ligeiro,Sim,Nao,Sim,174.5,1,3,37,491
37551,2013664959,Braga,41.507101,-8.664363,ER205,18.12,1,0,0,1.0,50,Berma pavimentada,Seco e limpo,Dois sentidos,Bom tempo,Fora da intersecção,Dentro das localidades,Em pleno dia,Em patamar,Recta,Na berma,Despiste,SÁBADO       ,0,1,37,2012-11-18,6,ligeiro,Sim,Nao,Sim,174.5,1,3,37,491
37552,2008325219,Braga,41.509045,-8.662335,ER205,18.4,1,0,0,1.0,50,Sem berma ou impraticável,Com óleo,Dois sentidos,Bom tempo,Fora da intersecção,Dentro das localidades,"Noite, com iluminação",Com inclinação,Curva,Em plena via,Colisão,SEXTA-FEIRA  ,0,2,37,2008-04-12,4,ligeiro,Nao,Nao,Nao,174.5,1,3,37,491
37553,2009409910,Braga,41.503298,-8.669658,ER205,17.5,4,0,0,1.0,50,Berma pavimentada,Seco e limpo,Dois sentidos,Bom tempo,Fora da intersecção,Dentro das localidades,Em pleno dia,Em patamar,Recta,Em plena via,Colisão,SEXTA-FEIRA  ,0,4,37,2009-08-09,10,ligeiro,Sim,Nao,Sim,174.5,1,3,37,491
37554,2013656225,Braga,41.511482,-8.654612,ER205,19.2,1,0,0,1.0,50,Sem berma ou impraticável,Molhado,Dois sentidos,Chuva,Fora da intersecção,Dentro das localidades,Aurora ou crepúsculo,Com inclinação,Recta,Em plena via,Colisão,SÁBADO       ,0,2,37,2012-10-26,7,ligeiro,Nao,Sim,Nao,174.5,1,3,37,491
37587,2007281177,Braga,41.537721000000005,-8.780303,EN(d)13,45.0,1,0,0,2.0,50,Berma pavimentada,Seco e limpo,Dois sentidos,Bom tempo,Fora da intersecção,Dentro das localidades,Em pleno dia,Em patamar,Recta,Em plena via,Colisão,DOMINGO      ,0,2,5,2007-04-15,16,ligeiro,Sim,Nao,Sim,281.7,1,1,5,1836
37615,2007276678,Braga,41.533586,-8.497038,EN103,33.2,1,0,0,1.0,50,Berma pavimentada,Húmido,Dois sentidos,Bom tempo,Em entroncamento,Dentro das localidades,Em pleno dia,Em patamar,Recta,Em plena via,Colisão,SEGUNDA-FEIRA,0,2,5,2007-03-01,18,ligeiro,Sim,Nao,Nao,281.7,1,1,5,1836
37641,2007290898,Braga,41.503017,-8.372819,EN101,101.25,1,0,0,1.0,50,Berma pavimentada,Seco e limpo,Dois sentidos,Bom tempo,Fora da intersecção,Dentro das localidades,"Noite, com iluminação",Com inclinação,Curva,Na berma,Despiste,QUARTA-FEIRA ,0,1,5,2007-07-17,1,ligeiro,Nao,Nao,Sim,281.7,1,1,5,1836
37643,2007289595,Braga,41.532364,-8.492051,EN103,33.65,1,0,0,1.0,50,Sem berma ou impraticável,Seco e limpo,Dois sentidos,Bom tempo,Fora da intersecção,Dentro das localidades,"Noite, com iluminação",Em patamar,Recta,Em plena via,Colisão,QUINTA-FEIRA ,0,2,5,2007-07-07,1,ligeiro,Nao,Nao,Sim,281.7,1,1,5,1836
37666,2007285276,Braga,41.535748,-8.778853,EN(d)13,44.75,1,0,0,1.0,50,NÃO DEFINIDO,Seco e limpo,Dois sentidos,Bom tempo,Fora da intersecção,Dentro das localidades,Em pleno dia,Em patamar,Recta,Em parque de estacionamento,Colisão,DOMINGO      ,0,1,5,2007-06-11,13,ligeiro,Sim,Nao,Sim,281.7,1,1,5,1836
37691,2007291983,Braga,41.534006,-8.777588,EN(d)13,44.53,4,0,0,1.0,50,Berma pavimentada,Seco e limpo,Dois sentidos,Bom tempo,Fora da intersecção,Dentro das localidades,Em pleno dia,Em patamar,Recta,Em plena via,Colisão,DOMINGO      ,0,3,5,2007-08-12,16,ligeiro,Sim,Nao,Sim,281.7,1,1,5,1836
37692,2007292130,Braga,41.532957,-8.492956,EN103,33.55,1,0,0,1.0,50,Sem berma ou impraticável,Seco e limpo,Dois sentidos,Bom tempo,Fora da intersecção,Dentro das localidades,"Noite, com iluminação",Em patamar,Curva,No passeio,Despiste,TERÇA-FEIRA  ,0,1,5,2007-08-14,3,ligeiro,Nao,Nao,Sim,281.7,1,1,5,1836
37748,2008303913,Braga,41.535353,-8.778563,EN(d)13,44.7,2,0,0,1.0,50,Berma pavimentada,Seco e limpo,Dois sentidos,Bom tempo,Fora da intersecção,Dentro das localidades,"Noite, com iluminação",Em patamar,Recta,Em plena via,Atropelamento,SEXTA-FEIRA  ,0,1,5,2007-12-31,18,ligeiro,Nao,Nao,Sim,281.7,1,1,5,1836
37763,2008324830,Braga,41.732147999999995,-8.260803999999998,EN307,35.51,1,0,0,1.0,50,Sem berma ou impraticável,Molhado,Dois sentidos,Chuva,Fora da intersecção,Dentro das localidades,Em pleno dia,Com inclinação,Curva,Em plena via,Colisão,SEXTA-FEIRA  ,0,2,5,2008-04-07,16,ligeiro,Sim,Sim,Nao,281.7,1,1,5,1836
37790,2008327183,Braga,41.532582,-8.776551,EN(d)13,44.35,1,0,0,1.0,50,Berma pavimentada,Seco e limpo,Dois sentidos,Bom tempo,Fora da intersecção,Dentro das localidades,Em pleno dia,Em patamar,Recta,Em plena via,Colisão,QUINTA-FEIRA ,0,3,5,2008-05-21,11,ligeiro,Sim,Nao,Sim,281.7,1,1,5,1836
37859,2008330659,Braga,41.569659,-8.046732,EN205,92.8,2,0,0,1.0,50,Berma não pavimentada,Seco e limpo,Dois sentidos,Bom tempo,Em entroncamento,Dentro das localidades,Em pleno dia,Em patamar,Recta,Em plena via,Colisão,SEGUNDA-FEIRA,0,2,5,2008-06-05,16,ligeiro,Sim,Nao,Sim,281.7,1,1,5,1836
37866,2009351938,Braga,41.504389,-8.367794,EN101,101.7,1,0,0,1.0,50,Berma não pavimentada,Molhado,Dois sentidos,Chuva,Fora da intersecção,Dentro das localidades,Em pleno dia,Com inclinação,Curva,Em plena via,Colisão,TERÇA-FEIRA  ,0,2,5,2008-12-11,13,ligeiro,Sim,Sim,Nao,281.7,1,1,5,1836
37895,2008343929,Braga,41.504476000000004,-8.366597,EN101,101.8,1,0,0,1.0,50,Berma pavimentada,Molhado,Dois sentidos,Chuva,Fora da intersecção,Dentro das localidades,Em pleno dia,Com inclinação,Curva,Na berma,Despiste,SÁBADO       ,0,1,5,2008-10-07,11,ligeiro,Sim,Sim,Nao,281.7,1,1,5,1836
37898,2008344530,Braga,41.540985,-8.283619999999999,ER310,5.05,2,0,0,1.0,50,Berma pavimentada,Molhado,Dois sentidos,Bom tempo,Fora da intersecção,Dentro das localidades,Aurora ou crepúsculo,Com inclinação,Recta,Em plena via,Colisão,DOMINGO      ,0,2,5,2008-10-30,20,ligeiro,Nao,Nao,Nao,281.7,1,1,5,1836
37926,2009358726,Braga,41.531776,-8.491142,EN103,33.75,1,0,0,1.0,50,Berma pavimentada,Molhado,Dois sentidos,Chuva,Fora da intersecção,Fora das localidades,"Noite, com iluminação",Com inclinação,Recta,Em plena via,Colisão,SÁBADO       ,0,2,5,2009-02-09,2,ligeiro,Nao,Sim,Nao,281.7,1,1,5,1836
37958,2009358799,Braga,41.502418,-8.388884,EN101,99.8,2,0,0,1.0,90,Berma pavimentada,Seco e limpo,Dois sentidos,Bom tempo,Fora da intersecção,Fora das localidades,Em pleno dia,Em patamar,Recta,Em plena via,Colisão,SEGUNDA-FEIRA,0,2,5,2009-02-11,11,ligeiro,Sim,Nao,Sim,281.7,1,1,5,1836
37978,2009351427,Braga,41.569659,-8.046732,EN205,92.8,1,0,0,2.0,70,Sem berma ou impraticável,"Com gelo, geada ou neve",Dois sentidos,Bom tempo,Fora da intersecção,Fora das localidades,Em pleno dia,Com inclinação,Curva,Na berma,Despiste,DOMINGO      ,0,1,5,2008-12-20,10,ligeiro,Sim,Nao,Nao,281.7,1,1,5,1836
38014,2009400531,Braga,41.532703999999995,-8.776631,EN(d)13,44.37,3,0,0,1.0,50,Sem berma ou impraticável,Seco e limpo,Dois sentidos,Bom tempo,Em cruzamento,Dentro das localidades,Em pleno dia,Em patamar,Recta,Em plena via,Colisão,SÁBADO       ,0,2,5,2009-07-29,13,ligeiro,Sim,Nao,Sim,281.7,1,1,5,1836
38037,2009373236,Braga,41.531576,-8.776036999999999,EN(d)13,44.23,1,0,0,1.0,50,Sem berma ou impraticável,Seco e limpo,Dois sentidos,Bom tempo,Em rotunda,Dentro das localidades,Em pleno dia,Em patamar,Curva,Em plena via,Colisão,SEGUNDA-FEIRA,0,2,5,2009-04-08,12,ligeiro,Sim,Nao,Sim,281.7,1,1,5,1836
38139,2010452657,Braga,41.420058000000004,-8.198933,A7,52.15,2,0,0,2.0,120,Berma pavimentada,Molhado,Sentido único,Chuva,Fora da intersecção,Fora das localidades,"Noite, sem iluminação",Em patamar,Recta,Em plena via,Colisão,QUINTA-FEIRA ,0,2,5,2010-03-29,20,ligeiro,Nao,Sim,Nao,281.7,1,1,5,1836
38187,2010463482,Braga,41.541055,-8.283545,ER310,5.04,1,0,0,1.0,50,Sem berma ou impraticável,Seco e limpo,Dois sentidos,Bom tempo,Em entroncamento,Dentro das localidades,Em pleno dia,Com inclinação,Recta,Em plena via,Colisão,TERÇA-FEIRA  ,0,2,5,2010-05-07,14,ligeiro,Sim,Nao,Sim,281.7,1,1,5,1836
38277,2010496286,Braga,41.547383,-8.277574000000001,ER310,4.1,1,0,0,1.0,50,Berma não pavimentada,Seco e limpo,Dois sentidos,Bom tempo,Fora da intersecção,Dentro das localidades,Em pleno dia,Com inclinação,Curva,Na berma,Despiste,TERÇA-FEIRA  ,0,1,5,2010-10-02,16,ligeiro,Sim,Nao,Sim,281.7,1,1,5,1836
38294,2011506721,Braga,41.532074,-8.491592,EN103,33.7,1,0,0,1.0,50,Sem berma ou impraticável,Seco e limpo,Dois sentidos,Bom tempo,Fora da intersecção,Dentro das localidades,Em pleno dia,Em patamar,Recta,Em plena via,Colisão,TERÇA-FEIRA  ,0,2,5,2010-11-22,13,ligeiro,Sim,Nao,Sim,281.7,1,1,5,1836
38388,2011555073,Braga,41.531739,-8.491089,EN103,33.76,1,0,0,1.0,50,Sem berma ou impraticável,Seco e limpo,Dois sentidos,Bom tempo,Fora da intersecção,Dentro das localidades,Em pleno dia,Com inclinação,Recta,Em plena via,Colisão,SÁBADO       ,0,3,5,2011-07-11,9,ligeiro,Sim,Nao,Sim,281.7,1,1,5,1836
38548,2012626673,Braga,41.532982000000004,-8.77683,EN(d)13,44.4,1,0,0,1.0,50,Berma pavimentada,Seco e limpo,Dois sentidos,Bom tempo,Em cruzamento,Dentro das localidades,Em pleno dia,Em patamar,Recta,Em plena via,Colisão,SEGUNDA-FEIRA,0,3,5,2012-06-30,12,ligeiro,Sim,Nao,Sim,281.7,1,1,5,1836
38554,2012608630,Braga,41.53255,-8.492314,EN103,33.62,2,0,0,1.0,50,Berma não pavimentada,Seco e limpo,Dois sentidos,Bom tempo,Fora da intersecção,Dentro das localidades,Em pleno dia,Em patamar,Recta,Na berma,Despiste,TERÇA-FEIRA  ,0,1,5,2012-03-15,7,ligeiro,Sim,Nao,Sim,281.7,1,1,5,1836
38561,2012608152,Braga,41.534955,-8.778282,EN(d)13,44.65,1,0,0,1.0,50,Berma pavimentada,Seco e limpo,Dois sentidos,Bom tempo,Fora da intersecção,Dentro das localidades,Em pleno dia,Em patamar,Recta,Em plena via,Colisão,TERÇA-FEIRA  ,0,2,5,2012-03-20,14,ligeiro,Sim,Nao,Sim,281.7,1,1,5,1836
38580,2012630950,Braga,41.733906,-8.242533,EN307,37.2,2,0,0,1.0,50,Berma não pavimentada,Seco e limpo,Dois sentidos,Bom tempo,Fora da intersecção,Dentro das localidades,"Noite, com iluminação",Em patamar,Curva,Em plena via,Despiste,DOMINGO      ,0,1,5,2012-07-16,0,ligeiro,Nao,Nao,Sim,281.7,1,1,5,1836
38601,2013656244,Braga,41.532191,-8.491775,EN103,33.68,1,0,0,1.0,40,Berma pavimentada,Molhado,Dois sentidos,Chuva,Fora da intersecção,Dentro das localidades,Em pleno dia,Em patamar,Recta,Em plena via,Colisão,SEGUNDA-FEIRA,0,3,5,2012-10-16,9,ligeiro,Sim,Sim,Nao,281.7,1,1,5,1836
38627,2012645539,Braga,41.533336,-8.494659,EN103,33.4,1,0,0,1.0,50,Sem berma ou impraticável,Húmido,Dois sentidos,Bom tempo,Fora da intersecção,Dentro das localidades,Em pleno dia,Em patamar,Recta,Em plena via,Colisão,TERÇA-FEIRA  ,0,2,5,2012-09-24,10,ligeiro,Sim,Nao,Nao,281.7,1,1,5,1836
38749,2007292013,Braga,41.535353,-8.778563,EN(d)13,44.7,2,0,0,1.0,50,Berma pavimentada,Seco e limpo,Dois sentidos,Bom tempo,Em cruzamento,Dentro das localidades,Em pleno dia,Em patamar,Recta,Em plena via,Colisão,QUINTA-FEIRA ,0,2,5,2007-08-10,16,ligeiro,Sim,Nao,Sim,281.7,1,1,5,1836
38804,2010458719,Braga,41.503454999999995,-8.371771,EN101,101.35,0,1,0,2.0,50,Berma não pavimentada,Seco e limpo,Dois sentidos,Bom tempo,Fora da intersecção,Dentro das localidades,Em pleno dia,Em patamar,Recta,Na berma,Despiste,SEXTA-FEIRA  ,0,1,5,2010-04-05,14,ligeiro,Sim,Nao,Sim,281.7,1,1,5,1836
38819,2011527238,Braga,41.50287,-8.379407,EN101,100.7,1,0,0,2.0,50,Sem berma ou impraticável,Molhado,Dois sentidos,Chuva,Fora da intersecção,Dentro das localidades,Em pleno dia,Com inclinação,Curva,Em plena via,Despiste,SEGUNDA-FEIRA,0,1,5,2011-03-26,15,ligeiro,Sim,Sim,Nao,281.7,1,1,5,1836
38931,2010442027,Braga,41.502418,-8.388884,EN101,99.8,2,0,0,1.0,50,Berma não pavimentada,Molhado,Dois sentidos,Chuva,Em cruzamento,Dentro das localidades,"Noite, com iluminação",Em patamar,Recta,Em plena via,Colisão,QUARTA-FEIRA ,0,2,5,2010-01-14,0,ligeiro,Nao,Sim,Nao,281.7,1,1,5,1836
38940,2011526987,Braga,41.502846000000005,-8.379171000000001,EN101,100.72,1,1,0,1.0,50,Berma não pavimentada,Molhado,Dois sentidos,Chuva,Fora da intersecção,Dentro das localidades,Em pleno dia,Com inclinação,Recta,Em plena via,Colisão,SEXTA-FEIRA  ,0,2,5,2011-03-12,13,ligeiro,Sim,Sim,Nao,281.7,1,1,5,1836
38946,2010446614,Braga,41.502884,-8.385743,EN101,100.1,1,0,0,1.0,50,Berma pavimentada,Seco e limpo,Dois sentidos,Bom tempo,Fora da intersecção,Dentro das localidades,"Noite, sem iluminação",Em patamar,Recta,Em plena via,Atropelamento,SEXTA-FEIRA  ,0,1,5,2010-02-19,19,ligeiro,Nao,Nao,Sim,281.7,1,1,5,1836
38995,2012645445,Braga,41.502922,-8.375574,EN101,101.02,1,0,0,1.0,50,Sem berma ou impraticável,Molhado,Dois sentidos,Chuva,Fora da intersecção,Dentro das localidades,Em pleno dia,Com inclinação,Curva,Em plena via,Despiste,QUARTA-FEIRA ,0,1,5,2012-09-25,15,ligeiro,Sim,Sim,Nao,281.7,1,1,5,1836
39080,2012626672,Braga,41.538519,-8.780878999999999,EN(d)13,45.1,1,0,0,2.0,50,Berma pavimentada,Seco e limpo,Dois sentidos,Bom tempo,Em entroncamento,Dentro das localidades,Em pleno dia,Em patamar,Recta,Em plena via,Despiste,SEXTA-FEIRA  ,0,1,5,2012-06-22,13,ligeiro,Sim,Nao,Sim,281.7,1,1,5,1836
39199,2010496288,Braga,41.539274,-8.285574,ER310,5.3,1,0,0,1.0,50,Berma pavimentada,Molhado,Dois sentidos,Chuva,Fora da intersecção,Dentro das localidades,Em pleno dia,Em patamar,Recta,Em plena via,Despiste,QUARTA-FEIRA ,0,1,5,2010-10-08,15,ligeiro,Sim,Sim,Nao,281.7,1,1,5,1836
39240,2008338439,Braga,41.534558000000004,-8.777997000000001,EN(d)13,44.6,2,0,0,1.0,50,Berma pavimentada,Seco e limpo,Dois sentidos,Bom tempo,Fora da intersecção,Dentro das localidades,"Noite, com iluminação",Em patamar,Recta,Em plena via,Colisão,DOMINGO      ,0,2,5,2008-08-23,0,ligeiro,Nao,Nao,Sim,281.7,1,1,5,1836
39330,2008322660,Braga,41.543386,-8.280936,ER310,4.7,0,0,1,2.0,50,Berma pavimentada,Seco e limpo,Dois sentidos,Bom tempo,Fora da intersecção,Dentro das localidades,"Noite, com iluminação",Em patamar,Recta,Em plena via,Despiste,DOMINGO      ,1,1,5,2008-04-25,22,ligeiro,Nao,Nao,Sim,281.7,1,1,5,1836
39372,2011529687,Braga,41.532824,-8.776713,EN(d)13,44.38,1,0,0,1.0,50,Sem berma ou impraticável,Seco e limpo,Dois sentidos,Bom tempo,Fora da intersecção,Dentro das localidades,Em pleno dia,Em patamar,Recta,Em plena via,Colisão,TERÇA-FEIRA  ,0,2,5,2011-04-19,10,ligeiro,Sim,Nao,Sim,281.7,1,1,5,1836
39461,2011567585,Braga,41.424062,-8.190105,A7,53.05,2,0,0,2.0,120,Berma pavimentada,Seco e limpo,Sentido único,Bom tempo,Fora da intersecção,Fora das localidades,Em pleno dia,Com inclinação,Curva,Em plena via,Colisão,TERÇA-FEIRA  ,0,2,5,2011-09-25,15,ligeiro,Sim,Nao,Sim,281.7,1,1,5,1836
39463,2011530291,Braga,41.41417,-8.204274,A7,51.35,1,0,0,2.0,120,Berma pavimentada,Húmido,Sentido único,Bom tempo,Fora da intersecção,Fora das localidades,"Noite, sem iluminação",Com inclinação,Curva,Em plena via,Despiste,SEGUNDA-FEIRA,0,1,5,2011-04-29,20,ligeiro,Nao,Nao,Nao,281.7,1,1,5,1836
39604,2012630209,Braga,41.538979,-8.28669,ER310,5.4,4,1,1,1.0,50,Berma pavimentada,Seco e limpo,Dois sentidos,Bom tempo,Fora da intersecção,Dentro das localidades,"Noite, com iluminação",Com inclinação,Curva,Na berma,Atropelamento,DOMINGO      ,0,1,5,2012-07-22,0,grave,Nao,Nao,Sim,281.7,1,1,5,1836
39616,2012600612,Braga,41.563509,-8.038889,EN205,93.87,2,0,0,1.0,50,Berma pavimentada,"Com gelo, geada ou neve",Dois sentidos,Bom tempo,Fora da intersecção,Dentro das localidades,"Noite, sem iluminação",Com inclinação,Curva,Em plena via,Despiste,DOMINGO      ,0,1,5,2012-02-19,0,ligeiro,Nao,Nao,Nao,281.7,1,1,5,1836
39700,2008347610,Braga,41.50292,-8.374611999999999,EN101,101.1,1,0,0,1.0,50,Berma pavimentada,Molhado,Dois sentidos,Chuva,Fora da intersecção,Dentro das localidades,Em pleno dia,Com inclinação,Curva,Em plena via,Despiste,DOMINGO      ,0,1,5,2008-11-11,8,ligeiro,Sim,Sim,Nao,281.7,1,1,5,1836
39758,2008337902,Braga,41.502884,-8.385743,EN101,100.1,2,0,0,1.0,50,Berma pavimentada,Seco e limpo,Dois sentidos,Bom tempo,Fora da intersecção,Dentro das localidades,Em pleno dia,Em patamar,Curva,Em plena via,Despiste,QUINTA-FEIRA ,0,1,5,2008-08-26,14,ligeiro,Sim,Nao,Sim,281.7,1,1,5,1836
39857,2008304758,Braga,41.537721000000005,-8.780303,EN(d)13,45.0,1,0,0,1.0,50,Sem berma ou impraticável,Seco e limpo,Dois sentidos,Bom tempo,Fora da intersecção,Fora das localidades,Em pleno dia,Em patamar,Recta,Em plena via,Colisão,SEGUNDA-FEIRA,0,3,5,2007-12-11,10,ligeiro,Sim,Nao,Sim,281.7,1,1,5,1836
39917,2008340802,Braga,41.535989,-8.490483,A3,46.3,1,0,0,2.0,120,Berma pavimentada,Seco e limpo,Sentido único,Bom tempo,Fora da intersecção,Fora das localidades,"Noite, sem iluminação",Em patamar,Curva,Em plena via,Despiste,TERÇA-FEIRA  ,0,1,5,2008-09-16,4,ligeiro,Nao,Nao,Sim,281.7,1,1,5,1836
39920,2011527784,Braga,41.503213,-8.372278,EN101,101.3,1,0,0,2.0,50,Berma pavimentada,Molhado,Dois sentidos,Chuva,Fora da intersecção,Dentro das localidades,Em pleno dia,Em patamar,Recta,Em plena via,Despiste,QUINTA-FEIRA ,0,1,5,2011-03-28,13,ligeiro,Sim,Sim,Nao,281.7,1,1,5,1836
40005,2011539811,Braga,41.531776,-8.491142,EN103,33.75,1,0,0,1.0,50,Berma pavimentada,Molhado,Dois sentidos,Chuva,Fora da intersecção,Dentro das localidades,"Noite, sem iluminação",Em patamar,Recta,Na berma,Despiste,SEXTA-FEIRA  ,0,1,5,2011-05-08,3,ligeiro,Nao,Sim,Nao,281.7,1,1,5,1836
40127,2012636867,Braga,41.533456,-8.495849,EN103,33.3,2,0,0,1.0,50,Sem berma ou impraticável,Seco e limpo,Dois sentidos,Bom tempo,Em entroncamento,Dentro das localidades,Em pleno dia,Com inclinação,Recta,Em plena via,Colisão,SÁBADO       ,0,2,5,2012-08-13,13,ligeiro,Sim,Nao,Sim,281.7,1,1,5,1836
40173,2009389280,Braga,41.50292,-8.375214,EN101,101.05,1,0,0,2.0,50,Berma não pavimentada,Com água acumulada na faixa de rodagem,Dois sentidos,Chuva,Fora da intersecção,Dentro das localidades,Em pleno dia,Com inclinação,Recta,Na berma,Despiste,QUARTA-FEIRA ,0,1,5,2009-06-06,14,ligeiro,Sim,Sim,Nao,281.7,1,1,5,1836
40180,2009402092,Braga,41.733059999999995,-8.248869000000001,EN307,36.6,0,1,0,1.0,90,Sem berma ou impraticável,Seco e limpo,Dois sentidos,Bom tempo,Fora da intersecção,Fora das localidades,Em pleno dia,Com inclinação,Curva,Em plena via,Colisão,SEGUNDA-FEIRA,0,2,5,2009-07-08,8,ligeiro,Sim,Nao,Sim,281.7,1,1,5,1836
40217,2011527186,Braga,41.532982000000004,-8.77683,EN(d)13,44.4,2,0,0,1.0,50,Berma pavimentada,Seco e limpo,Dois sentidos,Bom tempo,Em cruzamento,Dentro das localidades,Em pleno dia,Em patamar,Recta,Em plena via,Colisão,SEGUNDA-FEIRA,0,2,5,2011-03-20,18,ligeiro,Sim,Nao,Sim,281.7,1,1,5,1836
40283,2010428116,Braga,41.533144,-8.493363,EN103,33.51,2,0,0,1.0,50,Sem berma ou impraticável,Molhado,Dois sentidos,Chuva,Fora da intersecção,Dentro das localidades,Em pleno dia,Em patamar,Curva,Em plena via,Colisão,SÁBADO       ,0,3,5,2009-11-09,14,ligeiro,Sim,Sim,Nao,281.7,1,1,5,1836