,COD_ACIDENTE,DISTRITO,LATITUDE,LONGITUDE,VIA,KM,QT_FLIGEIROS,QT_FGRAVES,QT_MORTOS,QT_VIAS_SENTIDO,VEL_LIM_LOCAL,BERMA_VIA,CONDICAO_ADERENCIA,FAIXA_RODAGEM,FATOR_ATMOSFERICO,INTERSECAO_VIA,LOCALIZACAO,LUMINOSIDADE,PERFIL_VIA,PLANTA_VIA,SITUACAO_ACIDENTE,TIPO_NATUREZA,DIA_SEMANA,FLAG_FERIADO,QT_VEICULOS,COD_FREGUESIA,DATA,HORA,GRAVIDADE,ERA_DIA,MAU_TEMPO,ESTRADA_SECA,DENSIDADE_TOTAL,COD_DISTRITO_INE,COD_CONCELHO_INE,COD_FREGUESIA_INE,TOTAL
40341,2012623534,Braga,41.532982000000004,-8.77683,EN(d)13,44.4,0,1,0,1.0,50,Berma pavimentada,Seco e limpo,Dois sentidos,Bom tempo,Fora da intersecção,Dentro das localidades,Em pleno dia,Em patamar,Recta,Em plena via,Atropelamento,DOMINGO      ,0,1,5,2012-06-29,15,ligeiro,Sim,Nao,Sim,281.7,1,1,5,1836
40399,2013656249,Braga,41.53255,-8.492314,EN103,33.62,1,0,0,1.0,50,Sem berma ou impraticável,Seco e limpo,Dois sentidos,Bom tempo,Fora da intersecção,Dentro das localidades,"Noite, com iluminação",Em patamar,Recta,Em plena via,Colisão,TERÇA-FEIRA  ,0,2,5,2012-10-28,0,ligeiro,Nao,Nao,Sim,281.7,1,1,5,1836
40453,2008318407,Braga,41.532982000000004,-8.77683,EN(d)13,44.4,3,0,0,1.0,50,Berma pavimentada,Seco e limpo,Dois sentidos,Bom tempo,Em cruzamento,Dentro das localidades,Aurora ou crepúsculo,Em patamar,Recta,Em plena via,Colisão,SÁBADO       ,0,2,5,2008-02-16,17,ligeiro,Nao,Nao,Sim,281.7,1,1,5,1836
40543,2007278523,Braga,41.532982000000004,-8.77683,EN(d)13,44.4,1,0,0,1.0,50,Berma pavimentada,Seco e limpo,Dois sentidos,Bom tempo,Em cruzamento,Dentro das localidades,Em pleno dia,Em patamar,Recta,Em plena via,Colisão,QUINTA-FEIRA ,0,2,5,2007-03-20,14,ligeiro,Sim,Nao,Sim,281.7,1,1,5,1836
40634,2009366785,Braga,41.533481,-8.496087,EN103,33.28,1,0,0,1.0,50,Sem berma ou impraticável,Seco e limpo,Dois sentidos,Bom tempo,Fora da intersecção,Dentro das localidades,"Noite, sem iluminação",Em patamar,Recta,Em plena via,Colisão,SÁBADO       ,0,2,5,2009-03-26,20,ligeiro,Nao,Nao,Sim,281.7,1,1,5,1836
40650,2007271112,Braga,41.556692,-8.52793,A3,50.25,1,0,0,2.0,120,Berma pavimentada,Molhado,Sentido único,Bom tempo,Fora da intersecção,Fora das localidades,Em pleno dia,Em patamar,Curva,Em plena via,Despiste,SÁBADO       ,0,1,61,2007-01-08,9,ligeiro,Sim,Nao,Nao,64.5,1,4,61,1150
40651,2008301697,Braga,41.496151,-8.459438,EN14,40.42,1,3,0,2.0,90,Sem berma ou impraticável,Molhado,Dois sentidos,Bom tempo,Fora da intersecção,Fora das localidades,"Noite, sem iluminação",Com inclinação,Curva,Em plena via,Colisão,SEXTA-FEIRA  ,0,2,61,2007-11-21,18,ligeiro,Nao,Nao,Nao,64.5,1,4,61,1150
40652,2008317567,Braga,41.540566999999996,-8.514406,EN(d)205-4,21.5,1,0,0,1.0,50,Sem berma ou impraticável,Seco e limpo,Dois sentidos,Bom tempo,Fora da intersecção,Dentro das localidades,"Noite, com iluminação",Com inclinação,Recta,Em plena via,Atropelamento,SÁBADO       ,0,1,61,2008-02-16,19,ligeiro,Nao,Nao,Sim,64.5,1,4,61,1150
40653,2009371610,Braga,41.496001,-8.459609,EN14,40.4,1,0,0,1.0,50,Sem berma ou impraticável,Seco e limpo,Dois sentidos,Bom tempo,Fora da intersecção,Dentro das localidades,Em pleno dia,Em patamar,Recta,Em plena via,Colisão,SÁBADO       ,0,2,61,2009-03-09,16,ligeiro,Sim,Nao,Sim,64.5,1,4,61,1150
40654,2009358150,Braga,41.496751,-8.458755,EN14,40.5,1,0,0,1.0,90,Berma pavimentada,Molhado,Dois sentidos,Chuva,Fora da intersecção,Fora das localidades,Em pleno dia,Em patamar,Curva,Em plena via,Colisão,QUINTA-FEIRA ,0,2,61,2009-01-21,13,ligeiro,Sim,Sim,Nao,64.5,1,4,61,1150
40655,2010423392,Braga,41.553321999999994,-8.5147,EN(d)205-4,19.4,1,0,0,2.0,50,Berma não pavimentada,Molhado,Dois sentidos,Chuva,Fora da intersecção,Dentro das localidades,"Noite, com iluminação",Com inclinação,Recta,Em plena via,Despiste,TERÇA-FEIRA  ,0,1,61,2009-10-03,23,ligeiro,Nao,Sim,Nao,64.5,1,4,61,1150
40656,2009418015,Braga,41.494113,-8.46172,EN14,40.15,2,0,0,2.0,90,Berma pavimentada,Seco e limpo,Dois sentidos,Bom tempo,Fora da intersecção,Fora das localidades,"Noite, sem iluminação",Em patamar,Recta,Em plena via,Despiste,SEXTA-FEIRA  ,0,1,61,2009-09-07,22,ligeiro,Nao,Nao,Sim,64.5,1,4,61,1150
40657,2011509951,Braga,41.553321999999994,-8.5147,EN(d)205-4,19.4,0,1,0,1.0,50,Sem berma ou impraticável,Seco e limpo,Dois sentidos,Bom tempo,Em entroncamento,Dentro das localidades,Em pleno dia,Em patamar,Recta,Em plena via,Colisão,SÁBADO       ,1,2,61,2010-12-01,15,ligeiro,Sim,Nao,Sim,64.5,1,4,61,1150
40658,2009373464,Braga,41.493752,-8.462166,EN14,40.1,1,0,0,1.0,90,Berma pavimentada,Seco e limpo,Dois sentidos,Bom tempo,Fora da intersecção,Fora das localidades,Em pleno dia,Em patamar,Recta,Em plena via,Colisão,SEXTA-FEIRA  ,0,2,61,2009-04-28,13,ligeiro,Sim,Nao,Sim,64.5,1,4,61,1150
40659,2007271116,Braga,41.406333000000004,-8.431942999999999,A7,28.33,2,0,0,2.0,120,Berma pavimentada,Seco e limpo,Sentido único,Bom tempo,Fora da intersecção,Fora das localidades,Em pleno dia,Com inclinação,Curva,Em plena via,Colisão,QUARTA-FEIRA ,0,2,10,2007-01-11,9,ligeiro,Sim,Nao,Sim,379.6,1,1,10,3258
40676,2007279213,Braga,41.411357,-8.232455999999999,EN101,122.35,1,0,0,1.0,50,Berma pavimentada,Seco e limpo,Dois sentidos,Bom tempo,Fora da intersecção,Fora das localidades,Em pleno dia,Com inclinação,Recta,Em plena via,Colisão,SEGUNDA-FEIRA,0,3,10,2007-04-04,15,ligeiro,Sim,Nao,Sim,379.6,1,1,10,3258
40730,2007300138,Braga,41.562971000000005,-8.551642999999999,ER205,30.3,3,0,0,1.0,50,Berma pavimentada,Seco e limpo,Dois sentidos,Bom tempo,Em cruzamento,Dentro das localidades,Em pleno dia,Em patamar,Recta,Em plena via,Colisão,QUINTA-FEIRA ,0,2,10,2007-10-28,14,ligeiro,Sim,Nao,Sim,379.6,1,1,10,3258
40732,2007293145,Braga,41.715074,-8.314502000000001,EN205-3,15.14,1,0,0,1.0,50,Sem berma ou impraticável,Seco e limpo,Dois sentidos,Bom tempo,Fora da intersecção,Fora das localidades,Em pleno dia,Em patamar,Curva,Em plena via,Colisão,SEXTA-FEIRA  ,0,2,10,2007-08-22,13,ligeiro,Sim,Nao,Sim,379.6,1,1,10,3258
40736,2007293630,Braga,41.545421000000005,-8.21715,ER207,66.6,1,0,0,1.0,50,Sem berma ou impraticável,Seco e limpo,Dois sentidos,Bom tempo,Fora da intersecção,Dentro das localidades,Em pleno dia,Em patamar,Curva,Na berma,Despiste,SEGUNDA-FEIRA,0,1,10,2007-08-30,14,ligeiro,Sim,Nao,Sim,379.6,1,1,10,3258
40756,2008308771,Braga,41.61408,-8.241302000000001,EN103,60.55,1,0,0,1.0,50,Sem berma ou impraticável,Molhado,Dois sentidos,Chuva,Fora da intersecção,Dentro das localidades,"Noite, com iluminação",Com inclinação,Curva,Na berma,Despiste,SÁBADO       ,0,1,10,2008-01-07,6,ligeiro,Nao,Sim,Nao,379.6,1,1,10,3258
40823,2009366659,Braga,41.612665,-8.242988,EN103,60.3,4,0,0,2.0,50,Berma pavimentada,Molhado,Dois sentidos,Chuva,Fora da intersecção,Dentro das localidades,Em pleno dia,Em patamar,Curva,Na berma,Despiste,SEGUNDA-FEIRA,0,1,10,2009-03-05,9,ligeiro,Sim,Sim,Nao,379.6,1,1,10,3258
40902,2009400516,Braga,41.613833,-8.136185000000001,EN304,92.06,1,0,0,1.0,90,Sem berma ou impraticável,Seco e limpo,Dois sentidos,Bom tempo,Fora da intersecção,Fora das localidades,Em pleno dia,Em patamar,Curva,Em plena via,Despiste,QUARTA-FEIRA ,0,1,10,2009-07-10,20,ligeiro,Sim,Nao,Sim,379.6,1,1,10,3258
40943,2009409809,Braga,41.611607,-8.246852,EN103,59.93,2,0,0,1.0,50,Berma pavimentada,Seco e limpo,Dois sentidos,Bom tempo,Em cruzamento,Fora das localidades,Aurora ou crepúsculo,Em patamar,Recta,Em plena via,Colisão,TERÇA-FEIRA  ,0,2,10,2009-08-01,21,ligeiro,Nao,Nao,Sim,379.6,1,1,10,3258
40983,2010441943,Braga,41.582826000000004,-8.435302,EN101,88.2,2,0,0,2.0,100,Berma pavimentada,Seco e limpo,Sentido único,Bom tempo,Fora da intersecção,Fora das localidades,"Noite, sem iluminação",Em patamar,Recta,Em plena via,Colisão,SÁBADO       ,0,2,10,2010-01-28,4,ligeiro,Nao,Nao,Sim,379.6,1,1,10,3258
40984,2010441951,Braga,41.612665,-8.242988,EN103,60.3,1,0,0,1.0,50,Berma pavimentada,Seco e limpo,Dois sentidos,Bom tempo,Fora da intersecção,Dentro das localidades,Em pleno dia,Com inclinação,Recta,Em plena via,Colisão,SEGUNDA-FEIRA,0,2,10,2010-01-29,17,ligeiro,Sim,Nao,Sim,379.6,1,1,10,3258
40986,2010441960,Braga,41.575694,-8.431883000000001,EN101,89.05,1,0,0,1.0,50,Berma pavimentada,Molhado,Dois sentidos,Chuva,Em entroncamento,Dentro das localidades,Aurora ou crepúsculo,Em patamar,Recta,Em plena via,Colisão,TERÇA-FEIRA  ,0,2,10,2010-01-13,16,ligeiro,Nao,Sim,Nao,379.6,1,1,10,3258
41019,2010463681,Braga,41.612665,-8.242988,EN103,60.3,1,0,0,1.0,50,Sem berma ou impraticável,Molhado,Dois sentidos,Chuva,Fora da intersecção,Dentro das localidades,Em pleno dia,Em patamar,Curva,Em plena via,Despiste,TERÇA-FEIRA  ,0,1,10,2010-05-07,13,ligeiro,Sim,Sim,Nao,379.6,1,1,10,3258
41058,2010478905,Braga,41.414478,-8.236574000000001,EN101,121.6,2,0,0,1.0,50,Berma não pavimentada,Seco e limpo,Dois sentidos,Bom tempo,Fora da intersecção,Fora das localidades,"Noite, com iluminação",Em patamar,Recta,Em plena via,Colisão,QUINTA-FEIRA ,0,2,10,2010-07-27,22,ligeiro,Nao,Nao,Sim,379.6,1,1,10,3258
41063,2011500207,Braga,41.612665,-8.242988,EN103,60.3,2,0,0,1.0,90,Sem berma ou impraticável,Molhado,Dois sentidos,Chuva,Fora da intersecção,Fora das localidades,Em pleno dia,Com inclinação,Curva,Em plena via,Despiste,TERÇA-FEIRA  ,0,1,10,2010-10-30,10,ligeiro,Sim,Sim,Nao,379.6,1,1,10,3258
41168,2011567890,Braga,41.56665,-8.196491,ER205,73.6,3,0,0,1.0,50,Sem berma ou impraticável,Molhado,Dois sentidos,Chuva,Fora da intersecção,Dentro das localidades,Em pleno dia,Com inclinação,Curva,Em plena via,Despiste,QUINTA-FEIRA ,0,1,10,2011-09-10,17,ligeiro,Sim,Sim,Nao,379.6,1,1,10,3258
41173,2011572024,Braga,41.571309,-8.427048,EN101,89.7,1,1,0,1.0,90,Berma pavimentada,Com água acumulada na faixa de rodagem,Sentido único,Chuva,Em entroncamento,Fora das localidades,"Noite, com iluminação",Com inclinação,Recta,Em plena via,Colisão,QUARTA-FEIRA ,0,3,10,2011-10-24,0,ligeiro,Nao,Sim,Nao,379.6,1,1,10,3258
41245,2012620049,Braga,41.416349,-8.238657,EN101,120.9,1,0,0,1.0,50,Berma pavimentada,Seco e limpo,Dois sentidos,Bom tempo,Fora da intersecção,Dentro das localidades,Em pleno dia,Com inclinação,Recta,Na berma,Despiste,QUINTA-FEIRA ,0,1,10,2012-05-12,16,ligeiro,Sim,Nao,Sim,379.6,1,1,10,3258
41247,2012630977,Braga,41.370670000000004,-8.084056,ER101-4,13.9,4,0,0,1.0,90,Sem berma ou impraticável,Seco e limpo,Dois sentidos,Bom tempo,Fora da intersecção,Fora das localidades,"Noite, sem iluminação",Em patamar,Curva,Em plena via,Colisão,SÁBADO       ,0,2,10,2012-07-21,23,ligeiro,Nao,Nao,Sim,379.6,1,1,10,3258
41267,2012636923,Braga,41.572493,-8.428312,ER205-4,9.7,1,0,0,1.0,50,Berma não pavimentada,Molhado,Dois sentidos,Chuva,Fora da intersecção,Dentro das localidades,"Noite, com iluminação",Em patamar,Recta,Na berma,Despiste,DOMINGO      ,0,1,10,2012-08-14,23,ligeiro,Nao,Sim,Nao,379.6,1,1,10,3258
41277,2012645523,Braga,41.614519,-8.241155000000001,EN103,60.6,1,0,0,2.0,50,Berma pavimentada,Molhado,Dois sentidos,Chuva,Fora da intersecção,Dentro das localidades,"Noite, sem iluminação",Em patamar,Curva,Em plena via,Despiste,QUINTA-FEIRA ,0,1,10,2012-09-26,0,ligeiro,Nao,Sim,Nao,379.6,1,1,10,3258
41329,2010491563,Braga,41.573840999999994,-8.430261999999999,EN101,89.3,1,0,0,1.0,90,Berma pavimentada,Seco e limpo,Dois sentidos,Bom tempo,Fora da intersecção,Dentro das localidades,Em pleno dia,Com inclinação,Recta,Na berma,Despiste,TERÇA-FEIRA  ,0,1,10,2010-09-20,8,ligeiro,Sim,Nao,Sim,379.6,1,1,10,3258
41337,2007285489,Braga,41.573468,-8.429941,EN101,89.35,1,0,0,2.0,100,Berma pavimentada,Molhado,Sentido único,Chuva,Fora da intersecção,Fora das localidades,Em pleno dia,Com inclinação,Recta,Em plena via,Despiste,QUINTA-FEIRA ,0,1,10,2007-06-14,8,ligeiro,Sim,Sim,Nao,379.6,1,1,10,3258
41340,2007286516,Braga,41.371319,-8.092261,ER101-4,12.15,0,1,0,1.0,80,Berma não pavimentada,Seco e limpo,Dois sentidos,Bom tempo,Fora da intersecção,Dentro das localidades,Em pleno dia,Em patamar,Recta,Na berma,Despiste,SÁBADO       ,0,1,10,2007-06-21,19,ligeiro,Sim,Nao,Sim,379.6,1,1,10,3258
41384,2009373451,Braga,41.576438,-8.432541,EN101,88.95,1,0,0,2.0,100,Berma pavimentada,Seco e limpo,Sentido único,Bom tempo,Fora da intersecção,Fora das localidades,Em pleno dia,Com inclinação,Curva,Em plena via,Despiste,TERÇA-FEIRA  ,0,1,10,2009-04-26,7,ligeiro,Sim,Nao,Sim,379.6,1,1,10,3258
41398,2012578701,Braga,41.411002,-8.204880000000001,A7,51.0,0,0,1,2.0,120,Berma pavimentada,Molhado,Sentido único,Chuva,Fora da intersecção,Fora das localidades,Em pleno dia,Com inclinação,Curva,Em plena via,Despiste,SEGUNDA-FEIRA,0,1,10,2011-11-09,10,ligeiro,Sim,Sim,Nao,379.6,1,1,10,3258
41492,2007275670,Braga,41.611608000000004,-8.248383,EN103,59.8,1,0,0,1.0,50,Berma pavimentada,Molhado,Dois sentidos,Chuva,Fora da intersecção,Dentro das localidades,Em pleno dia,Com inclinação,Curva,Em plena via,Colisão,SEGUNDA-FEIRA,0,2,10,2007-02-24,15,ligeiro,Sim,Sim,Nao,379.6,1,1,10,3258
41498,2010486983,Braga,41.618594,-8.135449000000001,EN304,91.2,1,0,0,1.0,50,Sem berma ou impraticável,Seco e limpo,Dois sentidos,Bom tempo,Fora da intersecção,Dentro das localidades,Em pleno dia,Com inclinação,Recta,Em plena via,Despiste,QUINTA-FEIRA ,0,1,10,2010-08-13,9,ligeiro,Sim,Nao,Sim,379.6,1,1,10,3258
41580,2009418085,Braga,41.575990000000004,-8.432144000000001,EN101,89.01,1,0,0,2.0,100,Berma pavimentada,Seco e limpo,Sentido único,Bom tempo,Fora da intersecção,Fora das localidades,Em pleno dia,Com inclinação,Recta,Em plena via,Colisão,DOMINGO      ,0,2,10,2009-09-25,11,ligeiro,Sim,Nao,Sim,379.6,1,1,10,3258
41603,2011517178,Braga,41.407271,-8.425246000000001,A7,28.9,1,0,0,2.0,120,Berma pavimentada,Molhado,Sentido único,Chuva,Fora da intersecção,Fora das localidades,"Noite, sem iluminação",Com inclinação,Curva,Em plena via,Colisão,SEGUNDA-FEIRA,0,2,10,2011-01-17,18,ligeiro,Nao,Sim,Nao,379.6,1,1,10,3258
41606,2012636973,Braga,41.562096000000004,-8.551587,ER205,30.2,1,0,0,1.0,90,Berma pavimentada,Molhado,Dois sentidos,Chuva,Fora da intersecção,Dentro das localidades,Em pleno dia,Com inclinação,Curva,Em plena via,Despiste,DOMINGO      ,0,1,10,2012-08-14,10,ligeiro,Sim,Sim,Nao,379.6,1,1,10,3258
41690,2010468055,Braga,41.565540999999996,-8.546087,ER205,30.87,1,0,0,1.0,50,Sem berma ou impraticável,Seco e limpo,Dois sentidos,Bom tempo,Em cruzamento,Dentro das localidades,Aurora ou crepúsculo,Em patamar,Recta,Em plena via,Colisão,SEGUNDA-FEIRA,0,2,10,2010-05-23,20,ligeiro,Nao,Nao,Sim,379.6,1,1,10,3258
41693,2008319550,Braga,41.406962,-8.419402999999999,A7,29.4,1,2,0,3.0,120,Berma pavimentada,Seco e limpo,Sentido único,Bom tempo,Fora da intersecção,Fora das localidades,Em pleno dia,Com inclinação,Recta,Na berma,Despiste,SEGUNDA-FEIRA,1,1,10,2008-03-23,18,ligeiro,Sim,Nao,Sim,379.6,1,1,10,3258
41726,2010463677,Braga,41.614519,-8.241155000000001,EN103,60.6,2,0,0,1.0,50,Berma não pavimentada,Molhado,Dois sentidos,Chuva,Fora da intersecção,Dentro das localidades,Em pleno dia,Com inclinação,Recta,Na berma,Despiste,QUINTA-FEIRA ,0,1,10,2010-05-08,13,ligeiro,Sim,Sim,Nao,379.6,1,1,10,3258
41776,2011567643,Braga,41.715739,-8.314200999999999,EN205-3,15.22,1,0,0,1.0,40,Berma pavimentada,Seco e limpo,Dois sentidos,Bom tempo,Em rotunda,Dentro das localidades,Em pleno dia,Em patamar,Curva,Em plena via,Colisão,QUARTA-FEIRA ,0,2,10,2011-09-20,7,ligeiro,Sim,Nao,Sim,379.6,1,1,10,3258
41836,2009373455,Braga,41.611661,-8.245063,EN103,60.08,1,0,0,1.0,50,Berma pavimentada,Molhado,Dois sentidos,Chuva,Fora da intersecção,Dentro das localidades,Em pleno dia,Com inclinação,Curva,Em plena via,Despiste,SEXTA-FEIRA  ,0,1,10,2009-04-17,16,ligeiro,Sim,Sim,Nao,379.6,1,1,10,3258
41866,2012600486,Braga,41.615207,-8.240466,EN103,60.7,1,0,0,2.0,50,Berma não pavimentada,Seco e limpo,Dois sentidos,Bom tempo,Fora da intersecção,Dentro das localidades,"Noite, sem iluminação",Com inclinação,Curva,Em plena via,Despiste,DOMINGO      ,0,1,10,2012-02-13,23,ligeiro,Nao,Nao,Sim,379.6,1,1,10,3258
41875,2013656286,Braga,41.61273,-8.249827999999999,EN103,59.6,1,0,0,1.0,50,Sem berma ou impraticável,Húmido,Sentido único,Chuva,Fora da intersecção,Fora das localidades,Em pleno dia,Com inclinação,Curva,Em plena via,Despiste,SEGUNDA-FEIRA,0,1,10,2012-10-22,18,ligeiro,Sim,Sim,Nao,379.6,1,1,10,3258
41883,2008340869,Braga,41.581959999999995,-8.434982000000002,EN101,88.3,2,0,0,2.0,100,Berma pavimentada,Com água acumulada na faixa de rodagem,Sentido único,Chuva,Fora da intersecção,Fora das localidades,Em pleno dia,Em Lomba,Recta,Em plena via,Colisão,TERÇA-FEIRA  ,0,2,10,2008-09-22,8,ligeiro,Sim,Sim,Nao,379.6,1,1,10,3258
41917,2007282248,Braga,41.366786,-8.071928,ER101-4,15.3,1,0,0,1.0,80,Sem berma ou impraticável,Molhado,Dois sentidos,Chuva,Fora da intersecção,Fora das localidades,"Noite, sem iluminação",Em patamar,Curva,Em plena via,Colisão,DOMINGO      ,0,2,10,2007-05-13,0,ligeiro,Nao,Sim,Nao,379.6,1,1,10,3258
41920,2010424087,Braga,41.41585,-8.238418,EN101,121.02,1,0,0,2.0,50,Berma pavimentada,Seco e limpo,Dois sentidos,Bom tempo,Em entroncamento,Dentro das localidades,Em pleno dia,Com inclinação,Recta,Em plena via,Colisão,TERÇA-FEIRA  ,0,2,10,2009-10-03,13,ligeiro,Sim,Nao,Sim,379.6,1,1,10,3258
41964,2010428106,Braga,41.614519,-8.241155000000001,EN103,60.6,1,0,0,2.0,70,Berma não pavimentada,Molhado,Dois sentidos,Chuva,Fora da intersecção,Fora das localidades,Em pleno dia,Com inclinação,Curva,Na berma,Despiste,SEXTA-FEIRA  ,0,1,10,2009-11-14,8,ligeiro,Sim,Sim,Nao,379.6,1,1,10,3258
42037,2009373814,Braga,41.611608000000004,-8.246616,EN103,59.95,4,0,0,1.0,50,Berma pavimentada,Seco e limpo,Dois sentidos,Bom tempo,Fora da intersecção,Dentro das localidades,Em pleno dia,Com inclinação,Recta,Em plena via,Colisão,SEXTA-FEIRA  ,0,3,10,2009-04-23,7,ligeiro,Sim,Nao,Sim,379.6,1,1,10,3258
42039,2007271402,Braga,41.611606,-8.24697,EN103,59.92,1,0,0,1.0,50,Berma pavimentada,Molhado,Dois sentidos,Chuva,NÃO DEFINIDO,Fora das localidades,Em pleno dia,Com inclinação,Recta,Em plena via,Colisão,SÁBADO       ,0,3,10,2007-01-08,10,ligeiro,Sim,Sim,Nao,379.6,1,1,10,3258
42068,2008333973,Braga,41.416796000000005,-8.238649,EN101,120.8,1,0,0,1.0,90,Sem berma ou impraticável,Molhado,Dois sentidos,Chuva,Fora da intersecção,Fora das localidades,Em pleno dia,Com inclinação,Curva,Em plena via,Colisão,DOMINGO      ,0,2,10,2008-07-25,15,ligeiro,Sim,Sim,Nao,379.6,1,1,10,3258
42071,2008344532,Braga,41.370670000000004,-8.084056,ER101-4,13.9,1,0,0,1.0,50,Sem berma ou impraticável,Húmido,Dois sentidos,Chuva,Fora da intersecção,Fora das localidades,"Noite, sem iluminação",Em patamar,Recta,Em plena via,Despiste,QUARTA-FEIRA ,0,1,10,2008-10-27,22,ligeiro,Nao,Sim,Nao,379.6,1,1,10,3258
42107,2012583022,Braga,41.4075,-8.422977000000001,A7,29.09,1,0,0,3.0,120,Berma pavimentada,Molhado,Sentido único,Chuva,Fora da intersecção,Fora das localidades,Em pleno dia,Com inclinação,Curva,Na berma,Despiste,TERÇA-FEIRA  ,0,1,10,2011-11-21,16,ligeiro,Sim,Sim,Nao,379.6,1,1,10,3258
42136,2012597507,Braga,41.406406,-8.430149,A7,28.48,1,0,0,3.0,120,Berma pavimentada,Molhado,Sentido único,Nevoeiro,Fora da intersecção,Fora das localidades,Em pleno dia,Com inclinação,Recta,Em plena via,Despiste,TERÇA-FEIRA  ,0,1,10,2012-01-06,8,ligeiro,Sim,Sim,Nao,379.6,1,1,10,3258
42137,2012608196,Braga,41.61261,-8.242389,EN103,60.35,4,0,0,1.0,90,Sem berma ou impraticável,Húmido,Dois sentidos,Chuva,Fora da intersecção,Fora das localidades,Em pleno dia,Com inclinação,Curva,Na berma,Despiste,SÁBADO       ,0,1,10,2012-03-18,16,ligeiro,Sim,Sim,Nao,379.6,1,1,10,3258
42157,2008339948,Braga,41.413076000000004,-8.236158999999999,EN101,121.95,0,1,0,2.0,50,Sem berma ou impraticável,Seco e limpo,Dois sentidos,Bom tempo,Fora da intersecção,Dentro das localidades,"Noite, com iluminação",Em patamar,Recta,Em plena via,Atropelamento,SEXTA-FEIRA  ,0,1,10,2008-09-13,20,ligeiro,Nao,Nao,Sim,379.6,1,1,10,3258
42183,2009373227,Braga,41.604925,-8.132959,EN304,93.0,1,0,0,1.0,90,Sem berma ou impraticável,Húmido,Dois sentidos,Chuva,Fora da intersecção,Fora das localidades,Em pleno dia,Em patamar,Curva,Em plena via,Despiste,QUINTA-FEIRA ,0,1,10,2009-04-11,19,ligeiro,Sim,Sim,Nao,379.6,1,1,10,3258
42217,2012591633,Braga,41.612665,-8.242988,EN103,60.3,1,0,0,1.0,50,Berma pavimentada,Húmido,Sentido único,Bom tempo,Fora da intersecção,Fora das localidades,Em pleno dia,Em patamar,Curva,Na berma,Despiste,TERÇA-FEIRA  ,0,1,10,2011-12-31,16,ligeiro,Sim,Nao,Nao,379.6,1,1,10,3258
42286,2012583030,Braga,41.613141,-8.251392,EN103,59.45,2,0,0,2.0,50,Berma pavimentada,Molhado,Dois sentidos,Chuva,Em entroncamento,Fora das localidades,"Noite, sem iluminação",Com inclinação,Curva,Em plena via,Despiste,SÁBADO       ,0,1,10,2011-11-13,16,ligeiro,Nao,Sim,Nao,379.6,1,1,10,3258
42301,2011527200,Braga,41.612665,-8.242988,EN103,60.3,1,0,0,1.0,90,Sem berma ou impraticável,Molhado,Dois sentidos,Chuva,Fora da intersecção,Fora das localidades,Em pleno dia,Em patamar,Curva,Na berma,Despiste,SEGUNDA-FEIRA,0,1,10,2011-03-26,10,ligeiro,Sim,Sim,Nao,379.6,1,1,10,3258
42314,2009367535,Braga,41.565419,-8.546261,ER205,30.85,1,0,0,1.0,50,Sem berma ou impraticável,Seco e limpo,Dois sentidos,Bom tempo,Em entroncamento,Dentro das localidades,Em pleno dia,Em patamar,Curva,Na berma,Despiste,QUARTA-FEIRA ,0,1,10,2009-03-07,10,ligeiro,Sim,Nao,Sim,379.6,1,1,10,3258
42327,2010424036,Braga,41.611614,-8.246027,EN103,60.0,1,0,0,1.0,50,Sem berma ou impraticável,Seco e limpo,Dois sentidos,Bom tempo,Em entroncamento,Dentro das localidades,Em pleno dia,Com inclinação,Recta,Em plena via,Colisão,SÁBADO       ,0,2,10,2009-10-28,14,ligeiro,Sim,Nao,Sim,379.6,1,1,10,3258
42342,2010446589,Braga,41.612665,-8.242988,EN103,60.3,1,0,0,2.0,50,Berma pavimentada,Molhado,Dois sentidos,Chuva,Fora da intersecção,Dentro das localidades,Aurora ou crepúsculo,Com inclinação,Curva,Em plena via,Despiste,SEGUNDA-FEIRA,0,1,10,2010-02-21,22,ligeiro,Nao,Sim,Nao,379.6,1,1,10,3258
42363,2007300168,Braga,41.613718,-8.252156,EN103,59.35,1,0,0,1.0,50,Berma pavimentada,Molhado,Dois sentidos,Chuva,NÃO DEFINIDO,Dentro das localidades,Em pleno dia,Com inclinação,Recta,Na berma,Despiste,SÁBADO       ,0,1,10,2007-10-24,10,ligeiro,Sim,Sim,Nao,379.6,1,1,10,3258
42397,2008327078,Braga,41.417533,-8.24003,EN101,120.45,1,0,0,1.0,50,Berma pavimentada,Molhado,Dois sentidos,Chuva,Fora da intersecção,Dentro das localidades,"Noite, sem iluminação",Com inclinação,Recta,Em plena via,Atropelamento,SEGUNDA-FEIRA,0,1,10,2008-05-24,21,ligeiro,Nao,Sim,Nao,379.6,1,1,10,3258
42398,2007272557,Braga,41.574584,-8.430907000000001,EN101,89.2,1,1,0,2.0,100,Berma pavimentada,Seco e limpo,Dois sentidos,Bom tempo,Fora da intersecção,Fora das localidades,"Noite, sem iluminação",Com inclinação,Recta,Em plena via,Despiste,QUARTA-FEIRA ,0,2,10,2007-01-28,19,ligeiro,Nao,Nao,Sim,379.6,1,1,10,3258