,COD_ACIDENTE,DISTRITO,LATITUDE,LONGITUDE,VIA,KM,QT_FLIGEIROS,QT_FGRAVES,QT_MORTOS,QT_VIAS_SENTIDO,VEL_LIM_LOCAL,BERMA_VIA,CONDICAO_ADERENCIA,FAIXA_RODAGEM,FATOR_ATMOSFERICO,INTERSECAO_VIA,LOCALIZACAO,LUMINOSIDADE,PERFIL_VIA,PLANTA_VIA,SITUACAO_ACIDENTE,TIPO_NATUREZA,DIA_SEMANA,FLAG_FERIADO,QT_VEICULOS,COD_FREGUESIA,DATA,HORA,GRAVIDADE,ERA_DIA,MAU_TEMPO,ESTRADA_SECA,DENSIDADE_TOTAL,COD_DISTRITO_INE,COD_CONCELHO_INE,COD_FREGUESIA_INE,TOTAL
42873,2011555153,Braga,41.557734,-8.783375999999999,EN(d)13,47.25,3,0,0,1.0,50,Berma não pavimentada,Seco e limpo,Dois sentidos,Bom tempo,Fora da intersecção,Dentro das localidades,Em pleno dia,Em patamar,Recta,Em plena via,Colisão,TERÇA-FEIRA  ,0,3,12,2011-07-13,10,ligeiro,Sim,Nao,Sim,10.9,1,1,12,84
42876,2011555175,Braga,41.640633,-8.638809,ER308,10.8,1,0,0,1.0,50,Berma pavimentada,Molhado,Dois sentidos,Chuva,Em entroncamento,Dentro das localidades,"Noite, sem iluminação",Em patamar,Recta,Em plena via,Despiste,QUINTA-FEIRA ,0,1,12,2011-07-09,2,ligeiro,Nao,Sim,Nao,10.9,1,1,12,84
42882,2011542752,Braga,41.436488,-8.495786,A3,33.02,2,0,0,3.0,120,Berma pavimentada,Seco e limpo,Sentido único,Bom tempo,Fora da intersecção,Fora das localidades,Em pleno dia,Em patamar,Recta,Em plena via,Colisão,QUINTA-FEIRA ,0,2,12,2011-05-30,18,ligeiro,Sim,Nao,Sim,10.9,1,1,12,84
42891,2011567628,Braga,41.463646000000004,-8.171667999999999,EN206,50.55,1,0,0,1.0,70,Berma não pavimentada,Seco e limpo,Dois sentidos,Bom tempo,Em via de aceleração,Fora das localidades,Em pleno dia,Em patamar,Recta,Em plena via,Colisão,SEXTA-FEIRA  ,0,2,12,2011-09-22,15,ligeiro,Sim,Nao,Sim,10.9,1,1,12,84
42906,2012589897,Braga,41.450068,-8.490291000000001,A3,34.63,1,0,0,3.0,120,Sem berma ou impraticável,Húmido,Sentido único,Bom tempo,Fora da intersecção,Fora das localidades,"Noite, sem iluminação",Com inclinação,Curva,Em plena via,Atropelamento,SEGUNDA-FEIRA,0,1,12,2011-12-02,21,ligeiro,Nao,Nao,Nao,10.9,1,1,12,84
42907,2012589954,Braga,41.736103,-8.417686999999999,EN101,65.7,1,0,0,1.0,50,Berma pavimentada,Molhado,Dois sentidos,Chuva,Fora da intersecção,Dentro das localidades,Em pleno dia,Com inclinação,Curva,Em plena via,Colisão,QUINTA-FEIRA ,0,2,12,2011-12-10,12,ligeiro,Sim,Sim,Nao,10.9,1,1,12,84
42928,2012591759,Braga,41.563248,-8.785712,EN(d)13,47.9,1,0,0,1.0,90,Sem berma ou impraticável,Seco e limpo,Dois sentidos,Bom tempo,Fora da intersecção,Dentro das localidades,Em pleno dia,Em patamar,Recta,Em plena via,Colisão,SEXTA-FEIRA  ,0,2,12,2011-12-22,12,ligeiro,Sim,Nao,Sim,10.9,1,1,12,84
42932,2012618140,Braga,41.564068,-8.786214999999999,EN(d)13,48.0,1,0,0,1.0,50,Sem berma ou impraticável,Seco e limpo,Sentido único,Bom tempo,Em cruzamento,Fora das localidades,Em pleno dia,Em patamar,Recta,Em plena via,Colisão,QUINTA-FEIRA ,0,2,12,2012-05-29,19,ligeiro,Sim,Nao,Sim,10.9,1,1,12,84
42948,2012612573,Braga,41.44985,-8.490364,A3,34.6,1,0,0,3.0,120,Berma pavimentada,Molhado,Sentido único,Chuva,Fora da intersecção,Fora das localidades,Em pleno dia,Com inclinação,Curva,Em plena via,Despiste,SEXTA-FEIRA  ,0,1,12,2012-04-26,7,ligeiro,Sim,Sim,Nao,10.9,1,1,12,84
42952,2012613576,Braga,41.639037,-8.644322,ER308,10.3,1,0,0,1.0,50,Berma não pavimentada,Seco e limpo,Dois sentidos,Bom tempo,Fora da intersecção,Dentro das localidades,Em pleno dia,Em patamar,Curva,Em plena via,Colisão,SEXTA-FEIRA  ,0,2,12,2012-04-15,17,ligeiro,Sim,Nao,Sim,10.9,1,1,12,84
42954,2012617467,Braga,41.546046000000004,-8.782449,EN(d)13,45.95,0,1,0,1.0,50,Berma pavimentada,Seco e limpo,Dois sentidos,Bom tempo,Em cruzamento,Dentro das localidades,Em pleno dia,Em patamar,Recta,Em plena via,Colisão,SÁBADO       ,0,2,12,2012-05-03,17,ligeiro,Sim,Nao,Sim,10.9,1,1,12,84
42960,2012631549,Braga,41.743939000000005,-8.421279,EN101,64.7,1,0,0,1.0,50,Berma não pavimentada,Seco e limpo,Dois sentidos,Bom tempo,Fora da intersecção,Dentro das localidades,Em pleno dia,Em patamar,Recta,Em plena via,Colisão,SEXTA-FEIRA  ,0,2,12,2012-07-20,19,ligeiro,Sim,Nao,Sim,10.9,1,1,12,84
42968,2012645006,Braga,41.559086,-8.783497,EN(d)13,47.4,1,0,0,1.0,50,Berma não pavimentada,Seco e limpo,Dois sentidos,Bom tempo,Em cruzamento,Dentro das localidades,Em pleno dia,Em patamar,Recta,Em plena via,Colisão,SEXTA-FEIRA  ,0,2,12,2012-09-04,16,ligeiro,Sim,Nao,Sim,10.9,1,1,12,84
42969,2013656237,Braga,41.55593,-8.783227,EN(d)13,47.05,4,0,0,1.0,50,Berma pavimentada,Seco e limpo,Dois sentidos,Bom tempo,Em cruzamento,Dentro das localidades,Em pleno dia,Em patamar,Recta,Em plena via,Colisão,TERÇA-FEIRA  ,0,3,12,2012-10-23,8,ligeiro,Sim,Nao,Sim,10.9,1,1,12,84
42971,2012636950,Braga,41.565939,-8.787372,EN(d)13,48.23,3,0,0,2.0,50,Berma pavimentada,Seco e limpo,Dois sentidos,Bom tempo,Em cruzamento,Dentro das localidades,"Noite, com iluminação",Em patamar,Recta,Em plena via,Colisão,QUARTA-FEIRA ,0,2,12,2012-08-05,0,ligeiro,Nao,Nao,Sim,10.9,1,1,12,84
42972,2013656223,Braga,41.640396,-8.635627000000001,ER204,11.75,1,0,0,1.0,50,Sem berma ou impraticável,Húmido,Dois sentidos,Chuva,Em cruzamento,Dentro das localidades,Em pleno dia,Em patamar,Recta,Em plena via,Colisão,SEGUNDA-FEIRA,0,2,12,2012-10-22,13,ligeiro,Sim,Sim,Nao,10.9,1,1,12,84
42990,2013664968,Braga,41.437810999999996,-8.499231,EN14,33.2,1,0,0,2.0,50,Berma pavimentada,Seco e limpo,Dois sentidos,Bom tempo,Em cruzamento,Dentro das localidades,Em pleno dia,Com inclinação,Recta,Em plena via,Colisão,QUARTA-FEIRA ,0,2,12,2012-11-21,15,ligeiro,Sim,Nao,Sim,10.9,1,1,12,84
42995,2007281267,Braga,41.472,-8.178894,ER207,54.7,1,0,0,1.0,90,Sem berma ou impraticável,Seco e limpo,Dois sentidos,Bom tempo,Em entroncamento,Fora das localidades,Em pleno dia,Em patamar,Curva,Em plena via,Colisão,SEGUNDA-FEIRA,0,2,12,2007-04-27,18,ligeiro,Sim,Nao,Sim,10.9,1,1,12,84
43001,2007299389,Braga,41.463633,-8.17328,EN206,50.45,0,1,0,2.0,70,Berma pavimentada,Seco e limpo,Dois sentidos,Bom tempo,Fora da intersecção,Fora das localidades,"Noite, com iluminação",Com inclinação,Curva,Na berma,Despiste,QUINTA-FEIRA ,0,1,12,2007-10-23,22,ligeiro,Nao,Nao,Sim,10.9,1,1,12,84
43011,2007281948,Braga,41.447990000000004,-8.491794,A3,34.36,1,0,0,2.0,120,Berma pavimentada,Molhado,Sentido único,Chuva,Fora da intersecção,Fora das localidades,"Noite, sem iluminação",Com inclinação,Curva,Em plena via,Despiste,SÁBADO       ,1,1,12,2007-05-01,19,ligeiro,Nao,Sim,Nao,10.9,1,1,12,84
43016,2012628482,Braga,41.450291,-8.491838000000001,EN14,34.64,1,0,0,1.0,50,Berma pavimentada,Húmido,Dois sentidos,Bom tempo,Em entroncamento,Dentro das localidades,Em pleno dia,Com inclinação,Recta,Em plena via,Colisão,QUINTA-FEIRA ,1,2,12,2012-06-10,12,ligeiro,Sim,Nao,Nao,10.9,1,1,12,84
43033,2008308544,Braga,41.448277000000004,-8.491502,A3,34.4,1,0,0,2.0,120,Berma pavimentada,Húmido,Sentido único,Chuva,Fora da intersecção,Fora das localidades,Em pleno dia,Com inclinação,Recta,Em plena via,Colisão,SEXTA-FEIRA  ,0,2,12,2008-01-06,9,ligeiro,Sim,Sim,Nao,10.9,1,1,12,84
43036,2008340148,Braga,41.546046000000004,-8.782449,EN(d)13,45.95,1,0,0,1.0,50,Berma pavimentada,Seco e limpo,Sentido único,Bom tempo,Em cruzamento,Dentro das localidades,Em pleno dia,Em patamar,Recta,Em plena via,Colisão,QUARTA-FEIRA ,0,2,12,2008-09-28,15,ligeiro,Sim,Nao,Sim,10.9,1,1,12,84
43042,2007290930,Braga,41.751382,-8.422814,EN101,63.8,1,0,0,1.0,50,Sem berma ou impraticável,Seco e limpo,Dois sentidos,Bom tempo,Em via de desaceleração,Fora das localidades,Em pleno dia,Com inclinação,Recta,Em plena via,Colisão,DOMINGO      ,0,2,12,2007-07-20,11,ligeiro,Sim,Nao,Sim,10.9,1,1,12,84
43047,2007291140,Braga,41.552459999999996,-8.757635,A28,50.9,1,0,0,2.0,120,Berma pavimentada,Molhado,Sentido único,Chuva,Fora da intersecção,Fora das localidades,Em pleno dia,Com inclinação,Recta,Em plena via,Colisão,SÁBADO       ,0,7,12,2007-07-03,15,ligeiro,Sim,Sim,Nao,10.9,1,1,12,84
43060,2008337337,Braga,41.548744,-8.782663000000001,EN(d)13,46.25,1,0,0,1.0,50,Berma pavimentada,Seco e limpo,Dois sentidos,Bom tempo,Em entroncamento,Dentro das localidades,Em pleno dia,Em patamar,Recta,Em plena via,Colisão,SEXTA-FEIRA  ,0,2,12,2008-08-04,10,ligeiro,Sim,Nao,Sim,10.9,1,1,12,84
43061,2009371460,Braga,41.756639,-8.422654,EN101,63.2,1,0,0,1.0,90,Berma pavimentada,Seco e limpo,Dois sentidos,Bom tempo,Fora da intersecção,Fora das localidades,"Noite, sem iluminação",Em patamar,Curva,Em plena via,Despiste,SEGUNDA-FEIRA,0,1,12,2009-03-22,6,ligeiro,Nao,Nao,Sim,10.9,1,1,12,84
43084,2011505920,Braga,41.447342,-8.492338,A3,34.28,1,0,0,3.0,120,Berma pavimentada,Molhado,Sentido único,Chuva,Fora da intersecção,Fora das localidades,Em pleno dia,Com inclinação,Curva,Em plena via,Despiste,SÁBADO       ,0,1,12,2010-11-14,14,ligeiro,Sim,Sim,Nao,10.9,1,1,12,84
43088,2011542173,Braga,41.568165,-8.788606,EN(d)13,48.5,1,0,0,1.0,50,Berma não pavimentada,Seco e limpo,Sentido único,Bom tempo,Fora da intersecção,Dentro das localidades,"Noite, com iluminação",Em patamar,Curva,Na berma,Despiste,TERÇA-FEIRA  ,0,1,12,2011-05-28,11,ligeiro,Nao,Nao,Sim,10.9,1,1,12,84
43094,2013670464,Braga,41.554181,-8.348963000000001,EN(d)309,49.31,2,0,0,2.0,50,Berma não pavimentada,Seco e limpo,Dois sentidos,Bom tempo,Em cruzamento,Dentro das localidades,"Noite, com iluminação",Em Lomba,Recta,Em plena via,Colisão,TERÇA-FEIRA  ,0,2,12,2012-12-02,5,ligeiro,Nao,Nao,Sim,10.9,1,1,12,84
43098,2007299462,Braga,41.564068,-8.786214999999999,EN(d)13,48.0,2,0,0,2.0,50,Berma pavimentada,Seco e limpo,Dois sentidos,Bom tempo,Fora da intersecção,Dentro das localidades,Em pleno dia,Em patamar,Recta,Na berma,Colisão,SÁBADO       ,0,3,12,2007-10-19,16,ligeiro,Sim,Nao,Sim,10.9,1,1,12,84
43100,2007294589,Braga,41.559086,-8.783497,EN(d)13,47.4,2,0,0,1.0,50,Berma pavimentada,Seco e limpo,Dois sentidos,Bom tempo,Em entroncamento,Dentro das localidades,Em pleno dia,Em patamar,Recta,Em plena via,Colisão,QUARTA-FEIRA ,0,3,12,2007-09-12,17,ligeiro,Sim,Nao,Sim,10.9,1,1,12,84
43107,2012618200,Braga,41.441644000000004,-8.496061,EN14,33.7,1,0,0,1.0,50,Berma pavimentada,Molhado,Dois sentidos,Bom tempo,Fora da intersecção,Dentro das localidades,Em pleno dia,Em patamar,Recta,Em plena via,Colisão,DOMINGO      ,0,1,12,2012-05-09,16,ligeiro,Sim,Nao,Nao,10.9,1,1,12,84
43111,2011561929,Braga,41.546046000000004,-8.782449,EN(d)13,45.95,1,0,0,1.0,50,Berma pavimentada,Seco e limpo,Dois sentidos,Bom tempo,Fora da intersecção,Dentro das localidades,Em pleno dia,Em patamar,Recta,Em plena via,Colisão,SEGUNDA-FEIRA,0,2,12,2011-08-27,19,ligeiro,Sim,Nao,Sim,10.9,1,1,12,84
43117,2011573836,Braga,41.55593,-8.783227,EN(d)13,47.05,1,0,0,1.0,50,Berma pavimentada,Seco e limpo,Dois sentidos,Bom tempo,Fora da intersecção,Dentro das localidades,Em pleno dia,Com inclinação,Recta,Em plena via,Atropelamento,QUINTA-FEIRA ,0,1,12,2011-10-03,8,ligeiro,Sim,Nao,Sim,10.9,1,1,12,84
43120,2011527223,Braga,41.447917,-8.491864999999999,A3,34.35,1,0,0,2.0,120,Berma pavimentada,Molhado,Sentido único,Chuva,Fora da intersecção,Fora das localidades,Em pleno dia,Com inclinação,Curva,Em plena via,Colisão,SÁBADO       ,0,2,12,2011-03-30,9,ligeiro,Sim,Sim,Nao,10.9,1,1,12,84
43127,2010470393,Braga,41.564068,-8.786214999999999,EN(d)13,48.0,1,0,0,1.0,50,Berma pavimentada,Seco e limpo,Dois sentidos,Bom tempo,Fora da intersecção,Dentro das localidades,Em pleno dia,Em patamar,Recta,Na berma,Despiste,DOMINGO      ,1,1,12,2010-06-03,17,ligeiro,Sim,Nao,Sim,10.9,1,1,12,84
43136,2009383219,Braga,41.447522,-8.493489,EN14,34.33,2,0,0,2.0,50,Berma pavimentada,Seco e limpo,Dois sentidos,Bom tempo,Em entroncamento,Dentro das localidades,"Noite, com iluminação",Com inclinação,Recta,Em plena via,Colisão,SÁBADO       ,0,2,12,2009-05-22,20,ligeiro,Nao,Nao,Sim,10.9,1,1,12,84
43144,2007295437,Braga,41.445842999999996,-8.492941,A3,34.1,2,0,0,2.0,120,Berma pavimentada,Molhado,Sentido único,NÃO DEFINIDO,Fora da intersecção,Fora das localidades,Em pleno dia,Com inclinação,Curva,Em plena via,Colisão,TERÇA-FEIRA  ,0,5,12,2007-09-17,9,ligeiro,Sim,Sim,Nao,10.9,1,1,12,84
43145,2008328488,Braga,41.450679,-8.491741000000001,EN14,34.68,1,0,0,1.0,50,Berma pavimentada,Seco e limpo,Dois sentidos,Bom tempo,Em entroncamento,Dentro das localidades,Em pleno dia,Em patamar,Recta,Em plena via,Colisão,QUARTA-FEIRA ,0,2,12,2008-05-09,11,ligeiro,Sim,Nao,Sim,10.9,1,1,12,84
43150,2010491543,Braga,41.569922,-8.789083999999999,EN(d)13,48.7,1,0,0,1.0,50,Berma não pavimentada,Seco e limpo,Dois sentidos,Bom tempo,Em cruzamento,Dentro das localidades,Em pleno dia,Em patamar,Recta,Em plena via,Colisão,DOMINGO      ,0,2,12,2010-09-30,9,ligeiro,Sim,Nao,Sim,10.9,1,1,12,84
43154,2007276710,Braga,41.543782,-8.782263,EN(d)13,45.7,1,0,0,1.0,50,Berma pavimentada,Seco e limpo,Dois sentidos,Bom tempo,Em entroncamento,Dentro das localidades,Em pleno dia,Em patamar,Recta,Em plena via,Colisão,SEGUNDA-FEIRA,0,2,12,2007-03-12,11,ligeiro,Sim,Nao,Sim,10.9,1,1,12,84
43155,2010446618,Braga,41.556381,-8.783263,EN(d)13,47.1,1,0,0,1.0,50,Sem berma ou impraticável,Seco e limpo,Dois sentidos,Chuva,Em cruzamento,Dentro das localidades,"Noite, com iluminação",Em patamar,Recta,Em plena via,Colisão,SEGUNDA-FEIRA,0,2,12,2010-02-16,0,ligeiro,Nao,Sim,Sim,10.9,1,1,12,84
43157,2011540678,Braga,41.449016,-8.490817999999999,A3,34.5,1,0,0,2.0,120,Berma pavimentada,Húmido,Sentido único,Bom tempo,Fora da intersecção,Fora das localidades,"Noite, sem iluminação",Com inclinação,Curva,Em plena via,Despiste,QUINTA-FEIRA ,0,1,12,2011-05-02,1,ligeiro,Nao,Nao,Nao,10.9,1,1,12,84
43158,2011549131,Braga,41.558184000000004,-8.783415,EN(d)13,47.3,2,0,0,1.0,50,Berma não pavimentada,Seco e limpo,Dois sentidos,Bom tempo,Em entroncamento,Dentro das localidades,Em pleno dia,Em patamar,Recta,Em plena via,Colisão,QUARTA-FEIRA ,0,2,12,2011-06-21,19,ligeiro,Sim,Nao,Sim,10.9,1,1,12,84
43160,2007295433,Braga,41.449909999999996,-8.491974,EN14,34.6,1,0,0,1.0,50,Berma pavimentada,Seco e limpo,Dois sentidos,Bom tempo,Fora da intersecção,Dentro das localidades,Em pleno dia,Com inclinação,Curva,Em plena via,Despiste,QUINTA-FEIRA ,0,1,12,2007-09-24,18,ligeiro,Sim,Nao,Sim,10.9,1,1,12,84
43162,2010469688,Braga,41.447258000000005,-8.493714,EN14,34.3,2,0,0,1.0,50,Berma pavimentada,Seco e limpo,Dois sentidos,Bom tempo,Em entroncamento,Dentro das localidades,Em pleno dia,Com inclinação,Recta,Em plena via,Colisão,QUINTA-FEIRA ,0,2,12,2010-06-28,15,ligeiro,Sim,Nao,Sim,10.9,1,1,12,84
43165,2011574276,Braga,41.556290999999995,-8.783256,EN(d)13,47.09,1,0,0,1.0,50,Berma não pavimentada,Seco e limpo,Dois sentidos,Bom tempo,Em cruzamento,Dentro das localidades,Em pleno dia,Em patamar,Recta,Em plena via,Colisão,QUARTA-FEIRA ,0,2,12,2011-10-19,16,ligeiro,Sim,Nao,Sim,10.9,1,1,12,84
43169,2011506720,Braga,41.548858,-8.757831,A28,50.5,2,0,0,2.0,120,Berma pavimentada,Húmido,Sentido único,Bom tempo,Fora da intersecção,Fora das localidades,Em pleno dia,Com inclinação,Recta,Em plena via,Colisão,TERÇA-FEIRA  ,0,2,12,2010-11-22,7,ligeiro,Sim,Nao,Nao,10.9,1,1,12,84
43173,2012612754,Braga,41.449016,-8.490817999999999,A3,34.5,1,0,0,2.0,100,Berma pavimentada,Molhado,Sentido único,Chuva,Fora da intersecção,Fora das localidades,Em pleno dia,Em patamar,Curva,Em plena via,Despiste,SEXTA-FEIRA  ,0,1,12,2012-04-26,7,ligeiro,Sim,Sim,Nao,10.9,1,1,12,84
43178,2010477688,Braga,41.561775,-8.784792999999999,EN(d)13,47.72,1,0,0,1.0,50,Berma pavimentada,Seco e limpo,Dois sentidos,Bom tempo,Em entroncamento,Dentro das localidades,Em pleno dia,Em patamar,Recta,Em plena via,Atropelamento,TERÇA-FEIRA  ,0,1,12,2010-07-14,17,ligeiro,Sim,Nao,Sim,10.9,1,1,12,84
43180,2011573925,Braga,41.74822,-8.420703,EN101,64.2,2,0,0,1.0,50,Sem berma ou impraticável,Seco e limpo,Dois sentidos,Bom tempo,Fora da intersecção,Dentro das localidades,Em pleno dia,Em patamar,Recta,Em plena via,Colisão,DOMINGO      ,0,3,12,2011-10-11,16,ligeiro,Sim,Nao,Sim,10.9,1,1,12,84
43189,2008307920,Braga,41.551559000000005,-8.75768,A28,50.8,1,0,0,2.0,120,Berma pavimentada,Seco e limpo,Sentido único,Bom tempo,Fora da intersecção,Fora das localidades,"Noite, sem iluminação",Com inclinação,Recta,Em plena via,Despiste,SÁBADO       ,0,1,12,2008-01-29,23,ligeiro,Nao,Nao,Sim,10.9,1,1,12,84
43192,2011527179,Braga,41.640747,-8.63642,ER308,11.0,1,0,0,1.0,50,Berma pavimentada,Seco e limpo,Dois sentidos,Bom tempo,Fora da intersecção,Dentro das localidades,Sol escandeante,Em patamar,Recta,Em plena via,Atropelamento,DOMINGO      ,0,1,12,2011-03-31,19,ligeiro,Sim,Nao,Sim,10.9,1,1,12,84
43199,2008330095,Braga,41.569044,-8.788843,EN(d)13,48.6,1,0,0,1.0,50,Berma pavimentada,Seco e limpo,Dois sentidos,Bom tempo,Fora da intersecção,Dentro das localidades,Em pleno dia,Em patamar,Recta,Em plena via,Colisão,TERÇA-FEIRA  ,0,2,12,2008-06-28,17,ligeiro,Sim,Nao,Sim,10.9,1,1,12,84
43202,2011540689,Braga,41.439765,-8.496311,EN14,33.5,1,0,0,1.0,50,Berma pavimentada,Seco e limpo,Dois sentidos,Bom tempo,Em entroncamento,Dentro das localidades,Em pleno dia,Em patamar,Recta,Em plena via,Colisão,SÁBADO       ,0,2,12,2011-05-09,18,ligeiro,Sim,Nao,Sim,10.9,1,1,12,84
43204,2007287110,Braga,41.442256,-8.493021,A3,33.7,1,0,0,2.0,120,Berma pavimentada,Molhado,Sentido único,Chuva,Fora da intersecção,Fora das localidades,Em pleno dia,Em patamar,Curva,Em plena via,Despiste,SEGUNDA-FEIRA,0,1,12,2007-06-17,20,ligeiro,Sim,Sim,Nao,10.9,1,1,12,84
43207,2010428094,Braga,41.559973,-8.783675,EN(d)13,47.5,4,0,0,1.0,50,Berma pavimentada,Com água acumulada na faixa de rodagem,Sentido único,Chuva,Fora da intersecção,Dentro das localidades,Em pleno dia,Em patamar,Recta,Em plena via,Colisão,SÁBADO       ,0,2,12,2009-11-15,13,ligeiro,Sim,Sim,Nao,10.9,1,1,12,84
43213,2009366777,Braga,41.467065000000005,-8.175687,ER207,53.68,1,0,0,1.0,50,Berma pavimentada,Molhado,Dois sentidos,Chuva,Fora da intersecção,Dentro das localidades,Em pleno dia,Em patamar,Recta,Na berma,Despiste,TERÇA-FEIRA  ,0,1,12,2009-03-06,14,ligeiro,Sim,Sim,Nao,10.9,1,1,12,84
43227,2011529688,Braga,41.567316,-8.788242,EN(d)13,48.4,2,0,0,1.0,50,Berma não pavimentada,Húmido,Dois sentidos,Chuva,Fora da intersecção,Dentro das localidades,"Noite, com iluminação",Em patamar,Recta,Na berma,Despiste,SÁBADO       ,1,1,12,2011-04-22,22,ligeiro,Nao,Sim,Nao,10.9,1,1,12,84
43233,2011561930,Braga,41.546046000000004,-8.782449,EN(d)13,45.95,1,0,0,1.0,50,Sem berma ou impraticável,Seco e limpo,Sentido único,Bom tempo,Em entroncamento,Dentro das localidades,Em pleno dia,Em patamar,Recta,Em plena via,Colisão,DOMINGO      ,0,2,12,2011-08-26,11,ligeiro,Sim,Nao,Sim,10.9,1,1,12,84
43234,2011505949,Braga,41.561611,-8.784692,EN(d)13,47.7,1,0,0,1.0,50,Berma pavimentada,Molhado,Dois sentidos,Chuva,Fora da intersecção,Dentro das localidades,Em pleno dia,Em patamar,Recta,Em plena via,Despiste,DOMINGO      ,0,1,12,2010-11-15,13,ligeiro,Sim,Sim,Nao,10.9,1,1,12,84
43242,2012579129,Braga,41.439765,-8.496311,EN14,33.5,0,1,0,1.0,50,Berma pavimentada,Molhado,Dois sentidos,Chuva,Fora da intersecção,Dentro das localidades,"Noite, com iluminação",Em patamar,Recta,Em plena via,Atropelamento,TERÇA-FEIRA  ,0,1,12,2011-11-21,18,ligeiro,Nao,Sim,Nao,10.9,1,1,12,84
43245,2008327141,Braga,41.559973,-8.783675,EN(d)13,47.5,1,0,0,1.0,50,Berma pavimentada,Húmido,Dois sentidos,Bom tempo,Em entroncamento,Dentro das localidades,Em pleno dia,Em patamar,Recta,Na berma,Colisão,SEXTA-FEIRA  ,0,2,12,2008-05-16,8,ligeiro,Sim,Nao,Nao,10.9,1,1,12,84
43253,2007285280,Braga,41.56038,-8.783935000000001,EN(d)13,47.55,1,0,0,1.0,50,Berma não pavimentada,Seco e limpo,Dois sentidos,Bom tempo,Fora da intersecção,Dentro das localidades,Em pleno dia,Em patamar,Recta,Em plena via,Colisão,SÁBADO       ,0,2,12,2007-06-04,19,ligeiro,Sim,Nao,Sim,10.9,1,1,12,84
43259,2009360844,Braga,41.442097,-8.495803,EN14,33.75,1,0,0,1.0,50,Berma não pavimentada,Seco e limpo,Dois sentidos,Bom tempo,Fora da intersecção,Dentro das localidades,Em pleno dia,Em patamar,Recta,Em plena via,Colisão,QUARTA-FEIRA ,0,2,12,2009-02-24,18,ligeiro,Sim,Nao,Sim,10.9,1,1,12,84
43267,2011539823,Braga,41.546046000000004,-8.782449,EN(d)13,45.95,2,0,0,1.0,50,Sem berma ou impraticável,Seco e limpo,Dois sentidos,Bom tempo,Em cruzamento,Dentro das localidades,Em pleno dia,Em patamar,Recta,Em plena via,Colisão,SÁBADO       ,0,2,12,2011-05-09,20,ligeiro,Sim,Nao,Sim,10.9,1,1,12,84
43281,2011511682,Braga,41.470795,-8.177733,ER207,54.3,1,0,0,1.0,50,Sem berma ou impraticável,"Com gelo, geada ou neve",Dois sentidos,Bom tempo,Fora da intersecção,Dentro das localidades,Em pleno dia,Com inclinação,Recta,Em plena via,Colisão,SÁBADO       ,0,2,12,2010-12-18,11,ligeiro,Sim,Nao,Nao,10.9,1,1,12,84
43283,2011523613,Braga,41.563657,-8.785967999999999,EN(d)13,47.95,4,0,0,1.0,50,Berma não pavimentada,Seco e limpo,Dois sentidos,Bom tempo,Em entroncamento,Dentro das localidades,"Noite, com iluminação",Em patamar,Recta,Na berma,Colisão,QUINTA-FEIRA ,0,2,12,2011-02-06,18,ligeiro,Nao,Nao,Sim,10.9,1,1,12,84
43287,2007293621,Braga,41.472,-8.178894,ER207,54.7,2,0,0,1.0,50,Berma não pavimentada,Seco e limpo,Dois sentidos,Bom tempo,Em entroncamento,Dentro das localidades,"Noite, com iluminação",Com inclinação,Curva,Em plena via,Colisão,TERÇA-FEIRA  ,0,3,12,2007-08-25,1,ligeiro,Nao,Nao,Sim,10.9,1,1,12,84
43295,2007287804,Braga,41.552459999999996,-8.757635,A28,50.9,2,1,0,2.0,120,Berma pavimentada,Molhado,Sentido único,Nevoeiro,Fora da intersecção,Fora das localidades,Em pleno dia,Com inclinação,Recta,Em plena via,Colisão,SÁBADO       ,0,3,12,2007-07-03,15,ligeiro,Sim,Sim,Nao,10.9,1,1,12,84
43324,2010456238,Braga,41.438412,-8.498191,EN14,33.3,1,0,0,1.0,50,Berma pavimentada,Seco e limpo,Dois sentidos,Bom tempo,Em entroncamento,Dentro das localidades,"Noite, com iluminação",Com inclinação,Recta,Na berma,Despiste,DOMINGO      ,0,1,12,2010-04-07,0,ligeiro,Nao,Nao,Sim,10.9,1,1,12,84
43330,2009389645,Braga,41.463606,-8.171972,EN206,50.53,1,0,0,1.0,50,Sem berma ou impraticável,Seco e limpo,Dois sentidos,Bom tempo,Fora da intersecção,Dentro das localidades,Em pleno dia,Em patamar,Recta,Em plena via,Colisão,QUINTA-FEIRA ,0,2,12,2009-06-07,10,ligeiro,Sim,Nao,Sim,10.9,1,1,12,84
43341,2013669782,Braga,41.554255,-8.350305,EN(d)309,49.2,3,0,0,1.0,50,Berma pavimentada,Molhado,Dois sentidos,Chuva,Fora da intersecção,Dentro das localidades,Em pleno dia,Em patamar,Recta,Em plena via,Colisão,TERÇA-FEIRA  ,0,2,12,2012-12-24,15,ligeiro,Sim,Sim,Nao,10.9,1,1,12,84
43346,2010442319,Braga,41.448206,-8.491577000000001,A3,34.39,1,0,0,2.0,120,Berma pavimentada,Molhado,Sentido único,Chuva,Fora da intersecção,Fora das localidades,Em pleno dia,Em patamar,Curva,Em plena via,Despiste,SEXTA-FEIRA  ,0,1,12,2010-01-16,18,ligeiro,Sim,Sim,Nao,10.9,1,1,12,84