,COD_ACIDENTE,DISTRITO,LATITUDE,LONGITUDE,VIA,KM,QT_FLIGEIROS,QT_FGRAVES,QT_MORTOS,QT_VIAS_SENTIDO,VEL_LIM_LOCAL,BERMA_VIA,CONDICAO_ADERENCIA,FAIXA_RODAGEM,FATOR_ATMOSFERICO,INTERSECAO_VIA,LOCALIZACAO,LUMINOSIDADE,PERFIL_VIA,PLANTA_VIA,SITUACAO_ACIDENTE,TIPO_NATUREZA,DIA_SEMANA,FLAG_FERIADO,QT_VEICULOS,COD_FREGUESIA,DATA,HORA,GRAVIDADE,ERA_DIA,MAU_TEMPO,ESTRADA_SECA,DENSIDADE_TOTAL,COD_DISTRITO_INE,COD_CONCELHO_INE,COD_FREGUESIA_INE,TOTAL
43378,2010491509,Braga,41.44538,-8.494434,EN14,34.1,2,0,0,1.0,50,Berma pavimentada,Seco e limpo,Dois sentidos,Bom tempo,Em entroncamento,Dentro das localidades,Em pleno dia,Em patamar,Recta,Em plena via,Colisão,QUARTA-FEIRA ,0,3,12,2010-09-10,15,ligeiro,Sim,Nao,Sim,10.9,1,1,12,84
43385,2008318387,Braga,41.543782,-8.782263,EN(d)13,45.7,1,0,0,2.0,50,Berma pavimentada,Seco e limpo,Dois sentidos,Bom tempo,Fora da intersecção,Dentro das localidades,Em pleno dia,Em patamar,Recta,Na berma,Despiste,TERÇA-FEIRA  ,0,1,12,2008-02-24,15,ligeiro,Sim,Nao,Sim,10.9,1,1,12,84
43386,2007282265,Braga,41.559973,-8.783675,EN(d)13,47.5,2,0,0,1.0,50,Berma pavimentada,Seco e limpo,Dois sentidos,Bom tempo,Fora da intersecção,Dentro das localidades,Em pleno dia,Em patamar,Curva,Em plena via,Colisão,QUINTA-FEIRA ,0,2,12,2007-05-11,17,ligeiro,Sim,Nao,Sim,10.9,1,1,12,84
43387,2007295675,Braga,41.461977000000005,-8.174392999999998,ER207,52.9,2,0,0,1.0,90,Berma pavimentada,Seco e limpo,Sentido único,Bom tempo,Em entroncamento,Fora das localidades,Em pleno dia,Em patamar,Recta,Em plena via,Colisão,SEXTA-FEIRA  ,0,2,12,2007-09-25,15,ligeiro,Sim,Nao,Sim,10.9,1,1,12,84
43388,2007275118,Braga,41.466239,-8.175436,ER207,53.58,1,0,0,1.0,50,Berma pavimentada,Seco e limpo,Dois sentidos,Bom tempo,Fora da intersecção,Dentro das localidades,Em pleno dia,Em patamar,Recta,Em plena via,Atropelamento,SEXTA-FEIRA  ,0,1,12,2007-02-27,8,ligeiro,Sim,Nao,Sim,10.9,1,1,12,84
43397,2007272878,Braga,41.563248,-8.785712,EN(d)13,47.9,2,0,0,1.0,50,Berma pavimentada,Seco e limpo,Dois sentidos,Bom tempo,Fora da intersecção,Dentro das localidades,Aurora ou crepúsculo,Em patamar,Recta,Em plena via,Colisão,DOMINGO      ,0,5,12,2007-01-25,18,ligeiro,Nao,Nao,Sim,10.9,1,1,12,84
43399,2007273549,Braga,41.556381,-8.783263,EN(d)13,47.1,2,4,0,1.0,50,Sem berma ou impraticável,Molhado,Dois sentidos,Chuva,Em cruzamento,Dentro das localidades,Em pleno dia,Em patamar,Recta,Em plena via,Colisão,SÁBADO       ,0,2,12,2007-02-11,9,ligeiro,Sim,Sim,Nao,10.9,1,1,12,84
43405,2009349167,Braga,41.442471999999995,-8.492944,A3,33.73,1,0,0,2.0,120,Berma pavimentada,Molhado,Sentido único,Chuva,Fora da intersecção,Fora das localidades,Em pleno dia,Com inclinação,Curva,Em plena via,Despiste,QUARTA-FEIRA ,0,1,12,2008-11-24,8,ligeiro,Sim,Sim,Nao,10.9,1,1,12,84
43414,2009366778,Braga,41.466646999999995,-8.175583999999999,ER207,53.63,1,0,0,1.0,90,Sem berma ou impraticável,Molhado,Dois sentidos,Chuva,Fora da intersecção,Fora das localidades,Em pleno dia,Em patamar,Curva,Em plena via,Despiste,TERÇA-FEIRA  ,0,1,12,2009-03-06,13,ligeiro,Sim,Sim,Nao,10.9,1,1,12,84
43422,2009387159,Braga,41.5465,-8.782485000000001,EN(d)13,46.0,2,0,0,1.0,50,Berma pavimentada,Seco e limpo,Dois sentidos,Bom tempo,Fora da intersecção,Dentro das localidades,Em pleno dia,Em patamar,Recta,Em plena via,Colisão,SÁBADO       ,0,3,12,2009-05-22,14,ligeiro,Sim,Nao,Sim,10.9,1,1,12,84
43433,2008306176,Braga,41.461086,-8.182825,EN206,49.66,2,0,0,1.0,90,Berma não pavimentada,Seco e limpo,Dois sentidos,Bom tempo,Fora da intersecção,Fora das localidades,Em pleno dia,Com inclinação,Recta,Em plena via,Colisão,TERÇA-FEIRA  ,0,2,12,2007-12-23,16,ligeiro,Sim,Nao,Sim,10.9,1,1,12,84
43439,2011514488,Braga,41.569746,-8.789036,EN(d)13,48.68,2,0,0,1.0,50,Berma pavimentada,Seco e limpo,Dois sentidos,Bom tempo,Em entroncamento,Dentro das localidades,Em pleno dia,Em patamar,Recta,Em plena via,Colisão,SEGUNDA-FEIRA,0,2,12,2010-12-03,16,ligeiro,Sim,Nao,Sim,10.9,1,1,12,84
43449,2010423991,Braga,41.448822,-8.490969999999999,A3,34.48,1,0,0,3.0,120,Berma pavimentada,Molhado,Sentido único,Chuva,Fora da intersecção,Fora das localidades,Em pleno dia,Com inclinação,Curva,Em plena via,Despiste,SEGUNDA-FEIRA,0,1,12,2009-10-24,12,ligeiro,Sim,Sim,Nao,10.9,1,1,12,84
43453,2008307432,Braga,41.7035,-8.335277,EN205-3,12.6,0,1,0,1.0,80,Sem berma ou impraticável,Molhado,Dois sentidos,Chuva,NÃO DEFINIDO,Dentro das localidades,Em pleno dia,Em patamar,Recta,Em plena via,Colisão,SEXTA-FEIRA  ,0,2,12,2008-01-17,10,ligeiro,Sim,Sim,Nao,10.9,1,1,12,84
43458,2007276673,Braga,41.437993,-8.498921000000001,EN14,33.23,1,0,0,1.0,50,Berma pavimentada,Molhado,Dois sentidos,Bom tempo,Em entroncamento,Dentro das localidades,"Noite, com iluminação",Com inclinação,Recta,Em plena via,Colisão,SEXTA-FEIRA  ,0,2,12,2007-03-04,21,ligeiro,Nao,Nao,Nao,10.9,1,1,12,84
43471,2007273380,Braga,41.546046000000004,-8.782449,EN(d)13,45.95,2,0,0,1.0,50,Berma pavimentada,Seco e limpo,Dois sentidos,Bom tempo,Em cruzamento,Dentro das localidades,Aurora ou crepúsculo,Em patamar,Recta,Em plena via,Colisão,SÁBADO       ,0,2,12,2007-01-19,18,ligeiro,Nao,Nao,Sim,10.9,1,1,12,84
43478,2009409137,Braga,41.566505,-8.787730999999999,EN(d)13,48.3,1,0,1,1.0,50,Berma não pavimentada,Seco e limpo,Dois sentidos,Bom tempo,Em cruzamento,Dentro das localidades,Em pleno dia,Em patamar,Recta,Em plena via,Colisão,TERÇA-FEIRA  ,0,2,12,2009-08-29,14,ligeiro,Sim,Nao,Sim,10.9,1,1,12,84
43483,2008322273,Braga,41.735182,-8.411555,EN101,66.4,2,0,0,1.0,50,Berma não pavimentada,Húmido,Dois sentidos,Bom tempo,Fora da intersecção,Fora das localidades,Em pleno dia,Com inclinação,Curva,Em plena via,Despiste,SEGUNDA-FEIRA,1,1,12,2008-03-23,11,ligeiro,Sim,Nao,Nao,10.9,1,1,12,84
43493,2008337338,Braga,41.561529,-8.784642,EN(d)13,47.69,2,0,0,1.0,50,Berma pavimentada,Seco e limpo,Dois sentidos,Bom tempo,Em cruzamento,Dentro das localidades,Em pleno dia,Em patamar,Recta,Em plena via,Colisão,SÁBADO       ,0,2,12,2008-08-05,13,ligeiro,Sim,Nao,Sim,10.9,1,1,12,84
43496,2011542147,Braga,41.556381,-8.783263,EN(d)13,47.1,1,0,0,1.0,50,Berma pavimentada,Seco e limpo,Dois sentidos,Bom tempo,Fora da intersecção,Dentro das localidades,"Noite, com iluminação",Em patamar,Recta,Na berma,Despiste,TERÇA-FEIRA  ,0,1,12,2011-05-28,5,ligeiro,Nao,Nao,Sim,10.9,1,1,12,84
43503,2011505917,Braga,41.447694,-8.492068,A3,34.32,2,0,0,2.0,100,Berma pavimentada,Molhado,Sentido único,Chuva,Fora da intersecção,Fora das localidades,Em pleno dia,Com inclinação,Curva,Em plena via,Despiste,SEXTA-FEIRA  ,0,2,12,2010-11-13,15,ligeiro,Sim,Sim,Nao,10.9,1,1,12,84
43510,2013664918,Braga,41.552725,-8.35656,EN(d)309,48.45,1,0,0,2.0,50,Sem berma ou impraticável,Húmido,Dois sentidos,Chuva,Fora da intersecção,Dentro das localidades,"Noite, sem iluminação",Em patamar,Recta,Em plena via,Colisão,SEXTA-FEIRA  ,0,2,12,2012-11-17,19,ligeiro,Nao,Sim,Nao,10.9,1,1,12,84
43513,2012630109,Braga,41.5465,-8.782485000000001,EN(d)13,46.0,1,1,0,1.0,50,Berma pavimentada,Seco e limpo,Dois sentidos,Bom tempo,Em cruzamento,Dentro das localidades,Em pleno dia,Em patamar,Recta,Em plena via,Colisão,TERÇA-FEIRA  ,0,2,12,2012-07-01,18,ligeiro,Sim,Nao,Sim,10.9,1,1,12,84
43514,2007300131,Braga,41.563657,-8.785967999999999,EN(d)13,47.95,1,0,0,1.0,50,Berma pavimentada,Seco e limpo,NÃO DEFINIDO,Bom tempo,Em entroncamento,Dentro das localidades,Em pleno dia,Em patamar,Recta,Em plena via,Colisão,QUARTA-FEIRA ,0,2,12,2007-10-16,14,ligeiro,Sim,Nao,Sim,10.9,1,1,12,84
43515,2007286855,Braga,41.552832,-8.356086999999999,EN(d)309,48.5,1,0,0,1.0,50,Sem berma ou impraticável,Seco e limpo,Dois sentidos,Bom tempo,NÃO DEFINIDO,Dentro das localidades,Em pleno dia,Em patamar,Curva,Em plena via,Despiste,SÁBADO       ,0,1,12,2007-06-27,10,ligeiro,Sim,Nao,Sim,10.9,1,1,12,84
43521,2012579587,Braga,41.570536,-8.789254,EN(d)13,48.77,2,0,0,1.0,50,Berma pavimentada,Seco e limpo,Dois sentidos,Bom tempo,Fora da intersecção,Dentro das localidades,Em pleno dia,Em patamar,Recta,Na berma,Colisão,SEXTA-FEIRA  ,0,2,12,2011-11-07,9,ligeiro,Sim,Nao,Sim,10.9,1,1,12,84
43546,2008327089,Braga,41.556381,-8.783263,EN(d)13,47.1,1,0,0,1.0,50,Berma pavimentada,Molhado,Dois sentidos,Chuva,Em via de aceleração,Dentro das localidades,"Noite, com iluminação",Em patamar,Recta,Em plena via,Despiste,QUARTA-FEIRA ,0,1,12,2008-05-26,0,ligeiro,Nao,Sim,Nao,10.9,1,1,12,84
43553,2008307907,Braga,41.436397,-8.501061,EN14,33.0,1,0,0,1.0,50,Berma pavimentada,Molhado,Dois sentidos,Chuva,Fora da intersecção,Dentro das localidades,Em pleno dia,Com inclinação,Recta,Na berma,Colisão,SÁBADO       ,0,2,12,2008-01-18,7,ligeiro,Sim,Sim,Nao,10.9,1,1,12,84
43554,2008331550,Braga,41.640758,-8.635823,ER308,11.05,1,0,0,1.0,50,Berma pavimentada,Seco e limpo,Dois sentidos,Bom tempo,Em cruzamento,Dentro das localidades,Em pleno dia,Em patamar,Recta,Em plena via,Colisão,QUARTA-FEIRA ,0,2,12,2008-06-12,10,ligeiro,Sim,Nao,Sim,10.9,1,1,12,84
43561,2009373757,Braga,41.740541,-8.421025,EN101,65.1,1,0,0,1.0,50,Sem berma ou impraticável,Molhado,Dois sentidos,Chuva,Fora da intersecção,Dentro das localidades,Em pleno dia,Com inclinação,Curva,Na berma,Colisão,QUINTA-FEIRA ,0,2,12,2009-04-16,16,ligeiro,Sim,Sim,Nao,10.9,1,1,12,84
43567,2010442032,Braga,41.471318,-8.176839999999999,ER207,54.4,3,0,0,1.0,50,Berma não pavimentada,"Com gelo, geada ou neve",Dois sentidos,Bom tempo,Fora da intersecção,Dentro das localidades,Em pleno dia,Com inclinação,Recta,Em plena via,Colisão,DOMINGO      ,0,3,12,2010-01-06,8,ligeiro,Sim,Nao,Nao,10.9,1,1,12,84
43571,2007288461,Braga,41.561201000000004,-8.78444,EN(d)13,47.65,3,0,0,2.0,50,Berma pavimentada,Seco e limpo,Dois sentidos,Bom tempo,Fora da intersecção,Dentro das localidades,Em pleno dia,Em patamar,Recta,Em plena via,Colisão,SÁBADO       ,0,2,12,2007-07-08,20,ligeiro,Sim,Nao,Sim,10.9,1,1,12,84
43572,2007297909,Braga,41.445842999999996,-8.492941,A3,34.1,2,0,0,2.0,120,Berma pavimentada,Molhado,Sentido único,Chuva,Fora da intersecção,Fora das localidades,"Noite, sem iluminação",Com inclinação,Curva,Em plena via,Despiste,SÁBADO       ,0,1,12,2007-10-02,20,ligeiro,Nao,Sim,Nao,10.9,1,1,12,84
43575,2010463486,Braga,41.448746,-8.491036,A3,34.47,2,0,0,2.0,120,Berma pavimentada,Molhado,Sentido único,Chuva,Fora da intersecção,Fora das localidades,Em pleno dia,Com inclinação,Curva,Em plena via,Despiste,QUINTA-FEIRA ,0,1,12,2010-05-08,19,ligeiro,Sim,Sim,Nao,10.9,1,1,12,84
43586,2009389606,Braga,41.447258000000005,-8.493714,EN14,34.3,1,0,0,1.0,50,Berma pavimentada,Seco e limpo,Dois sentidos,Bom tempo,Em entroncamento,Dentro das localidades,"Noite, com iluminação",Em patamar,Recta,Em plena via,Colisão,SEXTA-FEIRA  ,0,2,12,2009-06-30,21,ligeiro,Nao,Nao,Sim,10.9,1,1,12,84
43593,2007297903,Braga,41.547957000000004,-8.757866,A28,50.4,1,0,0,2.0,120,Berma pavimentada,Seco e limpo,Sentido único,Bom tempo,Fora da intersecção,Fora das localidades,Em pleno dia,Com inclinação,Recta,Em plena via,Despiste,QUARTA-FEIRA ,1,1,12,2007-10-05,16,ligeiro,Sim,Nao,Sim,10.9,1,1,12,84
43595,2010470395,Braga,41.542149,-8.782157000000002,EN(d)13,45.52,2,0,0,1.0,50,Berma pavimentada,Seco e limpo,Dois sentidos,Bom tempo,Fora da intersecção,Dentro das localidades,Em pleno dia,Em patamar,Recta,Na berma,Despiste,QUINTA-FEIRA ,0,1,12,2010-06-06,20,ligeiro,Sim,Nao,Sim,10.9,1,1,12,84
43603,2012591773,Braga,41.742217,-8.421289,EN101,64.9,1,0,0,1.0,50,Sem berma ou impraticável,Seco e limpo,Sentido único,Bom tempo,Em cruzamento,Dentro das localidades,Em pleno dia,Com inclinação,Recta,Em plena via,Colisão,SEGUNDA-FEIRA,0,2,12,2011-12-24,15,ligeiro,Sim,Nao,Sim,10.9,1,1,12,84
43606,2010469697,Braga,41.552786,-8.78298,EN(d)13,46.7,2,0,0,2.0,50,Berma pavimentada,Seco e limpo,Dois sentidos,Nevoeiro,Fora da intersecção,Dentro das localidades,Em pleno dia,Em patamar,Recta,Na berma,Despiste,QUINTA-FEIRA ,0,1,12,2010-06-28,9,ligeiro,Sim,Sim,Sim,10.9,1,1,12,84
43608,2007271408,Braga,41.463984,-8.169283,EN206,50.7,5,0,0,1.0,80,Sem berma ou impraticável,Húmido,Dois sentidos,Chuva,Fora da intersecção,Fora das localidades,"Noite, com iluminação",Em patamar,Curva,Em plena via,Colisão,SÁBADO       ,0,2,12,2007-01-08,21,ligeiro,Nao,Sim,Nao,10.9,1,1,12,84
43611,2012626715,Braga,41.442962,-8.492809,A3,33.78,1,0,0,2.0,100,Berma pavimentada,Molhado,Sentido único,Chuva,Fora da intersecção,Fora das localidades,Em pleno dia,Com inclinação,Curva,Em plena via,Despiste,QUARTA-FEIRA ,0,1,12,2012-06-20,15,ligeiro,Sim,Sim,Nao,10.9,1,1,12,84
43614,2012608163,Braga,41.443141,-8.492774,A3,33.8,2,0,0,3.0,120,Berma pavimentada,Húmido,Sentido único,Bom tempo,Fora da intersecção,Fora das localidades,Em pleno dia,Em patamar,Curva,Em plena via,Colisão,DOMINGO      ,0,2,12,2012-03-19,8,ligeiro,Sim,Nao,Nao,10.9,1,1,12,84
43616,2012589900,Braga,41.442695,-8.492877,A3,33.75,1,0,0,2.0,100,Berma pavimentada,Molhado,Sentido único,Chuva,Fora da intersecção,Fora das localidades,Em pleno dia,Em patamar,Recta,Em plena via,Despiste,SEXTA-FEIRA  ,0,1,12,2011-12-05,10,ligeiro,Sim,Sim,Nao,10.9,1,1,12,84
43618,2008322951,Braga,41.736303,-8.416719,EN101,65.8,2,0,0,1.0,90,Berma não pavimentada,Molhado,Dois sentidos,Chuva,Fora da intersecção,Dentro das localidades,Em pleno dia,Em patamar,Curva,Em plena via,Colisão,SEXTA-FEIRA  ,0,2,12,2008-04-29,9,ligeiro,Sim,Sim,Nao,10.9,1,1,12,84
43622,2008344852,Braga,41.552459999999996,-8.757635,A28,50.9,1,0,0,2.0,120,Berma pavimentada,Seco e limpo,Sentido único,Bom tempo,Fora da intersecção,Fora das localidades,Em pleno dia,Com inclinação,Recta,Em plena via,Colisão,SEGUNDA-FEIRA,0,2,12,2008-10-31,9,ligeiro,Sim,Nao,Sim,10.9,1,1,12,84
43628,2010432539,Braga,41.549759,-8.757785,A28,50.6,1,0,0,2.0,120,Berma pavimentada,Húmido,Sentido único,Chuva,Fora da intersecção,Fora das localidades,Em pleno dia,Com inclinação,Recta,Em plena via,Colisão,SÁBADO       ,0,2,12,2009-12-24,11,ligeiro,Sim,Sim,Nao,10.9,1,1,12,84
43632,2010477733,Braga,41.474602000000004,-8.182677,ER207,55.2,2,0,0,1.0,50,Sem berma ou impraticável,Seco e limpo,Dois sentidos,Bom tempo,Fora da intersecção,Dentro das localidades,Em pleno dia,Em patamar,Recta,Na berma,Despiste,DOMINGO      ,0,1,12,2010-07-01,14,ligeiro,Sim,Nao,Sim,10.9,1,1,12,84
43638,2011527075,Braga,41.447990000000004,-8.491794,A3,34.36,2,1,0,2.0,120,Berma pavimentada,Húmido,Sentido único,Bom tempo,Fora da intersecção,Fora das localidades,Em pleno dia,Com inclinação,Curva,Em plena via,Despiste,DOMINGO      ,0,1,12,2011-03-31,7,ligeiro,Sim,Nao,Nao,10.9,1,1,12,84
43643,2008301975,Braga,41.736653999999994,-8.414941,EN101,66.0,1,0,0,1.0,50,Berma não pavimentada,Molhado,Dois sentidos,Chuva,NÃO DEFINIDO,Dentro das localidades,"Noite, sem iluminação",Em patamar,Recta,Em plena via,Colisão,SEXTA-FEIRA  ,0,2,12,2007-11-21,16,ligeiro,Nao,Sim,Nao,10.9,1,1,12,84
43647,2010491545,Braga,41.564068,-8.786214999999999,EN(d)13,48.0,1,0,0,1.0,50,Berma pavimentada,Seco e limpo,Dois sentidos,Bom tempo,Em entroncamento,Dentro das localidades,"Noite, com iluminação",Em patamar,Recta,Na berma,Despiste,TERÇA-FEIRA  ,0,1,12,2010-09-26,21,ligeiro,Nao,Nao,Sim,10.9,1,1,12,84
43653,2007282203,Braga,41.736103,-8.417686999999999,EN101,65.7,1,0,0,1.0,50,Berma não pavimentada,Molhado,Dois sentidos,Chuva,Fora da intersecção,Fora das localidades,Em pleno dia,Com inclinação,Curva,Em plena via,Colisão,SÁBADO       ,0,2,12,2007-05-07,16,ligeiro,Sim,Sim,Nao,10.9,1,1,12,84
43661,2007286864,Braga,41.569044,-8.788843,EN(d)13,48.6,2,0,0,1.0,50,Berma pavimentada,Molhado,Dois sentidos,Chuva,Fora da intersecção,Dentro das localidades,"Noite, com iluminação",Em patamar,Recta,Em plena via,Colisão,DOMINGO      ,0,2,12,2007-06-16,23,ligeiro,Nao,Sim,Nao,10.9,1,1,12,84
43669,2012608150,Braga,41.542421000000004,-8.782175,EN(d)13,45.55,1,0,0,1.0,50,Berma pavimentada,Seco e limpo,Dois sentidos,Bom tempo,Fora da intersecção,Dentro das localidades,Em pleno dia,Em patamar,Recta,Em plena via,Colisão,QUINTA-FEIRA ,0,3,12,2012-03-16,8,ligeiro,Sim,Nao,Sim,10.9,1,1,12,84
43684,2007273381,Braga,41.544686999999996,-8.782341,EN(d)13,45.8,1,0,0,1.0,50,Sem berma ou impraticável,Seco e limpo,Dois sentidos,Bom tempo,Em cruzamento,Dentro das localidades,Em pleno dia,Em patamar,Recta,Em plena via,Colisão,DOMINGO      ,0,2,12,2007-01-25,10,ligeiro,Sim,Nao,Sim,10.9,1,1,12,84
43709,2010453873,Braga,41.446346000000005,-8.494175,EN14,34.2,1,0,0,1.0,50,Berma não pavimentada,Seco e limpo,Dois sentidos,Bom tempo,Fora da intersecção,Dentro das localidades,Em pleno dia,Em patamar,Recta,Em plena via,Colisão,SEGUNDA-FEIRA,0,2,12,2010-03-04,17,ligeiro,Sim,Nao,Sim,10.9,1,1,12,84
43711,2009361323,Braga,41.541244,-8.782079,EN(d)13,45.42,0,1,0,1.0,50,Berma pavimentada,Seco e limpo,Dois sentidos,Bom tempo,Em entroncamento,Fora das localidades,Em pleno dia,Em patamar,Recta,Em plena via,Colisão,TERÇA-FEIRA  ,0,2,12,2009-02-23,15,ligeiro,Sim,Nao,Sim,10.9,1,1,12,84
43716,2007287109,Braga,41.444941,-8.492927,A3,34.0,3,0,0,2.0,120,Berma pavimentada,Molhado,Sentido único,Chuva,Fora da intersecção,Fora das localidades,Em pleno dia,Com inclinação,Curva,Em plena via,Colisão,SEGUNDA-FEIRA,0,3,12,2007-06-17,7,ligeiro,Sim,Sim,Nao,10.9,1,1,12,84
43738,2011527226,Braga,41.447917,-8.491864999999999,A3,34.35,1,0,0,2.0,110,Berma pavimentada,Húmido,Sentido único,Bom tempo,Fora da intersecção,Fora das localidades,Em pleno dia,Com inclinação,Curva,Em plena via,Despiste,DOMINGO      ,0,1,12,2011-03-31,7,ligeiro,Sim,Nao,Nao,10.9,1,1,12,84
43741,2010458711,Braga,41.442082,-8.493086,A3,33.68,1,1,0,2.0,120,Berma pavimentada,Molhado,Sentido único,Chuva,Fora da intersecção,Fora das localidades,Em pleno dia,Em patamar,Recta,Em plena via,Despiste,SEGUNDA-FEIRA,1,1,12,2010-04-02,11,ligeiro,Sim,Sim,Nao,10.9,1,1,12,84
43743,2007287117,Braga,41.564068,-8.786214999999999,EN(d)13,48.0,4,0,0,1.0,50,Berma pavimentada,Seco e limpo,Dois sentidos,Bom tempo,Em entroncamento,Dentro das localidades,"Noite, sem iluminação",Em patamar,Recta,Em plena via,Colisão,SEGUNDA-FEIRA,0,2,12,2007-06-23,0,ligeiro,Nao,Nao,Sim,10.9,1,1,12,84
43752,2012597499,Braga,41.5465,-8.782485000000001,EN(d)13,46.0,1,0,0,1.0,50,Berma pavimentada,Seco e limpo,Dois sentidos,Bom tempo,Em cruzamento,Dentro das localidades,"Noite, com iluminação",Em patamar,Recta,Em plena via,Colisão,SEGUNDA-FEIRA,0,2,12,2012-01-11,18,ligeiro,Nao,Nao,Sim,10.9,1,1,12,84
43757,2011561931,Braga,41.5465,-8.782485000000001,EN(d)13,46.0,4,0,0,1.0,50,Berma pavimentada,Seco e limpo,Dois sentidos,Bom tempo,Fora da intersecção,Dentro das localidades,Em pleno dia,Em patamar,Recta,Em plena via,Colisão,SÁBADO       ,0,3,12,2011-08-25,13,ligeiro,Sim,Nao,Sim,10.9,1,1,12,84
43759,2012618128,Braga,41.442256,-8.493021,A3,33.7,1,0,0,2.0,100,Berma pavimentada,Molhado,Sentido único,Chuva,Fora da intersecção,Fora das localidades,Em pleno dia,Com inclinação,Recta,Em plena via,Despiste,DOMINGO      ,0,1,12,2012-05-26,9,ligeiro,Sim,Sim,Nao,10.9,1,1,12,84
43764,2010464663,Braga,41.437388,-8.499792,EN14,33.14,1,0,0,1.0,50,Sem berma ou impraticável,Seco e limpo,Dois sentidos,Bom tempo,Em entroncamento,Dentro das localidades,Em pleno dia,Em patamar,Recta,Em plena via,Colisão,SEXTA-FEIRA  ,0,2,12,2010-05-20,14,ligeiro,Sim,Nao,Sim,10.9,1,1,12,84
43768,2010442041,Braga,41.448277000000004,-8.491502,A3,34.4,1,0,0,2.0,120,Berma pavimentada,Molhado,Sentido único,Chuva,Fora da intersecção,Fora das localidades,Em pleno dia,Em patamar,Curva,Em plena via,Despiste,QUARTA-FEIRA ,0,1,12,2010-01-03,10,ligeiro,Sim,Sim,Nao,10.9,1,1,12,84
43799,2011529675,Braga,41.643115,-8.635417,ER204,11.45,1,0,0,1.0,50,Sem berma ou impraticável,Seco e limpo,Dois sentidos,Bom tempo,Em cruzamento,Dentro das localidades,Em pleno dia,Em patamar,Recta,Em plena via,Colisão,QUINTA-FEIRA ,0,2,12,2011-04-15,7,ligeiro,Sim,Nao,Sim,10.9,1,1,12,84
43807,2011527225,Braga,41.448277000000004,-8.491502,A3,34.4,4,0,0,2.0,120,Berma pavimentada,Húmido,Sentido único,Bom tempo,Fora da intersecção,Fora das localidades,"Noite, sem iluminação",Com inclinação,Curva,Na berma,Despiste,DOMINGO      ,0,1,12,2011-03-31,3,ligeiro,Nao,Nao,Nao,10.9,1,1,12,84
43812,2012645518,Braga,41.753113,-8.422715,EN101,63.6,2,0,0,1.0,50,Sem berma ou impraticável,Molhado,Dois sentidos,Chuva,Fora da intersecção,Dentro das localidades,"Noite, sem iluminação",Com inclinação,Curva,Em plena via,Colisão,QUARTA-FEIRA ,0,2,12,2012-09-25,17,ligeiro,Nao,Sim,Nao,10.9,1,1,12,84
43824,2010441998,Braga,41.559086,-8.783497,EN(d)13,47.4,3,0,0,1.0,50,Berma pavimentada,Húmido,Dois sentidos,Chuva,Em entroncamento,Dentro das localidades,Em pleno dia,Em patamar,Recta,Em plena via,Colisão,SEGUNDA-FEIRA,1,2,12,2010-01-01,18,ligeiro,Sim,Sim,Nao,10.9,1,1,12,84
43826,2008317648,Braga,41.447387,-8.493597,EN14,34.32,1,0,0,1.0,50,Berma pavimentada,Molhado,Dois sentidos,Chuva,Fora da intersecção,Dentro das localidades,"Noite, com iluminação",Com inclinação,Recta,Na berma,Despiste,TERÇA-FEIRA  ,0,1,12,2008-02-24,2,ligeiro,Nao,Sim,Nao,10.9,1,1,12,84
43828,2009367544,Braga,41.439765,-8.496311,EN14,33.5,1,0,0,1.0,50,Berma pavimentada,Seco e limpo,Dois sentidos,Bom tempo,Fora da intersecção,Dentro das localidades,Aurora ou crepúsculo,Em patamar,Recta,Em plena via,Colisão,QUINTA-FEIRA ,0,2,12,2009-03-13,18,ligeiro,Nao,Nao,Sim,10.9,1,1,12,84
43829,2010491571,Braga,41.447771,-8.492007000000001,A3,34.33,1,0,0,2.0,120,Berma pavimentada,Húmido,Sentido único,Chuva,Fora da intersecção,Fora das localidades,Em pleno dia,Com inclinação,Curva,Em plena via,Despiste,SÁBADO       ,0,1,12,2010-09-07,10,ligeiro,Sim,Sim,Nao,10.9,1,1,12,84
43838,2009358715,Braga,41.448277000000004,-8.491502,A3,34.4,1,0,0,2.0,120,Berma pavimentada,Molhado,Sentido único,Chuva,Fora da intersecção,Fora das localidades,Em pleno dia,Com inclinação,Curva,Em plena via,Despiste,SÁBADO       ,0,1,12,2009-02-04,10,ligeiro,Sim,Sim,Nao,10.9,1,1,12,84
43841,2007292075,Braga,41.651454,-8.63217,ER204,10.5,1,0,0,2.0,80,Berma não pavimentada,Seco e limpo,Dois sentidos,Bom tempo,Fora da intersecção,Dentro das localidades,"Noite, sem iluminação",Em patamar,Recta,Na berma,Despiste,QUINTA-FEIRA ,0,1,12,2007-08-04,1,ligeiro,Nao,Nao,Sim,10.9,1,1,12,84
43853,2010424079,Braga,41.546679,-8.782498,EN(d)13,46.02,2,0,0,1.0,50,Berma pavimentada,Molhado,Dois sentidos,Chuva,Fora da intersecção,Dentro das localidades,"Noite, com iluminação",Em patamar,Recta,Em plena via,Colisão,SEGUNDA-FEIRA,0,2,12,2009-10-24,0,ligeiro,Nao,Sim,Nao,10.9,1,1,12,84
43854,2008322046,Braga,41.552832,-8.356086999999999,EN(d)309,48.5,1,0,0,1.0,50,NÃO DEFINIDO,Seco e limpo,Dois sentidos,Bom tempo,Fora da intersecção,Dentro das localidades,Em pleno dia,Em patamar,Recta,Em plena via,Colisão,QUINTA-FEIRA ,0,2,12,2008-03-03,7,ligeiro,Sim,Nao,Sim,10.9,1,1,12,84