,COD_ACIDENTE,DISTRITO,LATITUDE,LONGITUDE,VIA,KM,QT_FLIGEIROS,QT_FGRAVES,QT_MORTOS,QT_VIAS_SENTIDO,VEL_LIM_LOCAL,BERMA_VIA,CONDICAO_ADERENCIA,FAIXA_RODAGEM,FATOR_ATMOSFERICO,INTERSECAO_VIA,LOCALIZACAO,LUMINOSIDADE,PERFIL_VIA,PLANTA_VIA,SITUACAO_ACIDENTE,TIPO_NATUREZA,DIA_SEMANA,FLAG_FERIADO,QT_VEICULOS,COD_FREGUESIA,DATA,HORA,GRAVIDADE,ERA_DIA,MAU_TEMPO,ESTRADA_SECA,DENSIDADE_TOTAL,COD_DISTRITO_INE,COD_CONCELHO_INE,COD_FREGUESIA_INE,TOTAL
43861,2009387158,Braga,41.560790999999995,-8.784187,EN(d)13,47.6,3,0,0,1.0,50,Berma pavimentada,Seco e limpo,Dois sentidos,Bom tempo,Fora da intersecção,Dentro das localidades,Em pleno dia,Em patamar,Recta,Em plena via,Colisão,SÁBADO       ,0,2,12,2009-05-22,13,ligeiro,Sim,Nao,Sim,10.9,1,1,12,84
43876,2011529008,Braga,41.557283,-8.783338,EN(d)13,47.2,1,0,0,2.0,50,Berma pavimentada,Seco e limpo,Dois sentidos,Bom tempo,Fora da intersecção,Dentro das localidades,Em pleno dia,Em patamar,Recta,Em plena via,Colisão,QUARTA-FEIRA ,0,2,12,2011-03-05,18,ligeiro,Sim,Nao,Sim,10.9,1,1,12,84
43878,2009373795,Braga,41.650976,-8.63236,ER204,10.55,1,0,0,2.0,50,Sem berma ou impraticável,Seco e limpo,Dois sentidos,Bom tempo,Fora da intersecção,Dentro das localidades,Em pleno dia,Em patamar,Recta,Em plena via,Colisão,SÁBADO       ,0,2,12,2009-04-18,18,ligeiro,Sim,Nao,Sim,10.9,1,1,12,84
43894,2007273544,Braga,41.380537,-8.496999,EN204,41.7,0,1,0,1.0,50,Berma pavimentada,Seco e limpo,Dois sentidos,Bom tempo,Fora da intersecção,Dentro das localidades,Em pleno dia,Com inclinação,Recta,Em plena via,Atropelamento,SEXTA-FEIRA  ,0,1,20,2007-02-10,12,ligeiro,Sim,Nao,Sim,112.9,1,1,20,4877
43905,2007300167,Braga,41.624036,-8.137093,EN304,90.47,3,0,0,1.0,50,Sem berma ou impraticável,Seco e limpo,Dois sentidos,Bom tempo,NÃO DEFINIDO,Fora das localidades,Em pleno dia,Em patamar,Recta,Em plena via,Colisão,TERÇA-FEIRA  ,0,2,20,2007-10-21,16,ligeiro,Sim,Nao,Sim,112.9,1,1,20,4877
43910,2008307363,Braga,41.45682,-8.033732,A7,68.0,0,2,0,2.0,120,Berma pavimentada,Molhado,Sentido único,Chuva,Fora da intersecção,Fora das localidades,Em pleno dia,Com inclinação,Curva,Em plena via,Despiste,DOMINGO      ,0,1,20,2008-01-13,13,ligeiro,Sim,Sim,Nao,112.9,1,1,20,4877
43911,2008308059,Braga,41.625865000000005,-8.138008000000001,EN304,90.24,1,0,0,1.0,50,Berma não pavimentada,Seco e limpo,Dois sentidos,Bom tempo,NÃO DEFINIDO,Dentro das localidades,"Noite, com iluminação",Com inclinação,Curva,Na berma,Despiste,QUARTA-FEIRA ,0,1,20,2008-01-21,20,ligeiro,Nao,Nao,Sim,112.9,1,1,20,4877
43926,2008312348,Braga,41.457366,-8.033211999999999,A7,68.08,3,0,0,2.0,120,Berma pavimentada,Com água acumulada na faixa de rodagem,Sentido único,Chuva,Fora da intersecção,Fora das localidades,Em pleno dia,Com inclinação,Curva,Em plena via,Despiste,QUINTA-FEIRA ,0,1,20,2008-02-03,15,ligeiro,Sim,Sim,Nao,112.9,1,1,20,4877
43930,2008338271,Braga,41.384794,-8.497758000000001,A3,27.0,1,0,0,3.0,120,Sem berma ou impraticável,Seco e limpo,Sentido único,Bom tempo,Fora da intersecção,Fora das localidades,Em pleno dia,Em patamar,Recta,Em plena via,Despiste,SEGUNDA-FEIRA,0,1,20,2008-08-01,16,ligeiro,Sim,Nao,Sim,112.9,1,1,20,4877
43943,2009351812,Braga,41.481198,-8.460008,A3,39.1,1,0,0,2.0,120,Berma pavimentada,"Com gelo, geada ou neve",Sentido único,Bom tempo,Fora da intersecção,Fora das localidades,Em pleno dia,Com inclinação,Curva,Na berma,Despiste,DOMINGO      ,0,1,20,2008-12-15,8,ligeiro,Sim,Nao,Nao,112.9,1,1,20,4877
43961,2009373808,Braga,41.476113,-8.007761,EN206,72.48,1,0,0,1.0,90,Sem berma ou impraticável,Seco e limpo,Dois sentidos,Bom tempo,Fora da intersecção,Fora das localidades,Em pleno dia,Em patamar,Curva,Em plena via,Colisão,DOMINGO      ,0,2,20,2009-04-30,16,ligeiro,Sim,Nao,Sim,112.9,1,1,20,4877
43964,2009402451,Braga,41.481149,-8.458157,EN(d)103-2,8.75,0,0,1,2.0,50,Sem berma ou impraticável,Seco e limpo,Dois sentidos,Bom tempo,Fora da intersecção,Dentro das localidades,Em pleno dia,Com inclinação,Curva,Em plena via,Despiste,DOMINGO      ,0,1,20,2009-07-24,8,ligeiro,Sim,Nao,Sim,112.9,1,1,20,4877
43965,2009416079,Braga,41.476103,-8.007514,EN206,72.5,1,0,0,2.0,50,Sem berma ou impraticável,Húmido,Dois sentidos,Bom tempo,Fora da intersecção,Fora das localidades,Em pleno dia,Em patamar,Curva,Em plena via,Despiste,SÁBADO       ,0,1,20,2009-09-30,9,ligeiro,Sim,Nao,Nao,112.9,1,1,20,4877
43968,2010432521,Braga,41.457708000000004,-8.032927,A7,68.12,1,0,0,2.0,120,Berma pavimentada,Molhado,Sentido único,Chuva,Fora da intersecção,Fora das localidades,"Noite, sem iluminação",Com inclinação,Recta,Em plena via,Despiste,DOMINGO      ,0,1,20,2009-12-31,21,ligeiro,Nao,Sim,Nao,112.9,1,1,20,4877
43969,2010432527,Braga,41.383708,-8.491508999999999,A7,22.51,2,0,0,2.0,120,Berma pavimentada,Seco e limpo,Sentido único,Bom tempo,Fora da intersecção,Fora das localidades,"Noite, sem iluminação",Em patamar,Recta,Na berma,Despiste,TERÇA-FEIRA  ,0,1,20,2009-12-27,0,ligeiro,Nao,Nao,Sim,112.9,1,1,20,4877
43972,2010447048,Braga,41.465678000000004,-8.021326,EN206,70.4,1,0,0,2.0,50,Berma não pavimentada,Seco e limpo,Dois sentidos,Bom tempo,Fora da intersecção,Dentro das localidades,"Noite, com iluminação",Com inclinação,Curva,Em plena via,Colisão,QUARTA-FEIRA ,0,2,20,2010-02-12,22,ligeiro,Nao,Nao,Sim,112.9,1,1,20,4877
43975,2010462825,Braga,41.380537,-8.496999,EN204,41.7,3,0,1,1.0,50,Berma pavimentada,Húmido,Dois sentidos,Bom tempo,Fora da intersecção,Dentro das localidades,Em pleno dia,Em patamar,Recta,Em plena via,Colisão,QUINTA-FEIRA ,0,2,20,2010-05-25,15,grave,Sim,Nao,Nao,112.9,1,1,20,4877
43976,2010446029,Braga,41.3855,-8.497017,A3,27.1,3,0,0,3.0,120,Berma pavimentada,Seco e limpo,Sentido único,Bom tempo,Fora da intersecção,Fora das localidades,Em pleno dia,Com inclinação,Curva,Em plena via,Despiste,SÁBADO       ,0,1,20,2010-02-14,15,ligeiro,Sim,Nao,Sim,112.9,1,1,20,4877
43981,2010491573,Braga,41.453068,-8.044084,A7,67.03,2,0,0,2.0,120,Berma pavimentada,Seco e limpo,Sentido único,Bom tempo,Fora da intersecção,Fora das localidades,"Noite, sem iluminação",Com inclinação,Recta,Em plena via,Colisão,TERÇA-FEIRA  ,0,2,20,2010-09-26,22,ligeiro,Nao,Nao,Sim,112.9,1,1,20,4877
43984,2010496238,Braga,41.38514,-8.497375,A3,27.05,1,0,0,3.0,120,Berma pavimentada,Molhado,Sentido único,Chuva,Fora da intersecção,Fora das localidades,Em pleno dia,Com inclinação,Curva,Em plena via,Despiste,QUARTA-FEIRA ,0,1,20,2010-10-03,10,ligeiro,Sim,Sim,Nao,112.9,1,1,20,4877
43988,2011503620,Braga,41.481458,-8.449278,EN(d)103-2,9.5,0,0,1,1.0,50,Berma não pavimentada,Molhado,Dois sentidos,Chuva,Fora da intersecção,Dentro das localidades,"Noite, com iluminação",Em patamar,Recta,Em plena via,Atropelamento,QUINTA-FEIRA ,0,1,20,2010-11-29,18,ligeiro,Nao,Sim,Nao,112.9,1,1,20,4877
43996,2011549109,Braga,41.455765,-8.034469999999999,EN(d)304,117.65,1,0,0,1.0,90,Sem berma ou impraticável,Seco e limpo,Dois sentidos,Bom tempo,Fora da intersecção,Fora das localidades,"Noite, sem iluminação",Com inclinação,Curva,Em plena via,Despiste,QUINTA-FEIRA ,0,1,20,2011-06-16,0,ligeiro,Nao,Nao,Sim,112.9,1,1,20,4877
43997,2011555076,Braga,41.45682,-8.033732,A7,68.0,1,0,0,2.0,120,Berma pavimentada,Seco e limpo,Sentido único,Bom tempo,Fora da intersecção,Fora das localidades,"Noite, sem iluminação",Com inclinação,Curva,Na berma,Despiste,SÁBADO       ,0,1,20,2011-07-11,21,ligeiro,Nao,Nao,Sim,112.9,1,1,20,4877
43998,2011555120,Braga,41.44764,-8.070623,EN206,64.83,3,0,0,1.0,50,Berma pavimentada,Molhado,Dois sentidos,Chuva,Fora da intersecção,Fora das localidades,Em pleno dia,Em patamar,Curva,Em plena via,Despiste,QUARTA-FEIRA ,0,1,20,2011-07-08,15,ligeiro,Sim,Sim,Nao,112.9,1,1,20,4877
44006,2011568428,Braga,41.46917,-8.015971,EN206,71.05,1,0,0,1.0,50,Berma não pavimentada,Seco e limpo,Dois sentidos,Bom tempo,Fora da intersecção,Dentro das localidades,"Noite, com iluminação",Com inclinação,Recta,Em plena via,Despiste,SEXTA-FEIRA  ,0,1,20,2011-09-05,0,ligeiro,Nao,Nao,Sim,112.9,1,1,20,4877
44007,2011568449,Braga,41.627108,-8.138639999999999,EN304,90.05,3,0,0,1.0,50,Sem berma ou impraticável,Seco e limpo,Dois sentidos,Bom tempo,Fora da intersecção,Dentro das localidades,Em pleno dia,Em patamar,Recta,Em plena via,Colisão,SÁBADO       ,0,2,20,2011-09-06,15,ligeiro,Sim,Nao,Sim,112.9,1,1,20,4877
44017,2012600514,Braga,41.477837,-8.459119,A3,38.73,1,0,0,2.0,100,Berma não pavimentada,Molhado,Sentido único,Chuva,Fora da intersecção,Fora das localidades,Em pleno dia,Com inclinação,Curva,Em plena via,Despiste,SÁBADO       ,0,1,20,2012-02-01,9,ligeiro,Sim,Sim,Nao,112.9,1,1,20,4877
44023,2012632557,Braga,41.475988,-8.007321000000001,EN206,72.52,1,0,0,1.0,90,Sem berma ou impraticável,Molhado,Dois sentidos,Chuva,Fora da intersecção,Fora das localidades,Em pleno dia,Com inclinação,Curva,Na berma,Despiste,QUARTA-FEIRA ,0,1,20,2012-07-13,18,ligeiro,Sim,Sim,Nao,112.9,1,1,20,4877
44029,2012636908,Braga,41.476103,-8.007514,EN206,72.5,1,0,0,1.0,90,Sem berma ou impraticável,Molhado,Dois sentidos,Chuva,Fora da intersecção,Fora das localidades,Em pleno dia,Em patamar,Curva,Em plena via,Colisão,QUARTA-FEIRA ,0,2,20,2012-08-05,18,ligeiro,Sim,Sim,Nao,112.9,1,1,20,4877
44034,2013663495,Braga,41.6354,-8.150528,EN304,87.62,1,0,0,1.0,50,Berma não pavimentada,Húmido,Dois sentidos,Chuva,Em cruzamento,Dentro das localidades,Em pleno dia,Em patamar,Recta,Em plena via,Colisão,QUINTA-FEIRA ,0,2,20,2012-11-05,15,ligeiro,Sim,Sim,Nao,112.9,1,1,20,4877
44039,2010437201,Braga,41.378716,-8.493647,EN204,42.07,0,1,0,1.0,50,Berma não pavimentada,Seco e limpo,Dois sentidos,Bom tempo,Fora da intersecção,Dentro das localidades,Em pleno dia,Em patamar,Recta,Em plena via,Atropelamento,TERÇA-FEIRA  ,0,1,20,2010-01-08,11,ligeiro,Sim,Nao,Sim,112.9,1,1,20,4877
44041,2011567625,Braga,41.457308000000005,-8.042065,EN206,67.8,1,0,0,1.0,50,Berma pavimentada,Seco e limpo,Dois sentidos,Bom tempo,Fora da intersecção,Dentro das localidades,"Noite, com iluminação",Com inclinação,Recta,Na berma,Despiste,SÁBADO       ,0,1,20,2011-09-17,20,ligeiro,Nao,Nao,Sim,112.9,1,1,20,4877
44048,2009389469,Braga,41.4598,-8.031095,A7,68.4,1,0,0,3.0,120,Berma não pavimentada,Seco e limpo,Sentido único,Bom tempo,Fora da intersecção,Fora das localidades,"Noite, sem iluminação",Com inclinação,Curva,No passeio,Despiste,QUINTA-FEIRA ,0,1,20,2009-06-01,21,ligeiro,Nao,Nao,Sim,112.9,1,1,20,4877
44051,2011555939,Braga,41.457060999999996,-8.050121,EN206,67.07,4,0,0,1.0,50,Sem berma ou impraticável,Seco e limpo,Dois sentidos,Bom tempo,Fora da intersecção,Fora das localidades,Em pleno dia,Em patamar,Recta,Em plena via,Colisão,SÁBADO       ,0,2,20,2011-07-16,16,ligeiro,Sim,Nao,Sim,112.9,1,1,20,4877
44065,2007289642,Braga,41.458551,-8.032177,EN206,69.05,1,0,0,1.0,50,Berma pavimentada,Seco e limpo,Sentido único,Bom tempo,Fora da intersecção,Dentro das localidades,"Noite, com iluminação",Com inclinação,Recta,Em plena via,Despiste,DOMINGO      ,0,1,20,2007-07-15,21,ligeiro,Nao,Nao,Sim,112.9,1,1,20,4877
44074,2012620059,Braga,41.478790000000004,-8.458963,A3,38.83,4,0,0,2.0,100,Berma pavimentada,Molhado,Sentido único,Chuva,Fora da intersecção,Fora das localidades,Em pleno dia,Com inclinação,Curva,Em plena via,Despiste,QUINTA-FEIRA ,0,1,20,2012-05-07,12,ligeiro,Sim,Sim,Nao,112.9,1,1,20,4877
44078,2011500186,Braga,41.455668,-8.052398,EN206,66.8,4,0,0,1.0,90,Sem berma ou impraticável,Molhado,Dois sentidos,Chuva,Fora da intersecção,Fora das localidades,Em pleno dia,Com inclinação,Curva,Em plena via,Colisão,SEGUNDA-FEIRA,0,2,20,2010-10-29,12,ligeiro,Sim,Sim,Nao,112.9,1,1,20,4877
44085,2008333618,Braga,41.456445,-8.034277000000001,EN(d)304,117.5,1,0,0,2.0,90,Berma não pavimentada,Seco e limpo,Dois sentidos,Bom tempo,Fora da intersecção,Dentro das localidades,Em pleno dia,Em patamar,Curva,Em plena via,Colisão,SÁBADO       ,0,2,20,2008-07-24,14,ligeiro,Sim,Nao,Sim,112.9,1,1,20,4877
44086,2008307435,Braga,41.387227,-8.483686,A7,23.28,0,1,0,2.0,120,Berma pavimentada,Molhado,Sentido único,Chuva,Fora da intersecção,Fora das localidades,Em pleno dia,Em patamar,Curva,Em plena via,Despiste,SEXTA-FEIRA  ,0,1,20,2008-01-17,12,ligeiro,Sim,Sim,Nao,112.9,1,1,20,4877
44092,2008337946,Braga,41.457308000000005,-8.042065,EN206,67.8,1,0,0,1.0,50,Berma não pavimentada,Seco e limpo,Dois sentidos,Bom tempo,Fora da intersecção,Dentro das localidades,Em pleno dia,Com inclinação,Curva,Em plena via,Colisão,QUINTA-FEIRA ,0,2,20,2008-08-26,6,ligeiro,Sim,Nao,Sim,112.9,1,1,20,4877
44095,2009355982,Braga,41.465678000000004,-8.021326,EN206,70.4,1,0,0,1.0,50,Berma não pavimentada,"Com gelo, geada ou neve",Dois sentidos,Neve,Fora da intersecção,Dentro das localidades,Em pleno dia,Em patamar,Curva,Em plena via,Colisão,QUARTA-FEIRA ,0,2,20,2009-01-09,11,ligeiro,Sim,Sim,Nao,112.9,1,1,20,4877
44097,2010494958,Braga,41.481109000000004,-8.455222000000001,EN(d)103-2,9.0,0,0,1,1.0,50,Sem berma ou impraticável,Seco e limpo,Dois sentidos,Bom tempo,Fora da intersecção,Dentro das localidades,"Noite, com iluminação",Em patamar,Curva,Em plena via,Atropelamento,QUINTA-FEIRA ,0,1,20,2010-10-26,19,ligeiro,Nao,Nao,Sim,112.9,1,1,20,4877
44099,2008323883,Braga,41.517018,-8.643035000000001,ER205,20.38,1,0,0,1.0,50,Berma pavimentada,Molhado,Dois sentidos,Chuva,Em entroncamento,Dentro das localidades,Em pleno dia,Com inclinação,Recta,Em plena via,Despiste,SÁBADO       ,0,1,20,2008-04-19,7,ligeiro,Sim,Sim,Nao,112.9,1,1,20,4877
44103,2010496302,Braga,41.443373,-8.07419,EN206,64.25,1,0,0,1.0,50,Berma não pavimentada,Seco e limpo,Dois sentidos,Bom tempo,Fora da intersecção,Dentro das localidades,Em pleno dia,Em patamar,Recta,Em plena via,Colisão,TERÇA-FEIRA  ,0,2,20,2010-10-13,18,ligeiro,Sim,Nao,Sim,112.9,1,1,20,4877
44116,2011555119,Braga,41.443233,-8.074795,EN206,64.2,1,0,0,1.0,80,Berma não pavimentada,Seco e limpo,Dois sentidos,Bom tempo,Fora da intersecção,Fora das localidades,Em pleno dia,Com inclinação,Curva,Em plena via,Despiste,SEXTA-FEIRA  ,0,1,20,2011-07-10,17,ligeiro,Sim,Nao,Sim,112.9,1,1,20,4877
44130,2009394660,Braga,41.378302000000005,-8.492234,EN204,42.2,1,0,0,1.0,50,Berma não pavimentada,Seco e limpo,Dois sentidos,Bom tempo,Fora da intersecção,Dentro das localidades,Em pleno dia,Em patamar,Recta,Em plena via,Colisão,SEXTA-FEIRA  ,0,2,20,2009-07-06,14,ligeiro,Sim,Nao,Sim,112.9,1,1,20,4877
44131,2012606490,Braga,41.502878,-8.634312,A11,10.0,0,1,0,2.0,120,Berma pavimentada,Seco e limpo,Sentido único,Bom tempo,Fora da intersecção,Fora das localidades,Aurora ou crepúsculo,Em patamar,Recta,Em plena via,Despiste,SÁBADO       ,0,1,20,2012-03-12,18,ligeiro,Nao,Nao,Sim,112.9,1,1,20,4877
44140,2011540674,Braga,41.479975,-8.459195,A3,38.95,2,0,0,3.0,120,Berma pavimentada,Molhado,Sentido único,Chuva,Fora da intersecção,Fora das localidades,Em pleno dia,Com inclinação,Curva,Em plena via,Despiste,QUARTA-FEIRA ,1,1,20,2011-05-01,14,ligeiro,Sim,Sim,Nao,112.9,1,1,20,4877
44153,2008330094,Braga,41.38665,-8.48461,A7,23.18,1,0,0,2.0,120,Berma pavimentada,Seco e limpo,Sentido único,Bom tempo,Fora da intersecção,Fora das localidades,Em pleno dia,Em patamar,Curva,Em plena via,Colisão,TERÇA-FEIRA  ,0,2,20,2008-06-28,16,ligeiro,Sim,Nao,Sim,112.9,1,1,20,4877
44156,2013663299,Braga,41.475172,-8.006044000000001,EN206,72.7,3,0,0,1.0,90,Berma pavimentada,Molhado,Dois sentidos,Chuva,Fora da intersecção,Dentro das localidades,Em pleno dia,Em patamar,Recta,Na berma,Despiste,SEGUNDA-FEIRA,0,1,20,2012-11-08,8,ligeiro,Sim,Sim,Nao,112.9,1,1,20,4877
44160,2010476238,Braga,41.389914000000005,-8.480049000000001,A7,23.7,0,1,0,2.0,120,Berma pavimentada,Seco e limpo,Sentido único,Bom tempo,Fora da intersecção,Fora das localidades,"Noite, com iluminação",Em patamar,Curva,Em plena via,Despiste,QUINTA-FEIRA ,0,1,20,2010-07-04,3,ligeiro,Nao,Nao,Sim,112.9,1,1,20,4877
44182,2010477758,Braga,41.455558,-8.035464,A7,67.8,1,0,0,2.0,120,Sem berma ou impraticável,Seco e limpo,Sentido único,Bom tempo,Fora da intersecção,Fora das localidades,"Noite, sem iluminação",Com inclinação,Recta,Em plena via,Despiste,TERÇA-FEIRA  ,0,1,20,2010-07-08,0,ligeiro,Nao,Nao,Sim,112.9,1,1,20,4877
44197,2011514766,Braga,41.465537,-8.006447,A7,70.6,1,0,0,2.0,120,Berma pavimentada,Seco e limpo,Sentido único,Bom tempo,Fora da intersecção,Fora das localidades,"Noite, sem iluminação",Em patamar,Recta,Em plena via,Colisão,QUARTA-FEIRA ,0,2,20,2010-12-10,18,ligeiro,Nao,Nao,Sim,112.9,1,1,20,4877
44198,2008324542,Braga,41.388524,-8.495237,A3,27.47,1,0,0,2.0,120,Berma pavimentada,Seco e limpo,Sentido único,Bom tempo,Fora da intersecção,Fora das localidades,Em pleno dia,Com inclinação,Curva,Em plena via,Despiste,DOMINGO      ,0,1,20,2008-04-14,18,ligeiro,Sim,Nao,Sim,112.9,1,1,20,4877
44202,2011573945,Braga,41.465644,-8.019817999999999,EN206,70.53,1,0,0,1.0,50,Sem berma ou impraticável,Molhado,Dois sentidos,Chuva,Fora da intersecção,Dentro das localidades,Em pleno dia,Em patamar,Curva,Em plena via,Despiste,SEXTA-FEIRA  ,0,1,20,2011-10-26,12,ligeiro,Sim,Sim,Nao,112.9,1,1,20,4877
44238,2012636873,Braga,41.3855,-8.497017,A3,27.1,1,0,0,3.0,120,Sem berma ou impraticável,Seco e limpo,Sentido único,Bom tempo,Fora da intersecção,Fora das localidades,Aurora ou crepúsculo,Em patamar,Curva,Em plena via,Despiste,SEGUNDA-FEIRA,1,1,20,2012-08-15,6,ligeiro,Nao,Nao,Sim,112.9,1,1,20,4877
44251,2013667866,Braga,41.378999,-8.494382,EN204,42.0,0,0,1,1.0,50,Berma pavimentada,Molhado,Dois sentidos,Chuva,Fora da intersecção,Dentro das localidades,"Noite, sem iluminação",Em patamar,Recta,Em plena via,Atropelamento,SÁBADO       ,0,1,20,2012-12-05,6,ligeiro,Nao,Sim,Nao,112.9,1,1,20,4877
44259,2008348436,Braga,41.516523,-8.643697999999999,ER205,20.3,1,0,0,2.0,50,Berma pavimentada,Seco e limpo,Dois sentidos,Bom tempo,Fora da intersecção,Dentro das localidades,Em pleno dia,Em patamar,Recta,Em plena via,Colisão,DOMINGO      ,0,2,20,2008-11-11,11,ligeiro,Sim,Nao,Sim,112.9,1,1,20,4877
44267,2007277796,Braga,41.454113,-8.041144000000001,A7,67.3,1,0,0,2.0,120,Berma pavimentada,Seco e limpo,Sentido único,Bom tempo,Fora da intersecção,Fora das localidades,"Noite, sem iluminação",Com inclinação,Recta,Em plena via,Colisão,TERÇA-FEIRA  ,0,2,20,2007-03-30,22,ligeiro,Nao,Nao,Sim,112.9,1,1,20,4877
44271,2012636939,Braga,41.378999,-8.494382,EN204,42.0,1,0,0,1.0,50,Berma pavimentada,Seco e limpo,Sentido único,Bom tempo,Em rotunda,Dentro das localidades,Em pleno dia,Em patamar,Recta,Em plena via,Colisão,QUARTA-FEIRA ,0,2,20,2012-08-05,21,ligeiro,Sim,Nao,Sim,112.9,1,1,20,4877
44273,2012597901,Braga,41.481239,-8.45761,EN(d)103-2,8.8,1,0,0,1.0,50,Berma não pavimentada,Seco e limpo,Dois sentidos,Bom tempo,Fora da intersecção,Dentro das localidades,Em pleno dia,Em patamar,Curva,Em plena via,Despiste,QUARTA-FEIRA ,0,1,20,2012-01-29,14,ligeiro,Sim,Nao,Sim,112.9,1,1,20,4877
44282,2012608622,Braga,41.388349,-8.495292999999998,A3,27.45,1,0,0,3.0,120,Berma pavimentada,Seco e limpo,Sentido único,Bom tempo,Fora da intersecção,Fora das localidades,Em pleno dia,Com inclinação,Curva,Em plena via,Despiste,SEGUNDA-FEIRA,0,1,20,2012-03-08,15,ligeiro,Sim,Nao,Sim,112.9,1,1,20,4877
44287,2009358158,Braga,41.517146000000004,-8.642895,ER205,20.4,1,0,0,1.0,50,Berma não pavimentada,Molhado,Dois sentidos,Chuva,Em cruzamento,Dentro das localidades,"Noite, com iluminação",Em patamar,Recta,Em plena via,Colisão,QUINTA-FEIRA ,0,2,20,2009-01-21,22,ligeiro,Nao,Sim,Nao,112.9,1,1,20,4877
44288,2010488524,Braga,41.452599,-8.044964,A7,66.94,1,2,1,3.0,120,Berma pavimentada,Seco e limpo,Sentido único,Bom tempo,Fora da intersecção,Fora das localidades,"Noite, sem iluminação",Com inclinação,Recta,Em plena via,Colisão,TERÇA-FEIRA  ,0,3,20,2010-09-26,21,grave,Nao,Nao,Sim,112.9,1,1,20,4877
44334,2007278008,Braga,41.649648,-8.502222,EN201,51.65,1,0,0,1.0,50,Berma pavimentada,Seco e limpo,Dois sentidos,Bom tempo,Em entroncamento,Dentro das localidades,Em pleno dia,Em patamar,Recta,Em plena via,Colisão,SEGUNDA-FEIRA,0,2,16,2007-03-01,10,ligeiro,Sim,Nao,Sim,472.0,1,1,16,3554
44349,2007290933,Braga,41.64933,-8.499704,EN201,51.87,1,0,0,1.0,50,Berma não pavimentada,Molhado,Dois sentidos,Chuva,Em entroncamento,Dentro das localidades,Em pleno dia,Com inclinação,Curva,Em plena via,Colisão,TERÇA-FEIRA  ,0,3,16,2007-07-16,10,ligeiro,Sim,Sim,Nao,472.0,1,1,16,3554
44361,2007293149,Braga,41.648909,-8.181872,EN304,81.8,1,0,0,1.0,50,Berma não pavimentada,Seco e limpo,Dois sentidos,NÃO DEFINIDO,NÃO DEFINIDO,Dentro das localidades,"Noite, sem iluminação",Em patamar,Curva,Em plena via,Despiste,SÁBADO       ,0,1,16,2007-08-28,2,ligeiro,Nao,Sim,Sim,472.0,1,1,16,3554
44377,2008308803,Braga,41.654996000000004,-8.508563,EN201,50.8,1,0,0,1.0,50,Berma pavimentada,Húmido,Dois sentidos,Chuva,Em entroncamento,Dentro das localidades,"Noite, com iluminação",Em patamar,Recta,Em plena via,Colisão,SEXTA-FEIRA  ,0,2,16,2008-01-12,18,ligeiro,Nao,Sim,Nao,472.0,1,1,16,3554
44421,2008340881,Braga,41.42964,-8.513036,EN14,31.75,1,0,0,1.0,50,Berma pavimentada,Seco e limpo,Dois sentidos,Bom tempo,Fora da intersecção,Dentro das localidades,Em pleno dia,Com inclinação,Recta,Em plena via,Colisão,QUARTA-FEIRA ,0,3,16,2008-09-17,7,ligeiro,Sim,Nao,Sim,472.0,1,1,16,3554
44440,2008344029,Braga,41.654967,-8.507721,EN201,50.87,1,0,0,1.0,50,Berma pavimentada,Seco e limpo,Dois sentidos,Bom tempo,Fora da intersecção,Dentro das localidades,Em pleno dia,Com inclinação,Recta,Em plena via,Colisão,TERÇA-FEIRA  ,0,2,16,2008-10-09,10,ligeiro,Sim,Nao,Sim,472.0,1,1,16,3554
44443,2008337957,Braga,41.465852000000005,-7.954872999999999,EN210,3.28,2,0,0,1.0,50,Sem berma ou impraticável,Seco e limpo,Dois sentidos,Bom tempo,Fora da intersecção,Dentro das localidades,Em pleno dia,Em patamar,Curva,Em plena via,Colisão,QUINTA-FEIRA ,0,2,16,2008-08-26,9,ligeiro,Sim,Nao,Sim,472.0,1,1,16,3554
44464,2009371463,Braga,41.657306,-8.516589999999999,EN201,50.0,1,0,0,1.0,50,Sem berma ou impraticável,Seco e limpo,Dois sentidos,Bom tempo,Fora da intersecção,Dentro das localidades,"Noite, com iluminação",Com inclinação,Recta,Em plena via,Despiste,QUARTA-FEIRA ,0,1,16,2009-03-01,21,ligeiro,Nao,Nao,Sim,472.0,1,1,16,3554
44476,2009373212,Braga,41.461838,-7.959884,EN210,4.15,1,0,0,2.0,90,Berma não pavimentada,Molhado,Dois sentidos,Chuva,Fora da intersecção,Dentro das localidades,Em pleno dia,Com inclinação,Recta,Na berma,Despiste,SEXTA-FEIRA  ,0,1,16,2009-04-06,12,ligeiro,Sim,Sim,Nao,472.0,1,1,16,3554
44477,2009373229,Braga,41.641277,-8.185775,EN304,83.08,2,0,0,1.0,40,Berma pavimentada,Seco e limpo,Dois sentidos,Bom tempo,Em rotunda,Dentro das localidades,Em pleno dia,Em patamar,Recta,Em plena via,Despiste,QUINTA-FEIRA ,0,1,16,2009-04-05,16,ligeiro,Sim,Nao,Sim,472.0,1,1,16,3554