,COD_ACIDENTE,DISTRITO,LATITUDE,LONGITUDE,VIA,KM,QT_FLIGEIROS,QT_FGRAVES,QT_MORTOS,QT_VIAS_SENTIDO,VEL_LIM_LOCAL,BERMA_VIA,CONDICAO_ADERENCIA,FAIXA_RODAGEM,FATOR_ATMOSFERICO,INTERSECAO_VIA,LOCALIZACAO,LUMINOSIDADE,PERFIL_VIA,PLANTA_VIA,SITUACAO_ACIDENTE,TIPO_NATUREZA,DIA_SEMANA,FLAG_FERIADO,QT_VEICULOS,COD_FREGUESIA,DATA,HORA,GRAVIDADE,ERA_DIA,MAU_TEMPO,ESTRADA_SECA,DENSIDADE_TOTAL,COD_DISTRITO_INE,COD_CONCELHO_INE,COD_FREGUESIA_INE,TOTAL
44553,2010491564,Braga,41.42811,-8.497226,A3,32.05,1,0,0,2.0,120,Berma pavimentada,Seco e limpo,Sentido único,Bom tempo,Fora da intersecção,Fora das localidades,Em pleno dia,Em patamar,Recta,Em plena via,Colisão,QUARTA-FEIRA ,0,1,16,2010-09-21,11,ligeiro,Sim,Nao,Sim,472.0,1,1,16,3554
44599,2011555084,Braga,41.418799,-8.497749,ER206,23.25,1,0,0,1.0,50,Berma pavimentada,Seco e limpo,Dois sentidos,Bom tempo,Fora da intersecção,Dentro das localidades,Em pleno dia,Em patamar,Recta,Em plena via,Colisão,DOMINGO      ,0,2,16,2011-07-06,14,ligeiro,Sim,Nao,Sim,472.0,1,1,16,3554
44608,2011545266,Braga,41.435233000000004,-8.502661999999999,EN14,32.83,0,1,0,2.0,50,Sem berma ou impraticável,Seco e limpo,Dois sentidos,Bom tempo,Em cruzamento,Dentro das localidades,"Noite, com iluminação",Com inclinação,Recta,Em plena via,Atropelamento,QUARTA-FEIRA ,0,1,16,2011-06-27,23,ligeiro,Nao,Nao,Sim,472.0,1,1,16,3554
44618,2011573948,Braga,41.459628,-7.962852000000001,EN210,4.67,1,0,0,2.0,50,Berma pavimentada,Molhado,Dois sentidos,Chuva,Fora da intersecção,Dentro das localidades,Em pleno dia,Em patamar,Curva,Em plena via,Despiste,SEGUNDA-FEIRA,0,1,16,2011-10-23,16,ligeiro,Sim,Sim,Nao,472.0,1,1,16,3554
44629,2012593305,Braga,41.422903999999996,-8.516376,EN14,31.0,0,2,0,1.0,50,Berma pavimentada,Seco e limpo,Dois sentidos,Chuva,Fora da intersecção,Dentro das localidades,Em pleno dia,Com inclinação,Curva,Na berma,Despiste,QUARTA-FEIRA ,0,1,16,2012-03-04,8,ligeiro,Sim,Sim,Sim,472.0,1,1,16,3554
44644,2012618183,Braga,41.654996000000004,-8.508563,EN201,50.8,1,0,0,1.0,50,Berma pavimentada,Seco e limpo,Dois sentidos,Bom tempo,Fora da intersecção,Dentro das localidades,Em pleno dia,Com inclinação,Curva,Em plena via,Colisão,SEXTA-FEIRA  ,0,2,16,2012-05-30,14,ligeiro,Sim,Nao,Sim,472.0,1,1,16,3554
44669,2012638657,Braga,41.654288,-8.506926,EN201,50.97,3,0,0,1.0,50,Berma não pavimentada,Seco e limpo,Dois sentidos,Bom tempo,Fora da intersecção,Dentro das localidades,Em pleno dia,Em patamar,Recta,Em plena via,Despiste,SEGUNDA-FEIRA,0,1,16,2012-08-26,19,ligeiro,Sim,Nao,Sim,472.0,1,1,16,3554
44711,2011573820,Braga,41.657718,-8.517845,EN201,49.88,1,0,0,1.0,50,Berma pavimentada,Seco e limpo,Dois sentidos,Bom tempo,Fora da intersecção,Dentro das localidades,Em pleno dia,Com inclinação,Curva,Na berma,Despiste,TERÇA-FEIRA  ,0,1,16,2011-10-01,18,ligeiro,Sim,Nao,Sim,472.0,1,1,16,3554
44736,2008306518,Braga,41.64966,-8.502338,EN201,51.64,2,0,0,1.0,50,Berma pavimentada,Húmido,Dois sentidos,Bom tempo,Em entroncamento,Dentro das localidades,"Noite, com iluminação",Em patamar,Recta,Em plena via,Colisão,SÁBADO       ,0,2,16,2007-11-22,19,ligeiro,Nao,Nao,Nao,472.0,1,1,16,3554
44791,2009383194,Braga,41.641851,-8.185178,EN304,83.0,1,0,0,1.0,90,Berma não pavimentada,Seco e limpo,Dois sentidos,Bom tempo,Fora da intersecção,Fora das localidades,"Noite, sem iluminação",Em patamar,Recta,Em plena via,Despiste,QUARTA-FEIRA ,0,1,16,2009-05-31,1,ligeiro,Nao,Nao,Sim,472.0,1,1,16,3554
44803,2007300156,Braga,41.649627,-8.50187,EN201,51.68,1,0,0,1.0,80,NÃO DEFINIDO,Seco e limpo,Dois sentidos,Bom tempo,Fora da intersecção,Dentro das localidades,Em pleno dia,Com inclinação,Recta,Em plena via,Colisão,TERÇA-FEIRA  ,0,4,16,2007-10-27,12,ligeiro,Sim,Nao,Sim,472.0,1,1,16,3554
44818,2013669722,Braga,41.429918,-8.512899,EN14,31.78,1,0,0,1.0,50,Berma pavimentada,Húmido,Dois sentidos,Bom tempo,Fora da intersecção,Dentro das localidades,"Noite, com iluminação",Com inclinação,Recta,Em plena via,Colisão,SEXTA-FEIRA  ,0,4,16,2012-12-21,19,ligeiro,Nao,Nao,Nao,472.0,1,1,16,3554
44881,2010453743,Braga,41.654568,-8.513307000000001,EN201,50.4,1,0,0,1.0,50,Berma pavimentada,Húmido,Dois sentidos,Chuva,Fora da intersecção,Dentro das localidades,Em pleno dia,Com inclinação,Curva,Na berma,Despiste,QUINTA-FEIRA ,0,1,16,2010-03-07,14,ligeiro,Sim,Sim,Nao,472.0,1,1,16,3554
44886,2008337344,Braga,41.654912,-8.513715,EN201,50.35,1,0,0,2.0,50,Sem berma ou impraticável,Húmido,Dois sentidos,Bom tempo,Fora da intersecção,Dentro das localidades,Aurora ou crepúsculo,Em patamar,Recta,Em plena via,Colisão,QUINTA-FEIRA ,1,2,16,2008-08-15,6,ligeiro,Nao,Nao,Nao,472.0,1,1,16,3554
44903,2008302184,Braga,41.654816,-8.507414,EN201,50.9,1,0,0,1.0,50,Berma pavimentada,Seco e limpo,Dois sentidos,Bom tempo,Fora da intersecção,Dentro das localidades,Em pleno dia,Em patamar,Curva,Em plena via,Colisão,SEXTA-FEIRA  ,0,3,16,2007-11-27,15,ligeiro,Sim,Nao,Sim,472.0,1,1,16,3554
44920,2012579576,Braga,41.47117,-8.376056,A11,37.78,1,0,0,2.0,120,Berma pavimentada,Molhado,Sentido único,Nevoeiro,Fora da intersecção,Fora das localidades,"Noite, sem iluminação",Com inclinação,Curva,Em plena via,Despiste,SEXTA-FEIRA  ,1,1,16,2011-11-01,5,ligeiro,Nao,Sim,Nao,472.0,1,1,16,3554
44931,2008333793,Braga,41.654364,-8.512769,EN201,50.45,1,0,0,1.0,50,Sem berma ou impraticável,Molhado,Dois sentidos,Chuva,Fora da intersecção,Dentro das localidades,Em pleno dia,Com inclinação,Curva,Na berma,Despiste,DOMINGO      ,0,1,16,2008-07-25,7,ligeiro,Sim,Sim,Nao,472.0,1,1,16,3554
44935,2012597512,Braga,41.423758,-8.516172000000001,EN14,31.09,2,0,0,1.0,50,Berma pavimentada,Seco e limpo,Dois sentidos,Bom tempo,Fora da intersecção,Dentro das localidades,"Noite, com iluminação",Com inclinação,Recta,Na berma,Colisão,SÁBADO       ,0,2,16,2012-01-09,18,ligeiro,Nao,Nao,Sim,472.0,1,1,16,3554
44946,2008317547,Braga,41.42811,-8.497226,A3,32.05,1,0,0,2.0,120,Berma pavimentada,Seco e limpo,Sentido único,Bom tempo,Fora da intersecção,Fora das localidades,"Noite, sem iluminação",Com inclinação,Curva,Em plena via,Despiste,SÁBADO       ,0,1,16,2008-02-16,6,ligeiro,Nao,Nao,Sim,472.0,1,1,16,3554
44949,2011500382,Braga,41.657306,-8.516589999999999,EN201,50.0,4,0,0,1.0,50,Berma não pavimentada,Molhado,Dois sentidos,Chuva,Fora da intersecção,Dentro das localidades,Em pleno dia,Em patamar,Recta,Em plena via,Colisão,QUARTA-FEIRA ,0,1,16,2010-10-31,16,ligeiro,Sim,Sim,Nao,472.0,1,1,16,3554
44960,2010486982,Braga,41.643168,-8.183231,EN103,67.35,5,0,0,1.0,90,Sem berma ou impraticável,Seco e limpo,Dois sentidos,Bom tempo,Fora da intersecção,Fora das localidades,Em pleno dia,Em patamar,Recta,Em plena via,Colisão,QUINTA-FEIRA ,0,2,16,2010-08-13,19,ligeiro,Sim,Nao,Sim,472.0,1,1,16,3554
45011,2012620052,Braga,41.469595,-8.374286999999999,A11,38.0,1,0,0,3.0,120,Berma pavimentada,Seco e limpo,Sentido único,Bom tempo,Fora da intersecção,Fora das localidades,Em pleno dia,Com inclinação,Recta,Em plena via,Despiste,TERÇA-FEIRA  ,0,1,16,2012-05-11,19,ligeiro,Sim,Nao,Sim,472.0,1,1,16,3554
45016,2011517176,Braga,41.642047,-8.184968,EN304,82.97,1,0,0,1.0,80,Sem berma ou impraticável,Húmido,Dois sentidos,Chuva,Fora da intersecção,Fora das localidades,"Noite, com iluminação",Com inclinação,Curva,Na berma,Despiste,TERÇA-FEIRA  ,0,1,16,2011-01-18,18,ligeiro,Nao,Sim,Nao,472.0,1,1,16,3554
45029,2007293659,Braga,41.65503,-8.508321,EN201,50.82,2,0,0,1.0,50,NÃO DEFINIDO,Seco e limpo,Dois sentidos,Bom tempo,Em entroncamento,Dentro das localidades,Em pleno dia,Em patamar,Recta,Em plena via,Atropelamento,TERÇA-FEIRA  ,0,1,16,2007-08-31,16,ligeiro,Sim,Nao,Sim,472.0,1,1,16,3554
45032,2011574137,Braga,41.655255,-8.514124,EN201,50.3,1,0,0,1.0,50,Berma pavimentada,Molhado,Dois sentidos,Chuva,Fora da intersecção,Dentro das localidades,"Noite, sem iluminação",Em patamar,Recta,Em plena via,Atropelamento,QUINTA-FEIRA ,0,1,16,2011-10-31,18,ligeiro,Nao,Sim,Nao,472.0,1,1,16,3554
45052,2008340784,Braga,41.473217,-8.384964,A11,37.0,1,0,0,3.0,120,Berma pavimentada,Seco e limpo,Sentido único,Bom tempo,Fora da intersecção,Fora das localidades,Em pleno dia,Com inclinação,Curva,Em plena via,Despiste,SÁBADO       ,0,1,16,2008-09-25,18,ligeiro,Sim,Nao,Sim,472.0,1,1,16,3554
45068,2011511703,Braga,41.654816,-8.507414,EN201,50.9,1,0,0,1.0,50,Berma não pavimentada,Seco e limpo,Dois sentidos,Bom tempo,Fora da intersecção,Dentro das localidades,"Noite, com iluminação",Com inclinação,Curva,Em plena via,Colisão,DOMINGO      ,0,2,16,2010-12-13,19,ligeiro,Nao,Nao,Sim,472.0,1,1,16,3554
45071,2010477697,Braga,41.657246,-8.516496,EN201,50.01,1,0,0,1.0,50,Berma pavimentada,Seco e limpo,Dois sentidos,Bom tempo,Fora da intersecção,Dentro das localidades,Em pleno dia,Com inclinação,Recta,Em plena via,Despiste,SEXTA-FEIRA  ,0,1,16,2010-07-05,15,ligeiro,Sim,Nao,Sim,472.0,1,1,16,3554
45078,2012612755,Braga,41.471583,-8.376786,A11,37.7,1,0,0,2.0,120,Berma pavimentada,Seco e limpo,Sentido único,Bom tempo,Fora da intersecção,Fora das localidades,Em pleno dia,Com inclinação,Recta,Em plena via,Colisão,SÁBADO       ,0,2,16,2012-04-27,16,ligeiro,Sim,Nao,Sim,472.0,1,1,16,3554
45080,2009373242,Braga,41.468019,-7.953366,EN210,3.0,1,0,0,3.0,90,Berma não pavimentada,Húmido,Dois sentidos,Bom tempo,Fora da intersecção,Fora das localidades,Em pleno dia,Com inclinação,Curva,Em plena via,Colisão,QUARTA-FEIRA ,1,2,16,2009-04-10,9,ligeiro,Sim,Nao,Nao,472.0,1,1,16,3554
45089,2009391529,Braga,41.655019,-8.507957000000001,EN201,50.85,1,0,0,1.0,50,Berma pavimentada,Molhado,Dois sentidos,Chuva,Fora da intersecção,Dentro das localidades,Em pleno dia,Com inclinação,Curva,Em plena via,Despiste,SÁBADO       ,0,1,16,2009-06-08,13,ligeiro,Sim,Sim,Nao,472.0,1,1,16,3554
45099,2008321385,Braga,41.652934,-8.505797,EN201,51.15,1,0,0,1.0,50,Sem berma ou impraticável,Seco e limpo,Dois sentidos,Bom tempo,Em entroncamento,Dentro das localidades,Em pleno dia,Em patamar,Recta,Em plena via,Colisão,SÁBADO       ,1,2,16,2008-03-21,13,ligeiro,Sim,Nao,Sim,472.0,1,1,16,3554
45100,2012583087,Braga,41.654994,-8.507838000000001,EN201,50.86,1,0,0,1.0,40,Berma pavimentada,Molhado,Dois sentidos,Chuva,Fora da intersecção,Dentro das localidades,Aurora ou crepúsculo,Em patamar,Recta,Em plena via,Atropelamento,SEGUNDA-FEIRA,0,1,16,2011-11-15,7,ligeiro,Nao,Sim,Nao,472.0,1,1,16,3554
45104,2010477755,Braga,41.469974,-8.374626,A11,37.95,1,0,0,3.0,120,Berma pavimentada,Seco e limpo,Sentido único,Bom tempo,Fora da intersecção,Fora das localidades,Em pleno dia,Com inclinação,Curva,Em plena via,Colisão,SÁBADO       ,0,2,16,2010-07-06,12,ligeiro,Sim,Nao,Sim,472.0,1,1,16,3554
45111,2011561918,Braga,41.646304,-8.182074,EN103,67.8,1,0,0,1.0,50,Sem berma ou impraticável,Húmido,Dois sentidos,Chuva,Fora da intersecção,Fora das localidades,Em pleno dia,Em patamar,Curva,Na berma,Despiste,TERÇA-FEIRA  ,0,1,16,2011-08-22,14,ligeiro,Sim,Sim,Nao,472.0,1,1,16,3554
45159,2012645439,Braga,41.454524,-7.960319,EN210,5.65,2,0,0,1.0,70,Berma não pavimentada,Com óleo,Dois sentidos,Chuva,Fora da intersecção,Fora das localidades,Em pleno dia,Com inclinação,Recta,Em plena via,Despiste,DOMINGO      ,0,1,16,2012-09-23,15,ligeiro,Sim,Sim,Nao,472.0,1,1,16,3554
45161,2010486077,Braga,41.419138000000004,-8.49702,ER206,23.35,1,0,0,2.0,50,Berma pavimentada,Molhado,Dois sentidos,Chuva,Fora da intersecção,Dentro das localidades,Em pleno dia,Em patamar,Curva,Em plena via,Despiste,TERÇA-FEIRA  ,0,1,16,2010-08-23,13,ligeiro,Sim,Sim,Nao,472.0,1,1,16,3554
45168,2008322256,Braga,41.646245,-8.182403,EN103,67.77,1,0,0,1.0,50,Berma pavimentada,Molhado,Dois sentidos,Chuva,Fora da intersecção,Dentro das localidades,Em pleno dia,Em patamar,Recta,Em plena via,Colisão,SEXTA-FEIRA  ,0,2,16,2008-03-26,14,ligeiro,Sim,Sim,Nao,472.0,1,1,16,3554
45172,2013664933,Braga,41.646832,-8.184999000000001,EN304,82.35,1,0,0,1.0,50,Berma pavimentada,Húmido,Dois sentidos,Bom tempo,Fora da intersecção,Dentro das localidades,Em pleno dia,Em patamar,Curva,Em plena via,Colisão,QUARTA-FEIRA ,0,2,16,2012-11-21,10,ligeiro,Sim,Nao,Nao,472.0,1,1,16,3554
45181,2009416757,Braga,41.729366,-8.276095,EN307,33.79,2,0,0,1.0,50,Berma pavimentada,Seco e limpo,Dois sentidos,Bom tempo,Fora da intersecção,Dentro das localidades,Em pleno dia,Em patamar,Curva,Em plena via,Despiste,QUINTA-FEIRA ,0,1,16,2009-09-17,11,ligeiro,Sim,Nao,Sim,472.0,1,1,16,3554
45191,2012620054,Braga,41.416979,-8.507564,EN14,30.03,2,0,0,1.0,50,Berma pavimentada,Seco e limpo,Dois sentidos,Bom tempo,Fora da intersecção,Dentro das localidades,Em pleno dia,Com inclinação,Curva,Em plena via,Colisão,DOMINGO      ,0,4,16,2012-05-09,14,ligeiro,Sim,Nao,Sim,472.0,1,1,16,3554
45197,2010496335,Braga,41.649723,-8.502798,EN201,51.6,2,0,0,1.0,50,Berma pavimentada,Molhado,Sentido único,Chuva,Fora da intersecção,Dentro das localidades,Em pleno dia,Com inclinação,Curva,Em plena via,Colisão,QUINTA-FEIRA ,0,2,16,2010-10-09,9,ligeiro,Sim,Sim,Nao,472.0,1,1,16,3554
45199,2007277788,Braga,41.423875,-8.516149,EN14,31.1,1,0,0,1.0,50,Berma não pavimentada,Seco e limpo,Dois sentidos,Bom tempo,Fora da intersecção,Dentro das localidades,Em pleno dia,Com inclinação,Curva,Em plena via,Colisão,SEXTA-FEIRA  ,0,2,16,2007-03-27,9,ligeiro,Sim,Nao,Sim,472.0,1,1,16,3554
45211,2008307909,Braga,41.472457,-8.379439,A11,37.46,1,0,0,3.0,120,Berma pavimentada,Húmido,Sentido único,Bom tempo,Fora da intersecção,Fora das localidades,"Noite, sem iluminação",Com inclinação,Recta,Em plena via,Colisão,SÁBADO       ,0,2,16,2008-01-18,19,ligeiro,Nao,Nao,Nao,472.0,1,1,16,3554
45222,2008329028,Braga,41.654377000000004,-8.512402999999999,EN201,50.48,2,0,0,1.0,50,Berma pavimentada,Molhado,Dois sentidos,Chuva,Fora da intersecção,Dentro das localidades,"Noite, com iluminação",Com inclinação,Recta,Na berma,Despiste,QUINTA-FEIRA ,0,1,16,2008-05-10,0,ligeiro,Nao,Sim,Nao,472.0,1,1,16,3554
45243,2009367472,Braga,41.457529,-7.9613830000000005,EN210,5.23,1,0,0,1.0,50,Berma pavimentada,Seco e limpo,Dois sentidos,Bom tempo,Fora da intersecção,Dentro das localidades,Em pleno dia,Em patamar,Curva,Em plena via,Colisão,QUINTA-FEIRA ,0,2,16,2009-03-30,17,ligeiro,Sim,Nao,Sim,472.0,1,1,16,3554
45256,2007278503,Braga,41.649648,-8.502222,EN201,51.65,2,0,0,1.0,50,Sem berma ou impraticável,Seco e limpo,Dois sentidos,Bom tempo,Em entroncamento,Dentro das localidades,Em pleno dia,Com inclinação,Recta,Em plena via,Colisão,SEGUNDA-FEIRA,0,3,16,2007-03-29,10,ligeiro,Sim,Nao,Sim,472.0,1,1,16,3554
45282,2007277791,Braga,41.425734999999996,-8.515825,EN14,31.29,3,0,0,1.0,50,Sem berma ou impraticável,Seco e limpo,Dois sentidos,Bom tempo,Em entroncamento,Dentro das localidades,"Noite, com iluminação",Com inclinação,Recta,Em plena via,Colisão,DOMINGO      ,0,2,16,2007-03-28,20,ligeiro,Nao,Nao,Sim,472.0,1,1,16,3554
45295,2010491588,Braga,41.465806,-7.955089,EN210,3.3,5,0,0,2.0,50,Berma pavimentada,Seco e limpo,Dois sentidos,Bom tempo,Fora da intersecção,Dentro das localidades,Em pleno dia,Em patamar,Recta,Em plena via,Colisão,TERÇA-FEIRA  ,0,2,16,2010-09-20,17,ligeiro,Sim,Nao,Sim,472.0,1,1,16,3554
45299,2011573942,Braga,41.463202,-8.159482,EN206,51.35,3,0,0,1.0,50,Sem berma ou impraticável,Seco e limpo,Dois sentidos,Bom tempo,Fora da intersecção,Dentro das localidades,Em pleno dia,Com inclinação,Recta,Em plena via,Colisão,SÁBADO       ,0,2,16,2011-10-21,15,ligeiro,Sim,Nao,Sim,472.0,1,1,16,3554
45318,2008336867,Braga,41.652978999999995,-8.505834,EN201,51.14,0,1,0,1.0,50,Sem berma ou impraticável,Seco e limpo,Dois sentidos,Bom tempo,Fora da intersecção,Dentro das localidades,Em pleno dia,Em patamar,Recta,Em plena via,Colisão,DOMINGO      ,0,3,16,2008-08-06,12,ligeiro,Sim,Nao,Sim,472.0,1,1,16,3554
45340,2011529694,Braga,41.469974,-8.374626,A11,37.95,2,0,0,3.0,120,Berma pavimentada,Seco e limpo,Sentido único,Bom tempo,Fora da intersecção,Fora das localidades,Em pleno dia,Com inclinação,Recta,Em plena via,Despiste,SÁBADO       ,0,1,16,2011-04-16,12,ligeiro,Sim,Nao,Sim,472.0,1,1,16,3554
45350,2012600543,Braga,41.649723,-8.502798,EN201,51.6,1,0,0,1.0,50,Berma não pavimentada,Seco e limpo,Dois sentidos,Bom tempo,Fora da intersecção,Dentro das localidades,Aurora ou crepúsculo,Em patamar,Recta,Em plena via,Atropelamento,TERÇA-FEIRA  ,0,1,16,2012-02-15,18,ligeiro,Nao,Nao,Sim,472.0,1,1,16,3554
45356,2007281236,Braga,41.44062,-8.40508,ER206,33.0,1,0,0,1.0,50,Berma pavimentada,Seco e limpo,Dois sentidos,Bom tempo,Em entroncamento,Dentro das localidades,Em pleno dia,Em patamar,Recta,Em plena via,Colisão,TERÇA-FEIRA  ,0,2,19,2007-04-22,14,ligeiro,Sim,Nao,Sim,440.1,1,1,19,2732
45357,2007281256,Braga,41.660641999999996,-8.164981,EN103,70.5,1,0,0,1.0,50,Sem berma ou impraticável,Seco e limpo,Dois sentidos,Bom tempo,NÃO DEFINIDO,Dentro das localidades,Em pleno dia,Em patamar,Recta,Em plena via,Colisão,SEXTA-FEIRA  ,0,2,19,2007-04-19,16,ligeiro,Sim,Nao,Sim,440.1,1,1,19,2732
45373,2007300144,Braga,41.480748,-8.567046000000001,EN204,27.4,1,0,0,2.0,50,NÃO DEFINIDO,Seco e limpo,Dois sentidos,Bom tempo,Em entroncamento,Dentro das localidades,Em pleno dia,Em patamar,Curva,Em plena via,Colisão,QUARTA-FEIRA ,0,2,19,2007-10-22,16,ligeiro,Sim,Nao,Sim,440.1,1,1,19,2732
45375,2007300123,Braga,41.430638,-8.424441,ER206,31.0,1,0,0,1.0,50,Berma pavimentada,Seco e limpo,Dois sentidos,Bom tempo,Em entroncamento,Dentro das localidades,Em pleno dia,Em patamar,Recta,Em plena via,Atropelamento,SEGUNDA-FEIRA,0,1,19,2007-10-26,7,ligeiro,Sim,Nao,Sim,440.1,1,1,19,2732
45387,2008319547,Braga,41.480748,-8.567046000000001,EN204,27.4,1,2,0,1.0,50,Berma não pavimentada,Seco e limpo,Dois sentidos,Bom tempo,Fora da intersecção,Dentro das localidades,Em pleno dia,Em patamar,Recta,Em plena via,Colisão,SEXTA-FEIRA  ,0,2,19,2008-03-20,11,ligeiro,Sim,Nao,Sim,440.1,1,1,19,2732
45395,2008338429,Braga,41.429518,-8.426457000000001,ER206,30.8,1,0,0,1.0,50,Berma pavimentada,Com gravilha ou areia,Dois sentidos,Bom tempo,Em entroncamento,Dentro das localidades,Em pleno dia,Em patamar,Recta,Em plena via,Colisão,QUARTA-FEIRA ,0,3,19,2008-08-31,17,ligeiro,Sim,Nao,Nao,440.1,1,1,19,2732
45401,2008333596,Braga,41.572216999999995,-8.25624,ER205,66.79,1,0,0,1.0,50,Berma pavimentada,Seco e limpo,Dois sentidos,Bom tempo,Fora da intersecção,Dentro das localidades,"Noite, com iluminação",Com inclinação,Curva,Na berma,Despiste,QUARTA-FEIRA ,0,1,19,2008-07-16,4,ligeiro,Nao,Nao,Sim,440.1,1,1,19,2732
45402,2008333660,Braga,41.430638,-8.424441,ER206,31.0,2,0,0,1.0,50,Berma pavimentada,Seco e limpo,Dois sentidos,Bom tempo,Fora da intersecção,Dentro das localidades,Em pleno dia,Em patamar,Recta,Em plena via,Colisão,SEGUNDA-FEIRA,0,2,19,2008-07-26,16,ligeiro,Sim,Nao,Sim,440.1,1,1,19,2732
45409,2009358135,Braga,41.432929,-8.420327,ER206,31.42,1,0,0,2.0,50,Berma pavimentada,Molhado,Dois sentidos,Chuva,Em entroncamento,Dentro das localidades,"Noite, com iluminação",Em patamar,Recta,Em plena via,Atropelamento,SEGUNDA-FEIRA,0,1,19,2009-01-19,19,ligeiro,Nao,Sim,Nao,440.1,1,1,19,2732
45410,2008343924,Braga,41.583451000000004,-8.282193,EN205,63.7,1,0,0,1.0,50,Berma não pavimentada,Seco e limpo,Dois sentidos,Bom tempo,Fora da intersecção,Dentro das localidades,Em pleno dia,Em patamar,Recta,Em plena via,Despiste,SÁBADO       ,0,1,19,2008-10-07,12,ligeiro,Sim,Nao,Sim,440.1,1,1,19,2732
45414,2008344655,Braga,41.430526,-8.424642,ER206,30.98,2,0,0,1.0,50,Berma não pavimentada,Húmido,Dois sentidos,Chuva,Em cruzamento,Dentro das localidades,"Noite, com iluminação",Em Lomba,Recta,Em plena via,Colisão,SÁBADO       ,0,2,19,2008-10-29,21,ligeiro,Nao,Sim,Nao,440.1,1,1,19,2732
45416,2009355983,Braga,41.480779999999996,-8.187431,ER207,56.2,2,0,0,2.0,50,Sem berma ou impraticável,Seco e limpo,Dois sentidos,Bom tempo,Fora da intersecção,Dentro das localidades,Em pleno dia,Em patamar,Curva,Em plena via,Colisão,SEGUNDA-FEIRA,0,2,19,2009-01-08,11,ligeiro,Sim,Nao,Sim,440.1,1,1,19,2732
45438,2010424059,Braga,41.438486,-8.409798,ER206,32.55,1,0,0,1.0,50,Berma pavimentada,Com óleo,Dois sentidos,Bom tempo,Fora da intersecção,Dentro das localidades,Em pleno dia,Em patamar,Curva,Em plena via,Despiste,TERÇA-FEIRA  ,0,1,19,2009-10-14,16,ligeiro,Sim,Nao,Nao,440.1,1,1,19,2732
45447,2010441950,Braga,41.436461,-8.411152000000001,ER206,32.3,2,0,0,1.0,50,Berma pavimentada,Seco e limpo,Dois sentidos,Bom tempo,Fora da intersecção,Dentro das localidades,"Noite, com iluminação",Em patamar,Curva,Em plena via,Colisão,SEGUNDA-FEIRA,0,2,19,2010-01-24,23,ligeiro,Nao,Nao,Sim,440.1,1,1,19,2732
45448,2010456083,Braga,41.430078,-8.425449,ER206,30.9,1,0,0,1.0,50,Berma não pavimentada,Seco e limpo,Dois sentidos,Bom tempo,Fora da intersecção,Dentro das localidades,"Noite, sem iluminação",Em patamar,Recta,Em plena via,Atropelamento,QUINTA-FEIRA ,0,1,19,2010-04-10,21,ligeiro,Nao,Nao,Sim,440.1,1,1,19,2732
45449,2010456950,Braga,41.440611,-8.4051,ER206,33.0,1,0,0,1.0,50,Berma não pavimentada,Húmido,Dois sentidos,Chuva,Em entroncamento,Dentro das localidades,Em pleno dia,Em patamar,Recta,Em plena via,Colisão,SÁBADO       ,0,2,19,2010-04-17,18,ligeiro,Sim,Sim,Nao,440.1,1,1,19,2732
45456,2010464625,Braga,41.436825,-8.410796000000001,ER206,32.35,1,0,0,1.0,50,Berma pavimentada,Seco e limpo,Dois sentidos,Bom tempo,Em entroncamento,Dentro das localidades,Em pleno dia,Em patamar,Recta,Em plena via,Colisão,QUARTA-FEIRA ,0,2,19,2010-05-19,18,ligeiro,Sim,Nao,Sim,440.1,1,1,19,2732
45457,2010453721,Braga,41.432981,-8.420227,ER206,31.43,1,0,0,1.0,50,Sem berma ou impraticável,Molhado,Dois sentidos,Bom tempo,Fora da intersecção,Dentro das localidades,"Noite, com iluminação",Em patamar,Recta,Em plena via,Colisão,SEXTA-FEIRA  ,0,2,19,2010-03-02,21,ligeiro,Nao,Nao,Nao,440.1,1,1,19,2732
45460,2010486045,Braga,41.439206,-8.408242999999999,ER206,32.7,1,0,0,1.0,50,Berma pavimentada,Seco e limpo,Dois sentidos,Bom tempo,Em entroncamento,Dentro das localidades,Em pleno dia,Em patamar,Recta,Em plena via,Colisão,TERÇA-FEIRA  ,0,4,19,2010-08-23,14,ligeiro,Sim,Nao,Sim,440.1,1,1,19,2732
45463,2010477689,Braga,41.434108,-8.417174000000001,ER206,31.72,1,0,0,2.0,50,Berma pavimentada,Seco e limpo,Dois sentidos,Bom tempo,Fora da intersecção,Dentro das localidades,Em pleno dia,Com inclinação,Recta,Em plena via,Colisão,QUINTA-FEIRA ,0,3,19,2010-07-04,20,ligeiro,Sim,Nao,Sim,440.1,1,1,19,2732
45465,2010479438,Braga,41.434318,-8.415107,ER206,31.9,1,0,0,1.0,50,Berma pavimentada,Seco e limpo,Dois sentidos,Bom tempo,Fora da intersecção,Dentro das localidades,Em pleno dia,Em patamar,Recta,Em plena via,Atropelamento,SÁBADO       ,0,1,19,2010-07-28,8,ligeiro,Sim,Nao,Sim,440.1,1,1,19,2732
45469,2010496294,Braga,41.669940999999994,-8.180034,EN304,77.5,2,0,0,1.0,50,Sem berma ou impraticável,Seco e limpo,Dois sentidos,Bom tempo,Fora da intersecção,Dentro das localidades,"Noite, com iluminação",Em patamar,Recta,Na berma,Despiste,TERÇA-FEIRA  ,0,1,19,2010-10-02,4,ligeiro,Nao,Nao,Sim,440.1,1,1,19,2732