,COD_ACIDENTE,DISTRITO,LATITUDE,LONGITUDE,VIA,KM,QT_FLIGEIROS,QT_FGRAVES,QT_MORTOS,QT_VIAS_SENTIDO,VEL_LIM_LOCAL,BERMA_VIA,CONDICAO_ADERENCIA,FAIXA_RODAGEM,FATOR_ATMOSFERICO,INTERSECAO_VIA,LOCALIZACAO,LUMINOSIDADE,PERFIL_VIA,PLANTA_VIA,SITUACAO_ACIDENTE,TIPO_NATUREZA,DIA_SEMANA,FLAG_FERIADO,QT_VEICULOS,COD_FREGUESIA,DATA,HORA,GRAVIDADE,ERA_DIA,MAU_TEMPO,ESTRADA_SECA,DENSIDADE_TOTAL,COD_DISTRITO_INE,COD_CONCELHO_INE,COD_FREGUESIA_INE,TOTAL
45470,2011500410,Braga,41.483237,-8.565628,EN204,27.1,2,0,0,1.0,50,Berma não pavimentada,Seco e limpo,Dois sentidos,Bom tempo,Fora da intersecção,Dentro das localidades,Em pleno dia,Em patamar,Recta,Em plena via,Colisão,SÁBADO       ,0,2,19,2010-10-22,14,ligeiro,Sim,Nao,Sim,440.1,1,1,19,2732
45473,2011505954,Braga,41.440611,-8.4051,ER206,33.0,1,0,0,1.0,50,Sem berma ou impraticável,Húmido,Dois sentidos,Bom tempo,Fora da intersecção,Dentro das localidades,Aurora ou crepúsculo,Em patamar,Recta,Em plena via,Colisão,TERÇA-FEIRA  ,0,2,19,2010-11-11,5,ligeiro,Nao,Nao,Nao,440.1,1,1,19,2732
45480,2011519168,Braga,41.572778,-8.254653,ER205,66.94,1,0,0,1.0,50,Berma não pavimentada,Seco e limpo,Dois sentidos,Bom tempo,Fora da intersecção,Dentro das localidades,Em pleno dia,Com inclinação,Recta,Na berma,Despiste,QUARTA-FEIRA ,0,1,19,2011-01-13,14,ligeiro,Sim,Nao,Sim,440.1,1,1,19,2732
45483,2011523618,Braga,41.432279,-8.421505999999999,ER206,31.3,2,0,0,1.0,50,Berma pavimentada,Seco e limpo,Dois sentidos,Bom tempo,Fora da intersecção,Dentro das localidades,Em pleno dia,Em patamar,Recta,Em plena via,Colisão,SEGUNDA-FEIRA,0,2,19,2011-02-15,16,ligeiro,Sim,Nao,Sim,440.1,1,1,19,2732
45486,2011528994,Braga,41.58639,-8.283281,EN205,63.35,1,0,0,1.0,50,Berma não pavimentada,Húmido,Dois sentidos,Chuva,Fora da intersecção,Dentro das localidades,Em pleno dia,Em patamar,Curva,Na berma,Despiste,SEGUNDA-FEIRA,0,1,19,2011-03-15,7,ligeiro,Sim,Sim,Nao,440.1,1,1,19,2732
45487,2011529005,Braga,41.440611,-8.4051,ER206,33.0,1,0,0,1.0,50,Berma pavimentada,Seco e limpo,Dois sentidos,Bom tempo,Fora da intersecção,Dentro das localidades,Em pleno dia,Em patamar,Recta,Em plena via,Colisão,SEXTA-FEIRA  ,0,2,19,2011-03-07,14,ligeiro,Sim,Nao,Sim,440.1,1,1,19,2732
45493,2011555948,Braga,41.667352,-8.180338,EN304,77.98,1,0,0,1.0,50,Berma pavimentada,Seco e limpo,Dois sentidos,Bom tempo,Fora da intersecção,Dentro das localidades,Em pleno dia,Em patamar,Recta,Em plena via,Despiste,SÁBADO       ,0,1,19,2011-07-11,15,ligeiro,Sim,Nao,Sim,440.1,1,1,19,2732
45494,2011555958,Braga,41.434145,-8.417657,ER206,31.68,1,0,0,1.0,50,Berma não pavimentada,Seco e limpo,Dois sentidos,Bom tempo,Fora da intersecção,Dentro das localidades,"Noite, com iluminação",Em patamar,Recta,Em plena via,Colisão,DOMINGO      ,0,2,19,2011-07-23,0,ligeiro,Nao,Nao,Sim,440.1,1,1,19,2732
45497,2011563858,Braga,41.56837,-8.269171,ER310,0.9,1,0,0,1.0,50,Sem berma ou impraticável,Seco e limpo,Dois sentidos,Bom tempo,Em entroncamento,Dentro das localidades,Em pleno dia,Em patamar,Recta,Em plena via,Colisão,TERÇA-FEIRA  ,0,2,19,2011-08-11,10,ligeiro,Sim,Nao,Sim,440.1,1,1,19,2732
45498,2011561927,Braga,41.430638,-8.424441,ER206,31.0,2,0,0,1.0,50,Berma pavimentada,Seco e limpo,Dois sentidos,Bom tempo,Fora da intersecção,Dentro das localidades,Em pleno dia,Em patamar,Recta,Em plena via,Colisão,TERÇA-FEIRA  ,0,4,19,2011-08-22,17,ligeiro,Sim,Nao,Sim,440.1,1,1,19,2732
45502,2012589889,Braga,41.572509000000004,-8.261324,ER205,66.35,2,0,0,1.0,50,Berma não pavimentada,Molhado,Dois sentidos,Chuva,Em entroncamento,Dentro das localidades,Em pleno dia,Com inclinação,Recta,Em plena via,Colisão,TERÇA-FEIRA  ,0,2,19,2011-12-14,12,ligeiro,Sim,Sim,Nao,440.1,1,1,19,2732
45505,2012578902,Braga,41.428722,-8.427887,ER206,30.66,0,0,1,1.0,50,Berma não pavimentada,Seco e limpo,Dois sentidos,Bom tempo,Fora da intersecção,Dentro das localidades,Em pleno dia,Em patamar,Recta,Na berma,Atropelamento,SÁBADO       ,0,1,19,2011-11-19,13,ligeiro,Sim,Nao,Sim,440.1,1,1,19,2732
45510,2012611618,Braga,41.431731,-8.422483,ER206,31.2,1,1,0,1.0,50,Berma não pavimentada,Seco e limpo,Dois sentidos,Bom tempo,Em entroncamento,Dentro das localidades,Em pleno dia,Em patamar,Recta,Em plena via,Colisão,TERÇA-FEIRA  ,0,2,19,2012-04-01,14,ligeiro,Sim,Nao,Sim,440.1,1,1,19,2732
45513,2012626675,Braga,41.434857,-8.414122,ER206,32.0,1,0,0,1.0,50,Berma pavimentada,Seco e limpo,Dois sentidos,Bom tempo,Em cruzamento,Dentro das localidades,Aurora ou crepúsculo,Em patamar,Recta,Em plena via,Colisão,QUARTA-FEIRA ,0,2,19,2012-06-26,21,ligeiro,Nao,Nao,Sim,440.1,1,1,19,2732
45514,2012609139,Braga,41.434318,-8.415107,ER206,31.9,1,0,0,1.0,50,Berma não pavimentada,Seco e limpo,Dois sentidos,Bom tempo,Fora da intersecção,Dentro das localidades,Em pleno dia,Em patamar,Recta,Em plena via,Colisão,SÁBADO       ,0,2,19,2012-03-12,17,ligeiro,Sim,Nao,Sim,440.1,1,1,19,2732
45515,2012608641,Braga,41.57485,-8.274312,EN205,65.05,1,0,0,1.0,50,Sem berma ou impraticável,Húmido,Dois sentidos,Bom tempo,Fora da intersecção,Dentro das localidades,Em pleno dia,Com inclinação,Recta,Em plena via,Colisão,SEGUNDA-FEIRA,0,2,19,2012-03-03,12,ligeiro,Sim,Nao,Nao,440.1,1,1,19,2732
45519,2012645010,Braga,41.436461,-8.411152000000001,ER206,32.3,1,0,0,1.0,50,Berma pavimentada,Seco e limpo,Dois sentidos,Bom tempo,Em cruzamento,Dentro das localidades,"Noite, com iluminação",Em patamar,Curva,Em plena via,Colisão,TERÇA-FEIRA  ,0,2,19,2012-09-13,19,ligeiro,Nao,Nao,Sim,440.1,1,1,19,2732
45521,2012637169,Braga,41.583451000000004,-8.282193,EN205,63.7,1,0,0,1.0,50,Berma não pavimentada,Seco e limpo,Dois sentidos,Bom tempo,Em cruzamento,Dentro das localidades,Em pleno dia,Em patamar,Curva,Em plena via,Colisão,QUINTA-FEIRA ,0,3,19,2012-08-06,18,ligeiro,Sim,Nao,Sim,440.1,1,1,19,2732
45522,2012637173,Braga,41.58639,-8.283281,EN205,63.35,1,0,0,1.0,50,Berma não pavimentada,Seco e limpo,Dois sentidos,Bom tempo,Fora da intersecção,Dentro das localidades,Em pleno dia,Com inclinação,Recta,Em plena via,Colisão,SEGUNDA-FEIRA,0,2,19,2012-08-09,14,ligeiro,Sim,Nao,Sim,440.1,1,1,19,2732
45525,2013663329,Braga,41.438103999999996,-8.410126,ER206,32.5,1,0,0,1.0,50,Berma pavimentada,Molhado,Dois sentidos,Chuva,Fora da intersecção,Dentro das localidades,"Noite, com iluminação",Em patamar,Recta,Em plena via,Despiste,SÁBADO       ,0,1,19,2012-11-01,0,ligeiro,Nao,Sim,Nao,440.1,1,1,19,2732
45550,2009359666,Braga,41.434857,-8.414122,ER206,32.0,1,0,0,1.0,50,Berma pavimentada,Seco e limpo,Dois sentidos,Bom tempo,Em entroncamento,Dentro das localidades,Em pleno dia,Em patamar,Recta,Em plena via,Colisão,DOMINGO      ,0,2,19,2009-02-21,11,ligeiro,Sim,Nao,Sim,440.1,1,1,19,2732
45552,2010442856,Braga,41.565819,-8.267656,ER310,1.22,2,0,0,1.0,50,Berma pavimentada,Molhado,Dois sentidos,Chuva,Fora da intersecção,Dentro das localidades,Aurora ou crepúsculo,Em patamar,Recta,Em plena via,Colisão,TERÇA-FEIRA  ,0,2,19,2010-01-13,7,ligeiro,Nao,Sim,Nao,440.1,1,1,19,2732
45553,2009373487,Braga,41.666612,-8.157164,EN103,71.65,1,0,0,1.0,50,Berma pavimentada,Molhado,Dois sentidos,Chuva,Fora da intersecção,Dentro das localidades,Em pleno dia,Em patamar,Recta,Em plena via,Colisão,QUARTA-FEIRA ,0,2,19,2009-04-27,13,ligeiro,Sim,Sim,Nao,440.1,1,1,19,2732
45556,2011519195,Braga,41.430638,-8.424441,ER206,31.0,1,0,0,1.0,50,Berma pavimentada,Seco e limpo,Dois sentidos,Bom tempo,Em cruzamento,Dentro das localidades,"Noite, sem iluminação",Com inclinação,Recta,Em plena via,Atropelamento,SEXTA-FEIRA  ,0,1,19,2011-01-15,6,ligeiro,Nao,Nao,Sim,440.1,1,1,19,2732
45557,2010477739,Braga,41.478383,-8.187039,ER207,55.9,1,0,0,1.0,50,Sem berma ou impraticável,Seco e limpo,Dois sentidos,Bom tempo,Fora da intersecção,Dentro das localidades,Em pleno dia,Em patamar,Recta,Em plena via,Colisão,SEGUNDA-FEIRA,0,2,19,2010-07-13,8,ligeiro,Sim,Nao,Sim,440.1,1,1,19,2732
45559,2011542162,Braga,41.584277,-8.282617,EN205,63.6,1,0,0,1.0,50,Berma pavimentada,Seco e limpo,Dois sentidos,Bom tempo,Fora da intersecção,Dentro das localidades,Em pleno dia,Com inclinação,Curva,Em plena via,Colisão,SEGUNDA-FEIRA,0,2,19,2011-05-22,12,ligeiro,Sim,Nao,Sim,440.1,1,1,19,2732
45560,2011547926,Braga,41.578773999999996,-8.277666,EN205,64.5,1,0,0,1.0,50,Sem berma ou impraticável,Seco e limpo,Dois sentidos,Bom tempo,Em entroncamento,Dentro das localidades,Em pleno dia,Com inclinação,Curva,Em plena via,Colisão,SEGUNDA-FEIRA,0,2,19,2011-06-03,10,ligeiro,Sim,Nao,Sim,440.1,1,1,19,2732
45568,2013656979,Braga,41.434857,-8.414122,ER206,32.0,2,0,0,1.0,50,Berma pavimentada,Seco e limpo,Dois sentidos,Bom tempo,Fora da intersecção,Dentro das localidades,"Noite, sem iluminação",Com inclinação,Recta,Em plena via,Colisão,QUINTA-FEIRA ,0,2,19,2012-10-13,20,ligeiro,Nao,Nao,Sim,440.1,1,1,19,2732
45569,2010496287,Braga,41.573357,-8.253575999999999,ER205,67.05,1,0,0,1.0,50,Berma pavimentada,Molhado,Dois sentidos,Chuva,Fora da intersecção,Fora das localidades,Em pleno dia,Com inclinação,Recta,No passeio,Despiste,DOMINGO      ,0,1,19,2010-10-06,11,ligeiro,Sim,Sim,Nao,440.1,1,1,19,2732
45578,2012637176,Braga,41.583090000000006,-8.280858,EN205,63.85,2,0,0,1.0,50,Berma pavimentada,Seco e limpo,Dois sentidos,Bom tempo,Fora da intersecção,Dentro das localidades,Em pleno dia,Em patamar,Curva,Em plena via,Colisão,SÁBADO       ,0,2,19,2012-08-13,18,ligeiro,Sim,Nao,Sim,440.1,1,1,19,2732
45583,2008310551,Braga,41.434587,-8.414614,ER206,31.95,1,0,0,1.0,80,Berma não pavimentada,Seco e limpo,Dois sentidos,Bom tempo,Em cruzamento,Dentro das localidades,Em pleno dia,Em patamar,Recta,Em plena via,Colisão,QUARTA-FEIRA ,0,2,19,2008-02-08,17,ligeiro,Sim,Nao,Sim,440.1,1,1,19,2732
45585,2012606980,Braga,41.431075,-8.423657,ER206,31.08,0,1,0,1.0,50,Berma pavimentada,Seco e limpo,Dois sentidos,Bom tempo,Fora da intersecção,Dentro das localidades,Sol escandeante,Em patamar,Recta,Em plena via,Atropelamento,DOMINGO      ,0,1,19,2012-03-30,8,ligeiro,Sim,Nao,Sim,440.1,1,1,19,2732
45598,2008333072,Braga,41.434089,-8.418013,ER206,31.65,2,0,0,1.0,50,Berma pavimentada,Seco e limpo,Dois sentidos,Bom tempo,Em entroncamento,Dentro das localidades,Em pleno dia,Em patamar,Recta,Em plena via,Despiste,SEXTA-FEIRA  ,0,1,19,2008-07-12,7,ligeiro,Sim,Nao,Sim,440.1,1,1,19,2732
45601,2011539820,Braga,41.430638,-8.424441,ER206,31.0,2,0,0,1.0,50,Berma não pavimentada,Seco e limpo,Reversível,Bom tempo,Fora da intersecção,Dentro das localidades,"Noite, com iluminação",Em patamar,Recta,Em plena via,Colisão,QUARTA-FEIRA ,0,2,19,2011-05-12,9,ligeiro,Nao,Nao,Sim,440.1,1,1,19,2732
45606,2009373812,Braga,41.586813,-8.283461,EN205,63.3,3,0,0,1.0,50,Berma pavimentada,Molhado,Dois sentidos,Chuva,Fora da intersecção,Dentro das localidades,Em pleno dia,Com inclinação,Recta,Em plena via,Colisão,DOMINGO      ,0,2,19,2009-04-30,11,ligeiro,Sim,Sim,Nao,440.1,1,1,19,2732
45628,2012631586,Braga,41.480748,-8.567046000000001,EN204,27.4,1,0,0,1.0,50,Berma não pavimentada,Seco e limpo,Dois sentidos,Bom tempo,Em entroncamento,Dentro das localidades,Em pleno dia,Em patamar,Recta,Em plena via,Colisão,QUARTA-FEIRA ,0,2,19,2012-07-30,12,ligeiro,Sim,Nao,Sim,440.1,1,1,19,2732
45639,2012618122,Braga,41.572998999999996,-8.253938,ER205,67.0,2,0,0,2.0,50,Sem berma ou impraticável,Seco e limpo,Dois sentidos,Bom tempo,Fora da intersecção,Dentro das localidades,"Noite, sem iluminação",Com inclinação,Curva,Na berma,Despiste,SÁBADO       ,0,1,19,2012-05-25,23,ligeiro,Nao,Nao,Sim,440.1,1,1,19,2732
45640,2008322041,Braga,41.581419,-8.277552,EN205,64.2,1,0,0,1.0,50,Berma pavimentada,Seco e limpo,Dois sentidos,Bom tempo,Em entroncamento,Dentro das localidades,Em pleno dia,Em patamar,Curva,Em plena via,Colisão,QUINTA-FEIRA ,0,2,19,2008-03-03,15,ligeiro,Sim,Nao,Sim,440.1,1,1,19,2732
45663,2010442376,Braga,41.480119,-8.187533,ER207,56.12,2,0,0,1.0,90,Berma não pavimentada,Seco e limpo,Dois sentidos,Bom tempo,Fora da intersecção,Fora das localidades,Em pleno dia,Em patamar,Curva,Em plena via,Colisão,SÁBADO       ,0,2,19,2010-01-22,14,ligeiro,Sim,Nao,Sim,440.1,1,1,19,2732
45666,2012600622,Braga,41.484068,-8.189436,ER207,56.7,1,0,0,1.0,50,Berma não pavimentada,Seco e limpo,Sentido único,Bom tempo,Em entroncamento,Dentro das localidades,Em pleno dia,Em patamar,Curva,Em plena via,Colisão,SÁBADO       ,0,2,19,2012-02-18,14,ligeiro,Sim,Nao,Sim,440.1,1,1,19,2732
45669,2011549117,Braga,41.562086,-8.267614,ER310,1.63,1,0,0,1.0,50,Berma não pavimentada,Seco e limpo,Dois sentidos,Bom tempo,Fora da intersecção,Dentro das localidades,Aurora ou crepúsculo,Em patamar,Recta,Na berma,Despiste,DOMINGO      ,0,1,19,2011-06-24,6,ligeiro,Nao,Nao,Sim,440.1,1,1,19,2732
45676,2011506736,Braga,41.429295,-8.426861,ER206,30.76,1,0,0,1.0,50,Berma não pavimentada,Húmido,Dois sentidos,Bom tempo,Fora da intersecção,Dentro das localidades,"Noite, com iluminação",Em patamar,Recta,Em plena via,Atropelamento,DOMINGO      ,0,1,19,2010-11-20,17,ligeiro,Nao,Nao,Nao,440.1,1,1,19,2732
45685,2007281235,Braga,41.432824,-8.420525999999999,ER206,31.4,1,0,0,1.0,50,Berma pavimentada,Seco e limpo,Dois sentidos,Bom tempo,NÃO DEFINIDO,Dentro das localidades,"Noite, com iluminação",Em patamar,Recta,Em plena via,Colisão,SEGUNDA-FEIRA,0,2,19,2007-04-21,1,ligeiro,Nao,Nao,Sim,440.1,1,1,19,2732
45692,2012632598,Braga,41.434749,-8.414319,ER206,31.98,2,0,0,1.0,50,Berma pavimentada,Seco e limpo,Dois sentidos,Bom tempo,Fora da intersecção,Dentro das localidades,Em pleno dia,Em patamar,Recta,Em plena via,Colisão,SÁBADO       ,0,2,19,2012-07-04,17,ligeiro,Sim,Nao,Sim,440.1,1,1,19,2732
45694,2013670448,Braga,41.430638,-8.424441,ER206,31.0,1,0,0,1.0,50,Berma pavimentada,Seco e limpo,Dois sentidos,Bom tempo,Em cruzamento,Dentro das localidades,"Noite, com iluminação",Em patamar,Recta,Em plena via,Colisão,SÁBADO       ,0,2,19,2012-12-11,17,ligeiro,Nao,Nao,Sim,440.1,1,1,19,2732
45712,2007299736,Braga,41.571098,-8.37492,EN(d)103,44.2,2,0,0,1.0,50,Sem berma ou impraticável,Seco e limpo,Dois sentidos,Bom tempo,Fora da intersecção,Fora das localidades,Em pleno dia,Em patamar,Curva,Em plena via,Colisão,TERÇA-FEIRA  ,0,2,19,2007-10-21,17,ligeiro,Sim,Nao,Sim,440.1,1,1,19,2732
45716,2007283701,Braga,41.432981,-8.420227,ER206,31.43,1,0,0,1.0,50,Berma pavimentada,Molhado,Dois sentidos,Chuva,Fora da intersecção,Dentro das localidades,Em pleno dia,Em patamar,Recta,Em plena via,Atropelamento,DOMINGO      ,0,1,19,2007-05-24,17,ligeiro,Sim,Sim,Nao,440.1,1,1,19,2732
45742,2007291980,Braga,41.441908000000005,-8.402061999999999,ER206,33.3,1,0,0,2.0,50,Berma pavimentada,Seco e limpo,Dois sentidos,Bom tempo,Fora da intersecção,Dentro das localidades,Em pleno dia,Em patamar,Curva,Em plena via,Colisão,TERÇA-FEIRA  ,0,2,19,2007-08-08,9,ligeiro,Sim,Nao,Sim,440.1,1,1,19,2732
45745,2012623460,Braga,41.566907,-8.267851,ER310,1.1,0,1,0,1.0,50,Berma pavimentada,Seco e limpo,Dois sentidos,Bom tempo,Fora da intersecção,Dentro das localidades,Em pleno dia,Em patamar,Recta,Em plena via,Colisão,SEXTA-FEIRA  ,0,2,19,2012-06-16,19,ligeiro,Sim,Nao,Sim,440.1,1,1,19,2732
45751,2010496281,Braga,41.440611,-8.4051,ER206,33.0,1,0,0,1.0,50,Berma pavimentada,Molhado,Dois sentidos,Chuva,Fora da intersecção,Dentro das localidades,Em pleno dia,Com inclinação,Curva,Em plena via,Colisão,SEXTA-FEIRA  ,0,2,19,2010-10-10,18,ligeiro,Sim,Sim,Nao,440.1,1,1,19,2732
45755,2007281237,Braga,41.430638,-8.424441,ER206,31.0,1,0,0,1.0,50,Berma pavimentada,Seco e limpo,Dois sentidos,Bom tempo,Em entroncamento,Dentro das localidades,Em pleno dia,NÃO DEFINIDO,Recta,Em plena via,Colisão,QUARTA-FEIRA ,0,2,19,2007-04-28,15,ligeiro,Sim,Nao,Sim,440.1,1,1,19,2732
45757,2008337326,Braga,41.441285,-8.403596,ER206,33.15,3,0,0,1.0,50,Berma pavimentada,Seco e limpo,Dois sentidos,Bom tempo,Em entroncamento,Dentro das localidades,Em pleno dia,Em patamar,Recta,Em plena via,Colisão,SEXTA-FEIRA  ,0,2,19,2008-08-04,14,ligeiro,Sim,Nao,Sim,440.1,1,1,19,2732
45775,2011567577,Braga,41.432279,-8.421505999999999,ER206,31.3,1,0,0,1.0,50,Berma pavimentada,Seco e limpo,Dois sentidos,Bom tempo,Em entroncamento,Dentro das localidades,Em pleno dia,Em patamar,Recta,Em plena via,Colisão,SÁBADO       ,0,2,19,2011-09-06,13,ligeiro,Sim,Nao,Sim,440.1,1,1,19,2732
45779,2008308130,Braga,41.666444,-8.17817,EN304,78.25,2,0,0,1.0,80,Berma pavimentada,Seco e limpo,Dois sentidos,Bom tempo,NÃO DEFINIDO,Dentro das localidades,"Noite, sem iluminação",Com inclinação,Recta,Em plena via,Colisão,DOMINGO      ,0,2,19,2008-01-19,18,ligeiro,Nao,Nao,Sim,440.1,1,1,19,2732
45793,2012597529,Braga,41.441285,-8.403596,ER206,33.15,1,0,0,1.0,50,Berma pavimentada,Seco e limpo,Dois sentidos,Bom tempo,Fora da intersecção,Dentro das localidades,"Noite, com iluminação",Com inclinação,Recta,Em plena via,Colisão,DOMINGO      ,0,3,19,2012-01-16,18,ligeiro,Nao,Nao,Sim,440.1,1,1,19,2732
45803,2012609138,Braga,41.429462,-8.426558,ER206,30.79,1,0,0,1.0,50,Berma pavimentada,Seco e limpo,Dois sentidos,Bom tempo,Fora da intersecção,Dentro das localidades,"Noite, com iluminação",Em patamar,Recta,Em plena via,Colisão,QUINTA-FEIRA ,0,4,19,2012-03-11,17,ligeiro,Nao,Nao,Sim,440.1,1,1,19,2732
45810,2008306140,Braga,41.439206,-8.408242999999999,ER206,32.7,1,0,0,1.0,80,Berma pavimentada,Molhado,Dois sentidos,Chuva,Fora da intersecção,Dentro das localidades,Aurora ou crepúsculo,Em patamar,Recta,Em plena via,Colisão,SEXTA-FEIRA  ,1,2,19,2007-12-25,17,ligeiro,Nao,Sim,Nao,440.1,1,1,19,2732
45815,2011563866,Braga,41.431731,-8.422483,ER206,31.2,4,0,0,1.0,50,Berma pavimentada,Seco e limpo,Sentido único,Bom tempo,Fora da intersecção,Dentro das localidades,Em pleno dia,Em patamar,Recta,Em plena via,Colisão,QUINTA-FEIRA ,0,2,19,2011-08-07,19,ligeiro,Sim,Nao,Sim,440.1,1,1,19,2732
45816,2007271407,Braga,41.477363000000004,-8.186383,ER207,55.77,1,0,0,1.0,90,Sem berma ou impraticável,Húmido,Dois sentidos,Bom tempo,Fora da intersecção,Fora das localidades,Em pleno dia,Em patamar,Curva,Em plena via,Colisão,QUARTA-FEIRA ,0,2,19,2007-01-05,13,ligeiro,Sim,Nao,Nao,440.1,1,1,19,2732
45836,2007285312,Braga,41.577269,-8.277144999999999,EN205,64.67,1,0,0,1.0,50,Berma não pavimentada,Seco e limpo,Dois sentidos,Bom tempo,Em entroncamento,Dentro das localidades,Em pleno dia,Em patamar,Curva,Em plena via,Colisão,SEGUNDA-FEIRA,0,2,19,2007-06-06,17,ligeiro,Sim,Nao,Sim,440.1,1,1,19,2732
45844,2011547924,Braga,41.584277,-8.282617,EN205,63.6,1,0,0,1.0,50,Berma pavimentada,Seco e limpo,Dois sentidos,Bom tempo,Fora da intersecção,Dentro das localidades,Em pleno dia,Em patamar,Curva,No passeio,Atropelamento,QUINTA-FEIRA ,0,1,19,2011-06-11,8,ligeiro,Sim,Nao,Sim,440.1,1,1,19,2732
45855,2010429489,Braga,41.441285,-8.403596,ER206,33.15,1,0,0,1.0,50,Berma pavimentada,Seco e limpo,Dois sentidos,Bom tempo,Fora da intersecção,Dentro das localidades,Em pleno dia,Em patamar,Recta,Em plena via,Colisão,QUINTA-FEIRA ,0,2,19,2009-11-30,13,ligeiro,Sim,Nao,Sim,440.1,1,1,19,2732
45860,2012628164,Braga,41.580546999999996,-8.277691,EN205,64.3,1,0,0,1.0,50,Berma pavimentada,Húmido,Dois sentidos,Chuva,Fora da intersecção,Dentro das localidades,Em pleno dia,Com inclinação,Curva,Em plena via,Despiste,SEGUNDA-FEIRA,0,1,19,2012-06-02,19,ligeiro,Sim,Sim,Nao,440.1,1,1,19,2732
45873,2007280330,Braga,41.507413,-8.416659,EN101,96.27,1,0,0,1.0,50,Sem berma ou impraticável,Molhado,Dois sentidos,Chuva,Fora da intersecção,Dentro das localidades,Em pleno dia,Com inclinação,Curva,Em plena via,Colisão,QUARTA-FEIRA ,0,2,13,2007-04-17,17,ligeiro,Sim,Sim,Nao,106.6,1,1,13,3406
45880,2007282280,Braga,41.518466,-8.6414,ER205,20.6,1,0,0,1.0,50,Berma pavimentada,Seco e limpo,Dois sentidos,Bom tempo,Em cruzamento,Dentro das localidades,Em pleno dia,Em patamar,Recta,Em plena via,Colisão,TERÇA-FEIRA  ,0,2,13,2007-05-15,13,ligeiro,Sim,Nao,Sim,106.6,1,1,13,3406
45881,2007282896,Braga,41.521516,-8.633053,ER205,21.4,1,0,0,2.0,50,Berma pavimentada,Molhado,Dois sentidos,Chuva,Em cruzamento,Dentro das localidades,Em pleno dia,Em patamar,Curva,Em plena via,Despiste,SÁBADO       ,0,1,13,2007-05-29,14,ligeiro,Sim,Sim,Nao,106.6,1,1,13,3406
45885,2007275693,Braga,41.512476,-8.208567,ER207,61.55,2,0,0,1.0,50,Berma não pavimentada,Seco e limpo,Dois sentidos,Bom tempo,Fora da intersecção,Fora das localidades,"Noite, com iluminação",Em patamar,Recta,Na berma,Atropelamento,QUARTA-FEIRA ,0,1,13,2007-02-14,23,ligeiro,Nao,Nao,Sim,106.6,1,1,13,3406
45891,2007277234,Braga,41.507196,-8.416962,EN101,96.3,0,1,0,1.0,50,Berma pavimentada,Molhado,Dois sentidos,Bom tempo,Fora da intersecção,Dentro das localidades,Em pleno dia,Com inclinação,Curva,Em plena via,Colisão,DOMINGO      ,0,2,13,2007-03-28,15,ligeiro,Sim,Nao,Nao,106.6,1,1,13,3406
45894,2007286861,Braga,41.521516,-8.633053,ER205,21.4,1,0,0,1.0,80,NÃO DEFINIDO,Seco e limpo,Dois sentidos,Bom tempo,Em cruzamento,Dentro das localidades,Em pleno dia,Em patamar,Recta,Em plena via,Colisão,QUARTA-FEIRA ,0,2,13,2007-06-30,15,ligeiro,Sim,Nao,Sim,106.6,1,1,13,3406
45899,2007289663,Braga,41.528853999999995,-8.740208,EN103-1,10.8,2,0,0,1.0,50,Berma pavimentada,Seco e limpo,Dois sentidos,NÃO DEFINIDO,NÃO DEFINIDO,Dentro das localidades,Em pleno dia,Em patamar,Recta,Em plena via,Despiste,TERÇA-FEIRA  ,0,1,13,2007-07-11,19,ligeiro,Sim,Sim,Sim,106.6,1,1,13,3406
45900,2007289674,Braga,41.572689000000004,-8.112523,EN304,99.49,1,0,0,1.0,50,Sem berma ou impraticável,Seco e limpo,Dois sentidos,Bom tempo,NÃO DEFINIDO,Dentro das localidades,Em pleno dia,Com inclinação,Curva,Em plena via,Colisão,QUINTA-FEIRA ,0,2,13,2007-07-12,18,ligeiro,Sim,Nao,Sim,106.6,1,1,13,3406
45901,2007289763,Braga,41.516992,-8.612577,EN103,22.3,3,0,0,2.0,90,Berma pavimentada,Seco e limpo,Sentido único,Bom tempo,Fora da intersecção,Fora das localidades,"Noite, com iluminação",Com inclinação,Curva,Em plena via,Colisão,QUARTA-FEIRA ,0,2,13,2007-07-28,22,ligeiro,Nao,Nao,Sim,106.6,1,1,13,3406
45905,2007290935,Braga,41.570797999999996,-8.11053,EN205,85.35,1,0,0,1.0,50,Sem berma ou impraticável,Seco e limpo,Dois sentidos,Bom tempo,Em cruzamento,Dentro das localidades,Em pleno dia,Em patamar,Curva,Em plena via,Colisão,QUARTA-FEIRA ,0,2,13,2007-07-28,19,ligeiro,Sim,Nao,Sim,106.6,1,1,13,3406
45919,2007297420,Braga,41.571908,-8.061693,EN205,91.4,0,2,0,1.0,50,Sem berma ou impraticável,Seco e limpo,Dois sentidos,Bom tempo,NÃO DEFINIDO,Dentro das localidades,Em pleno dia,Em patamar,Recta,Em plena via,Colisão,SÁBADO       ,0,2,13,2007-10-13,12,ligeiro,Sim,Nao,Sim,106.6,1,1,13,3406