,COD_ACIDENTE,DISTRITO,LATITUDE,LONGITUDE,VIA,KM,QT_FLIGEIROS,QT_FGRAVES,QT_MORTOS,QT_VIAS_SENTIDO,VEL_LIM_LOCAL,BERMA_VIA,CONDICAO_ADERENCIA,FAIXA_RODAGEM,FATOR_ATMOSFERICO,INTERSECAO_VIA,LOCALIZACAO,LUMINOSIDADE,PERFIL_VIA,PLANTA_VIA,SITUACAO_ACIDENTE,TIPO_NATUREZA,DIA_SEMANA,FLAG_FERIADO,QT_VEICULOS,COD_FREGUESIA,DATA,HORA,GRAVIDADE,ERA_DIA,MAU_TEMPO,ESTRADA_SECA,DENSIDADE_TOTAL,COD_DISTRITO_INE,COD_CONCELHO_INE,COD_FREGUESIA_INE,TOTAL
45923,2007297905,Braga,41.507785,-8.416053,EN101,96.2,1,0,0,1.0,50,Berma pavimentada,Seco e limpo,Dois sentidos,Bom tempo,Fora da intersecção,Dentro das localidades,"Noite, sem iluminação",Com inclinação,Curva,Em plena via,Colisão,TERÇA-FEIRA  ,0,2,13,2007-10-04,19,ligeiro,Nao,Nao,Sim,106.6,1,1,13,3406
45930,2007300165,Braga,41.608371000000005,-8.428473,EN205,44.05,1,0,0,1.0,80,Berma não pavimentada,Seco e limpo,Dois sentidos,Bom tempo,Em entroncamento,Dentro das localidades,Em pleno dia,Em patamar,NÃO DEFINIDO,Em plena via,Colisão,DOMINGO      ,0,2,13,2007-10-25,8,ligeiro,Sim,Nao,Sim,106.6,1,1,13,3406
45934,2007292016,Braga,41.528465999999995,-8.742558,EN103-1,11.0,2,0,0,1.0,50,Berma pavimentada,Seco e limpo,Dois sentidos,Bom tempo,Fora da intersecção,Dentro das localidades,Em pleno dia,Em patamar,Recta,Em plena via,Colisão,DOMINGO      ,0,2,13,2007-08-01,7,ligeiro,Sim,Nao,Sim,106.6,1,1,13,3406
45936,2007293122,Braga,41.571922,-8.119782,ER205,83.6,0,1,0,1.0,50,Sem berma ou impraticável,Seco e limpo,Dois sentidos,Bom tempo,Em via de aceleração,Fora das localidades,Em pleno dia,Em patamar,Recta,Em plena via,Despiste,DOMINGO      ,0,1,13,2007-08-29,17,ligeiro,Sim,Nao,Sim,106.6,1,1,13,3406
45946,2007295641,Braga,41.521516,-8.633053,ER205,21.4,1,0,0,1.0,50,NÃO DEFINIDO,Seco e limpo,Dois sentidos,Bom tempo,Em entroncamento,Dentro das localidades,Em pleno dia,Em patamar,Curva,Em plena via,Colisão,TERÇA-FEIRA  ,0,2,13,2007-09-23,16,ligeiro,Sim,Nao,Sim,106.6,1,1,13,3406
45958,2008308764,Braga,41.61376,-8.415414,EN205,45.25,1,0,0,1.0,80,Berma pavimentada,Molhado,Dois sentidos,Bom tempo,NÃO DEFINIDO,Dentro das localidades,Em pleno dia,Em patamar,Curva,Em plena via,Colisão,QUARTA-FEIRA ,0,2,13,2008-01-10,9,ligeiro,Sim,Nao,Nao,106.6,1,1,13,3406
45970,2008310078,Braga,41.571664,-8.079761999999999,EN205,89.7,0,2,0,1.0,50,Berma não pavimentada,Seco e limpo,Dois sentidos,Bom tempo,NÃO DEFINIDO,Dentro das localidades,Em pleno dia,Com inclinação,Recta,Em plena via,Despiste,SÁBADO       ,0,1,13,2008-02-10,17,ligeiro,Sim,Nao,Sim,106.6,1,1,13,3406
45978,2008321700,Braga,41.430704999999996,-8.30212,EN105,44.6,1,0,0,1.0,50,Sem berma ou impraticável,Seco e limpo,Dois sentidos,Bom tempo,Fora da intersecção,Dentro das localidades,"Noite, com iluminação",Em patamar,Recta,Em plena via,Despiste,SEXTA-FEIRA  ,0,2,13,2008-03-15,3,ligeiro,Nao,Nao,Sim,106.6,1,1,13,3406
45988,2008333814,Braga,41.515802,-8.616144,EN103,21.97,1,0,0,1.0,50,Sem berma ou impraticável,Seco e limpo,Dois sentidos,Bom tempo,Em entroncamento,Fora das localidades,Em pleno dia,Em patamar,Curva,Em plena via,Colisão,SEGUNDA-FEIRA,0,2,13,2008-07-15,8,ligeiro,Sim,Nao,Sim,106.6,1,1,13,3406
46012,2008330658,Braga,41.528413,-8.743135,EN103-1,11.05,2,0,0,1.0,50,Berma pavimentada,Molhado,Dois sentidos,Chuva,Fora da intersecção,Dentro das localidades,Em pleno dia,Com inclinação,Recta,Em plena via,Colisão,SÁBADO       ,0,2,13,2008-06-15,14,ligeiro,Sim,Sim,Nao,106.6,1,1,13,3406
46031,2009353680,Braga,41.5296,-8.736362,EN103-1,10.47,0,1,0,1.0,50,Berma pavimentada,Seco e limpo,Dois sentidos,Bom tempo,Fora da intersecção,Dentro das localidades,"Noite, com iluminação",Em patamar,Recta,Em plena via,Despiste,QUINTA-FEIRA ,0,1,13,2008-12-18,19,ligeiro,Nao,Nao,Sim,106.6,1,1,13,3406
46048,2008346715,Braga,41.528494,-8.742321,EN103-1,10.98,1,0,0,1.0,50,Berma pavimentada,Seco e limpo,Dois sentidos,Bom tempo,Fora da intersecção,Dentro das localidades,Em pleno dia,Com inclinação,Curva,Em plena via,Colisão,SEGUNDA-FEIRA,0,2,13,2008-10-25,16,ligeiro,Sim,Nao,Sim,106.6,1,1,13,3406
46063,2008333434,Braga,41.595997,-8.123185000000001,EN304,94.88,1,1,2,2.0,50,Berma não pavimentada,Seco e limpo,Dois sentidos,Bom tempo,Fora da intersecção,Dentro das localidades,Em pleno dia,Em patamar,Curva,Na berma,Despiste,SEGUNDA-FEIRA,0,1,13,2008-07-20,15,muito grave,Sim,Nao,Sim,106.6,1,1,13,3406
46070,2009353570,Braga,41.518466,-8.6414,ER205,20.6,2,1,0,1.0,90,Berma pavimentada,Molhado,Dois sentidos,Chuva,Fora da intersecção,Fora das localidades,Em pleno dia,Em patamar,Curva,Em plena via,Colisão,TERÇA-FEIRA  ,0,2,13,2008-12-05,13,ligeiro,Sim,Sim,Nao,106.6,1,1,13,3406
46071,2009353011,Braga,41.529866,-8.734961,EN103-1,10.35,1,0,0,2.0,50,Berma pavimentada,Seco e limpo,Dois sentidos,Bom tempo,Fora da intersecção,Dentro das localidades,Em pleno dia,Em patamar,Recta,Em plena via,Colisão,SEXTA-FEIRA  ,0,2,13,2008-12-02,10,ligeiro,Sim,Nao,Sim,106.6,1,1,13,3406
46087,2008347724,Braga,41.509709,-8.433957000000001,EN(d)309,31.55,1,0,0,1.0,50,Berma pavimentada,Molhado,Dois sentidos,Chuva,Em rotunda,Dentro das localidades,"Noite, com iluminação",Em patamar,Curva,Em plena via,Colisão,DOMINGO      ,0,2,13,2008-11-05,20,ligeiro,Nao,Sim,Nao,106.6,1,1,13,3406
46100,2009371461,Braga,41.520443,-8.636244,ER205,21.1,1,0,0,1.0,50,Sem berma ou impraticável,Seco e limpo,Dois sentidos,Bom tempo,Fora da intersecção,Dentro das localidades,Em pleno dia,Em patamar,Recta,Em plena via,Colisão,DOMINGO      ,0,2,13,2009-03-21,14,ligeiro,Sim,Nao,Sim,106.6,1,1,13,3406
46124,2009389608,Braga,41.529188,-8.738458,EN103-1,10.65,2,0,0,1.0,50,Sem berma ou impraticável,Seco e limpo,Dois sentidos,Bom tempo,Em entroncamento,Dentro das localidades,Em pleno dia,Em patamar,Recta,Em plena via,Despiste,QUARTA-FEIRA ,0,2,13,2009-06-17,12,ligeiro,Sim,Nao,Sim,106.6,1,1,13,3406
46143,2010424112,Braga,41.528408,-8.743248,EN103-1,11.06,3,0,0,1.0,50,Berma pavimentada,Molhado,Dois sentidos,Chuva,Fora da intersecção,Dentro das localidades,Em pleno dia,Com inclinação,Recta,Em plena via,Colisão,SÁBADO       ,0,2,13,2009-10-06,9,ligeiro,Sim,Sim,Nao,106.6,1,1,13,3406
46151,2010429513,Braga,41.503176,-8.416858,EN101,96.8,2,0,0,1.0,50,Berma pavimentada,Molhado,Dois sentidos,Chuva,Em entroncamento,Dentro das localidades,Em pleno dia,Com inclinação,Recta,Em plena via,Colisão,DOMINGO      ,0,2,13,2009-11-21,16,ligeiro,Sim,Sim,Nao,106.6,1,1,13,3406
46177,2010441036,Braga,41.510743,-8.211684,ER207,61.2,1,0,0,1.0,50,Sem berma ou impraticável,Molhado,Dois sentidos,Chuva,Fora da intersecção,Dentro das localidades,"Noite, sem iluminação",Em patamar,Recta,Em plena via,Atropelamento,DOMINGO      ,0,1,13,2010-01-23,18,ligeiro,Nao,Sim,Nao,106.6,1,1,13,3406
46185,2010442876,Braga,41.513371,-8.420266,EN101,95.4,1,0,0,1.0,50,Sem berma ou impraticável,Seco e limpo,Dois sentidos,Bom tempo,Em entroncamento,Dentro das localidades,Em pleno dia,Em patamar,Recta,Em plena via,Despiste,QUINTA-FEIRA ,0,1,13,2010-01-04,10,ligeiro,Sim,Nao,Sim,106.6,1,1,13,3406
46215,2010463466,Braga,41.518844,-8.209037,ER207,62.6,1,0,0,1.0,90,Berma não pavimentada,Molhado,Dois sentidos,Chuva,Fora da intersecção,Fora das localidades,Em pleno dia,Em patamar,Curva,Na berma,Despiste,SÁBADO       ,0,1,13,2010-05-10,17,ligeiro,Sim,Sim,Nao,106.6,1,1,13,3406
46232,2010470397,Braga,41.528465999999995,-8.742558,EN103-1,11.0,1,0,0,1.0,50,Berma não pavimentada,Seco e limpo,Dois sentidos,Bom tempo,Em entroncamento,Dentro das localidades,Em pleno dia,Em patamar,Curva,Em plena via,Colisão,SEGUNDA-FEIRA,0,2,13,2010-06-09,18,ligeiro,Sim,Nao,Sim,106.6,1,1,13,3406
46235,2010468619,Braga,41.519644,-8.638328,ER205,20.9,1,0,0,1.0,50,Sem berma ou impraticável,Seco e limpo,Dois sentidos,Bom tempo,Fora da intersecção,Dentro das localidades,Em pleno dia,Em patamar,Recta,Em plena via,Despiste,QUARTA-FEIRA ,0,1,13,2010-06-11,8,ligeiro,Sim,Nao,Sim,106.6,1,1,13,3406
46247,2010479433,Braga,41.529753,-8.735544,EN103-1,10.4,2,0,0,1.0,50,Sem berma ou impraticável,Seco e limpo,Dois sentidos,Bom tempo,Em entroncamento,Dentro das localidades,"Noite, com iluminação",Em patamar,Recta,Em plena via,Colisão,SEGUNDA-FEIRA,0,2,13,2010-07-24,21,ligeiro,Nao,Nao,Sim,106.6,1,1,13,3406
46254,2010491526,Braga,41.670165999999995,-8.465341,EN308,31.3,1,0,0,1.0,50,Berma não pavimentada,Seco e limpo,Dois sentidos,Bom tempo,Fora da intersecção,Fora das localidades,Em pleno dia,Em patamar,Recta,Em plena via,Colisão,QUARTA-FEIRA ,0,2,13,2010-09-21,14,ligeiro,Sim,Nao,Sim,106.6,1,1,13,3406
46255,2010491559,Braga,41.51748,-8.642528,ER205,20.45,1,0,0,1.0,50,Berma pavimentada,Seco e limpo,Sentido único,Bom tempo,Em cruzamento,Dentro das localidades,Em pleno dia,Em patamar,Recta,Em plena via,Colisão,SÁBADO       ,0,2,13,2010-09-29,16,ligeiro,Sim,Nao,Sim,106.6,1,1,13,3406
46261,2010496261,Braga,41.521357,-8.634202,ER205,21.3,5,0,0,1.0,50,Sem berma ou impraticável,Seco e limpo,Dois sentidos,Bom tempo,Fora da intersecção,Dentro das localidades,"Noite, com iluminação",Em patamar,Recta,Em plena via,Colisão,SÁBADO       ,0,2,13,2010-10-11,21,ligeiro,Nao,Nao,Sim,106.6,1,1,13,3406
46279,2011523807,Braga,41.51514,-8.610142999999999,A11,12.53,2,0,0,2.0,120,Berma pavimentada,Seco e limpo,Sentido único,Bom tempo,Fora da intersecção,Fora das localidades,"Noite, com iluminação",Em patamar,Recta,Em plena via,Colisão,SEGUNDA-FEIRA,0,2,13,2011-02-04,19,ligeiro,Nao,Nao,Sim,106.6,1,1,13,3406
46282,2011523849,Braga,41.521288,-8.630361,EN103,20.4,1,0,0,2.0,50,Berma pavimentada,Seco e limpo,Dois sentidos,Bom tempo,Fora da intersecção,Dentro das localidades,Em pleno dia,Em patamar,Recta,Em plena via,Colisão,QUINTA-FEIRA ,0,2,13,2011-02-23,8,ligeiro,Sim,Nao,Sim,106.6,1,1,13,3406
46307,2011547952,Braga,41.488315,-7.957514999999999,EN206,79.38,1,0,0,1.0,50,Berma pavimentada,Seco e limpo,Dois sentidos,Bom tempo,Fora da intersecção,Dentro das localidades,Em pleno dia,Em patamar,Curva,Em plena via,Colisão,SÁBADO       ,0,2,13,2011-06-12,14,ligeiro,Sim,Nao,Sim,106.6,1,1,13,3406
46326,2011563948,Braga,41.515118,-8.420874000000001,EN101,95.2,1,0,0,1.0,50,Berma pavimentada,Seco e limpo,Dois sentidos,Bom tempo,Fora da intersecção,Dentro das localidades,Em pleno dia,Em patamar,Recta,Em plena via,Colisão,TERÇA-FEIRA  ,0,2,13,2011-08-05,8,ligeiro,Sim,Nao,Sim,106.6,1,1,13,3406
46330,2011567948,Braga,41.521518,-8.633111999999999,ER205,21.4,1,0,0,1.0,50,Berma pavimentada,Seco e limpo,Dois sentidos,Bom tempo,Em entroncamento,Dentro das localidades,Em pleno dia,Com inclinação,Recta,Em plena via,Colisão,QUARTA-FEIRA ,0,2,13,2011-09-09,9,ligeiro,Sim,Nao,Sim,106.6,1,1,13,3406
46334,2011573838,Braga,41.529188,-8.738458,EN103-1,10.65,1,0,0,1.0,50,Berma não pavimentada,Seco e limpo,Dois sentidos,Bom tempo,Em entroncamento,Dentro das localidades,Em pleno dia,Em patamar,Recta,Em plena via,Colisão,QUINTA-FEIRA ,0,2,13,2011-10-14,14,ligeiro,Sim,Nao,Sim,106.6,1,1,13,3406
46349,2012583099,Braga,41.608075,-8.429282,EN205,43.98,1,0,0,1.0,50,Berma não pavimentada,Seco e limpo,Dois sentidos,Bom tempo,Fora da intersecção,Dentro das localidades,"Noite, sem iluminação",Em patamar,Recta,Em plena via,Colisão,QUINTA-FEIRA ,0,2,13,2011-11-23,17,ligeiro,Nao,Nao,Sim,106.6,1,1,13,3406
46360,2012600567,Braga,41.608159,-8.429051,EN205,44.0,2,0,0,1.0,50,Berma pavimentada,Seco e limpo,Dois sentidos,Bom tempo,Em via de aceleração,Dentro das localidades,Em pleno dia,Em patamar,Recta,Em plena via,Colisão,QUARTA-FEIRA ,0,3,13,2012-02-16,9,ligeiro,Sim,Nao,Sim,106.6,1,1,13,3406
46379,2012608687,Braga,41.523414,-8.632375,EN103,20.1,1,0,0,1.0,50,Berma pavimentada,Seco e limpo,Dois sentidos,Bom tempo,Fora da intersecção,Dentro das localidades,Em pleno dia,Em patamar,Recta,Em plena via,Colisão,TERÇA-FEIRA  ,0,2,13,2012-03-09,13,ligeiro,Sim,Nao,Sim,106.6,1,1,13,3406
46381,2012612753,Braga,41.507442,-8.416611999999999,EN101,96.26,2,0,0,1.0,50,Berma pavimentada,Húmido,Dois sentidos,Chuva,Fora da intersecção,Dentro das localidades,Em pleno dia,Com inclinação,Recta,Em plena via,Colisão,SEXTA-FEIRA  ,0,2,13,2012-04-26,7,ligeiro,Sim,Sim,Nao,106.6,1,1,13,3406
46386,2012608962,Braga,41.529424,-8.737296,EN103-1,10.55,2,0,0,1.0,50,Berma pavimentada,Seco e limpo,Sentido único,Bom tempo,Em rotunda,Dentro das localidades,"Noite, sem iluminação",Em patamar,Recta,Em plena via,Colisão,QUINTA-FEIRA ,0,2,13,2012-03-05,23,ligeiro,Nao,Nao,Sim,106.6,1,1,13,3406
46388,2012608167,Braga,41.513371,-8.420266,EN101,95.4,1,0,0,1.0,50,Sem berma ou impraticável,Seco e limpo,Dois sentidos,Bom tempo,Em entroncamento,Dentro das localidades,Em pleno dia,Com inclinação,Recta,Em plena via,Colisão,SEXTA-FEIRA  ,0,2,13,2012-03-23,18,ligeiro,Sim,Nao,Sim,106.6,1,1,13,3406
46398,2012630959,Braga,41.694086999999996,-8.206835,EN304,72.88,2,0,0,1.0,50,Berma não pavimentada,Seco e limpo,Dois sentidos,Bom tempo,Fora da intersecção,Dentro das localidades,Em pleno dia,Em patamar,Curva,Na berma,Despiste,TERÇA-FEIRA  ,0,1,13,2012-07-29,10,ligeiro,Sim,Nao,Sim,106.6,1,1,13,3406
46407,2013656289,Braga,41.570695,-8.074572,EN205,90.3,1,0,0,1.0,50,Berma não pavimentada,Molhado,Dois sentidos,Chuva,Fora da intersecção,Dentro das localidades,"Noite, sem iluminação",Em patamar,Curva,Em plena via,Despiste,TERÇA-FEIRA  ,0,1,13,2012-10-17,0,ligeiro,Nao,Sim,Nao,106.6,1,1,13,3406
46411,2012636871,Braga,41.513371,-8.420266,EN101,95.4,4,0,0,1.0,50,Berma pavimentada,Seco e limpo,Dois sentidos,Bom tempo,Em entroncamento,Dentro das localidades,Aurora ou crepúsculo,Com inclinação,Recta,Em plena via,Colisão,SEGUNDA-FEIRA,1,2,13,2012-08-15,21,ligeiro,Nao,Nao,Sim,106.6,1,1,13,3406
46413,2012637161,Braga,41.570305,-8.109644,EN205,85.45,1,0,0,1.0,50,Berma pavimentada,Seco e limpo,Dois sentidos,Bom tempo,Em entroncamento,Dentro das localidades,Em pleno dia,Em patamar,Recta,Em plena via,Colisão,TERÇA-FEIRA  ,0,2,13,2012-08-04,11,ligeiro,Sim,Nao,Sim,106.6,1,1,13,3406
46415,2012638503,Braga,41.518122,-8.608155,EN103,22.7,5,0,0,1.0,50,Berma pavimentada,Seco e limpo,Dois sentidos,Bom tempo,Fora da intersecção,Fora das localidades,Em pleno dia,Com inclinação,Curva,Em plena via,Colisão,SÁBADO       ,0,6,13,2012-08-24,10,ligeiro,Sim,Nao,Sim,106.6,1,1,13,3406
46424,2013671596,Braga,41.511016999999995,-8.419408,EN101,95.67,1,0,0,1.0,50,Berma pavimentada,Húmido,Dois sentidos,Bom tempo,Em cruzamento,Dentro das localidades,Em pleno dia,Com inclinação,Recta,Em plena via,Colisão,SÁBADO       ,0,2,13,2012-12-05,17,ligeiro,Sim,Nao,Nao,106.6,1,1,13,3406
46437,2007282123,Braga,41.684457,-8.196239,EN304,74.55,1,0,0,1.0,50,Berma pavimentada,Seco e limpo,Dois sentidos,Bom tempo,Em entroncamento,Dentro das localidades,"Noite, com iluminação",Com inclinação,Curva,Em plena via,Colisão,TERÇA-FEIRA  ,0,2,13,2007-05-15,21,ligeiro,Nao,Nao,Sim,106.6,1,1,13,3406
46440,2009366587,Braga,41.429814,-8.302304,EN105,44.5,0,0,1,3.0,50,Sem berma ou impraticável,Húmido,Dois sentidos,Bom tempo,Fora da intersecção,Dentro das localidades,Em pleno dia,Com inclinação,Curva,Em plena via,Colisão,SEXTA-FEIRA  ,0,2,13,2009-05-04,13,ligeiro,Sim,Nao,Nao,106.6,1,1,13,3406
46447,2008312370,Braga,41.512502000000005,-8.419939,EN101,95.5,1,0,0,1.0,50,Berma pavimentada,Seco e limpo,Dois sentidos,Bom tempo,Fora da intersecção,Dentro das localidades,Em pleno dia,Com inclinação,Recta,Na berma,Despiste,SEXTA-FEIRA  ,0,1,13,2008-02-09,14,ligeiro,Sim,Nao,Sim,106.6,1,1,13,3406
46454,2007282272,Braga,41.528386,-8.74394,EN103-1,11.12,1,0,0,1.0,50,Sem berma ou impraticável,Húmido,Dois sentidos,Chuva,Fora da intersecção,Dentro das localidades,Em pleno dia,Com inclinação,Curva,Na berma,Despiste,DOMINGO      ,0,1,13,2007-05-02,7,ligeiro,Sim,Sim,Nao,106.6,1,1,13,3406
46463,2010469716,Braga,41.508509000000004,-8.433926,EN(d)309,31.42,1,0,0,1.0,90,Sem berma ou impraticável,Seco e limpo,Dois sentidos,Bom tempo,Em rotunda,Fora das localidades,Em pleno dia,Em patamar,Curva,Em plena via,Colisão,SEXTA-FEIRA  ,0,2,13,2010-06-18,18,ligeiro,Sim,Nao,Sim,106.6,1,1,13,3406
46467,2012597898,Braga,41.608159,-8.429051,EN205,44.0,1,0,0,1.0,50,Berma pavimentada,Seco e limpo,Dois sentidos,Bom tempo,Fora da intersecção,Dentro das localidades,"Noite, com iluminação",Em patamar,Recta,Em plena via,Colisão,QUARTA-FEIRA ,0,2,13,2012-01-29,4,ligeiro,Nao,Nao,Sim,106.6,1,1,13,3406
46478,2008310707,Braga,41.610483,-8.423511999999999,EN205,44.5,1,0,0,1.0,80,NÃO DEFINIDO,Seco e limpo,Dois sentidos,Bom tempo,NÃO DEFINIDO,Dentro das localidades,Em pleno dia,Em patamar,Recta,Na berma,Despiste,SEGUNDA-FEIRA,0,1,13,2008-02-06,15,ligeiro,Sim,Nao,Sim,106.6,1,1,13,3406
46504,2009390941,Braga,41.615746,-8.408824000000001,EN205,45.85,4,0,0,1.0,50,Sem berma ou impraticável,Seco e limpo,Dois sentidos,Bom tempo,Fora da intersecção,Dentro das localidades,Aurora ou crepúsculo,Em patamar,Curva,Na berma,Despiste,SEGUNDA-FEIRA,1,1,13,2009-06-10,7,ligeiro,Nao,Nao,Sim,106.6,1,1,13,3406
46522,2010424092,Braga,41.571829,-8.099288,EN205,87.74,3,0,0,1.0,50,Sem berma ou impraticável,Seco e limpo,Dois sentidos,Bom tempo,Em entroncamento,Dentro das localidades,Em pleno dia,Com inclinação,Curva,Em plena via,Colisão,DOMINGO      ,0,2,13,2009-10-18,14,ligeiro,Sim,Nao,Sim,106.6,1,1,13,3406
46525,2011523851,Braga,41.676877000000005,-8.182736,EN304,76.25,1,0,0,1.0,50,Berma pavimentada,Seco e limpo,Dois sentidos,Bom tempo,Fora da intersecção,Dentro das localidades,Em pleno dia,Com inclinação,Curva,Em plena via,Atropelamento,TERÇA-FEIRA  ,0,1,13,2011-02-27,16,ligeiro,Sim,Nao,Sim,106.6,1,1,13,3406
46533,2011563938,Braga,41.488994,-7.95742,EN206,79.3,1,0,0,1.0,50,Berma não pavimentada,Seco e limpo,Dois sentidos,Bom tempo,Fora da intersecção,Dentro das localidades,Em pleno dia,Em patamar,Recta,Em plena via,Despiste,SEXTA-FEIRA  ,0,1,13,2011-08-13,9,ligeiro,Sim,Nao,Sim,106.6,1,1,13,3406
46566,2008304769,Braga,41.516065000000005,-8.615675,EN103,22.02,1,0,0,1.0,50,Berma não pavimentada,Seco e limpo,Dois sentidos,Bom tempo,Em entroncamento,Dentro das localidades,Em pleno dia,Com inclinação,Curva,Em plena via,Colisão,SEXTA-FEIRA  ,0,2,13,2007-12-14,9,ligeiro,Sim,Nao,Sim,106.6,1,1,13,3406
46570,2010428092,Braga,41.528449,-8.74273,EN103-1,11.02,1,0,0,1.0,50,Berma pavimentada,Húmido,Dois sentidos,Chuva,Em entroncamento,Fora das localidades,Em pleno dia,Com inclinação,Curva,Em plena via,Colisão,QUINTA-FEIRA ,0,2,13,2009-11-13,7,ligeiro,Sim,Sim,Nao,106.6,1,1,13,3406
46588,2010464659,Braga,41.590064,-8.11417,EN304,96.75,1,0,0,1.0,50,Berma não pavimentada,Seco e limpo,Dois sentidos,Bom tempo,Fora da intersecção,Dentro das localidades,Em pleno dia,Em patamar,Recta,Na berma,Despiste,SEXTA-FEIRA  ,0,1,13,2010-05-20,8,ligeiro,Sim,Nao,Sim,106.6,1,1,13,3406
46600,2007278514,Braga,41.521516,-8.633053,ER205,21.4,1,0,0,1.0,50,NÃO DEFINIDO,Seco e limpo,Dois sentidos,Bom tempo,Em cruzamento,Dentro das localidades,Em pleno dia,Com inclinação,Curva,Em plena via,Colisão,SEXTA-FEIRA  ,0,2,13,2007-03-21,17,ligeiro,Sim,Nao,Sim,106.6,1,1,13,3406
46606,2009366684,Braga,41.680873,-8.187282000000002,EN304,75.6,3,0,0,1.0,50,Sem berma ou impraticável,Seco e limpo,Dois sentidos,Bom tempo,Fora da intersecção,Dentro das localidades,Em pleno dia,Em patamar,Curva,Em plena via,Colisão,QUINTA-FEIRA ,0,2,13,2009-03-02,15,ligeiro,Sim,Nao,Sim,106.6,1,1,13,3406
46630,2010424082,Braga,41.671034999999996,-8.467419999999999,EN308,31.1,4,0,0,1.0,50,Sem berma ou impraticável,Seco e limpo,Dois sentidos,Bom tempo,Fora da intersecção,Dentro das localidades,Em pleno dia,Em patamar,Curva,Em plena via,Colisão,SÁBADO       ,0,2,13,2009-10-17,14,ligeiro,Sim,Nao,Sim,106.6,1,1,13,3406
46650,2010496241,Braga,41.506028,-8.416344,EN101,96.45,1,0,0,1.0,50,Berma pavimentada,Húmido,Dois sentidos,Chuva,Fora da intersecção,Dentro das localidades,Em pleno dia,Com inclinação,Curva,Em plena via,Despiste,DOMINGO      ,0,1,13,2010-10-06,9,ligeiro,Sim,Sim,Nao,106.6,1,1,13,3406
46657,2012645007,Braga,41.519644,-8.638328,ER205,20.9,2,0,0,1.0,50,Berma pavimentada,Seco e limpo,Sentido único,Bom tempo,Em cruzamento,Dentro das localidades,Em pleno dia,Em patamar,Recta,Em plena via,Colisão,SEGUNDA-FEIRA,0,2,13,2012-09-07,10,ligeiro,Sim,Nao,Sim,106.6,1,1,13,3406
46664,2007300553,Braga,41.613553,-8.415802000000001,EN205,45.21,1,0,0,1.0,50,Sem berma ou impraticável,Seco e limpo,Dois sentidos,Bom tempo,NÃO DEFINIDO,Dentro das localidades,Em pleno dia,Em patamar,Recta,Em plena via,Colisão,SEGUNDA-FEIRA,0,2,13,2007-11-07,19,ligeiro,Sim,Nao,Sim,106.6,1,1,13,3406
46680,2010468577,Braga,41.614258,-8.4125,EN205,45.5,1,0,0,1.0,50,Berma pavimentada,Molhado,Dois sentidos,Chuva,Em entroncamento,Dentro das localidades,Em pleno dia,Em patamar,Recta,Em plena via,Colisão,SEGUNDA-FEIRA,0,2,13,2010-06-09,8,ligeiro,Sim,Sim,Nao,106.6,1,1,13,3406
46681,2011533466,Braga,41.432497,-8.301821,EN105,44.8,1,0,0,2.0,50,Sem berma ou impraticável,Húmido,Dois sentidos,Bom tempo,Fora da intersecção,Dentro das localidades,Em pleno dia,Em patamar,Recta,Em plena via,Despiste,QUINTA-FEIRA ,0,1,13,2011-05-24,11,ligeiro,Sim,Nao,Nao,106.6,1,1,13,3406
46687,2007294567,Braga,41.614167,-8.413086,EN205,45.45,2,0,0,2.0,50,Berma não pavimentada,Seco e limpo,Dois sentidos,Bom tempo,Em via de aceleração,Dentro das localidades,"Noite, com iluminação",Em patamar,Recta,Em plena via,Despiste,QUARTA-FEIRA ,0,1,13,2007-09-07,0,ligeiro,Nao,Nao,Sim,106.6,1,1,13,3406
46690,2010496259,Braga,41.517699,-8.627003,EN103,20.9,4,0,0,1.0,50,Berma pavimentada,Seco e limpo,Dois sentidos,Bom tempo,Fora da intersecção,Dentro das localidades,"Noite, com iluminação",Em patamar,Curva,Em plena via,Colisão,SEXTA-FEIRA  ,0,2,13,2010-10-10,0,ligeiro,Nao,Nao,Sim,106.6,1,1,13,3406
46707,2009351543,Braga,41.528444,-8.742788000000001,EN103-1,11.02,1,0,0,1.0,50,Berma não pavimentada,Seco e limpo,Dois sentidos,Bom tempo,Em entroncamento,Dentro das localidades,Em pleno dia,Com inclinação,Recta,Em plena via,Colisão,SEXTA-FEIRA  ,0,2,13,2008-12-19,9,ligeiro,Sim,Nao,Sim,106.6,1,1,13,3406
46710,2013664960,Braga,41.521288,-8.630361,EN103,20.4,1,0,0,1.0,50,Berma pavimentada,Seco e limpo,Dois sentidos,Bom tempo,Fora da intersecção,Dentro das localidades,Em pleno dia,Em patamar,Recta,Em plena via,Despiste,QUINTA-FEIRA ,0,1,13,2012-11-22,15,ligeiro,Sim,Nao,Sim,106.6,1,1,13,3406
46712,2009367386,Braga,41.529467,-8.737062,EN103-1,10.53,1,0,0,1.0,50,Sem berma ou impraticável,Seco e limpo,Dois sentidos,Bom tempo,Fora da intersecção,Dentro das localidades,"Noite, sem iluminação",Em patamar,Recta,Em plena via,Colisão,QUINTA-FEIRA ,0,3,13,2009-03-24,19,ligeiro,Nao,Nao,Sim,106.6,1,1,13,3406
46715,2008306177,Braga,41.509673,-8.210915,ER207,60.82,1,0,0,1.0,80,Sem berma ou impraticável,Seco e limpo,Dois sentidos,Bom tempo,NÃO DEFINIDO,Fora das localidades,Em pleno dia,Em patamar,Recta,Em plena via,Colisão,TERÇA-FEIRA  ,0,2,13,2007-12-17,18,ligeiro,Sim,Nao,Sim,106.6,1,1,13,3406