,COD_ACIDENTE,DISTRITO,LATITUDE,LONGITUDE,VIA,KM,QT_FLIGEIROS,QT_FGRAVES,QT_MORTOS,QT_VIAS_SENTIDO,VEL_LIM_LOCAL,BERMA_VIA,CONDICAO_ADERENCIA,FAIXA_RODAGEM,FATOR_ATMOSFERICO,INTERSECAO_VIA,LOCALIZACAO,LUMINOSIDADE,PERFIL_VIA,PLANTA_VIA,SITUACAO_ACIDENTE,TIPO_NATUREZA,DIA_SEMANA,FLAG_FERIADO,QT_VEICULOS,COD_FREGUESIA,DATA,HORA,GRAVIDADE,ERA_DIA,MAU_TEMPO,ESTRADA_SECA,DENSIDADE_TOTAL,COD_DISTRITO_INE,COD_CONCELHO_INE,COD_FREGUESIA_INE,TOTAL
46716,2009359227,Braga,41.508871,-8.417072000000001,EN101,96.0,1,0,0,1.0,50,Berma pavimentada,Seco e limpo,Dois sentidos,Bom tempo,Fora da intersecção,Dentro das localidades,Em pleno dia,Com inclinação,Curva,Em plena via,Despiste,QUARTA-FEIRA ,0,1,13,2009-02-24,17,ligeiro,Sim,Nao,Sim,106.6,1,1,13,3406
46720,2009418048,Braga,41.609326,-8.426252999999999,EN205,44.25,1,0,0,1.0,50,Berma pavimentada,Seco e limpo,Dois sentidos,Bom tempo,Fora da intersecção,Dentro das localidades,"Noite, com iluminação",Em patamar,Curva,Em plena via,Colisão,SEXTA-FEIRA  ,0,2,13,2009-09-01,23,ligeiro,Nao,Nao,Sim,106.6,1,1,13,3406
46721,2010486063,Braga,41.522569,-8.631563,EN103,20.22,1,0,0,1.0,50,Berma pavimentada,Seco e limpo,Sentido único,Bom tempo,Em ramo de ligação - entrada,Dentro das localidades,"Noite, com iluminação",Em patamar,Recta,Em plena via,Colisão,QUARTA-FEIRA ,0,2,13,2010-08-18,21,ligeiro,Nao,Nao,Sim,106.6,1,1,13,3406
46743,2009373232,Braga,41.580748,-8.11149,EN304,98.08,1,0,0,1.0,50,Berma pavimentada,Seco e limpo,Dois sentidos,Bom tempo,Fora da intersecção,Dentro das localidades,Em pleno dia,Em patamar,Recta,Em plena via,Despiste,SÁBADO       ,1,1,13,2009-04-12,19,ligeiro,Sim,Nao,Sim,106.6,1,1,13,3406
46750,2010445905,Braga,41.670769,-8.46694,EN308,31.15,1,0,0,1.0,50,Sem berma ou impraticável,Seco e limpo,Dois sentidos,Bom tempo,Fora da intersecção,Dentro das localidades,Em pleno dia,Com inclinação,Recta,Em plena via,Despiste,QUARTA-FEIRA ,0,1,13,2010-02-12,11,ligeiro,Sim,Nao,Sim,106.6,1,1,13,3406
46755,2007300554,Braga,41.620174,-8.406125,EN205,46.4,1,0,0,3.0,80,Berma não pavimentada,Seco e limpo,Dois sentidos,Bom tempo,Em cruzamento,Dentro das localidades,Em pleno dia,Em patamar,Recta,Em plena via,Colisão,SEGUNDA-FEIRA,0,2,13,2007-11-07,15,ligeiro,Sim,Nao,Sim,106.6,1,1,13,3406
46757,2012632540,Braga,41.507785,-8.416053,EN101,96.2,1,0,0,1.0,50,Sem berma ou impraticável,Molhado,Dois sentidos,Chuva,Fora da intersecção,Dentro das localidades,Em pleno dia,Com inclinação,Curva,Em plena via,Colisão,QUARTA-FEIRA ,0,2,13,2012-07-13,14,ligeiro,Sim,Sim,Nao,106.6,1,1,13,3406
46760,2007292121,Braga,41.612181,-8.417519,EN205,45.0,2,0,0,1.0,50,Berma pavimentada,Seco e limpo,Dois sentidos,Bom tempo,Fora da intersecção,Dentro das localidades,Em pleno dia,Em patamar,Recta,Em plena via,Colisão,SEGUNDA-FEIRA,0,2,13,2007-08-02,9,ligeiro,Sim,Nao,Sim,106.6,1,1,13,3406
46815,2011519230,Braga,41.507785,-8.416053,EN101,96.2,7,0,0,1.0,50,Berma pavimentada,Molhado,Dois sentidos,Chuva,Fora da intersecção,Dentro das localidades,Em pleno dia,Com inclinação,Curva,Em plena via,Colisão,SEXTA-FEIRA  ,0,2,13,2011-01-04,11,ligeiro,Sim,Sim,Nao,106.6,1,1,13,3406
46830,2011567570,Braga,41.528391,-8.743708999999999,EN103-1,11.1,3,0,0,1.0,50,Sem berma ou impraticável,Molhado,Dois sentidos,Chuva,Fora da intersecção,Dentro das localidades,Em pleno dia,Com inclinação,Recta,Em plena via,Despiste,DOMINGO      ,0,1,13,2011-09-01,9,ligeiro,Sim,Sim,Nao,106.6,1,1,13,3406
46843,2008308066,Braga,41.615746,-8.408824000000001,EN205,45.85,4,0,0,1.0,50,Sem berma ou impraticável,Seco e limpo,Dois sentidos,Bom tempo,Fora da intersecção,Dentro das localidades,"Noite, com iluminação",Em patamar,Recta,Em plena via,Colisão,QUINTA-FEIRA ,0,4,13,2008-01-28,21,ligeiro,Nao,Nao,Sim,106.6,1,1,13,3406
46848,2007298151,Braga,41.67123,-8.467943,EN308,31.05,2,0,0,1.0,50,Sem berma ou impraticável,Seco e limpo,Dois sentidos,Bom tempo,Em via de desaceleração,Dentro das localidades,Em pleno dia,Em patamar,Curva,Em plena via,Despiste,QUARTA-FEIRA ,0,1,13,2007-10-11,7,ligeiro,Sim,Nao,Sim,106.6,1,1,13,3406
46872,2009400475,Braga,41.508533,-8.41595,EN101,96.1,1,0,0,1.0,50,Berma pavimentada,Seco e limpo,Dois sentidos,Bom tempo,Fora da intersecção,Dentro das localidades,Em pleno dia,Com inclinação,Curva,Em plena via,Colisão,DOMINGO      ,0,2,13,2009-07-30,19,ligeiro,Sim,Nao,Sim,106.6,1,1,13,3406
46876,2009409770,Braga,41.513111,-8.420167,EN101,95.43,2,0,0,1.0,50,Berma pavimentada,Seco e limpo,Dois sentidos,Bom tempo,Em entroncamento,Dentro das localidades,Em pleno dia,Com inclinação,Recta,Em plena via,Colisão,SÁBADO       ,0,3,13,2009-08-21,9,ligeiro,Sim,Nao,Sim,106.6,1,1,13,3406
46891,2012631595,Braga,41.528465999999995,-8.742558,EN103-1,11.0,1,0,0,1.0,50,Berma pavimentada,Seco e limpo,Dois sentidos,Bom tempo,Em entroncamento,Dentro das localidades,Em pleno dia,Em patamar,Recta,Em plena via,Colisão,DOMINGO      ,0,2,13,2012-07-22,9,ligeiro,Sim,Nao,Sim,106.6,1,1,13,3406
46907,2007275711,Braga,41.529981,-8.734378999999999,EN103-1,10.3,1,0,0,1.0,50,Berma pavimentada,Húmido,Dois sentidos,Bom tempo,Fora da intersecção,Dentro das localidades,Em pleno dia,Em patamar,Recta,Em plena via,Colisão,DOMINGO      ,0,3,13,2007-02-12,8,ligeiro,Sim,Nao,Nao,106.6,1,1,13,3406
46916,2011500192,Braga,41.685552,-8.199292,EN304,74.2,1,0,0,1.0,50,Berma não pavimentada,Seco e limpo,Dois sentidos,Bom tempo,Fora da intersecção,Dentro das localidades,"Noite, com iluminação",Com inclinação,Curva,Em plena via,Despiste,QUINTA-FEIRA ,0,1,13,2010-10-15,1,ligeiro,Nao,Nao,Sim,106.6,1,1,13,3406
46918,2007285306,Braga,41.569714000000005,-8.10628,EN205,85.8,1,0,0,1.0,50,Berma pavimentada,Molhado,Dois sentidos,Chuva,Em entroncamento,Dentro das localidades,Em pleno dia,Com inclinação,Curva,Em plena via,Despiste,QUARTA-FEIRA ,0,1,13,2007-06-13,13,ligeiro,Sim,Sim,Nao,106.6,1,1,13,3406
46938,2008323807,Braga,41.541375,-8.7561,A28,49.65,1,0,0,2.0,120,Berma pavimentada,Molhado,Sentido único,Chuva,Fora da intersecção,Fora das localidades,Em pleno dia,Com inclinação,Recta,Em plena via,Despiste,QUINTA-FEIRA ,0,1,13,2008-04-17,6,ligeiro,Sim,Sim,Nao,106.6,1,1,13,3406
46952,2007273375,Braga,41.671034999999996,-8.467419999999999,EN308,31.1,2,0,0,1.0,50,Sem berma ou impraticável,Seco e limpo,Dois sentidos,NÃO DEFINIDO,Fora da intersecção,Fora das localidades,Em pleno dia,Em patamar,Recta,No passeio,Colisão,DOMINGO      ,0,2,13,2007-01-20,11,ligeiro,Sim,Sim,Sim,106.6,1,1,13,3406
46966,2007285309,Braga,41.611758,-8.418673,EN205,44.9,2,0,0,1.0,80,Berma pavimentada,Seco e limpo,Dois sentidos,Bom tempo,NÃO DEFINIDO,Dentro das localidades,"Noite, com iluminação",Em patamar,Recta,NÃO DEFINIDO,Colisão,SÁBADO       ,1,2,13,2007-06-10,1,ligeiro,Nao,Nao,Sim,106.6,1,1,13,3406
46990,2008340157,Braga,41.529188,-8.738458,EN103-1,10.65,1,0,0,1.0,50,Berma não pavimentada,Húmido,Dois sentidos,Bom tempo,Em cruzamento,Dentro das localidades,Em pleno dia,Em patamar,Recta,Em plena via,Colisão,SEGUNDA-FEIRA,0,3,13,2008-09-21,10,ligeiro,Sim,Nao,Nao,106.6,1,1,13,3406
47001,2010456111,Braga,41.529981,-8.734378999999999,EN103-1,10.3,1,0,0,1.0,50,Sem berma ou impraticável,Seco e limpo,Dois sentidos,Bom tempo,Em entroncamento,Dentro das localidades,Em pleno dia,Em patamar,Recta,Em plena via,Colisão,SÁBADO       ,0,2,13,2010-04-06,9,ligeiro,Sim,Nao,Sim,106.6,1,1,13,3406
47005,2011500388,Braga,41.51957,-8.606683,EN103,22.9,1,0,0,1.0,50,Berma pavimentada,Seco e limpo,Dois sentidos,Bom tempo,Fora da intersecção,Fora das localidades,Em pleno dia,Em patamar,Recta,Em plena via,Colisão,SÁBADO       ,0,2,13,2010-10-16,16,ligeiro,Sim,Nao,Sim,106.6,1,1,13,3406
47010,2010446013,Braga,41.515118,-8.420874000000001,EN101,95.2,1,0,0,1.0,50,Sem berma ou impraticável,Molhado,Dois sentidos,Bom tempo,Fora da intersecção,Dentro das localidades,"Noite, com iluminação",Em patamar,Recta,Em plena via,Colisão,TERÇA-FEIRA  ,0,2,13,2010-02-05,18,ligeiro,Nao,Nao,Nao,106.6,1,1,13,3406
47021,2010433227,Braga,41.534940999999996,-8.753476,A28,48.9,0,2,0,2.0,120,Berma pavimentada,Molhado,Sentido único,Chuva,Fora da intersecção,Fora das localidades,Em pleno dia,Em patamar,Recta,Em plena via,Despiste,SÁBADO       ,0,1,13,2009-12-24,14,ligeiro,Sim,Sim,Nao,106.6,1,1,13,3406
47043,2013662642,Braga,41.532351,-8.752595,A28,48.6,3,1,0,2.0,120,Berma pavimentada,Molhado,Sentido único,Chuva,Fora da intersecção,Fora das localidades,"Noite, sem iluminação",Em patamar,Curva,Em plena via,Despiste,SEGUNDA-FEIRA,0,1,13,2012-11-03,0,ligeiro,Nao,Sim,Nao,106.6,1,1,13,3406
47044,2008327185,Braga,41.528391,-8.743708999999999,EN103-1,11.1,1,0,0,1.0,50,Sem berma ou impraticável,Seco e limpo,Dois sentidos,Bom tempo,Fora da intersecção,Dentro das localidades,Em pleno dia,Com inclinação,Curva,Em plena via,Colisão,TERÇA-FEIRA  ,0,2,13,2008-05-25,11,ligeiro,Sim,Nao,Sim,106.6,1,1,13,3406
47046,2007285308,Braga,41.61464,-8.411424,EN205,45.6,1,0,0,1.0,50,Berma pavimentada,Molhado,Dois sentidos,Chuva,Em cruzamento,Dentro das localidades,Em pleno dia,Em patamar,Recta,Em plena via,Colisão,TERÇA-FEIRA  ,0,2,13,2007-06-12,19,ligeiro,Sim,Sim,Nao,106.6,1,1,13,3406
47057,2011545212,Braga,41.529188,-8.738458,EN103-1,10.65,0,0,1,1.0,50,Sem berma ou impraticável,Seco e limpo,Dois sentidos,Bom tempo,Fora da intersecção,Fora das localidades,Em pleno dia,Com inclinação,Recta,Em plena via,Atropelamento,SEXTA-FEIRA  ,0,1,13,2011-06-17,11,ligeiro,Sim,Nao,Sim,106.6,1,1,13,3406
47062,2010491485,Braga,41.519853999999995,-8.629016,EN103,20.6,1,0,0,1.0,50,Berma pavimentada,Molhado,Dois sentidos,Chuva,Fora da intersecção,Dentro das localidades,Em pleno dia,Em patamar,Curva,Em plena via,Despiste,SÁBADO       ,0,1,13,2010-09-07,8,ligeiro,Sim,Sim,Nao,106.6,1,1,13,3406
47077,2007281175,Braga,41.576879,-8.110914,EN304,98.7,1,0,0,1.0,50,Berma não pavimentada,Seco e limpo,Dois sentidos,Bom tempo,Em entroncamento,Dentro das localidades,Em pleno dia,Com inclinação,Curva,Em plena via,Colisão,QUINTA-FEIRA ,0,2,13,2007-04-18,18,ligeiro,Sim,Nao,Sim,106.6,1,1,13,3406
47087,2009349185,Braga,41.608159,-8.429051,EN205,44.0,1,0,0,1.0,50,Berma pavimentada,Seco e limpo,Dois sentidos,Bom tempo,Fora da intersecção,Dentro das localidades,Em pleno dia,Com inclinação,Recta,Em plena via,Colisão,SEGUNDA-FEIRA,0,3,13,2008-11-23,17,ligeiro,Sim,Nao,Sim,106.6,1,1,13,3406
47093,2007285271,Braga,41.519294,-8.639385,ER205,20.8,1,0,0,1.0,50,NÃO DEFINIDO,Seco e limpo,Dois sentidos,Bom tempo,Fora da intersecção,Dentro das localidades,Em pleno dia,Com inclinação,Recta,Em plena via,Colisão,QUARTA-FEIRA ,0,2,13,2007-06-13,11,ligeiro,Sim,Nao,Sim,106.6,1,1,13,3406
47095,2007291986,Braga,41.61486,-8.410903,EN205,45.65,1,0,0,1.0,80,Berma pavimentada,Seco e limpo,Dois sentidos,Bom tempo,Em cruzamento,Dentro das localidades,Em pleno dia,Em patamar,Recta,Em plena via,Colisão,QUARTA-FEIRA ,1,2,13,2007-08-15,10,ligeiro,Sim,Nao,Sim,106.6,1,1,13,3406
47121,2008341721,Braga,41.61833,-8.407081,EN205,46.18,1,0,0,2.0,50,Berma não pavimentada,Seco e limpo,Dois sentidos,Bom tempo,Em entroncamento,Dentro das localidades,"Noite, com iluminação",Em patamar,Recta,Em plena via,Colisão,QUINTA-FEIRA ,0,2,13,2008-09-01,23,ligeiro,Nao,Nao,Sim,106.6,1,1,13,3406
47136,2007299732,Braga,41.515118,-8.420874000000001,EN101,95.2,1,0,0,1.0,50,Berma pavimentada,Seco e limpo,Dois sentidos,Bom tempo,Fora da intersecção,Dentro das localidades,Aurora ou crepúsculo,Em patamar,Recta,Em plena via,Despiste,TERÇA-FEIRA  ,0,1,13,2007-10-27,1,ligeiro,Nao,Nao,Sim,106.6,1,1,13,3406
47146,2007282013,Braga,41.507785,-8.416053,EN101,96.2,1,0,0,1.0,50,Sem berma ou impraticável,Molhado,Dois sentidos,Bom tempo,Fora da intersecção,Dentro das localidades,Em pleno dia,Com inclinação,Curva,Em plena via,Despiste,DOMINGO      ,0,1,13,2007-05-13,13,ligeiro,Sim,Nao,Nao,106.6,1,1,13,3406
47188,2008338336,Braga,41.619333000000005,-8.406552,EN205,46.3,1,0,0,1.0,50,Berma não pavimentada,Seco e limpo,Dois sentidos,Bom tempo,Fora da intersecção,Dentro das localidades,Em pleno dia,Em patamar,Recta,Em plena via,Colisão,QUINTA-FEIRA ,0,2,13,2008-08-09,17,ligeiro,Sim,Nao,Sim,106.6,1,1,13,3406
47190,2011529047,Braga,41.507874,-8.415917,EN101,96.19,1,0,0,1.0,50,Berma pavimentada,Molhado,Dois sentidos,Chuva,Fora da intersecção,Dentro das localidades,Em pleno dia,Com inclinação,Curva,No passeio,Atropelamento,DOMINGO      ,0,1,13,2011-03-14,11,ligeiro,Sim,Sim,Nao,106.6,1,1,13,3406
47211,2009387674,Braga,41.517699,-8.627003,EN103,20.9,1,0,1,1.0,50,Berma pavimentada,Seco e limpo,Dois sentidos,Bom tempo,Fora da intersecção,Fora das localidades,Em pleno dia,Em patamar,Recta,Em plena via,Colisão,QUARTA-FEIRA ,0,2,13,2009-05-03,15,ligeiro,Sim,Nao,Sim,106.6,1,1,13,3406
47227,2009417773,Braga,41.511693,-8.209024000000001,ER207,61.45,0,1,0,2.0,50,Sem berma ou impraticável,Seco e limpo,Dois sentidos,Bom tempo,Em entroncamento,Dentro das localidades,Em pleno dia,Em patamar,Curva,Em plena via,Colisão,QUINTA-FEIRA ,0,2,13,2009-09-23,17,ligeiro,Sim,Nao,Sim,106.6,1,1,13,3406
47244,2012583120,Braga,41.528442,-8.745439,EN103-1,11.25,1,0,0,1.0,50,Sem berma ou impraticável,Molhado,Dois sentidos,Chuva,Fora da intersecção,Dentro das localidades,"Noite, com iluminação",Em patamar,Recta,Na berma,Despiste,QUARTA-FEIRA ,0,1,13,2011-11-16,19,ligeiro,Nao,Sim,Nao,106.6,1,1,13,3406
47260,2012630958,Braga,41.685552,-8.199292,EN304,74.2,1,0,0,1.0,50,Berma pavimentada,Seco e limpo,Dois sentidos,Bom tempo,Fora da intersecção,Dentro das localidades,Em pleno dia,Com inclinação,Recta,Na berma,Despiste,SÁBADO       ,0,1,13,2012-07-27,16,ligeiro,Sim,Nao,Sim,106.6,1,1,13,3406
47265,2013669744,Braga,41.520443,-8.636244,ER205,21.1,2,0,0,1.0,50,Berma pavimentada,Húmido,Dois sentidos,Bom tempo,Fora da intersecção,Dentro das localidades,Em pleno dia,Com inclinação,Curva,Em plena via,Colisão,QUINTA-FEIRA ,0,2,13,2012-12-20,7,ligeiro,Sim,Nao,Nao,106.6,1,1,13,3406
47270,2008321687,Braga,41.515485,-8.420853999999999,EN101,95.16,2,0,0,1.0,50,Berma pavimentada,Molhado,Dois sentidos,Chuva,Em cruzamento,Dentro das localidades,Em pleno dia,Em patamar,Recta,Em plena via,Colisão,SÁBADO       ,0,2,13,2008-03-10,17,ligeiro,Sim,Sim,Nao,106.6,1,1,13,3406
47275,2008304475,Braga,41.515986,-8.420611,EN101,95.1,1,0,0,1.0,50,Berma pavimentada,Seco e limpo,Dois sentidos,Bom tempo,Fora da intersecção,Dentro das localidades,"Noite, com iluminação",Em patamar,Curva,Na berma,Despiste,SEXTA-FEIRA  ,0,1,13,2007-12-14,19,ligeiro,Nao,Nao,Sim,106.6,1,1,13,3406
47280,2008308791,Braga,41.529753,-8.735544,EN103-1,10.4,1,0,0,1.0,50,Berma pavimentada,Húmido,Dois sentidos,Chuva,Fora da intersecção,Dentro das localidades,Em pleno dia,Em patamar,Recta,Em plena via,Colisão,TERÇA-FEIRA  ,0,2,13,2008-01-09,9,ligeiro,Sim,Sim,Nao,106.6,1,1,13,3406
47285,2010445915,Braga,41.695842999999996,-8.207975999999999,EN304,72.6,2,0,0,1.0,90,Berma não pavimentada,Seco e limpo,Dois sentidos,Bom tempo,Fora da intersecção,Fora das localidades,Em pleno dia,Em patamar,Curva,Em plena via,Colisão,DOMINGO      ,0,3,13,2010-02-09,18,ligeiro,Sim,Nao,Sim,106.6,1,1,13,3406
47292,2010491561,Braga,41.513371,-8.420266,EN101,95.4,2,0,0,1.0,50,Sem berma ou impraticável,Molhado,Dois sentidos,Chuva,Em entroncamento,Dentro das localidades,"Noite, com iluminação",Com inclinação,Recta,Em plena via,Colisão,SEXTA-FEIRA  ,0,3,13,2010-09-17,19,ligeiro,Nao,Sim,Nao,106.6,1,1,13,3406
47315,2009357589,Braga,41.528465999999995,-8.742558,EN103-1,11.0,2,0,0,1.0,50,Berma pavimentada,Molhado,Dois sentidos,Chuva,Em entroncamento,Dentro das localidades,Em pleno dia,Em patamar,Curva,Em plena via,Colisão,SÁBADO       ,0,2,13,2009-01-23,16,ligeiro,Sim,Sim,Nao,106.6,1,1,13,3406
47326,2012591639,Braga,41.519294,-8.639385,ER205,20.8,1,0,0,1.0,50,Berma pavimentada,Molhado,Dois sentidos,Chuva,Fora da intersecção,Dentro das localidades,Em pleno dia,Com inclinação,Recta,Em plena via,Colisão,SEXTA-FEIRA  ,0,2,13,2011-12-16,13,ligeiro,Sim,Sim,Nao,106.6,1,1,13,3406
47329,2009383159,Braga,41.48764,-7.956441000000001,EN206,79.5,4,0,0,2.0,50,Berma não pavimentada,Seco e limpo,Dois sentidos,Bom tempo,Em via de desaceleração,Dentro das localidades,Em pleno dia,Em patamar,Curva,Em plena via,Colisão,TERÇA-FEIRA  ,0,2,13,2009-05-02,14,ligeiro,Sim,Nao,Sim,106.6,1,1,13,3406
47330,2012583028,Braga,41.511074,-8.433969,EN(d)309,31.7,1,0,0,2.0,50,Berma não pavimentada,Seco e limpo,Dois sentidos,Bom tempo,Fora da intersecção,Dentro das localidades,"Noite, com iluminação",Em patamar,Recta,Na berma,Despiste,SEXTA-FEIRA  ,0,1,13,2011-11-29,20,ligeiro,Nao,Nao,Sim,106.6,1,1,13,3406
47337,2007295652,Braga,41.611558,-8.419259,EN205,44.85,1,0,0,1.0,40,Berma não pavimentada,Seco e limpo,Dois sentidos,NÃO DEFINIDO,NÃO DEFINIDO,Dentro das localidades,"Noite, com iluminação",NÃO DEFINIDO,NÃO DEFINIDO,Em plena via,Colisão,TERÇA-FEIRA  ,0,3,13,2007-09-28,19,ligeiro,Nao,Sim,Sim,106.6,1,1,13,3406
47350,2013664923,Braga,41.51318,-8.420194,EN101,95.42,1,0,0,2.0,50,Berma pavimentada,Seco e limpo,Dois sentidos,Bom tempo,Em entroncamento,Dentro das localidades,Em pleno dia,Em patamar,Recta,Em plena via,Colisão,SEXTA-FEIRA  ,0,2,13,2012-11-23,17,ligeiro,Sim,Nao,Sim,106.6,1,1,13,3406
47354,2011517137,Braga,41.521357,-8.634202,ER205,21.3,1,0,0,1.0,50,Berma pavimentada,Seco e limpo,Dois sentidos,Bom tempo,Em cruzamento,Dentro das localidades,Aurora ou crepúsculo,Em patamar,Recta,Em plena via,Colisão,TERÇA-FEIRA  ,0,2,13,2011-01-24,17,ligeiro,Nao,Nao,Sim,106.6,1,1,13,3406
47361,2011567598,Braga,41.520002000000005,-8.637277000000001,ER205,21.0,1,0,0,1.0,50,Berma pavimentada,Seco e limpo,Dois sentidos,Bom tempo,Fora da intersecção,Dentro das localidades,Em pleno dia,Em patamar,Recta,Em plena via,Colisão,SÁBADO       ,0,3,13,2011-09-17,18,ligeiro,Sim,Nao,Sim,106.6,1,1,13,3406
47365,2009418028,Braga,41.539288,-8.754980999999999,A28,49.4,2,0,0,2.0,120,Berma pavimentada,Seco e limpo,Sentido único,Bom tempo,Fora da intersecção,Fora das localidades,"Noite, sem iluminação",Em patamar,Recta,Em plena via,Despiste,SÁBADO       ,0,1,13,2009-09-13,4,ligeiro,Nao,Nao,Sim,106.6,1,1,13,3406
47376,2007282910,Braga,41.617732000000004,-8.40734,EN205,46.11,3,0,0,1.0,50,Berma não pavimentada,Seco e limpo,Dois sentidos,Bom tempo,Fora da intersecção,Dentro das localidades,Em pleno dia,Em patamar,Recta,Em plena via,Colisão,SEXTA-FEIRA  ,0,2,13,2007-05-17,8,ligeiro,Sim,Nao,Sim,106.6,1,1,13,3406
47379,2007279122,Braga,41.564214,-8.102081,EN205,86.62,1,0,0,1.0,50,Sem berma ou impraticável,Seco e limpo,Dois sentidos,Bom tempo,Em entroncamento,Fora das localidades,Em pleno dia,Com inclinação,Curva,Em plena via,Colisão,SEXTA-FEIRA  ,0,2,13,2007-04-13,12,ligeiro,Sim,Nao,Sim,106.6,1,1,13,3406
47395,2008344021,Braga,41.51748,-8.642528,ER205,20.45,1,0,0,1.0,50,Berma pavimentada,Seco e limpo,Dois sentidos,Bom tempo,Em cruzamento,Dentro das localidades,Em pleno dia,Com inclinação,Recta,Em plena via,Colisão,SEGUNDA-FEIRA,0,2,13,2008-10-08,9,ligeiro,Sim,Nao,Sim,106.6,1,1,13,3406
47402,2010445903,Braga,41.573959,-8.112214,EN304,99.3,1,0,0,1.0,50,Berma não pavimentada,Molhado,Dois sentidos,Chuva,Fora da intersecção,Fora das localidades,Em pleno dia,Em patamar,Curva,Em plena via,Atropelamento,SEXTA-FEIRA  ,0,1,13,2010-02-08,8,ligeiro,Sim,Sim,Nao,106.6,1,1,13,3406
47426,2009389609,Braga,41.528442,-8.745439,EN103-1,11.25,1,0,0,1.0,50,Sem berma ou impraticável,Seco e limpo,Dois sentidos,Bom tempo,Fora da intersecção,Dentro das localidades,Em pleno dia,Em patamar,Recta,Em plena via,Colisão,QUARTA-FEIRA ,0,2,13,2009-06-28,12,ligeiro,Sim,Nao,Sim,106.6,1,1,13,3406
47443,2009373213,Braga,41.528465999999995,-8.742558,EN103-1,11.0,1,0,0,1.0,50,Berma não pavimentada,Seco e limpo,Dois sentidos,Bom tempo,Em entroncamento,Dentro das localidades,Em pleno dia,Em patamar,Curva,Em plena via,Despiste,DOMINGO      ,0,1,13,2009-04-02,17,ligeiro,Sim,Nao,Sim,106.6,1,1,13,3406
47475,2010476224,Braga,41.608159,-8.429051,EN205,44.0,0,1,0,1.0,50,Berma pavimentada,Seco e limpo,Dois sentidos,Bom tempo,Em rotunda,Dentro das localidades,Em pleno dia,Em patamar,Curva,Em plena via,Colisão,SEGUNDA-FEIRA,0,2,13,2010-07-02,17,ligeiro,Sim,Nao,Sim,106.6,1,1,13,3406
47479,2007280535,Braga,41.441140000000004,-8.390307,ER206,34.4,1,0,0,1.0,50,Berma pavimentada,Seco e limpo,Dois sentidos,Bom tempo,Em cruzamento,Dentro das localidades,Em pleno dia,Em patamar,Recta,Em plena via,Colisão,DOMINGO      ,0,2,40,2007-04-09,9,ligeiro,Sim,Nao,Sim,156.9,1,3,40,2414
47484,2007298121,Braga,41.445143,-8.376617999999999,ER206,35.9,1,0,0,1.0,50,Berma pavimentada,Molhado,Dois sentidos,Chuva,Fora da intersecção,Dentro das localidades,"Noite, com iluminação",Em patamar,Curva,No passeio,Despiste,TERÇA-FEIRA  ,0,1,40,2007-10-04,0,ligeiro,Nao,Sim,Nao,156.9,1,3,40,2414
47487,2008324868,Braga,41.442114000000004,-8.380141,ER206,35.45,1,0,0,1.0,50,Berma pavimentada,Seco e limpo,Dois sentidos,Bom tempo,Fora da intersecção,Dentro das localidades,Em pleno dia,Em patamar,Recta,Em plena via,Colisão,SÁBADO       ,0,2,40,2008-04-13,15,ligeiro,Sim,Nao,Sim,156.9,1,3,40,2414
47488,2008321690,Braga,41.456406,-8.494423,EN14,35.3,2,0,0,1.0,50,Sem berma ou impraticável,Molhado,Dois sentidos,Chuva,Fora da intersecção,Dentro das localidades,"Noite, sem iluminação",Com inclinação,Curva,Em plena via,Colisão,DOMINGO      ,0,2,40,2008-03-11,6,ligeiro,Nao,Sim,Nao,156.9,1,3,40,2414
47490,2008333448,Braga,41.453829999999996,-8.493095,EN14,35.02,1,1,0,1.0,50,Berma pavimentada,Seco e limpo,Dois sentidos,Bom tempo,Fora da intersecção,Dentro das localidades,Em pleno dia,Com inclinação,Recta,Em plena via,Colisão,QUINTA-FEIRA ,0,2,40,2008-07-06,19,ligeiro,Sim,Nao,Sim,156.9,1,3,40,2414
47494,2009358797,Braga,41.453647,-8.493,EN14,35.0,1,0,0,1.0,50,Berma pavimentada,Molhado,Dois sentidos,Bom tempo,Fora da intersecção,Dentro das localidades,Em pleno dia,Com inclinação,Recta,Em plena via,Colisão,QUINTA-FEIRA ,0,3,40,2009-02-02,8,ligeiro,Sim,Nao,Nao,156.9,1,3,40,2414
47495,2009399753,Braga,41.450244,-8.490236999999999,A3,34.65,1,0,0,3.0,120,Berma pavimentada,Molhado,Sentido único,Chuva,Fora da intersecção,Fora das localidades,Em pleno dia,Com inclinação,Recta,Em plena via,Colisão,QUINTA-FEIRA ,0,2,40,2009-07-22,13,ligeiro,Sim,Sim,Nao,156.9,1,3,40,2414
47497,2009373211,Braga,41.442938,-8.370841,ER206,36.7,1,0,0,1.0,50,Berma não pavimentada,Molhado,Dois sentidos,Chuva,Fora da intersecção,Dentro das localidades,Em pleno dia,Com inclinação,Curva,Em plena via,Despiste,SEXTA-FEIRA  ,0,1,40,2009-04-06,10,ligeiro,Sim,Sim,Nao,156.9,1,3,40,2414
47504,2011500374,Braga,41.660748999999996,-8.413796000000001,EN308,37.7,1,0,0,1.0,50,Sem berma ou impraticável,Seco e limpo,Dois sentidos,Bom tempo,Fora da intersecção,Dentro das localidades,Em pleno dia,Em patamar,Recta,Na berma,Despiste,SEXTA-FEIRA  ,0,1,40,2010-10-21,13,ligeiro,Sim,Nao,Sim,156.9,1,3,40,2414