,COD_ACIDENTE,DISTRITO,LATITUDE,LONGITUDE,VIA,KM,QT_FLIGEIROS,QT_FGRAVES,QT_MORTOS,QT_VIAS_SENTIDO,VEL_LIM_LOCAL,BERMA_VIA,CONDICAO_ADERENCIA,FAIXA_RODAGEM,FATOR_ATMOSFERICO,INTERSECAO_VIA,LOCALIZACAO,LUMINOSIDADE,PERFIL_VIA,PLANTA_VIA,SITUACAO_ACIDENTE,TIPO_NATUREZA,DIA_SEMANA,FLAG_FERIADO,QT_VEICULOS,COD_FREGUESIA,DATA,HORA,GRAVIDADE,ERA_DIA,MAU_TEMPO,ESTRADA_SECA,DENSIDADE_TOTAL,COD_DISTRITO_INE,COD_CONCELHO_INE,COD_FREGUESIA_INE,TOTAL
47505,2011505909,Braga,41.442336,-8.371630999999999,ER206,36.6,1,0,0,1.0,90,Sem berma ou impraticável,Molhado,Dois sentidos,Chuva,Fora da intersecção,Fora das localidades,Em pleno dia,Com inclinação,Curva,Na berma,Despiste,SÁBADO       ,0,1,40,2010-11-08,9,ligeiro,Sim,Sim,Nao,156.9,1,3,40,2414
47507,2011527230,Braga,41.442971,-8.374286999999999,ER206,36.3,2,0,0,1.0,50,Sem berma ou impraticável,Com óleo,Dois sentidos,Chuva,Fora da intersecção,Dentro das localidades,Em pleno dia,Com inclinação,Curva,Em plena via,Colisão,QUINTA-FEIRA ,0,2,40,2011-03-28,13,ligeiro,Sim,Sim,Nao,156.9,1,3,40,2414
47508,2011523778,Braga,41.443884000000004,-8.374299,ER206,36.2,2,0,0,1.0,50,Berma não pavimentada,Molhado,Dois sentidos,Chuva,Fora da intersecção,Dentro das localidades,"Noite, com iluminação",Em patamar,Recta,Em plena via,Despiste,QUARTA-FEIRA ,0,1,40,2011-02-11,22,ligeiro,Nao,Sim,Nao,156.9,1,3,40,2414
47509,2011518989,Braga,41.440111,-8.393478,ER206,34.1,1,0,0,1.0,50,Berma pavimentada,Húmido,Dois sentidos,Nevoeiro,Fora da intersecção,Dentro das localidades,"Noite, com iluminação",Com inclinação,Curva,Na berma,Despiste,SEXTA-FEIRA  ,0,1,40,2011-01-15,1,ligeiro,Nao,Sim,Nao,156.9,1,3,40,2414
47512,2011555128,Braga,41.440265000000004,-8.392942,ER206,34.15,1,0,0,1.0,50,Sem berma ou impraticável,Molhado,Dois sentidos,Chuva,Fora da intersecção,Dentro das localidades,Em pleno dia,Em patamar,Curva,Em plena via,Colisão,QUARTA-FEIRA ,0,2,40,2011-07-08,17,ligeiro,Sim,Sim,Nao,156.9,1,3,40,2414
47516,2012597561,Braga,41.439991,-8.383399,ER206,35.1,4,0,0,1.0,50,Sem berma ou impraticável,Seco e limpo,Dois sentidos,Bom tempo,Em cruzamento,Dentro das localidades,"Noite, com iluminação",Em patamar,Recta,Em plena via,Colisão,QUINTA-FEIRA ,0,2,40,2012-01-30,22,ligeiro,Nao,Nao,Sim,156.9,1,3,40,2414
47517,2012579192,Braga,41.445346,-8.375467,ER206,36.0,1,0,0,1.0,50,Berma pavimentada,Molhado,Dois sentidos,Chuva,Fora da intersecção,Dentro das localidades,"Noite, com iluminação",Em patamar,Curva,Em plena via,Colisão,SÁBADO       ,0,2,40,2011-11-02,22,ligeiro,Nao,Sim,Nao,156.9,1,3,40,2414
47526,2010477573,Braga,41.440397,-8.385496,ER206,34.9,1,0,0,1.0,50,Berma não pavimentada,Seco e limpo,Dois sentidos,Bom tempo,Fora da intersecção,Dentro das localidades,Em pleno dia,Em patamar,Recta,Em plena via,Colisão,SEXTA-FEIRA  ,0,2,40,2010-07-05,7,ligeiro,Sim,Nao,Sim,156.9,1,3,40,2414
47527,2009358131,Braga,41.486290999999994,-8.428339999999999,EN(d)309,28.78,1,0,0,1.0,50,Berma não pavimentada,Molhado,Dois sentidos,Chuva,Fora da intersecção,Dentro das localidades,"Noite, com iluminação",Em patamar,Curva,Em plena via,Despiste,DOMINGO      ,0,1,40,2009-01-24,22,ligeiro,Nao,Sim,Nao,156.9,1,3,40,2414
47529,2009400472,Braga,41.441140000000004,-8.390307,ER206,34.4,1,0,0,1.0,50,Sem berma ou impraticável,Seco e limpo,Dois sentidos,Bom tempo,Fora da intersecção,Dentro das localidades,Em pleno dia,Em patamar,Recta,Em plena via,Colisão,SÁBADO       ,0,3,40,2009-07-29,11,ligeiro,Sim,Nao,Sim,156.9,1,3,40,2414
47530,2009349573,Braga,41.659896,-8.420736999999999,EN308,37.1,3,0,0,1.0,50,Berma pavimentada,Molhado,Dois sentidos,Chuva,Fora da intersecção,Dentro das localidades,Em pleno dia,Em patamar,Curva,Em plena via,Colisão,QUARTA-FEIRA ,0,2,40,2008-11-30,12,ligeiro,Sim,Sim,Nao,156.9,1,3,40,2414
47531,2011517129,Braga,41.494784,-8.416955,A11,33.23,1,0,0,3.0,120,Berma pavimentada,Seco e limpo,Sentido único,Bom tempo,Fora da intersecção,Fora das localidades,"Noite, sem iluminação",Com inclinação,Recta,Em plena via,Colisão,TERÇA-FEIRA  ,0,2,40,2011-01-24,18,ligeiro,Nao,Nao,Sim,156.9,1,3,40,2414
47533,2013671597,Braga,41.441826,-8.387614,ER206,34.65,1,0,0,1.0,50,Sem berma ou impraticável,Molhado,Dois sentidos,Chuva,Em cruzamento,Dentro das localidades,"Noite, com iluminação",Com inclinação,Curva,Na berma,Despiste,DOMINGO      ,0,1,40,2012-12-06,17,ligeiro,Nao,Sim,Nao,156.9,1,3,40,2414
47535,2012618217,Braga,41.441140000000004,-8.390307,ER206,34.4,1,0,0,1.0,50,Berma pavimentada,Seco e limpo,Dois sentidos,Bom tempo,Em entroncamento,Dentro das localidades,Em pleno dia,Em patamar,Recta,Em plena via,Colisão,QUINTA-FEIRA ,0,2,40,2012-05-12,20,ligeiro,Sim,Nao,Sim,156.9,1,3,40,2414
47537,2009357565,Braga,41.442421,-8.37968,ER206,35.5,1,0,0,1.0,50,Berma pavimentada,Seco e limpo,Dois sentidos,Chuva,Fora da intersecção,Dentro das localidades,Em pleno dia,Em patamar,Recta,Em plena via,Atropelamento,SEGUNDA-FEIRA,0,1,40,2009-01-19,11,ligeiro,Sim,Sim,Sim,156.9,1,3,40,2414
47544,2009373234,Braga,41.44023,-8.394577,ER206,34.0,1,0,0,1.0,50,Berma pavimentada,Seco e limpo,Dois sentidos,Bom tempo,Em entroncamento,Dentro das localidades,Em pleno dia,Com inclinação,Recta,Em plena via,Colisão,SEGUNDA-FEIRA,0,2,40,2009-04-08,14,ligeiro,Sim,Nao,Sim,156.9,1,3,40,2414
47548,2009349478,Braga,41.65925,-8.422199,EN308,36.95,1,0,0,1.0,50,Sem berma ou impraticável,Molhado,Dois sentidos,Chuva,Fora da intersecção,Dentro das localidades,"Noite, sem iluminação",Em patamar,Recta,Na berma,Despiste,SEGUNDA-FEIRA,0,1,40,2008-11-28,18,ligeiro,Nao,Sim,Nao,156.9,1,3,40,2414
47549,2011539828,Braga,41.451843,-8.491947,EN14,34.8,1,0,0,1.0,50,Berma pavimentada,Seco e limpo,Dois sentidos,Bom tempo,Fora da intersecção,Dentro das localidades,"Noite, com iluminação",Em patamar,Curva,Em plena via,Despiste,SÁBADO       ,0,1,40,2011-05-09,5,ligeiro,Nao,Nao,Sim,156.9,1,3,40,2414
47553,2011506715,Braga,41.456212,-8.484430999999999,A3,35.5,1,0,0,1.0,60,Berma pavimentada,Molhado,Sentido único,Chuva,Em ramo de ligação - entrada,Fora das localidades,"Noite, com iluminação",Com inclinação,Curva,Em plena via,Despiste,TERÇA-FEIRA  ,0,1,40,2010-11-16,23,ligeiro,Nao,Sim,Nao,156.9,1,3,40,2414
47557,2007286539,Braga,41.443148,-8.370315,ER206,36.75,4,1,0,1.0,50,Berma não pavimentada,Molhado,Dois sentidos,Chuva,NÃO DEFINIDO,Dentro das localidades,"Noite, sem iluminação",Em patamar,Curva,Em plena via,Colisão,DOMINGO      ,0,2,40,2007-06-16,20,ligeiro,Nao,Sim,Nao,156.9,1,3,40,2414
47558,2007298120,Braga,41.442289,-8.373822,ER206,36.39,1,0,0,1.0,50,Berma pavimentada,Seco e limpo,Dois sentidos,Bom tempo,Fora da intersecção,Dentro das localidades,Em pleno dia,Com inclinação,Curva,Na berma,Despiste,QUARTA-FEIRA ,1,1,40,2007-10-05,14,ligeiro,Sim,Nao,Sim,156.9,1,3,40,2414
47559,2009409863,Braga,41.443476000000004,-8.369895,ER206,36.8,5,0,0,1.0,90,Sem berma ou impraticável,Seco e limpo,Dois sentidos,Bom tempo,Fora da intersecção,Fora das localidades,Aurora ou crepúsculo,Com inclinação,Curva,Em plena via,Colisão,QUARTA-FEIRA ,0,3,40,2009-08-02,20,ligeiro,Nao,Nao,Sim,156.9,1,3,40,2414
47562,2010442040,Braga,41.459016999999996,-8.479867,A3,36.0,1,0,0,2.0,120,Berma pavimentada,Molhado,Sentido único,Chuva,Fora da intersecção,Fora das localidades,"Noite, sem iluminação",Em patamar,Recta,Em plena via,Despiste,TERÇA-FEIRA  ,0,1,40,2010-01-02,19,ligeiro,Nao,Sim,Nao,156.9,1,3,40,2414
47564,2013669723,Braga,41.453325,-8.492834,EN14,34.97,1,0,0,1.0,50,Berma pavimentada,Seco e limpo,Dois sentidos,Bom tempo,Em entroncamento,Dentro das localidades,"Noite, com iluminação",Com inclinação,Recta,Em plena via,Colisão,DOMINGO      ,0,3,40,2012-12-23,17,ligeiro,Nao,Nao,Sim,156.9,1,3,40,2414
47566,2010441977,Braga,41.442971,-8.374286999999999,ER206,36.3,1,0,0,1.0,50,Berma pavimentada,Húmido,Dois sentidos,Chuva,Em entroncamento,Dentro das localidades,Em pleno dia,Em patamar,Recta,Em plena via,Colisão,DOMINGO      ,0,2,40,2010-01-23,11,ligeiro,Sim,Sim,Nao,156.9,1,3,40,2414
47568,2010424084,Braga,41.453187,-8.492761999999999,EN14,34.95,1,0,0,1.0,50,Berma pavimentada,Molhado,Dois sentidos,Chuva,Fora da intersecção,Dentro das localidades,Em pleno dia,Com inclinação,Recta,Em plena via,Colisão,TERÇA-FEIRA  ,0,3,40,2009-10-08,10,ligeiro,Sim,Sim,Nao,156.9,1,3,40,2414
47576,2009417830,Braga,41.451843,-8.491947,EN14,34.8,2,0,0,1.0,50,Berma não pavimentada,Seco e limpo,Dois sentidos,Bom tempo,Em entroncamento,Dentro das localidades,Em pleno dia,Com inclinação,Recta,Em plena via,Colisão,SEGUNDA-FEIRA,0,2,40,2009-09-15,16,ligeiro,Sim,Nao,Sim,156.9,1,3,40,2414
47585,2013655577,Braga,41.440088,-8.394183,ER206,34.04,1,0,0,1.0,50,Berma pavimentada,Seco e limpo,Dois sentidos,Bom tempo,Em entroncamento,Dentro das localidades,Em pleno dia,Em patamar,Recta,Em plena via,Colisão,QUINTA-FEIRA ,0,2,40,2012-10-30,16,ligeiro,Sim,Nao,Sim,156.9,1,3,40,2414
47586,2012645018,Braga,41.441140000000004,-8.390307,ER206,34.4,2,0,0,1.0,50,Berma pavimentada,Seco e limpo,Dois sentidos,Bom tempo,Em entroncamento,Dentro das localidades,Em pleno dia,Em patamar,Recta,Em plena via,Colisão,QUARTA-FEIRA ,0,2,40,2012-09-08,18,ligeiro,Sim,Nao,Sim,156.9,1,3,40,2414
47588,2009399053,Braga,41.494921999999995,-8.417187,A11,33.2,0,0,1,3.0,120,Berma pavimentada,Seco e limpo,Sentido único,Bom tempo,Fora da intersecção,Fora das localidades,Em pleno dia,Com inclinação,Recta,Em plena via,Colisão,DOMINGO      ,0,2,40,2009-06-15,8,ligeiro,Sim,Nao,Sim,156.9,1,3,40,2414
47589,2009355684,Braga,41.445395,-8.37565,ER206,35.99,1,0,0,1.0,50,Sem berma ou impraticável,Seco e limpo,Dois sentidos,Bom tempo,Em entroncamento,Dentro das localidades,Em pleno dia,Em patamar,Curva,Em plena via,Colisão,SEGUNDA-FEIRA,0,2,40,2009-01-13,13,ligeiro,Sim,Nao,Sim,156.9,1,3,40,2414
47592,2010491605,Braga,41.443584,-8.369328,ER206,36.85,1,0,0,1.0,80,Berma pavimentada,Molhado,Dois sentidos,Chuva,Fora da intersecção,Dentro das localidades,Em pleno dia,Com inclinação,Curva,Em plena via,Colisão,SEXTA-FEIRA  ,0,3,40,2010-09-06,16,ligeiro,Sim,Sim,Nao,156.9,1,3,40,2414
47593,2011529599,Braga,41.456212,-8.484430999999999,A3,35.5,1,0,0,1.0,60,Berma pavimentada,Seco e limpo,Sentido único,Bom tempo,Em ramo de ligação - entrada,Fora das localidades,Em pleno dia,Com inclinação,Curva,Em plena via,Despiste,TERÇA-FEIRA  ,1,1,40,2011-04-24,19,ligeiro,Sim,Nao,Sim,156.9,1,3,40,2414
47596,2012645529,Braga,41.453647,-8.493,EN14,35.0,1,0,0,1.0,50,Berma pavimentada,Seco e limpo,Dois sentidos,Bom tempo,Em entroncamento,Dentro das localidades,Em pleno dia,Com inclinação,Recta,Em plena via,Colisão,SEGUNDA-FEIRA,0,3,40,2012-09-18,17,ligeiro,Sim,Nao,Sim,156.9,1,3,40,2414
47597,2009367546,Braga,41.451363,-8.491804,EN14,34.75,2,0,0,1.0,50,Berma pavimentada,Seco e limpo,Dois sentidos,Bom tempo,Em entroncamento,Dentro das localidades,"Noite, com iluminação",Com inclinação,Recta,Em plena via,Colisão,SEXTA-FEIRA  ,0,2,40,2009-03-08,20,ligeiro,Nao,Nao,Sim,156.9,1,3,40,2414
47598,2009400473,Braga,41.445346,-8.375467,ER206,36.0,1,0,0,1.0,50,Sem berma ou impraticável,Seco e limpo,Dois sentidos,Bom tempo,Fora da intersecção,Dentro das localidades,Aurora ou crepúsculo,Com inclinação,Curva,Em plena via,Colisão,SEXTA-FEIRA  ,0,3,40,2009-07-28,19,ligeiro,Nao,Nao,Sim,156.9,1,3,40,2414
47601,2011555127,Braga,41.442509,-8.371555,ER206,36.62,5,0,0,1.0,50,Sem berma ou impraticável,Molhado,Dois sentidos,Chuva,Fora da intersecção,Dentro das localidades,Em pleno dia,Com inclinação,Curva,Em plena via,Colisão,QUINTA-FEIRA ,0,2,40,2011-07-09,10,ligeiro,Sim,Sim,Nao,156.9,1,3,40,2414
47602,2009389474,Braga,41.450288,-8.490225,A3,34.65,1,0,0,2.0,120,Berma pavimentada,Molhado,Sentido único,Chuva,Fora da intersecção,Fora das localidades,Em pleno dia,Com inclinação,Curva,Em plena via,Despiste,QUARTA-FEIRA ,0,1,40,2009-06-06,11,ligeiro,Sim,Sim,Nao,156.9,1,3,40,2414
47604,2008346938,Braga,41.442421,-8.37968,ER206,35.5,0,1,0,1.0,50,Berma pavimentada,Seco e limpo,Dois sentidos,Bom tempo,Fora da intersecção,Dentro das localidades,Em pleno dia,Em patamar,Recta,Em plena via,Atropelamento,QUARTA-FEIRA ,0,1,40,2008-10-10,18,ligeiro,Sim,Nao,Sim,156.9,1,3,40,2414
47606,2010429485,Braga,41.441140000000004,-8.390307,ER206,34.4,2,0,0,1.0,50,Berma pavimentada,Molhado,Dois sentidos,Chuva,Fora da intersecção,Dentro das localidades,Aurora ou crepúsculo,Em patamar,Recta,Em plena via,Colisão,QUARTA-FEIRA ,0,2,40,2009-11-29,17,ligeiro,Nao,Sim,Nao,156.9,1,3,40,2414
47607,2008344794,Braga,41.442938,-8.370841,ER206,36.7,1,0,0,2.0,50,Sem berma ou impraticável,Molhado,Dois sentidos,Chuva,Fora da intersecção,Dentro das localidades,Em pleno dia,Com inclinação,Recta,Em plena via,Colisão,QUARTA-FEIRA ,0,2,40,2008-10-27,13,ligeiro,Sim,Sim,Nao,156.9,1,3,40,2414
47608,2012636863,Braga,41.453647,-8.493,EN14,35.0,3,0,0,1.0,50,Berma pavimentada,Seco e limpo,Dois sentidos,Bom tempo,Em entroncamento,Dentro das localidades,Em pleno dia,Com inclinação,Recta,Em plena via,Colisão,QUARTA-FEIRA ,0,3,40,2012-08-05,13,ligeiro,Sim,Nao,Sim,156.9,1,3,40,2414
47609,2011559569,Braga,41.455409,-8.486229,A3,35.33,0,1,0,2.0,110,Berma pavimentada,Seco e limpo,Sentido único,Bom tempo,Fora da intersecção,Fora das localidades,"Noite, com iluminação",Com inclinação,Curva,Na berma,Despiste,SÁBADO       ,0,1,40,2011-08-08,22,ligeiro,Nao,Nao,Sim,156.9,1,3,40,2414
47611,2009400537,Braga,41.659896,-8.420736999999999,EN308,37.1,1,0,0,1.0,50,Berma não pavimentada,Seco e limpo,Dois sentidos,Bom tempo,Fora da intersecção,Dentro das localidades,"Noite, com iluminação",Em patamar,Curva,Na berma,Despiste,SEGUNDA-FEIRA,0,1,40,2009-07-25,2,ligeiro,Nao,Nao,Sim,156.9,1,3,40,2414
47613,2012636946,Braga,41.442938,-8.370841,ER206,36.7,6,0,0,1.0,50,Berma pavimentada,Molhado,Dois sentidos,Chuva,Fora da intersecção,Dentro das localidades,Em pleno dia,Com inclinação,Recta,Em plena via,Colisão,DOMINGO      ,0,2,40,2012-08-14,19,ligeiro,Sim,Sim,Nao,156.9,1,3,40,2414
47614,2011562104,Braga,41.658491,-8.423813,EN308,36.79,2,0,0,1.0,50,Sem berma ou impraticável,Seco e limpo,Dois sentidos,Bom tempo,Fora da intersecção,Dentro das localidades,Em pleno dia,Em patamar,Recta,Em plena via,Colisão,SÁBADO       ,0,2,40,2011-08-25,8,ligeiro,Sim,Nao,Sim,156.9,1,3,40,2414
47617,2011527228,Braga,41.442421,-8.37968,ER206,35.5,1,0,0,1.0,50,Berma pavimentada,Seco e limpo,Dois sentidos,Bom tempo,Fora da intersecção,Dentro das localidades,Em pleno dia,Em patamar,Recta,Em plena via,Atropelamento,SEXTA-FEIRA  ,0,1,40,2011-03-18,13,ligeiro,Sim,Nao,Sim,156.9,1,3,40,2414
47623,2008302173,Braga,41.452441,-8.489339,A3,34.9,1,0,0,2.0,120,Berma pavimentada,Molhado,Sentido único,Chuva,Fora da intersecção,Fora das localidades,Em pleno dia,Com inclinação,Curva,Em plena via,Despiste,TERÇA-FEIRA  ,0,1,40,2007-11-19,15,ligeiro,Sim,Sim,Nao,156.9,1,3,40,2414
47624,2012645537,Braga,41.442745,-8.371378,ER206,36.65,1,0,0,1.0,50,Sem berma ou impraticável,Seco e limpo,Dois sentidos,Bom tempo,Fora da intersecção,Dentro das localidades,Em pleno dia,Com inclinação,Curva,Em plena via,Colisão,SEXTA-FEIRA  ,0,2,40,2012-09-21,22,ligeiro,Sim,Nao,Sim,156.9,1,3,40,2414
47625,2010442018,Braga,41.442971,-8.374286999999999,ER206,36.3,1,0,0,1.0,50,Berma não pavimentada,Molhado,Dois sentidos,Chuva,Fora da intersecção,Dentro das localidades,Em pleno dia,Com inclinação,Curva,Na berma,Despiste,SEXTA-FEIRA  ,0,1,40,2010-01-10,15,ligeiro,Sim,Sim,Nao,156.9,1,3,40,2414
47626,2011571914,Braga,41.44023,-8.394577,ER206,34.0,0,2,1,1.0,50,Berma pavimentada,Seco e limpo,Dois sentidos,Bom tempo,Em entroncamento,Dentro das localidades,"Noite, com iluminação",Com inclinação,Curva,Em plena via,Despiste,QUINTA-FEIRA ,0,1,40,2011-10-08,6,grave,Nao,Nao,Sim,156.9,1,3,40,2414
47630,2007281278,Braga,41.443476000000004,-8.369895,ER206,36.8,1,0,0,1.0,50,Berma pavimentada,Molhado,Dois sentidos,Chuva,Fora da intersecção,Dentro das localidades,Em pleno dia,Com inclinação,Curva,Em plena via,Despiste,SÁBADO       ,1,1,40,2007-04-25,15,ligeiro,Sim,Sim,Nao,156.9,1,3,40,2414
47634,2010486563,Braga,41.458586,-8.4803,A3,35.94,1,0,0,3.0,120,Berma pavimentada,Seco e limpo,Sentido único,Bom tempo,Fora da intersecção,Fora das localidades,Em pleno dia,Com inclinação,Recta,Em plena via,Colisão,SÁBADO       ,0,2,40,2010-08-26,14,ligeiro,Sim,Nao,Sim,156.9,1,3,40,2414
47635,2008322399,Braga,41.441812,-8.380608,ER206,35.4,1,0,0,1.0,50,Berma pavimentada,Seco e limpo,Dois sentidos,Bom tempo,Fora da intersecção,Dentro das localidades,Em pleno dia,Em patamar,Recta,Em parque de estacionamento,Atropelamento,SEXTA-FEIRA  ,0,1,40,2008-03-15,16,ligeiro,Sim,Nao,Sim,156.9,1,3,40,2414
47636,2008302181,Braga,41.453647,-8.493,EN14,35.0,1,0,0,1.0,50,Berma pavimentada,Seco e limpo,Sentido único,Bom tempo,Fora da intersecção,Dentro das localidades,Em pleno dia,Em patamar,Recta,Em plena via,Colisão,QUINTA-FEIRA ,0,2,40,2007-11-26,17,ligeiro,Sim,Nao,Sim,156.9,1,3,40,2414
47641,2007285305,Braga,41.569241,-8.158695,ER205,78.2,1,0,0,1.0,90,Sem berma ou impraticável,Molhado,Dois sentidos,Chuva,NÃO DEFINIDO,Fora das localidades,Em pleno dia,Em patamar,Curva,Na berma,Despiste,QUINTA-FEIRA ,0,1,25,2007-06-14,8,ligeiro,Sim,Sim,Nao,121.8,1,2,25,887
47669,2009383561,Braga,41.629426,-8.43346,EN101,81.0,2,0,0,2.0,50,Berma pavimentada,Seco e limpo,Dois sentidos,Bom tempo,Em entroncamento,Dentro das localidades,Em pleno dia,Em patamar,Recta,Em plena via,Colisão,SEXTA-FEIRA  ,0,2,25,2009-05-10,7,ligeiro,Sim,Nao,Sim,121.8,1,2,25,887
47671,2009409714,Braga,41.635273,-8.433133,EN101,80.35,1,0,0,3.0,50,Berma pavimentada,Seco e limpo,Dois sentidos,Bom tempo,Fora da intersecção,Dentro das localidades,Em pleno dia,Em patamar,Curva,Em plena via,Colisão,DOMINGO      ,0,2,25,2009-08-16,8,ligeiro,Sim,Nao,Sim,121.8,1,2,25,887
47674,2010424064,Braga,41.636592,-8.43346,EN101,80.2,1,0,0,1.0,50,Berma pavimentada,Molhado,Dois sentidos,Chuva,Fora da intersecção,Dentro das localidades,"Noite, sem iluminação",Com inclinação,Recta,Em plena via,Colisão,SÁBADO       ,0,1,25,2009-10-23,22,ligeiro,Nao,Sim,Nao,121.8,1,2,25,887
47682,2010477702,Braga,41.635016,-8.433258,EN101,80.38,2,0,0,1.0,50,Berma pavimentada,Seco e limpo,Dois sentidos,Bom tempo,Em cruzamento,Dentro das localidades,Em pleno dia,Em patamar,Recta,Em plena via,Colisão,QUINTA-FEIRA ,0,2,25,2010-07-10,15,ligeiro,Sim,Nao,Sim,121.8,1,2,25,887
47697,2011555067,Braga,41.565535,-8.479277,EN(d)205-4,15.05,1,0,0,1.0,50,Sem berma ou impraticável,Seco e limpo,Dois sentidos,Bom tempo,Fora da intersecção,Dentro das localidades,Em pleno dia,Em patamar,Curva,Em plena via,Colisão,QUINTA-FEIRA ,0,2,25,2011-07-15,13,ligeiro,Sim,Nao,Sim,121.8,1,2,25,887
47701,2011574263,Braga,41.629426,-8.43346,EN101,81.0,1,0,0,1.0,50,Berma pavimentada,Seco e limpo,Dois sentidos,Bom tempo,Em entroncamento,Dentro das localidades,Em pleno dia,Em patamar,Recta,Em plena via,Atropelamento,SÁBADO       ,0,1,25,2011-10-21,10,ligeiro,Sim,Nao,Sim,121.8,1,2,25,887
47713,2010462834,Braga,41.565709000000005,-8.473963000000001,EN(d)205-4,14.6,0,0,1,1.0,50,Sem berma ou impraticável,Seco e limpo,Dois sentidos,Bom tempo,Fora da intersecção,Dentro das localidades,Em pleno dia,Em patamar,Recta,Em plena via,Colisão,SÁBADO       ,0,2,25,2010-05-27,18,ligeiro,Sim,Nao,Sim,121.8,1,2,25,887
47722,2011563862,Braga,41.571799,-8.177466,ER205,76.1,1,0,0,1.0,50,Berma não pavimentada,Seco e limpo,Sentido único,Bom tempo,Fora da intersecção,Dentro das localidades,"Noite, com iluminação",Em patamar,Curva,Em plena via,Despiste,QUINTA-FEIRA ,0,1,25,2011-08-01,23,ligeiro,Nao,Nao,Sim,121.8,1,2,25,887
47733,2008319695,Braga,41.631249,-8.433628,EN101,80.8,0,1,0,1.0,50,Berma não pavimentada,Molhado,Dois sentidos,Chuva,Fora da intersecção,Dentro das localidades,"Noite, com iluminação",Em patamar,Recta,Em plena via,Atropelamento,SÁBADO       ,0,1,25,2008-03-27,19,ligeiro,Nao,Sim,Nao,121.8,1,2,25,887
47735,2007271108,Braga,41.633072,-8.4338,EN101,80.6,1,0,0,1.0,50,Berma pavimentada,Húmido,Dois sentidos,Chuva,Em cruzamento,Dentro das localidades,Em pleno dia,Em patamar,Recta,Em plena via,Colisão,SEGUNDA-FEIRA,0,3,25,2007-01-04,12,ligeiro,Sim,Sim,Nao,121.8,1,2,25,887
47740,2008330609,Braga,41.635016,-8.433258,EN101,80.38,1,0,0,1.0,50,Berma não pavimentada,Seco e limpo,Dois sentidos,Bom tempo,Fora da intersecção,Dentro das localidades,"Noite, com iluminação",Em patamar,Curva,Na berma,Despiste,DOMINGO      ,1,1,25,2008-06-10,1,ligeiro,Nao,Nao,Sim,121.8,1,2,25,887
47749,2009399750,Braga,41.633072,-8.4338,EN101,80.6,2,0,0,1.0,50,Berma não pavimentada,Molhado,Dois sentidos,Chuva,Fora da intersecção,Fora das localidades,Em pleno dia,Com inclinação,Recta,Em plena via,Colisão,QUINTA-FEIRA ,0,2,25,2009-07-22,16,ligeiro,Sim,Sim,Nao,121.8,1,2,25,887
47759,2011559551,Braga,41.629426,-8.43346,EN101,81.0,0,1,0,1.0,50,Berma pavimentada,Seco e limpo,Dois sentidos,Bom tempo,Em entroncamento,Dentro das localidades,Em pleno dia,Em patamar,Recta,Em plena via,Atropelamento,TERÇA-FEIRA  ,0,1,25,2011-08-05,19,ligeiro,Sim,Nao,Sim,121.8,1,2,25,887
47760,2011529063,Braga,41.632634,-8.433769999999999,EN101,80.65,1,0,0,1.0,50,Sem berma ou impraticável,Seco e limpo,Dois sentidos,Bom tempo,Em cruzamento,Dentro das localidades,"Noite, com iluminação",Em patamar,Recta,Em plena via,Colisão,DOMINGO      ,0,2,25,2011-03-03,23,ligeiro,Nao,Nao,Sim,121.8,1,2,25,887
47768,2008344400,Braga,41.633855,-8.433774,EN101,80.51,1,0,0,1.0,50,Sem berma ou impraticável,Seco e limpo,Dois sentidos,Bom tempo,Fora da intersecção,Dentro das localidades,Em pleno dia,Em patamar,Recta,Em plena via,Colisão,TERÇA-FEIRA  ,0,2,25,2008-10-20,15,ligeiro,Sim,Nao,Sim,121.8,1,2,25,887
47782,2010421441,Braga,41.634844,-8.433341,EN101,80.4,1,0,0,1.0,50,Berma pavimentada,Húmido,Dois sentidos,Bom tempo,Em cruzamento,Dentro das localidades,Em pleno dia,Em patamar,Recta,Em plena via,Colisão,TERÇA-FEIRA  ,0,2,25,2009-10-03,9,ligeiro,Sim,Nao,Nao,121.8,1,2,25,887
47799,2009367464,Braga,41.636327,-8.433367,EN101,80.23,2,0,0,1.0,50,Berma não pavimentada,Seco e limpo,Dois sentidos,Bom tempo,Fora da intersecção,Fora das localidades,Em pleno dia,Em patamar,Recta,Na berma,Despiste,QUINTA-FEIRA ,0,1,25,2009-03-02,14,ligeiro,Sim,Nao,Sim,121.8,1,2,25,887
47812,2008301974,Braga,41.630337,-8.433545,EN101,80.9,1,0,0,1.0,50,Sem berma ou impraticável,Molhado,Dois sentidos,Chuva,Fora da intersecção,Dentro das localidades,"Noite, com iluminação",Em patamar,Recta,Em plena via,Colisão,SEXTA-FEIRA  ,0,2,25,2007-11-21,19,ligeiro,Nao,Sim,Nao,121.8,1,2,25,887