,COD_ACIDENTE,DISTRITO,LATITUDE,LONGITUDE,VIA,KM,QT_FLIGEIROS,QT_FGRAVES,QT_MORTOS,QT_VIAS_SENTIDO,VEL_LIM_LOCAL,BERMA_VIA,CONDICAO_ADERENCIA,FAIXA_RODAGEM,FATOR_ATMOSFERICO,INTERSECAO_VIA,LOCALIZACAO,LUMINOSIDADE,PERFIL_VIA,PLANTA_VIA,SITUACAO_ACIDENTE,TIPO_NATUREZA,DIA_SEMANA,FLAG_FERIADO,QT_VEICULOS,COD_FREGUESIA,DATA,HORA,GRAVIDADE,ERA_DIA,MAU_TEMPO,ESTRADA_SECA,DENSIDADE_TOTAL,COD_DISTRITO_INE,COD_CONCELHO_INE,COD_FREGUESIA_INE,TOTAL
47824,2009357720,Braga,41.636592,-8.43346,EN101,80.2,1,0,0,1.0,50,Berma pavimentada,Molhado,Dois sentidos,Chuva,Fora da intersecção,Dentro das localidades,Em pleno dia,Em patamar,Recta,Em plena via,Colisão,QUINTA-FEIRA ,0,2,25,2009-01-27,9,ligeiro,Sim,Sim,Nao,121.8,1,2,25,887
47825,2011573924,Braga,41.632524,-8.433759,EN101,80.66,1,0,0,1.0,50,Berma pavimentada,Seco e limpo,Dois sentidos,Bom tempo,Fora da intersecção,Dentro das localidades,"Noite, com iluminação",Em patamar,Recta,Em plena via,Colisão,TERÇA-FEIRA  ,0,2,25,2011-10-07,8,ligeiro,Nao,Nao,Sim,121.8,1,2,25,887
47836,2007282125,Braga,41.566852000000004,-8.205456,ER205,72.71,1,0,0,1.0,50,Berma não pavimentada,Seco e limpo,Dois sentidos,Bom tempo,Fora da intersecção,Dentro das localidades,Em pleno dia,Em patamar,Recta,Em plena via,Colisão,SEGUNDA-FEIRA,0,2,27,2007-05-03,17,ligeiro,Sim,Nao,Sim,184.3,1,2,27,2009
47874,2009389481,Braga,41.566789,-8.205852,ER205,72.68,1,0,0,1.0,50,Berma não pavimentada,Seco e limpo,Dois sentidos,Bom tempo,Fora da intersecção,Dentro das localidades,Em pleno dia,Em patamar,Recta,Em plena via,Colisão,QUINTA-FEIRA ,0,2,27,2009-06-12,9,ligeiro,Sim,Nao,Sim,184.3,1,2,27,2009
47944,2008324786,Braga,41.422990000000006,-8.168019000000001,ER207,47.4,1,0,0,1.0,50,Berma pavimentada,Seco e limpo,Dois sentidos,Bom tempo,Em entroncamento,Dentro das localidades,Em pleno dia,Com inclinação,Recta,Em plena via,Colisão,DOMINGO      ,0,2,27,2008-04-14,11,ligeiro,Sim,Nao,Sim,184.3,1,2,27,2009
47981,2011547967,Braga,41.424503,-8.166876,ER207,47.6,1,0,0,1.0,50,Sem berma ou impraticável,Seco e limpo,Dois sentidos,Bom tempo,Fora da intersecção,Dentro das localidades,Em pleno dia,Em patamar,Recta,Em plena via,Colisão,SEGUNDA-FEIRA,0,2,27,2011-06-03,12,ligeiro,Sim,Nao,Sim,184.3,1,2,27,2009
48017,2012612596,Braga,41.429774,-8.168082,ER207,48.2,1,0,0,1.0,50,Sem berma ou impraticável,Molhado,Dois sentidos,Chuva,Fora da intersecção,Fora das localidades,Em pleno dia,Em patamar,Recta,Em plena via,Despiste,SÁBADO       ,0,1,27,2012-04-21,12,ligeiro,Sim,Sim,Nao,184.3,1,2,27,2009
48022,2011514724,Braga,41.427177,-8.167409,ER207,47.9,1,0,0,1.0,90,Berma não pavimentada,Seco e limpo,Dois sentidos,Bom tempo,Fora da intersecção,Fora das localidades,"Noite, sem iluminação",Em patamar,Recta,Em plena via,Despiste,DOMINGO      ,0,1,27,2010-12-13,21,ligeiro,Nao,Nao,Sim,184.3,1,2,27,2009
48033,2007273363,Braga,41.472504,-8.331380000000001,EN101,107.1,0,3,3,1.0,50,Berma pavimentada,Seco e limpo,Dois sentidos,Bom tempo,NÃO DEFINIDO,Dentro das localidades,"Noite, com iluminação",Em patamar,Recta,Em plena via,Despiste,QUARTA-FEIRA ,0,1,38,2007-01-28,6,muito grave,Nao,Nao,Sim,151.5,1,3,38,994
48034,2007275113,Braga,41.48109,-8.343247,EN101,105.65,5,0,0,1.0,50,Sem berma ou impraticável,Molhado,Dois sentidos,Chuva,Fora da intersecção,Dentro das localidades,"Noite, sem iluminação",Com inclinação,Curva,Em plena via,Colisão,SÁBADO       ,0,3,38,2007-02-22,21,ligeiro,Nao,Sim,Nao,151.5,1,3,38,994
48038,2008317627,Braga,41.477763,-8.337805,EN101,106.3,2,0,0,1.0,90,Sem berma ou impraticável,Seco e limpo,Dois sentidos,Bom tempo,Em rotunda,Fora das localidades,"Noite, com iluminação",Em patamar,Recta,Em plena via,Despiste,SEGUNDA-FEIRA,0,1,38,2008-02-23,2,ligeiro,Nao,Nao,Sim,151.5,1,3,38,994
48039,2008333852,Braga,41.48191,-8.343755999999999,EN101,105.55,1,0,0,1.0,50,Berma pavimentada,Seco e limpo,Dois sentidos,Bom tempo,Fora da intersecção,Dentro das localidades,Em pleno dia,Em patamar,Curva,Em plena via,Colisão,TERÇA-FEIRA  ,0,2,38,2008-07-27,13,ligeiro,Sim,Nao,Sim,151.5,1,3,38,994
48040,2008334105,Braga,41.464708,-8.491636999999999,EN14,36.2,2,0,0,1.0,50,Sem berma ou impraticável,Seco e limpo,Dois sentidos,Bom tempo,Fora da intersecção,Fora das localidades,"Noite, sem iluminação",Com inclinação,Recta,Em plena via,Colisão,SEGUNDA-FEIRA,0,2,38,2008-07-26,3,ligeiro,Nao,Nao,Sim,151.5,1,3,38,994
48041,2009359262,Braga,41.477763,-8.337805,EN101,106.3,1,0,0,2.0,50,Berma pavimentada,Seco e limpo,Dois sentidos,Bom tempo,Fora da intersecção,Dentro das localidades,Em pleno dia,Em patamar,Recta,Em plena via,Atropelamento,SEGUNDA-FEIRA,0,1,38,2009-02-11,8,ligeiro,Sim,Nao,Sim,151.5,1,3,38,994
48043,2009351491,Braga,41.471743,-8.487588,EN14,37.05,3,0,0,1.0,50,Berma pavimentada,Seco e limpo,Dois sentidos,Bom tempo,Em entroncamento,Dentro das localidades,Em pleno dia,Em patamar,Recta,Em plena via,Colisão,SÁBADO       ,1,2,38,2008-12-25,11,ligeiro,Sim,Nao,Sim,151.5,1,3,38,994
48046,2009389552,Braga,41.475993,-8.336007,EN101,106.55,1,0,0,1.0,50,Berma pavimentada,Seco e limpo,Dois sentidos,Bom tempo,Fora da intersecção,Dentro das localidades,Em pleno dia,Em patamar,Recta,Em plena via,Colisão,QUARTA-FEIRA ,0,3,38,2009-06-06,10,ligeiro,Sim,Nao,Sim,151.5,1,3,38,994
48048,2009409742,Braga,41.464079,-8.492372,EN14,36.12,3,0,0,1.0,50,Berma pavimentada,Seco e limpo,Dois sentidos,Bom tempo,Fora da intersecção,Dentro das localidades,Em pleno dia,Com inclinação,Recta,Em plena via,Colisão,SEXTA-FEIRA  ,0,2,38,2009-08-09,17,ligeiro,Sim,Nao,Sim,151.5,1,3,38,994
48050,2009409903,Braga,41.466851,-8.489049000000001,EN14,36.5,2,0,0,3.0,50,Sem berma ou impraticável,Seco e limpo,Dois sentidos,Bom tempo,Fora da intersecção,Dentro das localidades,Em pleno dia,Em patamar,Recta,Em plena via,Colisão,QUINTA-FEIRA ,0,2,38,2009-08-08,9,ligeiro,Sim,Nao,Sim,151.5,1,3,38,994
48051,2010424007,Braga,41.463494,-8.492711,EN14,36.05,1,0,0,2.0,50,Sem berma ou impraticável,Molhado,Dois sentidos,Chuva,Fora da intersecção,Dentro das localidades,Em pleno dia,Com inclinação,Recta,Em plena via,Colisão,SÁBADO       ,0,2,38,2009-10-23,13,ligeiro,Sim,Sim,Nao,151.5,1,3,38,994
48052,2010445884,Braga,41.466388,-8.489257,EN14,36.45,2,0,0,3.0,50,Berma não pavimentada,Molhado,Dois sentidos,Chuva,Em entroncamento,Dentro das localidades,Em pleno dia,Em patamar,Recta,Em plena via,Colisão,SEGUNDA-FEIRA,0,3,38,2010-02-10,7,ligeiro,Sim,Sim,Nao,151.5,1,3,38,994
48054,2010476345,Braga,41.463103000000004,-8.493103999999999,EN14,36.0,1,1,0,1.0,50,Sem berma ou impraticável,Seco e limpo,Dois sentidos,Bom tempo,Em entroncamento,Dentro das localidades,Em pleno dia,Com inclinação,Curva,Em plena via,Colisão,DOMINGO      ,0,2,38,2010-07-18,8,ligeiro,Sim,Nao,Sim,151.5,1,3,38,994
48058,2011523803,Braga,41.472865000000006,-8.331741000000001,EN101,107.05,1,0,0,1.0,50,Berma pavimentada,Seco e limpo,Dois sentidos,Bom tempo,Fora da intersecção,Dentro das localidades,"Noite, com iluminação",Em patamar,Recta,Em plena via,Despiste,SEXTA-FEIRA  ,0,1,38,2011-02-01,22,ligeiro,Nao,Nao,Sim,151.5,1,3,38,994
48059,2011523842,Braga,41.464708,-8.491636999999999,EN14,36.2,2,0,0,1.0,50,Sem berma ou impraticável,Húmido,Dois sentidos,Chuva,Fora da intersecção,Fora das localidades,"Noite, sem iluminação",Em patamar,Curva,Em plena via,Colisão,QUINTA-FEIRA ,0,2,38,2011-02-17,18,ligeiro,Nao,Sim,Nao,151.5,1,3,38,994
48060,2011529632,Braga,41.473791,-8.485758,EN14,37.3,1,0,0,1.0,50,Berma pavimentada,Seco e limpo,Dois sentidos,Bom tempo,Fora da intersecção,Dentro das localidades,Em pleno dia,Em patamar,Recta,Em plena via,Colisão,SEGUNDA-FEIRA,0,3,38,2011-04-12,19,ligeiro,Sim,Nao,Sim,151.5,1,3,38,994
48062,2011529669,Braga,41.471793,-8.330637,EN101,107.2,2,0,0,1.0,50,Berma pavimentada,Seco e limpo,Dois sentidos,Bom tempo,Fora da intersecção,Dentro das localidades,Em pleno dia,Em patamar,Recta,Em plena via,Colisão,SEGUNDA-FEIRA,0,2,38,2011-04-01,10,ligeiro,Sim,Nao,Sim,151.5,1,3,38,994
48064,2011547980,Braga,41.466471999999996,-8.489191,EN14,36.46,4,0,0,1.0,50,Sem berma ou impraticável,Seco e limpo,Dois sentidos,Bom tempo,Fora da intersecção,Dentro das localidades,Em pleno dia,Em patamar,Recta,Em plena via,Colisão,TERÇA-FEIRA  ,0,2,38,2011-06-09,19,ligeiro,Sim,Nao,Sim,151.5,1,3,38,994
48066,2011540710,Braga,41.476953,-8.337278999999999,EN101,106.4,3,0,0,1.0,50,Berma não pavimentada,Seco e limpo,Dois sentidos,Bom tempo,Fora da intersecção,Dentro das localidades,Em pleno dia,Em patamar,Curva,Em plena via,Colisão,SÁBADO       ,0,3,38,2011-05-15,19,ligeiro,Sim,Nao,Sim,151.5,1,3,38,994
48067,2011563886,Braga,41.463951,-8.492472,EN14,36.1,1,0,0,2.0,50,Berma pavimentada,Molhado,Dois sentidos,Chuva,Fora da intersecção,Fora das localidades,"Noite, com iluminação",Com inclinação,Curva,Em plena via,Despiste,QUARTA-FEIRA ,0,1,38,2011-08-06,4,ligeiro,Nao,Sim,Nao,151.5,1,3,38,994
48070,2012597823,Braga,41.458342,-8.494767,EN14,35.5,1,0,0,1.0,50,Berma pavimentada,Seco e limpo,Dois sentidos,Bom tempo,Fora da intersecção,Dentro das localidades,Em pleno dia,Em patamar,Curva,Em plena via,Colisão,SEXTA-FEIRA  ,0,2,38,2012-01-25,9,ligeiro,Sim,Nao,Sim,151.5,1,3,38,994
48072,2012589908,Braga,41.454667,-8.34251,A11,41.3,1,0,0,2.0,120,Berma pavimentada,Molhado,Sentido único,Chuva,Fora da intersecção,Fora das localidades,Em pleno dia,Em patamar,Curva,Em plena via,Despiste,SEGUNDA-FEIRA,0,1,38,2011-12-13,16,ligeiro,Sim,Sim,Nao,151.5,1,3,38,994
48075,2012619949,Braga,41.464708,-8.491636999999999,EN14,36.2,4,0,0,1.0,50,Berma pavimentada,Molhado,Dois sentidos,Chuva,Fora da intersecção,Dentro das localidades,Em pleno dia,Com inclinação,Curva,Em plena via,Colisão,SEGUNDA-FEIRA,0,2,38,2012-05-04,15,ligeiro,Sim,Sim,Nao,151.5,1,3,38,994
48077,2012630944,Braga,41.470366,-8.329156,EN101,107.4,1,0,0,1.0,50,Berma pavimentada,Seco e limpo,Dois sentidos,Bom tempo,Em entroncamento,Dentro das localidades,Em pleno dia,Com inclinação,Recta,Em plena via,Colisão,QUINTA-FEIRA ,0,3,38,2012-07-31,17,ligeiro,Sim,Nao,Sim,151.5,1,3,38,994
48078,2012636940,Braga,41.462151,-8.493441,EN14,35.9,1,0,0,1.0,50,Berma não pavimentada,Seco e limpo,Dois sentidos,Bom tempo,Em entroncamento,Dentro das localidades,Em pleno dia,Com inclinação,Curva,Em plena via,Colisão,QUINTA-FEIRA ,0,2,38,2012-08-06,8,ligeiro,Sim,Nao,Sim,151.5,1,3,38,994
48079,2011555075,Braga,41.473791,-8.485758,EN14,37.3,1,0,0,1.0,50,Berma pavimentada,Seco e limpo,Dois sentidos,Bom tempo,Fora da intersecção,Dentro das localidades,Em pleno dia,Com inclinação,Recta,Em plena via,Colisão,SEXTA-FEIRA  ,0,2,38,2011-07-10,16,ligeiro,Sim,Nao,Sim,151.5,1,3,38,994
48081,2010479424,Braga,41.47215,-8.487214999999999,EN14,37.1,1,0,0,2.0,50,Sem berma ou impraticável,Seco e limpo,Dois sentidos,Bom tempo,Fora da intersecção,Dentro das localidades,Em pleno dia,Com inclinação,Recta,Em plena via,Despiste,SÁBADO       ,0,1,38,2010-07-17,14,ligeiro,Sim,Nao,Sim,151.5,1,3,38,994
48082,2009359539,Braga,41.666634,-8.49423,EN308,28.1,1,0,0,1.0,50,Berma não pavimentada,Seco e limpo,Dois sentidos,Bom tempo,Fora da intersecção,Dentro das localidades,Em pleno dia,Com inclinação,Curva,Na berma,Despiste,TERÇA-FEIRA  ,0,1,38,2009-02-23,15,ligeiro,Sim,Nao,Sim,151.5,1,3,38,994
48083,2007297899,Braga,41.462151,-8.493441,EN14,35.9,1,0,0,1.0,50,Berma pavimentada,Seco e limpo,Dois sentidos,Bom tempo,Fora da intersecção,Dentro das localidades,Em pleno dia,Com inclinação,Curva,Em plena via,Colisão,DOMINGO      ,0,2,38,2007-10-08,17,ligeiro,Sim,Nao,Sim,151.5,1,3,38,994
48084,2007291978,Braga,41.481501,-8.343499000000001,EN101,105.6,1,0,0,1.0,50,NÃO DEFINIDO,Molhado,Dois sentidos,Chuva,Fora da intersecção,Dentro das localidades,"Noite, sem iluminação",Com inclinação,Curva,Na berma,Despiste,QUARTA-FEIRA ,1,1,38,2007-08-15,2,ligeiro,Nao,Sim,Nao,151.5,1,3,38,994
48085,2008310532,Braga,41.4701,-8.489042999999999,EN14,36.85,2,0,0,1.0,50,Sem berma ou impraticável,Húmido,Dois sentidos,Bom tempo,Fora da intersecção,Fora das localidades,Em pleno dia,Em patamar,Recta,Em plena via,Despiste,QUARTA-FEIRA ,0,1,38,2008-02-02,7,ligeiro,Sim,Nao,Nao,151.5,1,3,38,994
48086,2008333862,Braga,41.666634,-8.49423,EN308,28.1,1,0,0,1.0,50,Berma não pavimentada,Húmido,Dois sentidos,Chuva,Fora da intersecção,Fora das localidades,Em pleno dia,Com inclinação,Curva,Em plena via,Colisão,DOMINGO      ,0,2,38,2008-07-25,20,ligeiro,Sim,Sim,Nao,151.5,1,3,38,994
48088,2012600516,Braga,41.468191,-8.327005999999999,EN101,107.7,1,0,0,1.0,50,Berma pavimentada,Seco e limpo,Dois sentidos,Bom tempo,Fora da intersecção,Dentro das localidades,Em pleno dia,Com inclinação,Recta,Na berma,Colisão,SEGUNDA-FEIRA,0,2,38,2012-02-03,8,ligeiro,Sim,Nao,Sim,151.5,1,3,38,994
48089,2010432537,Braga,41.463578999999996,-8.492645,EN14,36.06,1,0,0,2.0,50,Sem berma ou impraticável,Molhado,Dois sentidos,Chuva,Em entroncamento,Dentro das localidades,Em pleno dia,Com inclinação,Curva,Em plena via,Colisão,TERÇA-FEIRA  ,0,3,38,2009-12-21,14,ligeiro,Sim,Sim,Nao,151.5,1,3,38,994
48090,2007275010,Braga,41.4667,-8.325648,EN101,107.9,3,3,1,1.0,90,Berma não pavimentada,Molhado,Dois sentidos,Chuva,Em entroncamento,Fora das localidades,"Noite, com iluminação",Em patamar,Recta,Em plena via,Colisão,SÁBADO       ,0,2,38,2007-02-11,5,grave,Nao,Sim,Nao,151.5,1,3,38,994
48091,2009351798,Braga,41.459778,-8.494316,EN14,35.65,2,0,0,1.0,50,Berma não pavimentada,Seco e limpo,Dois sentidos,Bom tempo,Fora da intersecção,Dentro das localidades,"Noite, sem iluminação",Com inclinação,Recta,Em plena via,Colisão,QUINTA-FEIRA ,0,2,38,2008-12-12,18,ligeiro,Nao,Nao,Sim,151.5,1,3,38,994
48093,2009383556,Braga,41.463103000000004,-8.493103999999999,EN14,36.0,1,0,0,1.0,50,Berma não pavimentada,Seco e limpo,Dois sentidos,Bom tempo,Fora da intersecção,Dentro das localidades,"Noite, sem iluminação",Em patamar,Curva,Na berma,Despiste,QUINTA-FEIRA ,0,1,38,2009-05-09,2,ligeiro,Nao,Nao,Sim,151.5,1,3,38,994
48097,2011527229,Braga,41.481501,-8.343499000000001,EN101,105.6,1,0,0,2.0,50,Berma pavimentada,Molhado,Dois sentidos,Chuva,Fora da intersecção,Dentro das localidades,"Noite, com iluminação",Em patamar,Recta,Em parque de estacionamento,Despiste,TERÇA-FEIRA  ,0,1,38,2011-03-27,4,ligeiro,Nao,Sim,Nao,151.5,1,3,38,994
48098,2008333002,Braga,41.473624,-8.485897999999999,EN14,37.28,3,0,0,1.0,50,Sem berma ou impraticável,Seco e limpo,Dois sentidos,Bom tempo,Fora da intersecção,Dentro das localidades,Em pleno dia,Com inclinação,Recta,Em plena via,Colisão,DOMINGO      ,0,3,38,2008-07-08,13,ligeiro,Sim,Nao,Sim,151.5,1,3,38,994
48099,2007272881,Braga,41.47215,-8.487214999999999,EN14,37.1,3,0,0,1.0,50,Berma pavimentada,Seco e limpo,Dois sentidos,Bom tempo,Fora da intersecção,Dentro das localidades,Em pleno dia,Em Lomba,Recta,Em plena via,Colisão,TERÇA-FEIRA  ,0,2,38,2007-01-27,13,ligeiro,Sim,Nao,Sim,151.5,1,3,38,994
48100,2008336903,Braga,41.46263,-8.493283,EN14,35.95,0,3,3,1.0,50,Berma pavimentada,Seco e limpo,Dois sentidos,Bom tempo,Em entroncamento,Dentro das localidades,"Noite, com iluminação",Com inclinação,Curva,No passeio,Despiste,SÁBADO       ,0,1,38,2008-08-22,2,muito grave,Nao,Nao,Sim,151.5,1,3,38,994
48102,2011529631,Braga,41.467425,-8.489205,EN14,36.56,3,0,0,2.0,50,Sem berma ou impraticável,Seco e limpo,Sentido único,Bom tempo,Fora da intersecção,Dentro das localidades,Em pleno dia,Em patamar,Recta,Em plena via,Despiste,SEXTA-FEIRA  ,0,1,38,2011-04-10,13,ligeiro,Sim,Nao,Sim,151.5,1,3,38,994
48104,2009389553,Braga,41.472148,-8.331009,EN101,107.15,1,0,0,2.0,50,Sem berma ou impraticável,Seco e limpo,Dois sentidos,Bom tempo,Fora da intersecção,Dentro das localidades,Em pleno dia,Em patamar,Recta,Em plena via,Colisão,TERÇA-FEIRA  ,0,2,38,2009-06-05,18,ligeiro,Sim,Nao,Sim,151.5,1,3,38,994
48105,2010456977,Braga,41.468702,-8.489605000000001,EN14,36.7,3,0,0,1.0,50,Sem berma ou impraticável,Seco e limpo,Dois sentidos,Bom tempo,Em entroncamento,Dentro das localidades,Em pleno dia,Com inclinação,Recta,Em plena via,Colisão,QUARTA-FEIRA ,0,2,38,2010-04-20,19,ligeiro,Sim,Nao,Sim,151.5,1,3,38,994
48107,2011557218,Braga,41.463494,-8.492711,EN14,36.05,1,0,0,1.0,50,Sem berma ou impraticável,Molhado,Dois sentidos,Chuva,Em entroncamento,Dentro das localidades,Em pleno dia,Com inclinação,Curva,Em plena via,Colisão,QUARTA-FEIRA ,0,2,38,2011-07-08,12,ligeiro,Sim,Sim,Nao,151.5,1,3,38,994
48108,2010486552,Braga,41.473999,-8.485583,EN14,37.33,1,0,0,1.0,50,Berma pavimentada,Seco e limpo,Dois sentidos,Bom tempo,Fora da intersecção,Dentro das localidades,Em pleno dia,Com inclinação,Recta,Em plena via,Atropelamento,TERÇA-FEIRA  ,0,1,38,2010-08-17,18,ligeiro,Sim,Nao,Sim,151.5,1,3,38,994
48109,2010486583,Braga,41.479344,-8.338959,EN101,106.1,6,0,0,1.0,50,Berma não pavimentada,Seco e limpo,Dois sentidos,Bom tempo,Fora da intersecção,Dentro das localidades,"Noite, com iluminação",Em patamar,Curva,Em plena via,Colisão,SÁBADO       ,1,2,38,2010-08-15,4,ligeiro,Nao,Nao,Sim,151.5,1,3,38,994
48110,2011567619,Braga,41.475829,-8.33572,EN101,106.58,1,0,0,1.0,50,Sem berma ou impraticável,Seco e limpo,Dois sentidos,Bom tempo,Em entroncamento,Dentro das localidades,Em pleno dia,Em patamar,Recta,Em plena via,Colisão,SEGUNDA-FEIRA,0,2,38,2011-09-19,18,ligeiro,Sim,Nao,Sim,151.5,1,3,38,994
48114,2013671591,Braga,41.462151,-8.493441,EN14,35.9,2,0,0,1.0,50,Berma pavimentada,Seco e limpo,Dois sentidos,Bom tempo,Em entroncamento,Dentro das localidades,Em pleno dia,Com inclinação,Recta,Em plena via,Colisão,TERÇA-FEIRA  ,0,2,38,2012-12-02,16,ligeiro,Sim,Nao,Sim,151.5,1,3,38,994
48116,2012645022,Braga,41.476622,-8.33687,EN101,106.45,1,0,0,1.0,50,Berma pavimentada,Seco e limpo,Dois sentidos,Bom tempo,Fora da intersecção,Dentro das localidades,Em pleno dia,Com inclinação,Recta,Em plena via,Despiste,TERÇA-FEIRA  ,0,1,38,2012-09-13,16,ligeiro,Sim,Nao,Sim,151.5,1,3,38,994
48117,2009349179,Braga,41.464797999999995,-8.491499000000001,EN14,36.21,1,0,0,1.0,50,Sem berma ou impraticável,Seco e limpo,Dois sentidos,Bom tempo,Fora da intersecção,Fora das localidades,Em pleno dia,Com inclinação,Curva,Em plena via,Colisão,SÁBADO       ,0,3,38,2008-11-27,11,ligeiro,Sim,Nao,Sim,151.5,1,3,38,994
48118,2007280321,Braga,41.468508,-8.489654,EN14,36.68,1,0,0,1.0,50,Sem berma ou impraticável,Seco e limpo,Dois sentidos,Bom tempo,Em entroncamento,Dentro das localidades,Em pleno dia,Com inclinação,Recta,Em plena via,Colisão,QUARTA-FEIRA ,0,2,38,2007-04-23,19,ligeiro,Sim,Nao,Sim,151.5,1,3,38,994
48120,2008325191,Braga,41.462151,-8.493441,EN14,35.9,2,0,0,1.0,50,Berma pavimentada,Seco e limpo,Dois sentidos,Bom tempo,Em entroncamento,Dentro das localidades,Em pleno dia,Com inclinação,Recta,Em plena via,Colisão,SÁBADO       ,0,2,38,2008-04-02,18,ligeiro,Sim,Nao,Sim,151.5,1,3,38,994
48121,2008340134,Braga,41.473227,-8.332103,EN101,107.0,1,0,0,1.0,50,Berma não pavimentada,Seco e limpo,Dois sentidos,Bom tempo,Fora da intersecção,Dentro das localidades,Aurora ou crepúsculo,Em patamar,Recta,Em plena via,Colisão,DOMINGO      ,0,3,38,2008-09-20,6,ligeiro,Nao,Nao,Sim,151.5,1,3,38,994
48123,2010432541,Braga,41.471743,-8.487588,EN14,37.05,2,0,0,1.0,50,Berma não pavimentada,Seco e limpo,Dois sentidos,Bom tempo,Em cruzamento,Dentro das localidades,"Noite, com iluminação",Em patamar,Recta,Em plena via,Colisão,DOMINGO      ,1,2,38,2009-12-25,18,ligeiro,Nao,Nao,Sim,151.5,1,3,38,994
48124,2009361239,Braga,41.467788,-8.489398,EN14,36.6,2,1,0,2.0,50,Berma pavimentada,Seco e limpo,Dois sentidos,Bom tempo,Fora da intersecção,Dentro das localidades,Aurora ou crepúsculo,Em patamar,Recta,Em plena via,Colisão,SÁBADO       ,0,2,38,2009-02-26,18,ligeiro,Nao,Nao,Sim,151.5,1,3,38,994
48126,2010424136,Braga,41.480695000000004,-8.342957,EN101,105.7,2,0,0,1.0,50,Berma pavimentada,Molhado,Dois sentidos,Chuva,Fora da intersecção,Dentro das localidades,"Noite, com iluminação",Com inclinação,Recta,Em plena via,Colisão,SEXTA-FEIRA  ,1,2,38,2009-10-05,22,ligeiro,Nao,Sim,Nao,151.5,1,3,38,994
48127,2011505907,Braga,41.458733,-8.494701,EN14,35.54,2,0,0,1.0,50,Berma pavimentada,Seco e limpo,Dois sentidos,Bom tempo,Fora da intersecção,Dentro das localidades,Em pleno dia,Com inclinação,Curva,Em plena via,Colisão,QUARTA-FEIRA ,0,2,38,2010-11-06,14,ligeiro,Sim,Nao,Sim,151.5,1,3,38,994
48128,2011529596,Braga,41.464708,-8.491636999999999,EN14,36.2,1,0,0,1.0,50,Sem berma ou impraticável,Molhado,Dois sentidos,Chuva,Fora da intersecção,Fora das localidades,Em pleno dia,Com inclinação,Recta,Em plena via,Despiste,DOMINGO      ,0,1,38,2011-04-23,15,ligeiro,Sim,Sim,Nao,151.5,1,3,38,994
48131,2009367382,Braga,41.463103000000004,-8.493103999999999,EN14,36.0,1,0,0,2.0,50,Berma não pavimentada,Seco e limpo,Dois sentidos,Bom tempo,Fora da intersecção,Dentro das localidades,Aurora ou crepúsculo,Com inclinação,Curva,Em plena via,Despiste,QUINTA-FEIRA ,0,1,38,2009-03-19,5,ligeiro,Nao,Nao,Sim,151.5,1,3,38,994
48134,2009367545,Braga,41.46714,-8.489117,EN14,36.53,1,0,0,1.0,50,Berma pavimentada,Seco e limpo,Dois sentidos,Bom tempo,Em entroncamento,Dentro das localidades,Em pleno dia,Em patamar,Recta,Em plena via,Colisão,SEXTA-FEIRA  ,0,3,38,2009-03-08,15,ligeiro,Sim,Nao,Sim,151.5,1,3,38,994
48136,2009355879,Braga,41.463671999999995,-8.492600999999999,EN14,36.07,1,0,0,1.0,50,Sem berma ou impraticável,Seco e limpo,Dois sentidos,Bom tempo,Em entroncamento,Dentro das localidades,Em pleno dia,Com inclinação,Curva,Em plena via,Colisão,SEGUNDA-FEIRA,0,2,38,2009-01-08,13,ligeiro,Sim,Nao,Sim,151.5,1,3,38,994
48138,2011545230,Braga,41.468047999999996,-8.489635,EN14,36.63,1,1,0,1.0,50,Sem berma ou impraticável,Seco e limpo,Dois sentidos,Bom tempo,Fora da intersecção,Dentro das localidades,Em pleno dia,Com inclinação,Recta,Em plena via,Colisão,TERÇA-FEIRA  ,0,3,38,2011-06-20,14,ligeiro,Sim,Nao,Sim,151.5,1,3,38,994
48139,2012579534,Braga,41.453990999999995,-8.340432,A11,41.49,1,0,0,2.0,120,Berma pavimentada,Seco e limpo,Sentido único,Bom tempo,Fora da intersecção,Fora das localidades,"Noite, sem iluminação",Com inclinação,Curva,Em plena via,Colisão,SEGUNDA-FEIRA,0,2,38,2011-11-09,22,ligeiro,Nao,Nao,Sim,151.5,1,3,38,994
48140,2012638500,Braga,41.480368,-8.340802,EN101,105.9,1,0,0,1.0,50,Berma pavimentada,Seco e limpo,Dois sentidos,Bom tempo,Fora da intersecção,Dentro das localidades,Em pleno dia,Em patamar,Recta,Na berma,Atropelamento,SEXTA-FEIRA  ,0,1,38,2012-08-18,13,ligeiro,Sim,Nao,Sim,151.5,1,3,38,994
48142,2008321985,Braga,41.475449,-8.335047,EN101,106.65,2,0,0,1.0,50,Sem berma ou impraticável,Seco e limpo,Dois sentidos,Bom tempo,Fora da intersecção,Dentro das localidades,Em pleno dia,Com inclinação,Curva,Em plena via,Colisão,SÁBADO       ,0,2,38,2008-03-04,15,ligeiro,Sim,Nao,Sim,151.5,1,3,38,994