,COD_ACIDENTE,DISTRITO,LATITUDE,LONGITUDE,VIA,KM,QT_FLIGEIROS,QT_FGRAVES,QT_MORTOS,QT_VIAS_SENTIDO,VEL_LIM_LOCAL,BERMA_VIA,CONDICAO_ADERENCIA,FAIXA_RODAGEM,FATOR_ATMOSFERICO,INTERSECAO_VIA,LOCALIZACAO,LUMINOSIDADE,PERFIL_VIA,PLANTA_VIA,SITUACAO_ACIDENTE,TIPO_NATUREZA,DIA_SEMANA,FLAG_FERIADO,QT_VEICULOS,COD_FREGUESIA,DATA,HORA,GRAVIDADE,ERA_DIA,MAU_TEMPO,ESTRADA_SECA,DENSIDADE_TOTAL,COD_DISTRITO_INE,COD_CONCELHO_INE,COD_FREGUESIA_INE,TOTAL
48144,2013656981,Braga,41.481501,-8.343499000000001,EN101,105.6,3,0,0,1.0,50,Berma não pavimentada,Húmido,Dois sentidos,Chuva,Fora da intersecção,Dentro das localidades,Em pleno dia,Com inclinação,Recta,Na berma,Colisão,SÁBADO       ,0,2,38,2012-10-09,11,ligeiro,Sim,Sim,Nao,151.5,1,3,38,994
48146,2009418081,Braga,41.466851,-8.489049000000001,EN14,36.5,1,0,0,1.0,50,Sem berma ou impraticável,Seco e limpo,Dois sentidos,Bom tempo,Fora da intersecção,Dentro das localidades,Em pleno dia,Em patamar,Recta,Em plena via,Colisão,TERÇA-FEIRA  ,0,2,38,2009-09-27,18,ligeiro,Sim,Nao,Sim,151.5,1,3,38,994
48147,2008322715,Braga,41.464708,-8.491636999999999,EN14,36.2,2,1,0,1.0,50,Berma pavimentada,Molhado,Dois sentidos,Chuva,Fora da intersecção,Dentro das localidades,Em pleno dia,Em patamar,Recta,Em plena via,Colisão,QUINTA-FEIRA ,0,2,38,2008-04-23,7,ligeiro,Sim,Sim,Nao,151.5,1,3,38,994
48148,2008329383,Braga,41.463103000000004,-8.493103999999999,EN14,36.0,2,1,0,1.0,50,Sem berma ou impraticável,Molhado,Dois sentidos,Chuva,Em entroncamento,Dentro das localidades,Em pleno dia,Com inclinação,Curva,Em plena via,Colisão,SÁBADO       ,0,2,38,2008-06-15,18,ligeiro,Sim,Sim,Nao,151.5,1,3,38,994
48149,2010453750,Braga,41.466891,-8.325809,EN101,107.88,1,0,0,2.0,50,Sem berma ou impraticável,Seco e limpo,Dois sentidos,Bom tempo,Em entroncamento,Dentro das localidades,"Noite, com iluminação",Em patamar,Recta,Em plena via,Despiste,QUARTA-FEIRA ,0,1,38,2010-03-06,1,ligeiro,Nao,Nao,Sim,151.5,1,3,38,994
48150,2010430479,Braga,41.475993,-8.336007,EN101,106.55,2,1,0,2.0,50,Berma pavimentada,Molhado,Dois sentidos,Chuva,Em entroncamento,Dentro das localidades,"Noite, com iluminação",Com inclinação,Recta,Em plena via,Colisão,DOMINGO      ,0,3,38,2009-11-27,21,ligeiro,Nao,Sim,Nao,151.5,1,3,38,994
48153,2007277780,Braga,41.464708,-8.491636999999999,EN14,36.2,1,0,0,1.0,50,Sem berma ou impraticável,Seco e limpo,Dois sentidos,Bom tempo,Fora da intersecção,Dentro das localidades,Em pleno dia,Com inclinação,Curva,Em plena via,Despiste,SÁBADO       ,0,1,38,2007-03-22,11,ligeiro,Sim,Nao,Sim,151.5,1,3,38,994
48157,2012608168,Braga,41.463519,-8.49269,EN14,36.05,2,0,0,1.0,50,Berma pavimentada,Seco e limpo,Dois sentidos,Bom tempo,Em entroncamento,Dentro das localidades,Em pleno dia,Com inclinação,Curva,Em plena via,Colisão,QUARTA-FEIRA ,0,3,38,2012-03-27,16,ligeiro,Sim,Nao,Sim,151.5,1,3,38,994
48159,2007299770,Braga,41.458342,-8.494767,EN14,35.5,1,0,0,1.0,50,Berma pavimentada,Seco e limpo,Dois sentidos,Bom tempo,Fora da intersecção,Dentro das localidades,Em pleno dia,Com inclinação,Curva,Em plena via,Colisão,SÁBADO       ,0,3,38,2007-10-30,10,ligeiro,Sim,Nao,Sim,151.5,1,3,38,994
48160,2009418054,Braga,41.47215,-8.487214999999999,EN14,37.1,3,0,0,1.0,50,Berma pavimentada,Seco e limpo,Dois sentidos,Bom tempo,Fora da intersecção,Dentro das localidades,Aurora ou crepúsculo,Com inclinação,Recta,Em plena via,Despiste,SEGUNDA-FEIRA,0,1,38,2009-09-26,5,ligeiro,Nao,Nao,Sim,151.5,1,3,38,994
48163,2010446008,Braga,41.472865000000006,-8.331741000000001,EN101,107.05,2,0,0,2.0,50,Berma não pavimentada,Seco e limpo,Dois sentidos,Bom tempo,Fora da intersecção,Dentro das localidades,"Noite, com iluminação",Em patamar,Recta,Em plena via,Colisão,TERÇA-FEIRA  ,0,3,38,2010-02-05,21,ligeiro,Nao,Nao,Sim,151.5,1,3,38,994
48164,2009351468,Braga,41.478971,-8.338622,EN101,106.15,1,0,0,1.0,50,Sem berma ou impraticável,Húmido,Dois sentidos,Bom tempo,Fora da intersecção,Dentro das localidades,"Noite, com iluminação",Em patamar,Recta,Em plena via,Colisão,TERÇA-FEIRA  ,0,2,38,2008-12-22,20,ligeiro,Nao,Nao,Nao,151.5,1,3,38,994
48165,2009358768,Braga,41.462151,-8.493441,EN14,35.9,1,0,0,1.0,50,Berma pavimentada,Seco e limpo,Dois sentidos,Bom tempo,Em entroncamento,Dentro das localidades,Em pleno dia,Com inclinação,Recta,Em plena via,Colisão,SEGUNDA-FEIRA,0,3,38,2009-02-11,8,ligeiro,Sim,Nao,Sim,151.5,1,3,38,994
48169,2011567902,Braga,41.471082,-8.329894,EN101,107.3,1,0,0,1.0,50,Berma pavimentada,Seco e limpo,Dois sentidos,Bom tempo,Fora da intersecção,Dentro das localidades,Em pleno dia,Em patamar,Recta,Em plena via,Colisão,DOMINGO      ,0,2,38,2011-09-07,14,ligeiro,Sim,Nao,Sim,151.5,1,3,38,994
48171,2009351493,Braga,41.475423,-8.484286,EN14,37.5,1,0,0,1.0,50,Berma pavimentada,Seco e limpo,Dois sentidos,Bom tempo,Fora da intersecção,Dentro das localidades,Em pleno dia,Com inclinação,Recta,Em plena via,Colisão,TERÇA-FEIRA  ,0,2,38,2008-12-16,13,ligeiro,Sim,Nao,Sim,151.5,1,3,38,994
48172,2007272869,Braga,41.467519,-8.470011999999999,A3,37.3,2,0,0,3.0,120,Sem berma ou impraticável,Molhado,Sentido único,Chuva,Fora da intersecção,Fora das localidades,Em pleno dia,Com inclinação,Curva,Em plena via,Despiste,SEXTA-FEIRA  ,0,1,45,2007-01-18,9,ligeiro,Sim,Sim,Nao,31.6,1,4,45,1223
48174,2007279202,Braga,41.584216,-8.454782000000002,EN(d)201,60.7,1,0,0,2.0,50,Berma não pavimentada,Seco e limpo,Dois sentidos,Bom tempo,NÃO DEFINIDO,Dentro das localidades,Em pleno dia,Em patamar,Curva,Na berma,Despiste,SÁBADO       ,1,1,45,2007-04-08,18,ligeiro,Sim,Nao,Sim,31.6,1,4,45,1223
48176,2007289591,Braga,41.554930999999996,-8.571083,ER205,28.2,2,0,0,1.0,50,Sem berma ou impraticável,Seco e limpo,Dois sentidos,Bom tempo,Fora da intersecção,Dentro das localidades,Em pleno dia,Em patamar,Recta,Em plena via,Colisão,QUINTA-FEIRA ,0,2,45,2007-07-12,20,ligeiro,Sim,Nao,Sim,31.6,1,4,45,1223
48178,2007295638,Braga,41.555017,-8.569947,ER205,28.3,1,0,0,1.0,50,Berma não pavimentada,Seco e limpo,Dois sentidos,Bom tempo,Em entroncamento,Dentro das localidades,Em pleno dia,Em patamar,Recta,Em plena via,Colisão,DOMINGO      ,0,2,45,2007-09-27,18,ligeiro,Sim,Nao,Sim,31.6,1,4,45,1223
48179,2008302185,Braga,41.585057,-8.455246,EN(d)201,60.6,1,0,0,1.0,50,Sem berma ou impraticável,Seco e limpo,Dois sentidos,Bom tempo,Em entroncamento,Dentro das localidades,Em pleno dia,Com inclinação,Recta,Em plena via,Colisão,SEGUNDA-FEIRA,0,2,45,2007-11-29,14,ligeiro,Sim,Nao,Sim,31.6,1,4,45,1223
48180,2008325230,Braga,41.554853,-8.572268,ER205,28.1,1,0,0,1.0,50,Berma pavimentada,Seco e limpo,Dois sentidos,Bom tempo,Em entroncamento,Dentro das localidades,"Noite, sem iluminação",Em patamar,Recta,Em plena via,Colisão,DOMINGO      ,0,2,45,2008-04-03,6,ligeiro,Nao,Nao,Sim,31.6,1,4,45,1223
48181,2008338348,Braga,41.589890999999994,-8.458477,EN(d)201,60.0,2,0,0,2.0,50,Sem berma ou impraticável,Seco e limpo,Dois sentidos,Bom tempo,Em entroncamento,Dentro das localidades,Em pleno dia,Com inclinação,Recta,Em plena via,Colisão,TERÇA-FEIRA  ,0,2,45,2008-08-02,14,ligeiro,Sim,Nao,Sim,31.6,1,4,45,1223
48184,2009349503,Braga,41.55435,-8.574568,ER205,27.9,2,0,0,1.0,50,Berma não pavimentada,Seco e limpo,Dois sentidos,Bom tempo,Fora da intersecção,Dentro das localidades,"Noite, com iluminação",Em patamar,Recta,Em plena via,Colisão,SEGUNDA-FEIRA,0,3,45,2008-11-17,19,ligeiro,Nao,Nao,Sim,31.6,1,4,45,1223
48186,2009351530,Braga,41.591678,-8.45956,EN(d)201,59.78,2,0,0,1.0,50,Berma pavimentada,Húmido,Dois sentidos,Bom tempo,Em entroncamento,Dentro das localidades,Em pleno dia,Em patamar,Recta,Em plena via,Colisão,QUARTA-FEIRA ,0,2,45,2008-12-23,8,ligeiro,Sim,Nao,Nao,31.6,1,4,45,1223
48187,2009400549,Braga,41.550751,-8.582891,ER205,27.1,2,0,0,1.0,50,Berma não pavimentada,Seco e limpo,Dois sentidos,Bom tempo,Fora da intersecção,Dentro das localidades,Em pleno dia,Em patamar,Recta,Em plena via,Colisão,TERÇA-FEIRA  ,0,2,45,2009-07-20,16,ligeiro,Sim,Nao,Sim,31.6,1,4,45,1223
48190,2010452672,Braga,41.460066,-8.47879,A3,36.15,2,0,0,2.0,120,Berma pavimentada,Seco e limpo,Sentido único,Bom tempo,Fora da intersecção,Fora das localidades,Em pleno dia,Em patamar,Curva,Em plena via,Colisão,SEXTA-FEIRA  ,0,2,45,2010-03-13,16,ligeiro,Sim,Nao,Sim,31.6,1,4,45,1223
48191,2010463516,Braga,41.555054,-8.569306,ER205,28.35,3,0,0,1.0,50,Sem berma ou impraticável,Com água acumulada na faixa de rodagem,Dois sentidos,Chuva,Fora da intersecção,Dentro das localidades,"Noite, com iluminação",Em patamar,Recta,Em plena via,Colisão,SEXTA-FEIRA  ,0,2,45,2010-05-09,5,ligeiro,Nao,Sim,Nao,31.6,1,4,45,1223
48192,2010476782,Braga,41.463405,-8.473687,A3,36.73,0,2,1,2.0,120,Berma pavimentada,Seco e limpo,Sentido único,Bom tempo,Fora da intersecção,Fora das localidades,Em pleno dia,Com inclinação,Curva,Na berma,Colisão,QUINTA-FEIRA ,0,2,45,2010-07-27,15,grave,Sim,Nao,Sim,31.6,1,4,45,1223
48193,2011524754,Braga,41.548058000000005,-8.58512,ER205,26.75,1,0,0,1.0,50,Berma não pavimentada,Seco e limpo,Dois sentidos,Bom tempo,Fora da intersecção,Dentro das localidades,"Noite, com iluminação",Com inclinação,Recta,Em plena via,Colisão,QUARTA-FEIRA ,0,2,45,2011-02-05,5,ligeiro,Nao,Nao,Sim,31.6,1,4,45,1223
48196,2011542720,Braga,41.55435,-8.574568,ER205,27.9,1,0,0,1.0,50,Berma pavimentada,Seco e limpo,Dois sentidos,Bom tempo,Fora da intersecção,Dentro das localidades,"Noite, com iluminação",Em patamar,Recta,Em plena via,Colisão,QUINTA-FEIRA ,0,2,45,2011-05-24,23,ligeiro,Nao,Nao,Sim,31.6,1,4,45,1223
48197,2011542726,Braga,41.554631,-8.573416,ER205,28.0,1,0,0,1.0,50,Berma pavimentada,Húmido,Dois sentidos,Chuva,Fora da intersecção,Dentro das localidades,Em pleno dia,Em patamar,Recta,Em plena via,Colisão,QUARTA-FEIRA ,0,2,45,2011-05-18,16,ligeiro,Sim,Sim,Nao,31.6,1,4,45,1223
48199,2012618135,Braga,41.4604,-8.478406,A3,36.2,1,0,0,3.0,120,Berma pavimentada,Seco e limpo,Sentido único,Bom tempo,Fora da intersecção,Fora das localidades,Em pleno dia,Em patamar,Recta,Na berma,Despiste,SEXTA-FEIRA  ,0,1,45,2012-05-19,16,ligeiro,Sim,Nao,Sim,31.6,1,4,45,1223
48200,2012631581,Braga,41.552415,-8.580039,ER205,27.4,1,0,0,1.0,50,Berma não pavimentada,Seco e limpo,Dois sentidos,Bom tempo,Fora da intersecção,Dentro das localidades,Em pleno dia,Em patamar,Recta,Na berma,Colisão,QUINTA-FEIRA ,0,2,45,2012-07-25,12,ligeiro,Sim,Nao,Sim,31.6,1,4,45,1223
48201,2008308025,Braga,41.554495,-8.573994,ER205,27.95,1,0,0,1.0,50,Berma pavimentada,Seco e limpo,Dois sentidos,Bom tempo,Fora da intersecção,Dentro das localidades,"Noite, com iluminação",Com inclinação,Curva,Em plena via,Colisão,SEGUNDA-FEIRA,0,2,45,2008-01-25,21,ligeiro,Nao,Nao,Sim,31.6,1,4,45,1223
48202,2008332704,Braga,41.586064,-8.455811,EN(d)201,60.48,1,0,0,1.0,50,Berma pavimentada,Seco e limpo,Dois sentidos,Bom tempo,Em entroncamento,Dentro das localidades,Em pleno dia,Com inclinação,Recta,Em plena via,Atropelamento,DOMINGO      ,0,1,45,2008-07-14,19,ligeiro,Sim,Nao,Sim,31.6,1,4,45,1223
48203,2007272872,Braga,41.464943,-8.471254,A3,37.0,1,0,0,3.0,100,Sem berma ou impraticável,Húmido,Sentido único,Chuva,Fora da intersecção,Fora das localidades,Em pleno dia,Em patamar,Curva,Em plena via,Despiste,SÁBADO       ,0,1,45,2007-01-19,8,ligeiro,Sim,Sim,Nao,31.6,1,4,45,1223
48204,2007289772,Braga,41.587112,-8.456524,EN(d)201,60.35,1,0,0,1.0,50,Berma pavimentada,Seco e limpo,Dois sentidos,Bom tempo,Fora da intersecção,Dentro das localidades,Em pleno dia,Com inclinação,Recta,Em plena via,Colisão,TERÇA-FEIRA  ,0,2,45,2007-07-16,17,ligeiro,Sim,Nao,Sim,31.6,1,4,45,1223
48205,2010460594,Braga,41.554631,-8.573416,ER205,28.0,3,0,0,1.0,50,Berma pavimentada,Seco e limpo,Dois sentidos,Bom tempo,Fora da intersecção,Dentro das localidades,Em pleno dia,Em patamar,Recta,Em plena via,Colisão,TERÇA-FEIRA  ,0,2,45,2010-04-08,10,ligeiro,Sim,Nao,Sim,31.6,1,4,45,1223
48206,2008330070,Braga,41.470019,-8.468549000000001,A3,37.6,2,0,0,3.0,120,Berma pavimentada,Seco e limpo,Sentido único,Bom tempo,Fora da intersecção,Fora das localidades,Em pleno dia,Com inclinação,Curva,Em plena via,Despiste,SÁBADO       ,0,1,45,2008-06-26,19,ligeiro,Sim,Nao,Sim,31.6,1,4,45,1223
48207,2013671643,Braga,41.554631,-8.573416,ER205,28.0,1,0,0,1.0,50,Berma não pavimentada,Molhado,Dois sentidos,Chuva,Fora da intersecção,Dentro das localidades,"Noite, sem iluminação",Em patamar,Recta,Em plena via,Atropelamento,SEGUNDA-FEIRA,0,1,45,2012-12-12,18,ligeiro,Nao,Sim,Nao,31.6,1,4,45,1223
48208,2013664958,Braga,41.555171,-8.56753,ER205,28.5,1,0,0,1.0,50,Berma pavimentada,Molhado,Dois sentidos,Chuva,Em entroncamento,Dentro das localidades,Em pleno dia,Em patamar,Recta,Em plena via,Colisão,QUINTA-FEIRA ,0,3,45,2012-11-16,17,ligeiro,Sim,Sim,Nao,31.6,1,4,45,1223
48209,2012579604,Braga,41.554254,-8.574908,ER205,27.87,1,0,0,1.0,50,Berma pavimentada,Seco e limpo,Dois sentidos,Bom tempo,Em entroncamento,Dentro das localidades,Em pleno dia,Em patamar,Recta,Em plena via,Colisão,SEGUNDA-FEIRA,0,3,45,2011-11-09,10,ligeiro,Sim,Nao,Sim,31.6,1,4,45,1223
48210,2009351539,Braga,41.55502,-8.569899000000001,ER205,28.3,1,0,0,1.0,50,Berma pavimentada,Seco e limpo,Dois sentidos,Bom tempo,Em entroncamento,Dentro das localidades,Em pleno dia,Em patamar,Recta,Em plena via,Colisão,SEXTA-FEIRA  ,0,2,45,2008-12-19,14,ligeiro,Sim,Nao,Sim,31.6,1,4,45,1223
48211,2007275665,Braga,41.465532,-8.470772,A3,37.08,3,0,0,3.0,100,Berma pavimentada,Húmido,Sentido único,Chuva,Fora da intersecção,Fora das localidades,"Noite, sem iluminação",Em patamar,Curva,Em plena via,Despiste,QUARTA-FEIRA ,0,1,45,2007-02-20,3,ligeiro,Nao,Sim,Nao,31.6,1,4,45,1223
48212,2012579536,Braga,41.553992,-8.575679,ER205,27.8,1,0,0,1.0,50,Berma pavimentada,Húmido,Dois sentidos,Chuva,Em entroncamento,Dentro das localidades,Em pleno dia,Em patamar,Recta,Em plena via,Colisão,DOMINGO      ,0,2,45,2011-11-03,13,ligeiro,Sim,Sim,Nao,31.6,1,4,45,1223
48213,2007294603,Braga,41.554769,-8.57285,ER205,28.05,1,0,0,1.0,50,Berma não pavimentada,Seco e limpo,Dois sentidos,Bom tempo,Fora da intersecção,Dentro das localidades,Em pleno dia,Em patamar,Recta,Na berma,Atropelamento,QUARTA-FEIRA ,0,1,45,2007-09-12,13,ligeiro,Sim,Nao,Sim,31.6,1,4,45,1223
48214,2008340628,Braga,41.555171,-8.56753,ER205,28.5,1,0,0,1.0,50,Berma pavimentada,Seco e limpo,Dois sentidos,Bom tempo,Fora da intersecção,Dentro das localidades,Em pleno dia,Em patamar,Recta,Em plena via,Colisão,SÁBADO       ,0,2,45,2008-09-08,18,ligeiro,Sim,Nao,Sim,31.6,1,4,45,1223
48215,2007292027,Braga,41.554853,-8.572268,ER205,28.1,1,0,0,1.0,50,Sem berma ou impraticável,Seco e limpo,Dois sentidos,Bom tempo,Em entroncamento,Dentro das localidades,"Noite, com iluminação",Em patamar,Recta,Em plena via,Colisão,DOMINGO      ,0,2,45,2007-08-07,23,ligeiro,Nao,Nao,Sim,31.6,1,4,45,1223
48216,2007283683,Braga,41.545806,-8.589554,ER205,26.3,2,0,0,1.0,80,Sem berma ou impraticável,Molhado,Dois sentidos,Chuva,Fora da intersecção,Dentro das localidades,Em pleno dia,Em patamar,Recta,Em plena via,Colisão,QUINTA-FEIRA ,0,4,45,2007-05-22,17,ligeiro,Sim,Sim,Nao,31.6,1,4,45,1223
48219,2011506772,Braga,41.553616999999996,-8.576784,ER205,27.7,1,0,0,2.0,50,Berma pavimentada,Seco e limpo,Dois sentidos,Bom tempo,Fora da intersecção,Dentro das localidades,Em pleno dia,Em patamar,Recta,Em plena via,Colisão,DOMINGO      ,0,2,45,2010-11-26,12,ligeiro,Sim,Nao,Sim,31.6,1,4,45,1223
48221,2011571600,Braga,41.463011,-8.474436,A3,36.65,1,0,0,2.0,120,Sem berma ou impraticável,Seco e limpo,Sentido único,Bom tempo,Fora da intersecção,Fora das localidades,Em pleno dia,Em patamar,Curva,Em plena via,Despiste,SÁBADO       ,0,1,45,2011-09-23,15,ligeiro,Sim,Nao,Sim,31.6,1,4,45,1223
48222,2009358127,Braga,41.590732,-8.458892,EN(d)201,59.9,1,0,0,1.0,50,Sem berma ou impraticável,Húmido,Dois sentidos,Bom tempo,Fora da intersecção,Dentro das localidades,Em pleno dia,Com inclinação,Curva,Em plena via,Despiste,SEGUNDA-FEIRA,0,1,45,2009-01-30,7,ligeiro,Sim,Nao,Nao,31.6,1,4,45,1223
48223,2009367393,Braga,41.55435,-8.574568,ER205,27.9,1,0,0,1.0,50,Berma não pavimentada,Seco e limpo,Dois sentidos,Bom tempo,Fora da intersecção,Fora das localidades,"Noite, com iluminação",Em patamar,Recta,Em plena via,Colisão,SEGUNDA-FEIRA,0,2,45,2009-03-22,20,ligeiro,Nao,Nao,Sim,31.6,1,4,45,1223
48224,2012583103,Braga,41.548058000000005,-8.58512,ER205,26.75,1,0,0,1.0,50,Berma não pavimentada,Molhado,Reversível,Chuva,Fora da intersecção,Dentro das localidades,Em pleno dia,Em patamar,Curva,Em plena via,Despiste,SEGUNDA-FEIRA,0,1,45,2011-11-20,8,ligeiro,Sim,Sim,Nao,31.6,1,4,45,1223
48225,2010463513,Braga,41.55502,-8.569899000000001,ER205,28.3,1,0,0,1.0,50,Berma pavimentada,Seco e limpo,Dois sentidos,Bom tempo,Fora da intersecção,Dentro das localidades,Em pleno dia,Em patamar,Recta,Em plena via,Colisão,TERÇA-FEIRA  ,0,2,45,2010-05-07,17,ligeiro,Sim,Nao,Sim,31.6,1,4,45,1223
48228,2011539843,Braga,41.553805,-8.576231,ER205,27.75,1,0,0,1.0,50,Berma pavimentada,Seco e limpo,Dois sentidos,Bom tempo,Fora da intersecção,Dentro das localidades,Em pleno dia,Em patamar,Recta,Em plena via,Colisão,SEGUNDA-FEIRA,0,2,45,2011-05-05,14,ligeiro,Sim,Nao,Sim,31.6,1,4,45,1223
48229,2012628866,Braga,41.554179,-8.575128,ER205,27.85,1,0,0,1.0,50,Berma não pavimentada,Seco e limpo,Dois sentidos,Bom tempo,Fora da intersecção,Dentro das localidades,Aurora ou crepúsculo,Em patamar,Recta,Em plena via,Colisão,TERÇA-FEIRA  ,0,2,45,2012-06-25,21,ligeiro,Nao,Nao,Sim,31.6,1,4,45,1223
48231,2011513931,Braga,41.555054,-8.569306,ER205,28.35,1,0,0,1.0,50,Sem berma ou impraticável,Seco e limpo,Dois sentidos,Bom tempo,Fora da intersecção,Dentro das localidades,Em pleno dia,Em patamar,Curva,Em plena via,Colisão,DOMINGO      ,0,2,45,2010-12-13,13,ligeiro,Sim,Nao,Sim,31.6,1,4,45,1223
48232,2009349521,Braga,41.551375,-8.582025,ER205,27.2,2,0,0,3.0,50,Berma pavimentada,Seco e limpo,Dois sentidos,Bom tempo,Em cruzamento,Dentro das localidades,Em pleno dia,Em patamar,Recta,Em plena via,Colisão,SÁBADO       ,0,2,45,2008-11-27,12,ligeiro,Sim,Nao,Sim,31.6,1,4,45,1223
48233,2008333167,Braga,41.553992,-8.575679,ER205,27.8,1,0,0,1.0,50,Berma pavimentada,Seco e limpo,Dois sentidos,Bom tempo,Em entroncamento,Dentro das localidades,Em pleno dia,Com inclinação,Recta,Em plena via,Colisão,SEXTA-FEIRA  ,0,3,45,2008-07-07,10,ligeiro,Sim,Nao,Sim,31.6,1,4,45,1223
48236,2007298140,Braga,41.554495,-8.573994,ER205,27.95,1,0,0,1.0,80,Berma não pavimentada,Seco e limpo,Sentido único,Bom tempo,Em entroncamento,Dentro das localidades,Em pleno dia,Em patamar,Recta,Em plena via,Colisão,SEGUNDA-FEIRA,0,2,45,2007-10-15,17,ligeiro,Sim,Nao,Sim,31.6,1,4,45,1223
48237,2007280529,Braga,41.554832,-8.572503999999999,ER205,28.08,2,0,0,1.0,50,Berma não pavimentada,Molhado,Dois sentidos,Chuva,Em entroncamento,Dentro das localidades,"Noite, com iluminação",Em patamar,Recta,Em plena via,Colisão,QUINTA-FEIRA ,0,2,45,2007-04-07,20,ligeiro,Nao,Sim,Nao,31.6,1,4,45,1223
48239,2007294605,Braga,41.54736,-8.586184,ER205,26.63,1,0,0,1.0,80,Berma não pavimentada,Seco e limpo,Dois sentidos,Bom tempo,Em cruzamento,Dentro das localidades,Em pleno dia,Com inclinação,Recta,Em plena via,Colisão,TERÇA-FEIRA  ,0,2,45,2007-09-06,18,ligeiro,Sim,Nao,Sim,31.6,1,4,45,1223
48240,2007299729,Braga,41.585477000000004,-8.455482,EN(d)201,60.55,1,0,0,1.0,50,Berma pavimentada,Seco e limpo,Dois sentidos,Bom tempo,Em entroncamento,Dentro das localidades,Em pleno dia,Em patamar,Recta,Na berma,Atropelamento,SEXTA-FEIRA  ,0,1,45,2007-10-29,17,ligeiro,Sim,Nao,Sim,31.6,1,4,45,1223
48243,2012628122,Braga,41.551375,-8.582025,ER205,27.2,1,0,0,1.0,50,Berma não pavimentada,Seco e limpo,Dois sentidos,Bom tempo,Fora da intersecção,Dentro das localidades,Em pleno dia,Em patamar,Recta,Em plena via,Colisão,QUINTA-FEIRA ,0,2,45,2012-06-04,16,ligeiro,Sim,Nao,Sim,31.6,1,4,45,1223
48244,2007272875,Braga,41.565802000000005,-8.419947,EN101,90.6,1,0,0,3.0,90,Berma pavimentada,Seco e limpo,Dois sentidos,Bom tempo,Fora da intersecção,Fora das localidades,Em pleno dia,Com inclinação,Recta,Em plena via,Colisão,SEXTA-FEIRA  ,0,2,49,2007-01-24,9,ligeiro,Sim,Nao,Sim,37.3,1,4,49,801
48247,2008338260,Braga,41.576978999999994,-8.412987,ER205-4,8.1,1,0,0,1.0,50,Berma pavimentada,Seco e limpo,Dois sentidos,Bom tempo,Em entroncamento,Dentro das localidades,Em pleno dia,Em patamar,Recta,Em plena via,Atropelamento,SEGUNDA-FEIRA,0,1,49,2008-08-12,15,ligeiro,Sim,Nao,Sim,37.3,1,4,49,801
48248,2009350469,Braga,41.479131,-8.354229,ER310,14.9,2,0,0,1.0,50,Berma pavimentada,Molhado,Dois sentidos,Chuva,Em entroncamento,Dentro das localidades,Em pleno dia,Com inclinação,Curva,Em plena via,Colisão,TERÇA-FEIRA  ,0,4,49,2008-11-07,8,ligeiro,Sim,Sim,Nao,37.3,1,4,49,801
48249,2010491610,Braga,41.479131,-8.354229,ER310,14.9,3,0,0,1.0,50,Berma pavimentada,Húmido,Dois sentidos,Bom tempo,Em entroncamento,Dentro das localidades,Em pleno dia,Em patamar,Recta,Em plena via,Colisão,TERÇA-FEIRA  ,0,2,49,2010-09-15,16,ligeiro,Sim,Nao,Nao,37.3,1,4,49,801
48250,2012636865,Braga,41.561621,-8.416966,EN14,39.5,2,0,0,1.0,50,Berma pavimentada,Seco e limpo,Dois sentidos,Bom tempo,Em entroncamento,Dentro das localidades,"Noite, com iluminação",Em patamar,Recta,Em plena via,Colisão,QUARTA-FEIRA ,0,2,49,2012-08-11,21,ligeiro,Nao,Nao,Sim,37.3,1,4,49,801
48251,2013669780,Braga,41.572505,-8.420564,ER205-4,8.98,1,0,0,1.0,50,Berma pavimentada,Molhado,Dois sentidos,Chuva,Fora da intersecção,Dentro das localidades,"Noite, com iluminação",Com inclinação,Curva,Em plena via,Despiste,QUARTA-FEIRA ,1,1,49,2012-12-25,3,ligeiro,Nao,Sim,Nao,37.3,1,4,49,801
48252,2008331559,Braga,41.562067,-8.418557,EN101,91.05,1,0,0,1.0,50,Berma não pavimentada,Molhado,Dois sentidos,Bom tempo,Fora da intersecção,Dentro das localidades,Em pleno dia,Com inclinação,Curva,Em plena via,Colisão,SÁBADO       ,0,3,49,2008-06-15,18,ligeiro,Sim,Nao,Nao,37.3,1,4,49,801
48253,2011573884,Braga,41.377331,-8.557524,A7,16.35,1,0,0,2.0,120,Berma pavimentada,Seco e limpo,Sentido único,Bom tempo,Fora da intersecção,Fora das localidades,"Noite, sem iluminação",Com inclinação,Recta,Em plena via,Despiste,SÁBADO       ,0,1,49,2011-10-04,20,ligeiro,Nao,Nao,Sim,37.3,1,4,49,801
48254,2013669762,Braga,41.575634,-8.417777000000001,ER205-4,8.55,3,0,0,1.0,50,Sem berma ou impraticável,Molhado,Dois sentidos,Chuva,Fora da intersecção,Dentro das localidades,"Noite, sem iluminação",Com inclinação,Recta,Na berma,Despiste,SÁBADO       ,0,1,49,2012-12-16,5,ligeiro,Nao,Sim,Nao,37.3,1,4,49,801
48258,2009409798,Braga,41.481481,-8.353883999999999,ER310,14.6,2,0,0,1.0,50,Berma pavimentada,Seco e limpo,Dois sentidos,Bom tempo,Em cruzamento,Dentro das localidades,Em pleno dia,Com inclinação,Recta,Em plena via,Colisão,QUINTA-FEIRA ,0,3,49,2009-08-14,13,ligeiro,Sim,Nao,Sim,37.3,1,4,49,801