,COD_ACIDENTE,DISTRITO,LATITUDE,LONGITUDE,VIA,KM,QT_FLIGEIROS,QT_FGRAVES,QT_MORTOS,QT_VIAS_SENTIDO,VEL_LIM_LOCAL,BERMA_VIA,CONDICAO_ADERENCIA,FAIXA_RODAGEM,FATOR_ATMOSFERICO,INTERSECAO_VIA,LOCALIZACAO,LUMINOSIDADE,PERFIL_VIA,PLANTA_VIA,SITUACAO_ACIDENTE,TIPO_NATUREZA,DIA_SEMANA,FLAG_FERIADO,QT_VEICULOS,COD_FREGUESIA,DATA,HORA,GRAVIDADE,ERA_DIA,MAU_TEMPO,ESTRADA_SECA,DENSIDADE_TOTAL,COD_DISTRITO_INE,COD_CONCELHO_INE,COD_FREGUESIA_INE,TOTAL
48259,2009351944,Braga,41.568096000000004,-8.421678,EN101,90.3,1,0,0,3.0,50,Berma pavimentada,Molhado,Sentido único,Chuva,Fora da intersecção,Dentro das localidades,Em pleno dia,Com inclinação,Recta,Em plena via,Colisão,TERÇA-FEIRA  ,0,3,49,2008-12-05,8,ligeiro,Sim,Sim,Nao,37.3,1,4,49,801
48263,2007285490,Braga,41.377995,-8.555969000000001,A7,16.5,1,0,0,2.0,120,Berma pavimentada,Molhado,Sentido único,Chuva,Fora da intersecção,Fora das localidades,Em pleno dia,Com inclinação,Recta,Em plena via,Despiste,QUARTA-FEIRA ,0,1,49,2007-06-13,8,ligeiro,Sim,Sim,Nao,37.3,1,4,49,801
48264,2011529056,Braga,41.561766999999996,-8.41596,EN14,39.53,1,0,0,1.0,50,Berma pavimentada,Seco e limpo,Dois sentidos,Bom tempo,Fora da intersecção,Dentro das localidades,"Noite, sem iluminação",Em patamar,Recta,Em plena via,Atropelamento,QUINTA-FEIRA ,0,1,49,2011-03-06,20,ligeiro,Nao,Nao,Sim,37.3,1,4,49,801
48267,2007282012,Braga,41.561974,-8.413903,EN14,39.6,1,0,0,1.0,50,Sem berma ou impraticável,Molhado,Dois sentidos,Chuva,Fora da intersecção,Dentro das localidades,Em pleno dia,Em patamar,Recta,No passeio,Colisão,SEGUNDA-FEIRA,0,2,49,2007-05-14,9,ligeiro,Sim,Sim,Nao,37.3,1,4,49,801
48268,2010477756,Braga,41.561621,-8.416966,EN14,39.5,1,0,0,1.0,50,Sem berma ou impraticável,Seco e limpo,Dois sentidos,Bom tempo,Em entroncamento,Dentro das localidades,Em pleno dia,Em patamar,Recta,Em plena via,Colisão,SÁBADO       ,0,2,49,2010-07-06,15,ligeiro,Sim,Nao,Sim,37.3,1,4,49,801
48270,2012588252,Braga,41.558907,-8.421921000000001,EN14,39.3,1,2,0,1.0,50,Berma pavimentada,Seco e limpo,Dois sentidos,Bom tempo,Fora da intersecção,Dentro das localidades,Em pleno dia,Em patamar,Recta,Em plena via,Colisão,SEGUNDA-FEIRA,0,2,49,2011-12-19,17,ligeiro,Sim,Nao,Sim,37.3,1,4,49,801
48271,2007272879,Braga,41.488468,-8.567129,EN204,26.5,1,0,0,1.0,50,Berma pavimentada,Seco e limpo,Dois sentidos,Bom tempo,Fora da intersecção,Dentro das localidades,Em pleno dia,Em patamar,Recta,Em plena via,Colisão,DOMINGO      ,0,2,66,2007-01-25,13,ligeiro,Sim,Nao,Sim,131.9,1,5,66,753
48272,2007282900,Braga,41.409775,-8.374375,A7,33.4,2,0,0,2.0,120,Berma pavimentada,Seco e limpo,Sentido único,Bom tempo,Fora da intersecção,Fora das localidades,Em pleno dia,Em patamar,Curva,Em plena via,Despiste,SEGUNDA-FEIRA,0,1,66,2007-05-25,10,ligeiro,Sim,Nao,Sim,131.9,1,5,66,753
48273,2007289594,Braga,41.405551,-8.382042,A7,32.6,2,0,0,2.0,120,Berma pavimentada,Seco e limpo,Sentido único,Bom tempo,Fora da intersecção,Fora das localidades,"Noite, sem iluminação",Em patamar,Curva,Em plena via,Despiste,TERÇA-FEIRA  ,0,1,66,2007-07-11,0,ligeiro,Nao,Nao,Sim,131.9,1,5,66,753
48274,2007283607,Braga,41.490032,-8.567644999999999,EN204,26.32,5,1,0,1.0,80,Berma pavimentada,Seco e limpo,Dois sentidos,Bom tempo,Em via de aceleração,Fora das localidades,Em pleno dia,Em patamar,Curva,Em plena via,Colisão,QUARTA-FEIRA ,0,2,66,2007-05-27,18,ligeiro,Sim,Nao,Sim,131.9,1,5,66,753
48275,2007287108,Braga,41.409059,-8.375898,A7,33.25,1,0,0,2.0,120,Berma pavimentada,Húmido,Sentido único,Chuva,Fora da intersecção,Fora das localidades,"Noite, sem iluminação",Com inclinação,Curva,Em plena via,Atropelamento,DOMINGO      ,0,1,66,2007-06-16,21,ligeiro,Nao,Sim,Nao,131.9,1,5,66,753
48276,2007298141,Braga,41.4911,-8.567757,EN204,26.2,1,0,0,1.0,50,Berma não pavimentada,Seco e limpo,Dois sentidos,Bom tempo,Em cruzamento,Dentro das localidades,Em pleno dia,Em patamar,Recta,Em plena via,Colisão,SEGUNDA-FEIRA,0,2,66,2007-10-15,7,ligeiro,Sim,Nao,Sim,131.9,1,5,66,753
48277,2008304480,Braga,41.405344,-8.383217,A7,32.5,1,0,0,2.0,120,Berma pavimentada,Molhado,Sentido único,Chuva,Fora da intersecção,Fora das localidades,"Noite, sem iluminação",Em patamar,Curva,Em plena via,Colisão,SEGUNDA-FEIRA,0,2,66,2007-12-05,18,ligeiro,Nao,Sim,Nao,131.9,1,5,66,753
48278,2008336873,Braga,41.489771000000005,-8.567563,EN204,26.35,0,1,0,1.0,50,Berma pavimentada,Seco e limpo,Dois sentidos,Bom tempo,Fora da intersecção,Dentro das localidades,Em pleno dia,Com inclinação,Recta,Em plena via,Colisão,SEGUNDA-FEIRA,0,2,66,2008-08-07,11,ligeiro,Sim,Nao,Sim,131.9,1,5,66,753
48279,2009351488,Braga,41.486737,-8.566521,EN204,26.7,1,0,0,1.0,50,Berma não pavimentada,Seco e limpo,Dois sentidos,Bom tempo,Em cruzamento,Dentro das localidades,"Noite, com iluminação",Em patamar,Recta,Em plena via,Colisão,SEXTA-FEIRA  ,0,2,66,2008-12-30,19,ligeiro,Nao,Nao,Sim,131.9,1,5,66,753
48280,2009389622,Braga,41.409575,-8.374915,A7,33.35,2,0,0,2.0,120,Berma pavimentada,Molhado,Sentido único,Chuva,Fora da intersecção,Fora das localidades,Aurora ou crepúsculo,Com inclinação,Curva,Em plena via,Despiste,QUINTA-FEIRA ,0,1,66,2009-06-29,6,ligeiro,Nao,Sim,Nao,131.9,1,5,66,753
48281,2010423996,Braga,41.409283,-8.375528,A7,33.29,1,0,0,3.0,120,Berma pavimentada,Molhado,Sentido único,Chuva,Em via de desaceleração,Fora das localidades,Em pleno dia,Com inclinação,Curva,Em plena via,Despiste,TERÇA-FEIRA  ,0,1,66,2009-10-25,15,ligeiro,Sim,Sim,Nao,131.9,1,5,66,753
48282,2011523848,Braga,41.486737,-8.566521,EN204,26.7,1,0,0,1.0,50,Berma pavimentada,Seco e limpo,Sentido único,Bom tempo,Fora da intersecção,Dentro das localidades,"Noite, com iluminação",Com inclinação,Recta,Em plena via,Colisão,QUINTA-FEIRA ,0,2,66,2011-02-23,17,ligeiro,Nao,Nao,Sim,131.9,1,5,66,753
48283,2011518973,Braga,41.414632,-8.362281,A7,34.6,1,0,0,3.0,120,Berma pavimentada,Molhado,Sentido único,Chuva,Fora da intersecção,Fora das localidades,Em pleno dia,Com inclinação,Recta,Em plena via,Despiste,SEGUNDA-FEIRA,0,1,66,2011-01-06,8,ligeiro,Sim,Sim,Nao,131.9,1,5,66,753
48284,2011547984,Braga,41.490858,-8.567755,EN204,26.23,1,0,0,1.0,50,Berma pavimentada,Seco e limpo,Dois sentidos,Bom tempo,Em entroncamento,Dentro das localidades,Em pleno dia,Em patamar,Recta,Em plena via,Colisão,DOMINGO      ,0,2,66,2011-06-02,11,ligeiro,Sim,Nao,Sim,131.9,1,5,66,753
48285,2011574287,Braga,41.486737,-8.566521,EN204,26.7,1,0,0,1.0,50,Berma pavimentada,Húmido,Dois sentidos,Bom tempo,Fora da intersecção,Dentro das localidades,Em pleno dia,Em patamar,Recta,Na berma,Despiste,SÁBADO       ,0,1,66,2011-10-27,14,ligeiro,Sim,Nao,Nao,131.9,1,5,66,753
48286,2012595442,Braga,41.490965,-8.567755,EN204,26.22,0,1,0,1.0,50,Berma pavimentada,Seco e limpo,Dois sentidos,Bom tempo,Fora da intersecção,Dentro das localidades,Em pleno dia,Em patamar,Recta,Em plena via,Colisão,SÁBADO       ,0,2,66,2012-01-26,18,ligeiro,Sim,Nao,Sim,131.9,1,5,66,753
48287,2012626711,Braga,41.408413,-8.376745,A7,33.15,3,0,0,2.0,120,Berma pavimentada,Molhado,Sentido único,Chuva,Fora da intersecção,Fora das localidades,Em pleno dia,Com inclinação,Recta,Em plena via,Despiste,SÁBADO       ,0,1,66,2012-06-17,20,ligeiro,Sim,Sim,Nao,131.9,1,5,66,753
48288,2012628120,Braga,41.486737,-8.566521,EN204,26.7,1,0,0,1.0,50,Sem berma ou impraticável,Seco e limpo,Dois sentidos,Bom tempo,Em cruzamento,Dentro das localidades,Em pleno dia,Em patamar,Recta,Em plena via,Colisão,SEGUNDA-FEIRA,0,2,66,2012-06-02,9,ligeiro,Sim,Nao,Sim,131.9,1,5,66,753
48289,2012645024,Braga,41.489336,-8.567422,EN204,26.4,2,0,0,1.0,50,Berma pavimentada,Seco e limpo,Dois sentidos,Bom tempo,Fora da intersecção,Dentro das localidades,Em pleno dia,Em patamar,Recta,Em plena via,Colisão,QUINTA-FEIRA ,0,2,66,2012-09-15,11,ligeiro,Sim,Nao,Sim,131.9,1,5,66,753
48290,2013669715,Braga,41.409224,-8.375630000000001,A7,33.28,1,0,0,1.0,60,Sem berma ou impraticável,Molhado,Sentido único,Chuva,Em ramo de ligação - entrada,Fora das localidades,"Noite, com iluminação",Em patamar,Recta,Em plena via,Despiste,SEXTA-FEIRA  ,0,1,66,2012-12-21,18,ligeiro,Nao,Sim,Nao,131.9,1,5,66,753
48291,2013669729,Braga,41.409677,-8.374656,A7,33.38,2,0,0,2.0,120,Sem berma ou impraticável,Molhado,Sentido único,Chuva,Fora da intersecção,Fora das localidades,"Noite, com iluminação",Em patamar,Curva,Em plena via,Despiste,SEGUNDA-FEIRA,0,1,66,2012-12-29,20,ligeiro,Nao,Sim,Nao,131.9,1,5,66,753
48292,2013664964,Braga,41.490207,-8.567694,EN204,26.3,1,0,0,1.0,50,Berma pavimentada,Seco e limpo,Dois sentidos,Bom tempo,Fora da intersecção,Dentro das localidades,Em pleno dia,Em patamar,Curva,Na berma,Colisão,TERÇA-FEIRA  ,0,2,66,2012-11-26,16,ligeiro,Sim,Nao,Sim,131.9,1,5,66,753
48293,2010446586,Braga,41.409168,-8.375722,A7,33.27,1,0,0,2.0,120,Berma pavimentada,Húmido,Sentido único,Chuva,Em via de desaceleração,Fora das localidades,Em pleno dia,Com inclinação,Curva,Em plena via,Colisão,QUARTA-FEIRA ,0,2,66,2010-02-17,12,ligeiro,Sim,Sim,Nao,131.9,1,5,66,753
48294,2009389649,Braga,41.410104,-8.370819000000001,A7,33.7,2,0,0,3.0,120,Berma pavimentada,Molhado,Sentido único,Chuva,Fora da intersecção,Fora das localidades,Em pleno dia,Com inclinação,Curva,Em plena via,Colisão,QUINTA-FEIRA ,0,2,66,2009-06-29,9,ligeiro,Sim,Sim,Nao,131.9,1,5,66,753
48295,2010423989,Braga,41.408905,-8.376123,A7,33.23,1,0,0,2.0,120,Berma pavimentada,Molhado,Sentido único,Chuva,Fora da intersecção,Fora das localidades,Em pleno dia,Com inclinação,Curva,Na berma,Despiste,QUINTA-FEIRA ,0,1,66,2009-10-21,8,ligeiro,Sim,Sim,Nao,131.9,1,5,66,753
48296,2009351474,Braga,41.490207,-8.567694,EN204,26.3,4,0,0,1.0,50,Berma pavimentada,Molhado,Dois sentidos,Chuva,Fora da intersecção,Dentro das localidades,Em pleno dia,Em patamar,Recta,Na berma,Colisão,SÁBADO       ,0,2,66,2008-12-31,17,ligeiro,Sim,Sim,Nao,131.9,1,5,66,753
48297,2007289597,Braga,41.409334,-8.375428999999999,A7,33.3,1,0,0,2.0,60,Berma pavimentada,Seco e limpo,Sentido único,Bom tempo,Em ramo de ligação - saída,Fora das localidades,Em pleno dia,Em patamar,Curva,Em plena via,Colisão,QUARTA-FEIRA ,0,2,66,2007-07-06,11,ligeiro,Sim,Nao,Sim,131.9,1,5,66,753
48298,2013655768,Braga,41.409059,-8.375898,A7,33.25,1,0,0,2.0,120,Berma pavimentada,Molhado,Sentido único,Chuva,Em via de desaceleração,Fora das localidades,Em pleno dia,Com inclinação,Curva,Em plena via,Despiste,TERÇA-FEIRA  ,0,1,66,2012-10-17,13,ligeiro,Sim,Sim,Nao,131.9,1,5,66,753
48299,2007289603,Braga,41.410191999999995,-8.369624,A7,33.8,1,0,0,3.0,120,Berma pavimentada,Molhado,Sentido único,Chuva,Fora da intersecção,Fora das localidades,Em pleno dia,Com inclinação,Curva,Em plena via,Despiste,SÁBADO       ,0,1,66,2007-07-03,15,ligeiro,Sim,Sim,Nao,131.9,1,5,66,753
48300,2008341686,Braga,41.486909999999995,-8.566582,EN204,26.68,3,0,0,2.0,50,Berma pavimentada,Seco e limpo,Dois sentidos,Bom tempo,Em cruzamento,Dentro das localidades,Em pleno dia,Em patamar,Recta,Em plena via,Colisão,SÁBADO       ,0,2,66,2008-09-08,17,ligeiro,Sim,Nao,Sim,131.9,1,5,66,753
48301,2011542754,Braga,41.410094,-8.372023,A7,33.6,1,0,0,3.0,120,Berma pavimentada,Molhado,Sentido único,Bom tempo,Fora da intersecção,Fora das localidades,Em pleno dia,Com inclinação,Curva,Em plena via,Despiste,TERÇA-FEIRA  ,0,1,66,2011-05-28,19,ligeiro,Sim,Nao,Nao,131.9,1,5,66,753
48302,2007298149,Braga,41.499168,-8.569276,EN204,25.3,1,0,0,1.0,50,Berma não pavimentada,Seco e limpo,Dois sentidos,Bom tempo,Fora da intersecção,Dentro das localidades,"Noite, sem iluminação",Com inclinação,Recta,Na berma,Despiste,QUARTA-FEIRA ,1,1,66,2007-10-05,2,ligeiro,Nao,Nao,Sim,131.9,1,5,66,753
48303,2007276671,Braga,41.409334,-8.375428999999999,A7,33.3,1,0,0,3.0,120,Berma pavimentada,Molhado,Sentido único,Chuva,Fora da intersecção,Fora das localidades,Em pleno dia,Em patamar,Curva,Em plena via,Despiste,DOMINGO      ,0,1,66,2007-03-06,11,ligeiro,Sim,Sim,Nao,131.9,1,5,66,753
48304,2009383220,Braga,41.484566,-8.565791,EN204,26.95,1,0,0,1.0,50,Berma pavimentada,Seco e limpo,Dois sentidos,Bom tempo,Em entroncamento,Dentro das localidades,Em pleno dia,Em patamar,Recta,Em plena via,Colisão,DOMINGO      ,0,2,66,2009-05-23,12,ligeiro,Sim,Nao,Sim,131.9,1,5,66,753
48305,2008304473,Braga,41.489771000000005,-8.567563,EN204,26.35,1,0,0,1.0,50,Berma pavimentada,Seco e limpo,Dois sentidos,Bom tempo,Fora da intersecção,Dentro das localidades,"Noite, com iluminação",Em patamar,Recta,Em plena via,Colisão,SÁBADO       ,0,2,66,2007-12-15,0,ligeiro,Nao,Nao,Sim,131.9,1,5,66,753
48306,2012579570,Braga,41.40858,-8.376542,A7,33.18,1,0,0,2.0,120,Berma pavimentada,Húmido,Sentido único,Bom tempo,Fora da intersecção,Fora das localidades,"Noite, com iluminação",Com inclinação,Curva,Na berma,Despiste,QUARTA-FEIRA ,0,1,66,2011-11-05,4,ligeiro,Nao,Nao,Nao,131.9,1,5,66,753
48307,2007297898,Braga,41.407868,-8.377379,A7,33.07,1,0,0,3.0,80,Berma pavimentada,Seco e limpo,Sentido único,Bom tempo,Em via de desaceleração,Fora das localidades,Em pleno dia,Com inclinação,Recta,Em plena via,Colisão,TERÇA-FEIRA  ,0,2,66,2007-10-10,18,ligeiro,Sim,Nao,Sim,131.9,1,5,66,753
48308,2008307906,Braga,41.41072,-8.367828999999999,A7,33.96,1,0,0,3.0,120,Berma pavimentada,Húmido,Sentido único,Chuva,Fora da intersecção,Fora das localidades,Em pleno dia,Com inclinação,Curva,Em plena via,Despiste,SEXTA-FEIRA  ,0,1,66,2008-01-17,16,ligeiro,Sim,Sim,Nao,131.9,1,5,66,753
48309,2010468614,Braga,41.4911,-8.567757,EN204,26.2,1,0,0,1.0,50,Berma pavimentada,Seco e limpo,Dois sentidos,Bom tempo,Em entroncamento,Fora das localidades,Em pleno dia,Em patamar,Recta,Em plena via,Colisão,QUINTA-FEIRA ,0,2,66,2010-06-06,18,ligeiro,Sim,Nao,Sim,131.9,1,5,66,753
48310,2007273416,Braga,41.477678000000004,-8.568816,EN204,27.77,2,0,0,1.0,50,Berma não pavimentada,Molhado,Dois sentidos,Chuva,Fora da intersecção,Dentro das localidades,Em pleno dia,Em patamar,Recta,Em plena via,Colisão,QUINTA-FEIRA ,0,2,80,2007-01-17,14,ligeiro,Sim,Sim,Nao,42.1,1,6,80,924
48311,2007283686,Braga,41.472231,-8.5688,EN204,28.4,2,0,0,1.0,50,Berma não pavimentada,Seco e limpo,Dois sentidos,Bom tempo,Fora da intersecção,Dentro das localidades,"Noite, com iluminação",Em patamar,Recta,Na berma,Despiste,TERÇA-FEIRA  ,0,1,80,2007-05-26,1,ligeiro,Nao,Nao,Sim,42.1,1,6,80,924
48312,2008341689,Braga,41.462458000000005,-8.568458999999999,EN204,29.5,1,0,0,2.0,50,Berma pavimentada,Seco e limpo,Dois sentidos,Bom tempo,Fora da intersecção,Dentro das localidades,Em pleno dia,Com inclinação,Recta,Em plena via,Colisão,SEXTA-FEIRA  ,0,2,80,2008-09-13,11,ligeiro,Sim,Nao,Sim,42.1,1,6,80,924
48313,2009349523,Braga,41.474486999999996,-8.568651,EN204,28.15,1,0,0,1.0,50,Berma pavimentada,Seco e limpo,Dois sentidos,Bom tempo,Em entroncamento,Dentro das localidades,Em pleno dia,Em patamar,Curva,Em plena via,Colisão,SEXTA-FEIRA  ,0,2,80,2008-11-20,11,ligeiro,Sim,Nao,Sim,42.1,1,6,80,924
48314,2011567597,Braga,41.474938,-8.568667999999999,EN204,28.1,1,0,0,1.0,50,Sem berma ou impraticável,Seco e limpo,Dois sentidos,Bom tempo,Fora da intersecção,Dentro das localidades,Em pleno dia,Em patamar,Recta,Em plena via,Colisão,SEXTA-FEIRA  ,0,2,80,2011-09-16,14,ligeiro,Sim,Nao,Sim,42.1,1,6,80,924
48315,2011563888,Braga,41.475756,-8.569144,EN204,28.0,1,0,0,1.0,50,Berma pavimentada,Seco e limpo,Dois sentidos,Bom tempo,Em entroncamento,Dentro das localidades,Em pleno dia,Em patamar,Recta,Em plena via,Colisão,DOMINGO      ,1,2,80,2011-08-15,17,ligeiro,Sim,Nao,Sim,42.1,1,6,80,924
48316,2011573892,Braga,41.476595,-8.569405,EN204,27.9,3,0,0,1.0,50,Sem berma ou impraticável,Seco e limpo,Dois sentidos,Bom tempo,Fora da intersecção,Dentro das localidades,"Noite, com iluminação",Com inclinação,Curva,Em plena via,Colisão,SÁBADO       ,0,2,80,2011-10-10,23,ligeiro,Nao,Nao,Sim,42.1,1,6,80,924
48317,2011573828,Braga,41.476595,-8.569405,EN204,27.9,1,0,0,1.0,50,Berma não pavimentada,Seco e limpo,Dois sentidos,Bom tempo,Em entroncamento,Dentro das localidades,"Noite, com iluminação",Com inclinação,Curva,Em plena via,Despiste,QUINTA-FEIRA ,0,1,80,2011-10-14,23,ligeiro,Nao,Nao,Sim,42.1,1,6,80,924
48318,2012583106,Braga,41.479506,-8.567766,EN204,27.55,1,0,0,1.0,50,Sem berma ou impraticável,Seco e limpo,Dois sentidos,Bom tempo,Em entroncamento,Dentro das localidades,Aurora ou crepúsculo,Em patamar,Recta,Em plena via,Colisão,QUINTA-FEIRA ,0,2,80,2011-11-23,17,ligeiro,Nao,Nao,Sim,42.1,1,6,80,924
48319,2012591645,Braga,41.470426,-8.568916999999999,EN204,28.6,1,0,0,1.0,50,Berma pavimentada,Seco e limpo,Dois sentidos,Bom tempo,Em cruzamento,Dentro das localidades,"Noite, com iluminação",Em patamar,Recta,Em plena via,Atropelamento,QUINTA-FEIRA ,0,1,80,2011-12-21,18,ligeiro,Nao,Nao,Sim,42.1,1,6,80,924
48320,2012630938,Braga,41.472231,-8.5688,EN204,28.4,2,0,0,1.0,50,Berma pavimentada,Seco e limpo,Dois sentidos,Bom tempo,Fora da intersecção,Dentro das localidades,Em pleno dia,Em patamar,Recta,Em plena via,Colisão,SÁBADO       ,0,2,80,2012-07-21,14,ligeiro,Sim,Nao,Sim,42.1,1,6,80,924
48321,2010477707,Braga,41.474938,-8.568667999999999,EN204,28.1,1,0,0,1.0,50,Berma não pavimentada,Seco e limpo,Dois sentidos,Bom tempo,Em entroncamento,Dentro das localidades,Em pleno dia,Em patamar,Curva,Em plena via,Colisão,SÁBADO       ,0,2,80,2010-07-06,8,ligeiro,Sim,Nao,Sim,42.1,1,6,80,924
48322,2008306161,Braga,41.477432,-8.568957000000001,EN204,27.8,1,0,0,1.0,50,Berma pavimentada,Seco e limpo,Dois sentidos,Bom tempo,NÃO DEFINIDO,Dentro das localidades,"Noite, com iluminação",Em patamar,Recta,Na berma,Despiste,QUARTA-FEIRA ,0,1,80,2007-12-07,2,ligeiro,Nao,Nao,Sim,42.1,1,6,80,924
48323,2011516172,Braga,41.463276,-8.568887,EN204,29.4,0,1,1,1.0,50,Berma não pavimentada,Seco e limpo,Dois sentidos,Bom tempo,Fora da intersecção,Dentro das localidades,Em pleno dia,Em patamar,Curva,Em plena via,Colisão,QUARTA-FEIRA ,0,2,80,2011-01-13,14,grave,Sim,Nao,Sim,42.1,1,6,80,924
48324,2008307325,Braga,41.478677000000005,-8.568244,EN204,27.65,0,1,0,1.0,50,Sem berma ou impraticável,Molhado,Dois sentidos,Chuva,Em entroncamento,Dentro das localidades,"Noite, com iluminação",Em patamar,Recta,Em plena via,Atropelamento,DOMINGO      ,0,1,80,2008-01-02,7,ligeiro,Nao,Sim,Nao,42.1,1,6,80,924
48325,2010477715,Braga,41.46411,-8.569289999999999,EN204,29.3,1,0,0,1.0,70,Berma não pavimentada,Seco e limpo,Dois sentidos,Bom tempo,Fora da intersecção,Dentro das localidades,Sol escandeante,Em patamar,Recta,Na berma,Despiste,QUINTA-FEIRA ,0,1,80,2010-07-10,18,ligeiro,Sim,Nao,Sim,42.1,1,6,80,924
48326,2010486654,Braga,41.477847,-8.568719999999999,EN204,27.75,1,0,0,1.0,50,Berma não pavimentada,Seco e limpo,Dois sentidos,Bom tempo,Fora da intersecção,Dentro das localidades,"Noite, com iluminação",Em patamar,Recta,Em plena via,Colisão,SEXTA-FEIRA  ,0,2,80,2010-08-08,22,ligeiro,Nao,Nao,Sim,42.1,1,6,80,924
48327,2010452704,Braga,41.474668,-8.568641,EN204,28.13,1,0,0,1.0,50,Berma pavimentada,Húmido,Dois sentidos,Chuva,Em cruzamento,Dentro das localidades,Em pleno dia,Em patamar,Recta,Em plena via,Colisão,DOMINGO      ,0,2,80,2010-03-26,14,ligeiro,Sim,Sim,Nao,42.1,1,6,80,924
48328,2008329420,Braga,41.470696999999994,-8.568897999999999,EN204,28.57,1,0,1,1.0,50,Berma não pavimentada,Molhado,Dois sentidos,Chuva,Em cruzamento,Dentro das localidades,Em pleno dia,Em patamar,Recta,Na berma,Atropelamento,SÁBADO       ,0,1,80,2008-06-15,7,ligeiro,Sim,Sim,Nao,42.1,1,6,80,924
48329,2009383154,Braga,41.476595,-8.569405,EN204,27.9,2,0,0,2.0,50,Berma pavimentada,Molhado,Dois sentidos,Chuva,Fora da intersecção,Dentro das localidades,Em pleno dia,Com inclinação,Curva,Em plena via,Colisão,SÁBADO       ,0,2,80,2009-05-11,11,ligeiro,Sim,Sim,Nao,42.1,1,6,80,924
48330,2007300139,Braga,41.462458000000005,-8.568458999999999,EN204,29.5,1,0,0,1.0,50,Sem berma ou impraticável,Seco e limpo,Dois sentidos,Bom tempo,Fora da intersecção,Dentro das localidades,"Noite, sem iluminação",Em patamar,Curva,Em plena via,Colisão,SEGUNDA-FEIRA,0,2,80,2007-10-26,22,ligeiro,Nao,Nao,Sim,42.1,1,6,80,924
48331,2007273423,Braga,41.462458000000005,-8.568458999999999,EN204,29.5,1,0,0,1.0,50,Berma não pavimentada,Molhado,Dois sentidos,Chuva,Fora da intersecção,Dentro das localidades,"Noite, sem iluminação",Com inclinação,Curva,Em plena via,Colisão,DOMINGO      ,0,2,80,2007-01-25,5,ligeiro,Nao,Sim,Nao,42.1,1,6,80,924
48334,2007280319,Braga,41.530928,-8.542938000000001,EN103,29.23,1,0,0,1.0,50,Berma pavimentada,Molhado,Dois sentidos,Chuva,Em cruzamento,Dentro das localidades,"Noite, com iluminação",Em patamar,Recta,Em plena via,Colisão,SEXTA-FEIRA  ,0,2,30,2007-04-24,20,ligeiro,Nao,Sim,Nao,116.8,1,3,30,1057
48339,2007275579,Braga,41.444457,-8.248022,EN101,116.5,1,0,0,2.0,50,Berma pavimentada,Molhado,Dois sentidos,Chuva,Em entroncamento,Dentro das localidades,"Noite, com iluminação",Em patamar,Recta,Em plena via,Colisão,TERÇA-FEIRA  ,0,2,30,2007-02-13,19,ligeiro,Nao,Sim,Nao,116.8,1,3,30,1057
48348,2007295612,Braga,41.454168,-8.217839999999999,EN206,46.5,1,0,0,2.0,90,Berma pavimentada,Húmido,Sentido único,Chuva,NÃO DEFINIDO,Fora das localidades,Em pleno dia,Em patamar,Curva,Na berma,Despiste,SEGUNDA-FEIRA,0,1,30,2007-09-16,19,ligeiro,Sim,Sim,Nao,116.8,1,3,30,1057
48351,2008308024,Braga,41.529881,-8.537523,EN103,29.7,2,0,0,1.0,50,Sem berma ou impraticável,Seco e limpo,Dois sentidos,Bom tempo,Fora da intersecção,Dentro das localidades,Em pleno dia,Em patamar,Recta,Em plena via,Colisão,SEGUNDA-FEIRA,0,2,30,2008-01-25,16,ligeiro,Sim,Nao,Sim,116.8,1,3,30,1057
48359,2008318270,Braga,41.455186,-8.218146,EN206,46.4,2,0,0,2.0,90,Berma pavimentada,Molhado,Sentido único,Chuva,Fora da intersecção,Fora das localidades,"Noite, sem iluminação",Em patamar,Curva,Em plena via,Colisão,TERÇA-FEIRA  ,0,2,30,2008-02-18,20,ligeiro,Nao,Sim,Nao,116.8,1,3,30,1057
48366,2008337182,Braga,41.530708000000004,-8.527830999999999,EN103,30.55,1,0,0,1.0,50,Berma pavimentada,Seco e limpo,Dois sentidos,Bom tempo,Fora da intersecção,Dentro das localidades,Em pleno dia,Em patamar,Recta,Em plena via,Colisão,SÁBADO       ,0,3,30,2008-08-22,18,ligeiro,Sim,Nao,Sim,116.8,1,3,30,1057
48373,2009400470,Braga,41.456254,-8.227041,EN206,45.7,2,0,0,2.0,90,Berma pavimentada,Seco e limpo,Reversível,Bom tempo,Fora da intersecção,Fora das localidades,Em pleno dia,Em patamar,Recta,Em plena via,Colisão,QUINTA-FEIRA ,0,2,30,2009-07-16,10,ligeiro,Sim,Nao,Sim,116.8,1,3,30,1057
48380,2010424043,Braga,41.451281,-8.21654,EN206,46.8,1,0,0,2.0,70,Berma pavimentada,Húmido,Dois sentidos,Chuva,Fora da intersecção,Fora das localidades,Em pleno dia,Com inclinação,Curva,Em plena via,Colisão,QUARTA-FEIRA ,0,2,30,2009-10-20,17,ligeiro,Sim,Sim,Nao,116.8,1,3,30,1057
48381,2010429475,Braga,41.4515,-8.216859,EN206,46.77,1,0,0,2.0,70,Berma pavimentada,Molhado,Dois sentidos,Chuva,Fora da intersecção,Dentro das localidades,Em pleno dia,Com inclinação,Curva,Em plena via,Despiste,SEGUNDA-FEIRA,0,1,30,2009-11-22,14,ligeiro,Sim,Sim,Nao,116.8,1,3,30,1057