,COD_ACIDENTE,DISTRITO,LATITUDE,LONGITUDE,VIA,KM,QT_FLIGEIROS,QT_FGRAVES,QT_MORTOS,QT_VIAS_SENTIDO,VEL_LIM_LOCAL,BERMA_VIA,CONDICAO_ADERENCIA,FAIXA_RODAGEM,FATOR_ATMOSFERICO,INTERSECAO_VIA,LOCALIZACAO,LUMINOSIDADE,PERFIL_VIA,PLANTA_VIA,SITUACAO_ACIDENTE,TIPO_NATUREZA,DIA_SEMANA,FLAG_FERIADO,QT_VEICULOS,COD_FREGUESIA,DATA,HORA,GRAVIDADE,ERA_DIA,MAU_TEMPO,ESTRADA_SECA,DENSIDADE_TOTAL,COD_DISTRITO_INE,COD_CONCELHO_INE,COD_FREGUESIA_INE,TOTAL
48382,2010429507,Braga,41.56264,-8.507263,EN(d)205-4,18.0,1,0,0,2.0,50,Sem berma ou impraticável,Molhado,Dois sentidos,Chuva,Fora da intersecção,Dentro das localidades,Em pleno dia,Em patamar,Curva,Em plena via,Colisão,DOMINGO      ,0,2,30,2009-11-27,9,ligeiro,Sim,Sim,Nao,116.8,1,3,30,1057
48387,2010446599,Braga,41.530101,-8.538663,EN103,29.6,1,0,0,1.0,50,Sem berma ou impraticável,Molhado,Dois sentidos,Chuva,Em entroncamento,Dentro das localidades,Em pleno dia,Em patamar,Recta,No passeio,Colisão,TERÇA-FEIRA  ,0,2,30,2010-02-28,12,ligeiro,Sim,Sim,Nao,116.8,1,3,30,1057
48399,2010496249,Braga,41.566023,-8.497069999999999,EN(d)205-4,16.8,1,0,0,1.0,50,Sem berma ou impraticável,Seco e limpo,Dois sentidos,Bom tempo,Fora da intersecção,Dentro das localidades,Em pleno dia,Com inclinação,Curva,Em plena via,Colisão,SÁBADO       ,0,2,30,2010-10-11,12,ligeiro,Sim,Nao,Sim,116.8,1,3,30,1057
48401,2011523775,Braga,41.455141999999995,-8.232415,EN206,45.3,1,0,0,1.0,50,Sem berma ou impraticável,Seco e limpo,Dois sentidos,Bom tempo,Fora da intersecção,Dentro das localidades,"Noite, com iluminação",Em patamar,Recta,Na berma,Despiste,QUARTA-FEIRA ,0,1,30,2011-02-11,6,ligeiro,Nao,Nao,Sim,116.8,1,3,30,1057
48407,2011529715,Braga,41.456019,-8.218985,EN206,46.3,1,0,0,2.0,70,Berma pavimentada,Molhado,Sentido único,Chuva,Fora da intersecção,Fora das localidades,"Noite, sem iluminação",Em patamar,Curva,Na berma,Despiste,TERÇA-FEIRA  ,0,1,30,2011-04-19,20,ligeiro,Nao,Sim,Nao,116.8,1,3,30,1057
48423,2012591642,Braga,41.530851,-8.527263,EN103,30.6,1,0,0,1.0,50,Sem berma ou impraticável,Molhado,Dois sentidos,Chuva,Em entroncamento,Dentro das localidades,"Noite, com iluminação",Em patamar,Recta,Em plena via,Colisão,QUARTA-FEIRA ,0,2,30,2011-12-20,19,ligeiro,Nao,Sim,Nao,116.8,1,3,30,1057
48429,2012613046,Braga,41.456134000000006,-8.264924,EN101,114.4,1,0,0,2.0,80,Berma pavimentada,Seco e limpo,Sentido único,Chuva,Fora da intersecção,Dentro das localidades,Em pleno dia,Com inclinação,Curva,Em plena via,Despiste,DOMINGO      ,0,1,30,2012-06-12,11,ligeiro,Sim,Sim,Sim,116.8,1,3,30,1057
48435,2013656227,Braga,41.531415,-8.545506,EN103,29.0,3,0,0,1.0,50,Berma pavimentada,Seco e limpo,Dois sentidos,Bom tempo,Fora da intersecção,Dentro das localidades,Em pleno dia,Com inclinação,Recta,Em plena via,Colisão,SEXTA-FEIRA  ,0,2,30,2012-10-31,16,ligeiro,Sim,Nao,Sim,116.8,1,3,30,1057
48447,2007282911,Braga,41.567665999999996,-8.493879,EN(d)205-4,16.44,1,0,0,1.0,50,Sem berma ou impraticável,Seco e limpo,Dois sentidos,Bom tempo,Fora da intersecção,Dentro das localidades,Em pleno dia,Com inclinação,Curva,Na berma,Despiste,QUINTA-FEIRA ,0,1,30,2007-05-16,18,ligeiro,Sim,Nao,Sim,116.8,1,3,30,1057
48450,2007289632,Braga,41.453121,-8.217721000000001,EN206,46.6,1,0,0,2.0,70,Berma pavimentada,Molhado,Dois sentidos,Chuva,Fora da intersecção,Dentro das localidades,Em pleno dia,Em patamar,Recta,Na berma,Despiste,DOMINGO      ,0,1,30,2007-07-15,12,ligeiro,Sim,Sim,Nao,116.8,1,3,30,1057
48451,2008320326,Braga,41.437686,-8.248441,EN101,117.4,2,0,0,1.0,50,Berma pavimentada,Com óleo,Dois sentidos,Bom tempo,Fora da intersecção,Dentro das localidades,Em pleno dia,Com inclinação,Curva,Na berma,Despiste,QUINTA-FEIRA ,0,1,30,2008-03-14,8,ligeiro,Sim,Nao,Nao,116.8,1,3,30,1057
48453,2009382492,Braga,41.456134000000006,-8.264924,EN101,114.4,1,0,0,4.0,80,Berma pavimentada,Seco e limpo,Dois sentidos,Bom tempo,Fora da intersecção,Dentro das localidades,Em pleno dia,Com inclinação,Curva,Em plena via,Despiste,SEGUNDA-FEIRA,0,1,30,2009-07-08,13,ligeiro,Sim,Nao,Sim,116.8,1,3,30,1057
48459,2011567613,Braga,41.530101,-8.538663,EN103,29.6,4,0,0,1.0,50,Sem berma ou impraticável,Seco e limpo,Dois sentidos,Bom tempo,Em entroncamento,Dentro das localidades,Em pleno dia,Em patamar,Recta,Em plena via,Colisão,SEXTA-FEIRA  ,0,2,30,2011-09-05,17,ligeiro,Sim,Nao,Sim,116.8,1,3,30,1057
48468,2010464667,Braga,41.563361,-8.504158,EN(d)205-4,17.7,1,0,0,1.0,50,Berma não pavimentada,Seco e limpo,Dois sentidos,Bom tempo,Em entroncamento,Dentro das localidades,Em pleno dia,Em patamar,Recta,Em plena via,Colisão,SÁBADO       ,0,2,30,2010-05-21,16,ligeiro,Sim,Nao,Sim,116.8,1,3,30,1057
48472,2007294064,Braga,41.53028,-8.529536,EN103,30.4,1,0,0,1.0,90,Berma não pavimentada,Molhado,Dois sentidos,Chuva,Fora da intersecção,Fora das localidades,Em pleno dia,Com inclinação,Recta,Em plena via,Despiste,DOMINGO      ,0,1,30,2007-08-29,5,ligeiro,Sim,Sim,Nao,116.8,1,3,30,1057
48474,2010428127,Braga,41.529553,-8.532494999999999,EN103,30.14,1,0,0,1.0,50,Sem berma ou impraticável,Molhado,Dois sentidos,Chuva,Em cruzamento,Dentro das localidades,Em pleno dia,Com inclinação,Recta,Em plena via,Colisão,QUARTA-FEIRA ,1,2,30,2009-11-01,11,ligeiro,Sim,Sim,Nao,116.8,1,3,30,1057
48482,2007294062,Braga,41.529881,-8.537523,EN103,29.7,1,0,0,1.0,50,Berma pavimentada,Seco e limpo,Dois sentidos,Bom tempo,Fora da intersecção,Dentro das localidades,Em pleno dia,Em patamar,Recta,Em plena via,Colisão,SEGUNDA-FEIRA,0,3,30,2007-08-30,19,ligeiro,Sim,Nao,Sim,116.8,1,3,30,1057
48513,2011573935,Braga,41.440220000000004,-8.249125999999999,EN101,117.08,2,0,0,1.0,50,Sem berma ou impraticável,Seco e limpo,Dois sentidos,Bom tempo,Fora da intersecção,Dentro das localidades,Em pleno dia,Em patamar,Curva,Na berma,Despiste,TERÇA-FEIRA  ,0,1,30,2011-10-29,7,ligeiro,Sim,Nao,Sim,116.8,1,3,30,1057
48516,2011573937,Braga,41.455186,-8.218146,EN206,46.4,1,0,0,2.0,90,Berma pavimentada,Molhado,Dois sentidos,Chuva,Fora da intersecção,Fora das localidades,Em pleno dia,Com inclinação,Curva,Em plena via,Despiste,SEXTA-FEIRA  ,0,1,30,2011-10-26,16,ligeiro,Sim,Sim,Nao,116.8,1,3,30,1057
48526,2009409727,Braga,41.45182,-8.212152,EN206,47.15,5,0,0,1.0,50,Berma pavimentada,Seco e limpo,Dois sentidos,Bom tempo,Em entroncamento,Fora das localidades,Em pleno dia,Em patamar,Curva,Em plena via,Colisão,SEGUNDA-FEIRA,0,2,30,2009-08-23,18,ligeiro,Sim,Nao,Sim,116.8,1,3,30,1057
48538,2010477732,Braga,41.455637,-8.218506,EN206,46.35,1,0,0,2.0,70,Berma pavimentada,Seco e limpo,Sentido único,Bom tempo,Fora da intersecção,Dentro das localidades,Em pleno dia,Em patamar,Curva,Em plena via,Despiste,DOMINGO      ,0,1,30,2010-07-01,12,ligeiro,Sim,Nao,Sim,116.8,1,3,30,1057
48540,2009373731,Braga,41.56264,-8.507263,EN(d)205-4,18.0,1,0,0,1.0,50,Berma não pavimentada,Seco e limpo,Dois sentidos,Bom tempo,Fora da intersecção,Dentro das localidades,Em pleno dia,Em patamar,Recta,Em plena via,Despiste,QUINTA-FEIRA ,0,1,30,2009-04-11,14,ligeiro,Sim,Nao,Sim,116.8,1,3,30,1057
48556,2010486653,Braga,41.567405,-8.493587,EN(d)205-4,16.4,7,0,0,1.0,50,Sem berma ou impraticável,Seco e limpo,Dois sentidos,Bom tempo,Fora da intersecção,Dentro das localidades,Em pleno dia,Com inclinação,Curva,Em plena via,Colisão,QUARTA-FEIRA ,0,2,30,2010-08-07,7,ligeiro,Sim,Nao,Sim,116.8,1,3,30,1057
48561,2008306660,Braga,41.444728000000005,-8.253579,EN101,116.0,1,0,0,1.0,90,Berma pavimentada,Seco e limpo,Dois sentidos,Bom tempo,Fora da intersecção,Dentro das localidades,"Noite, sem iluminação",Com inclinação,Recta,Na berma,Colisão,SEGUNDA-FEIRA,0,2,30,2008-01-20,1,ligeiro,Nao,Nao,Sim,116.8,1,3,30,1057
48562,2009357570,Braga,41.456254,-8.227041,EN206,45.7,1,0,0,2.0,50,Berma pavimentada,Húmido,Dois sentidos,Bom tempo,Fora da intersecção,Fora das localidades,"Noite, com iluminação",Em patamar,Curva,Na berma,Despiste,DOMINGO      ,0,1,30,2009-01-24,19,ligeiro,Nao,Nao,Nao,116.8,1,3,30,1057
48573,2008323766,Braga,41.531334,-8.545108,EN103,29.04,1,0,0,1.0,70,Sem berma ou impraticável,Seco e limpo,Dois sentidos,Bom tempo,Fora da intersecção,Fora das localidades,Em pleno dia,Com inclinação,Recta,Em plena via,Colisão,SÁBADO       ,0,2,30,2008-04-24,13,ligeiro,Sim,Nao,Sim,116.8,1,3,30,1057
48574,2013657007,Braga,41.45166,-8.21702,EN206,46.75,1,0,0,2.0,50,Sem berma ou impraticável,Seco e limpo,Dois sentidos,Bom tempo,Fora da intersecção,Fora das localidades,Em pleno dia,Em patamar,Curva,Em plena via,Despiste,SEXTA-FEIRA  ,0,1,30,2012-10-14,13,ligeiro,Sim,Nao,Sim,116.8,1,3,30,1057
48576,2012579565,Braga,41.40528,-8.385144,A7,32.34,1,0,0,2.0,120,Berma pavimentada,Húmido,Sentido único,Chuva,Fora da intersecção,Fora das localidades,Em pleno dia,Com inclinação,Curva,Em plena via,Despiste,DOMINGO      ,0,1,30,2011-11-08,15,ligeiro,Sim,Sim,Nao,116.8,1,3,30,1057
48588,2007275090,Braga,41.44409,-8.249101,EN101,116.4,2,0,0,2.0,50,Berma pavimentada,Molhado,Dois sentidos,Chuva,Fora da intersecção,Dentro das localidades,"Noite, com iluminação",Em patamar,Recta,Em plena via,Atropelamento,SEXTA-FEIRA  ,0,1,30,2007-02-16,18,ligeiro,Nao,Sim,Nao,116.8,1,3,30,1057
48613,2012582997,Braga,41.456082,-8.227701,EN206,45.65,1,0,0,1.0,50,Sem berma ou impraticável,Molhado,Dois sentidos,Bom tempo,Fora da intersecção,Dentro das localidades,Em pleno dia,Em patamar,Curva,Em plena via,Colisão,QUARTA-FEIRA ,0,2,30,2011-11-16,9,ligeiro,Sim,Nao,Nao,116.8,1,3,30,1057
48617,2011524202,Braga,41.455806,-8.264358999999999,EN101,114.46,1,0,0,2.0,70,Berma pavimentada,Húmido,Sentido único,Chuva,Fora da intersecção,Dentro das localidades,Em pleno dia,Com inclinação,Curva,Em plena via,Despiste,TERÇA-FEIRA  ,0,1,30,2011-04-19,18,ligeiro,Sim,Sim,Nao,116.8,1,3,30,1057
48618,2012579186,Braga,41.455566,-8.229683,EN206,45.5,3,0,0,2.0,90,Berma pavimentada,Seco e limpo,Sentido único,Bom tempo,Fora da intersecção,Dentro das localidades,Em pleno dia,Em patamar,Recta,Em plena via,Colisão,SEXTA-FEIRA  ,1,2,30,2011-11-01,12,ligeiro,Sim,Nao,Sim,116.8,1,3,30,1057
48622,2007295429,Braga,41.567168,-8.484014,EN(d)205-4,15.5,2,0,0,1.0,50,Sem berma ou impraticável,Molhado,Dois sentidos,Chuva,Fora da intersecção,Dentro das localidades,Em pleno dia,Com inclinação,Recta,Em plena via,Colisão,QUARTA-FEIRA ,0,2,30,2007-09-29,12,ligeiro,Sim,Sim,Nao,116.8,1,3,30,1057
48626,2009399771,Braga,41.453506,-8.208651,EN206,47.45,1,0,0,1.0,50,Berma pavimentada,Seco e limpo,Dois sentidos,Bom tempo,Fora da intersecção,Dentro das localidades,Em pleno dia,Em patamar,Curva,Na berma,Despiste,QUARTA-FEIRA ,0,1,30,2009-07-27,17,ligeiro,Sim,Nao,Sim,116.8,1,3,30,1057
48628,2013663310,Braga,41.453645,-8.217775999999999,EN206,46.55,1,0,0,2.0,70,Berma pavimentada,Molhado,Dois sentidos,Chuva,Fora da intersecção,Fora das localidades,"Noite, sem iluminação",Com inclinação,Recta,Na berma,Despiste,SÁBADO       ,0,1,30,2012-11-07,20,ligeiro,Nao,Sim,Nao,116.8,1,3,30,1057
48634,2008318269,Braga,41.450875,-8.215264999999999,EN206,46.9,1,0,0,2.0,70,Berma pavimentada,Húmido,Sentido único,Chuva,Fora da intersecção,Fora das localidades,"Noite, sem iluminação",Com inclinação,Curva,Em plena via,Despiste,QUINTA-FEIRA ,0,1,30,2008-02-20,3,ligeiro,Nao,Sim,Nao,116.8,1,3,30,1057
48642,2007273369,Braga,41.623891,-8.433392,EN101,81.62,0,1,0,1.0,50,Berma pavimentada,Seco e limpo,Dois sentidos,Bom tempo,Fora da intersecção,Fora das localidades,"Noite, com iluminação",Em patamar,Recta,NÃO DEFINIDO,Despiste,SEXTA-FEIRA  ,0,1,52,2007-01-29,22,ligeiro,Nao,Nao,Sim,123.6,1,4,52,2222
48643,2007297910,Braga,41.616479,-8.436571,EN101,82.6,2,0,0,1.0,50,Sem berma ou impraticável,Seco e limpo,Dois sentidos,Bom tempo,Em entroncamento,Dentro das localidades,Em pleno dia,Em patamar,Recta,Em plena via,Colisão,SÁBADO       ,0,2,52,2007-10-02,8,ligeiro,Sim,Nao,Sim,123.6,1,4,52,2222
48644,2007294928,Braga,41.6271,-8.433342999999999,EN101,81.26,0,0,1,1.0,50,Berma não pavimentada,Seco e limpo,Dois sentidos,Bom tempo,NÃO DEFINIDO,Dentro das localidades,Em pleno dia,Em patamar,Recta,Em plena via,Atropelamento,SÁBADO       ,0,1,52,2007-09-09,7,ligeiro,Sim,Nao,Sim,123.6,1,4,52,2222
48645,2008308019,Braga,41.627638,-8.433328,EN101,81.2,1,0,0,1.0,50,Berma pavimentada,Seco e limpo,Dois sentidos,Bom tempo,Em cruzamento,Dentro das localidades,Em pleno dia,Em patamar,Recta,Em plena via,Colisão,SÁBADO       ,0,3,52,2008-01-29,8,ligeiro,Sim,Nao,Sim,123.6,1,4,52,2222
48646,2008325248,Braga,41.616479,-8.436571,EN101,82.6,2,0,0,1.0,90,Berma pavimentada,Seco e limpo,Dois sentidos,Bom tempo,Fora da intersecção,Dentro das localidades,Em pleno dia,Em patamar,Recta,Em plena via,Colisão,SÁBADO       ,0,2,52,2008-04-13,14,ligeiro,Sim,Nao,Sim,123.6,1,4,52,2222
48647,2008325250,Braga,41.615303000000004,-8.451516,EN101,83.9,4,0,0,1.0,90,Berma pavimentada,Seco e limpo,Dois sentidos,Bom tempo,Fora da intersecção,Fora das localidades,Em pleno dia,Em patamar,Curva,Em plena via,Colisão,DOMINGO      ,0,2,52,2008-04-03,6,ligeiro,Sim,Nao,Sim,123.6,1,4,52,2222
48648,2008340865,Braga,41.616792,-8.441102,EN101,82.97,2,0,0,2.0,50,Berma pavimentada,Seco e limpo,Dois sentidos,Bom tempo,Em cruzamento,Dentro das localidades,Em pleno dia,Com inclinação,Recta,Em plena via,Colisão,QUINTA-FEIRA ,0,2,52,2008-09-29,19,ligeiro,Sim,Nao,Sim,123.6,1,4,52,2222
48649,2009358148,Braga,41.626295,-8.433301,EN101,81.35,1,0,0,1.0,90,Berma pavimentada,Molhado,Dois sentidos,Chuva,Fora da intersecção,Fora das localidades,Aurora ou crepúsculo,Em patamar,Curva,Em plena via,Colisão,TERÇA-FEIRA  ,0,2,52,2009-01-20,18,ligeiro,Nao,Sim,Nao,123.6,1,4,52,2222
48650,2008343763,Braga,41.627638,-8.433328,EN101,81.2,1,0,0,1.0,50,Berma pavimentada,Seco e limpo,Dois sentidos,Bom tempo,Fora da intersecção,Dentro das localidades,Em pleno dia,Em patamar,Recta,Em plena via,Colisão,SEGUNDA-FEIRA,0,2,52,2008-10-14,16,ligeiro,Sim,Nao,Sim,123.6,1,4,52,2222
48651,2008337938,Braga,41.621116,-8.433272,EN101,81.93,1,0,0,1.0,50,Berma pavimentada,Seco e limpo,Dois sentidos,Bom tempo,Em entroncamento,Dentro das localidades,Em pleno dia,Em patamar,Recta,Em plena via,Colisão,SEGUNDA-FEIRA,0,2,52,2008-08-29,18,ligeiro,Sim,Nao,Sim,123.6,1,4,52,2222
48652,2008337339,Braga,41.617359,-8.433882,EN101,82.35,2,0,0,1.0,50,Berma pavimentada,Seco e limpo,Dois sentidos,Bom tempo,Em entroncamento,Fora das localidades,Em pleno dia,Em patamar,Recta,Em plena via,Colisão,DOMINGO      ,0,2,52,2008-08-06,15,ligeiro,Sim,Nao,Sim,123.6,1,4,52,2222
48653,2009358755,Braga,41.624248,-8.433442,EN101,81.58,1,0,0,1.0,50,Berma pavimentada,Seco e limpo,Dois sentidos,Bom tempo,Fora da intersecção,Dentro das localidades,Em pleno dia,Em patamar,Recta,Em plena via,Colisão,SÁBADO       ,0,2,52,2009-02-15,13,ligeiro,Sim,Nao,Sim,123.6,1,4,52,2222
48654,2009357632,Braga,41.552069,-8.4316,EN14,38.85,1,0,0,1.0,50,Berma não pavimentada,Seco e limpo,Sentido único,Bom tempo,Fora da intersecção,Dentro das localidades,"Noite, com iluminação",Em patamar,Recta,Em plena via,Atropelamento,TERÇA-FEIRA  ,0,1,52,2009-01-14,18,ligeiro,Nao,Nao,Sim,123.6,1,4,52,2222
48655,2009399773,Braga,41.498274,-8.569028999999999,EN204,25.4,2,0,0,1.0,50,Berma pavimentada,Seco e limpo,Dois sentidos,Bom tempo,Fora da intersecção,Dentro das localidades,Em pleno dia,Com inclinação,Recta,Em plena via,Despiste,SEGUNDA-FEIRA,0,1,52,2009-07-25,10,ligeiro,Sim,Nao,Sim,123.6,1,4,52,2222
48656,2009373286,Braga,41.618644,-8.433264999999999,EN101,82.2,1,0,0,1.0,50,Berma não pavimentada,Molhado,Dois sentidos,Chuva,Fora da intersecção,Dentro das localidades,Em pleno dia,Em patamar,Recta,Em plena via,Colisão,SEGUNDA-FEIRA,0,3,52,2009-04-14,15,ligeiro,Sim,Sim,Nao,123.6,1,4,52,2222
48657,2009383562,Braga,41.617359,-8.433882,EN101,82.35,2,0,0,1.0,50,Berma pavimentada,Seco e limpo,Dois sentidos,Bom tempo,Em entroncamento,Fora das localidades,Em pleno dia,Em patamar,Recta,Em plena via,Colisão,TERÇA-FEIRA  ,0,2,52,2009-05-13,15,ligeiro,Sim,Nao,Sim,123.6,1,4,52,2222
48658,2009383223,Braga,41.626653000000005,-8.433319000000001,EN101,81.31,1,0,0,1.0,50,Berma não pavimentada,Seco e limpo,Dois sentidos,Bom tempo,Fora da intersecção,Dentro das localidades,Em pleno dia,Em patamar,Recta,Em plena via,Colisão,SEGUNDA-FEIRA,0,2,52,2009-05-18,12,ligeiro,Sim,Nao,Sim,123.6,1,4,52,2222
48659,2009409713,Braga,41.624069,-8.433418,EN101,81.6,1,0,0,1.0,50,Sem berma ou impraticável,Seco e limpo,Dois sentidos,Bom tempo,Em via de desaceleração,Fora das localidades,Em pleno dia,Em patamar,Recta,Em plena via,Colisão,SEGUNDA-FEIRA,0,2,52,2009-08-17,21,ligeiro,Sim,Nao,Sim,123.6,1,4,52,2222
48660,2010456234,Braga,41.62745,-8.433339,EN101,81.22,1,0,0,1.0,50,Sem berma ou impraticável,Húmido,Dois sentidos,Chuva,Fora da intersecção,Dentro das localidades,Em pleno dia,Com inclinação,Recta,Em plena via,Atropelamento,SEGUNDA-FEIRA,1,1,52,2010-04-02,16,ligeiro,Sim,Sim,Nao,123.6,1,4,52,2222
48661,2010445893,Braga,41.627638,-8.433328,EN101,81.2,1,0,0,1.0,50,Berma não pavimentada,Seco e limpo,Dois sentidos,Bom tempo,Em entroncamento,Dentro das localidades,Em pleno dia,Em patamar,Recta,Em plena via,Colisão,SÁBADO       ,0,2,52,2010-02-14,17,ligeiro,Sim,Nao,Sim,123.6,1,4,52,2222
48662,2010464665,Braga,41.62719,-8.433344,EN101,81.25,1,0,0,1.0,50,Berma pavimentada,Seco e limpo,Dois sentidos,Bom tempo,Fora da intersecção,Dentro das localidades,Em pleno dia,Em patamar,Recta,Em plena via,Colisão,SÁBADO       ,0,3,52,2010-05-21,8,ligeiro,Sim,Nao,Sim,123.6,1,4,52,2222
48663,2010464680,Braga,41.616479,-8.436571,EN101,82.6,1,0,0,2.0,50,Berma não pavimentada,Seco e limpo,Dois sentidos,Bom tempo,Em passagem de nível,Dentro das localidades,Em pleno dia,Em patamar,Recta,Em plena via,Atropelamento,SEGUNDA-FEIRA,0,1,52,2010-05-17,18,ligeiro,Sim,Nao,Sim,123.6,1,4,52,2222
48664,2010486634,Braga,41.616478,-8.435957,EN101,82.55,1,0,0,1.0,50,Berma não pavimentada,Seco e limpo,Dois sentidos,Bom tempo,Fora da intersecção,Dentro das localidades,"Noite, sem iluminação",Em patamar,Recta,Em plena via,Colisão,DOMINGO      ,0,2,52,2010-08-04,3,ligeiro,Nao,Nao,Sim,123.6,1,4,52,2222
48665,2010469710,Braga,41.620857,-8.433264999999999,EN101,81.96,1,0,0,1.0,80,Berma pavimentada,Seco e limpo,Dois sentidos,Bom tempo,Em entroncamento,Dentro das localidades,Em pleno dia,Em patamar,Recta,Em plena via,Colisão,QUARTA-FEIRA ,0,2,52,2010-06-16,16,ligeiro,Sim,Nao,Sim,123.6,1,4,52,2222
48666,2011500349,Braga,41.623176,-8.43334,EN101,81.7,1,0,0,1.0,50,Berma pavimentada,Seco e limpo,Dois sentidos,Bom tempo,Fora da intersecção,Dentro das localidades,"Noite, sem iluminação",Em patamar,Recta,Em plena via,Colisão,QUINTA-FEIRA ,0,2,52,2010-10-15,23,ligeiro,Nao,Nao,Sim,123.6,1,4,52,2222
48667,2011555537,Braga,41.614604,-8.452263,EN101,84.0,2,0,0,1.0,50,Berma pavimentada,Seco e limpo,Sentido único,Bom tempo,Fora da intersecção,Dentro das localidades,Em pleno dia,Em patamar,Recta,Em plena via,Colisão,DOMINGO      ,0,3,52,2011-07-23,17,ligeiro,Sim,Nao,Sim,123.6,1,4,52,2222
48668,2011555068,Braga,41.617237,-8.434012,EN101,82.37,3,0,0,1.0,50,Sem berma ou impraticável,Seco e limpo,Sentido único,Bom tempo,Em entroncamento,Dentro das localidades,Em pleno dia,Em patamar,Curva,Em plena via,Colisão,QUINTA-FEIRA ,0,2,52,2011-07-15,7,ligeiro,Sim,Nao,Sim,123.6,1,4,52,2222
48669,2011563836,Braga,41.626742,-8.433324,EN101,81.3,1,0,0,1.0,50,Berma não pavimentada,Seco e limpo,Reversível,Bom tempo,Fora da intersecção,Dentro das localidades,Em pleno dia,Em patamar,Recta,Em plena via,Atropelamento,DOMINGO      ,0,1,52,2011-08-09,14,ligeiro,Sim,Nao,Sim,123.6,1,4,52,2222
48670,2011571946,Braga,41.625937,-8.433313,EN101,81.39,0,1,0,1.0,50,Sem berma ou impraticável,Seco e limpo,Dois sentidos,Bom tempo,Em entroncamento,Dentro das localidades,Em pleno dia,Em patamar,Recta,Em plena via,Colisão,QUARTA-FEIRA ,0,2,52,2011-10-13,15,ligeiro,Sim,Nao,Sim,123.6,1,4,52,2222
48671,2012597605,Braga,41.621833,-8.433296,EN101,81.85,1,0,0,1.0,50,Sem berma ou impraticável,Seco e limpo,Dois sentidos,Bom tempo,Fora da intersecção,Dentro das localidades,"Noite, sem iluminação",Em patamar,Recta,Em plena via,Colisão,DOMINGO      ,0,2,52,2012-01-10,18,ligeiro,Nao,Nao,Sim,123.6,1,4,52,2222
48672,2012600547,Braga,41.621833,-8.433296,EN101,81.85,2,0,0,2.0,50,Berma pavimentada,Seco e limpo,Dois sentidos,Bom tempo,Fora da intersecção,Dentro das localidades,Em pleno dia,Em patamar,Recta,Em plena via,Colisão,SEXTA-FEIRA  ,0,3,52,2012-02-12,15,ligeiro,Sim,Nao,Sim,123.6,1,4,52,2222
48673,2007281937,Braga,41.617016,-8.434289999999999,EN101,82.4,5,0,0,1.0,50,Berma pavimentada,Seco e limpo,Dois sentidos,Bom tempo,Em entroncamento,Fora das localidades,"Noite, com iluminação",Em patamar,Curva,Em plena via,Despiste,SÁBADO       ,0,1,52,2007-05-12,5,ligeiro,Nao,Nao,Sim,123.6,1,4,52,2222
48674,2008324036,Braga,41.618644,-8.433264999999999,EN101,82.2,2,0,0,1.0,50,Berma pavimentada,Seco e limpo,Dois sentidos,Bom tempo,Fora da intersecção,Dentro das localidades,Em pleno dia,Em patamar,Recta,Em plena via,Colisão,TERÇA-FEIRA  ,0,3,52,2008-04-27,16,ligeiro,Sim,Nao,Sim,123.6,1,4,52,2222
48675,2011523819,Braga,41.617287,-8.433958,EN101,82.36,5,0,0,1.0,50,Berma pavimentada,Molhado,Dois sentidos,Chuva,Em entroncamento,Fora das localidades,Em pleno dia,Em patamar,Curva,Em plena via,Colisão,SÁBADO       ,0,2,52,2011-02-13,14,ligeiro,Sim,Sim,Nao,123.6,1,4,52,2222
48676,2012645059,Braga,41.616817,-8.441469,EN101,83.0,1,0,0,2.0,50,Berma não pavimentada,Seco e limpo,Dois sentidos,Bom tempo,Fora da intersecção,Dentro das localidades,"Noite, com iluminação",Em patamar,Recta,Em plena via,Colisão,SEXTA-FEIRA  ,0,2,52,2012-09-04,21,ligeiro,Nao,Nao,Sim,123.6,1,4,52,2222
48677,2012636978,Braga,41.617082,-8.445037,EN101,83.3,1,0,0,1.0,90,Berma pavimentada,Seco e limpo,Dois sentidos,Bom tempo,Fora da intersecção,Fora das localidades,Em pleno dia,Em patamar,Recta,Em plena via,Colisão,SEXTA-FEIRA  ,0,2,52,2012-08-07,10,ligeiro,Sim,Nao,Sim,123.6,1,4,52,2222
48678,2010456366,Braga,41.624963,-8.433492,EN101,81.5,2,0,0,1.0,50,Berma pavimentada,Seco e limpo,Dois sentidos,Bom tempo,Fora da intersecção,Dentro das localidades,Em pleno dia,Em patamar,Recta,Em plena via,Colisão,SÁBADO       ,0,2,52,2010-04-06,8,ligeiro,Sim,Nao,Sim,123.6,1,4,52,2222
48679,2009416791,Braga,41.620937,-8.433266999999999,EN101,81.95,1,0,0,1.0,50,Berma pavimentada,Seco e limpo,Dois sentidos,Bom tempo,Em entroncamento,Dentro das localidades,Em pleno dia,Em patamar,Recta,Em plena via,Colisão,SÁBADO       ,0,2,52,2009-09-24,8,ligeiro,Sim,Nao,Sim,123.6,1,4,52,2222