,COD_ACIDENTE,DISTRITO,LATITUDE,LONGITUDE,VIA,KM,QT_FLIGEIROS,QT_FGRAVES,QT_MORTOS,QT_VIAS_SENTIDO,VEL_LIM_LOCAL,BERMA_VIA,CONDICAO_ADERENCIA,FAIXA_RODAGEM,FATOR_ATMOSFERICO,INTERSECAO_VIA,LOCALIZACAO,LUMINOSIDADE,PERFIL_VIA,PLANTA_VIA,SITUACAO_ACIDENTE,TIPO_NATUREZA,DIA_SEMANA,FLAG_FERIADO,QT_VEICULOS,COD_FREGUESIA,DATA,HORA,GRAVIDADE,ERA_DIA,MAU_TEMPO,ESTRADA_SECA,DENSIDADE_TOTAL,COD_DISTRITO_INE,COD_CONCELHO_INE,COD_FREGUESIA_INE,TOTAL
48680,2013669766,Braga,41.617011,-8.443846,EN101,83.2,2,0,0,1.0,50,Berma pavimentada,Seco e limpo,Sentido único,Bom tempo,Fora da intersecção,Dentro das localidades,Em pleno dia,Em patamar,Recta,Em plena via,Colisão,QUINTA-FEIRA ,0,3,52,2012-12-20,16,ligeiro,Sim,Nao,Sim,123.6,1,4,52,2222
48681,2007274153,Braga,41.616645,-8.439021,EN101,82.8,2,0,0,1.0,90,Berma pavimentada,Seco e limpo,Dois sentidos,Bom tempo,Fora da intersecção,Fora das localidades,Em pleno dia,Em patamar,Recta,Em plena via,Colisão,QUARTA-FEIRA ,0,4,52,2007-02-14,15,ligeiro,Sim,Nao,Sim,123.6,1,4,52,2222
48682,2010464681,Braga,41.617287,-8.433958,EN101,82.36,3,0,0,2.0,50,Sem berma ou impraticável,Seco e limpo,Dois sentidos,Bom tempo,Em cruzamento,Dentro das localidades,Em pleno dia,Em patamar,Recta,Em plena via,Colisão,DOMINGO      ,0,3,52,2010-05-22,11,ligeiro,Sim,Nao,Sim,123.6,1,4,52,2222
48683,2009383221,Braga,41.617359,-8.433882,EN101,82.35,1,0,0,1.0,50,Berma pavimentada,Seco e limpo,Dois sentidos,Bom tempo,Em entroncamento,Dentro das localidades,Em pleno dia,Em patamar,Recta,Em plena via,Colisão,QUARTA-FEIRA ,0,2,52,2009-05-31,16,ligeiro,Sim,Nao,Sim,123.6,1,4,52,2222
48684,2007278438,Braga,41.627638,-8.433328,EN101,81.2,1,1,0,1.0,50,Berma pavimentada,Seco e limpo,Dois sentidos,Bom tempo,Em cruzamento,Dentro das localidades,"Noite, com iluminação",Em patamar,Recta,Em plena via,Colisão,SÁBADO       ,0,2,52,2007-03-16,22,ligeiro,Nao,Nao,Sim,123.6,1,4,52,2222
48685,2010491497,Braga,41.616817,-8.441469,EN101,83.0,1,0,0,1.0,50,Berma pavimentada,Seco e limpo,Dois sentidos,Bom tempo,Fora da intersecção,Dentro das localidades,Em pleno dia,Em patamar,Recta,Em plena via,Colisão,DOMINGO      ,0,2,52,2010-09-13,17,ligeiro,Sim,Nao,Sim,123.6,1,4,52,2222
48686,2009373788,Braga,41.624694,-8.433496,EN101,81.53,1,0,0,1.0,50,Berma não pavimentada,Seco e limpo,Dois sentidos,Bom tempo,Em entroncamento,Dentro das localidades,Em pleno dia,Em patamar,Recta,Em plena via,Colisão,TERÇA-FEIRA  ,0,2,52,2009-04-15,17,ligeiro,Sim,Nao,Sim,123.6,1,4,52,2222
48687,2010433067,Braga,41.627371000000004,-8.433344,EN101,81.23,1,0,0,1.0,50,Berma pavimentada,Molhado,Dois sentidos,Chuva,Em cruzamento,Dentro das localidades,"Noite, com iluminação",Em patamar,Recta,Em plena via,Colisão,QUARTA-FEIRA ,0,2,52,2009-12-22,19,ligeiro,Nao,Sim,Nao,123.6,1,4,52,2222
48688,2011529634,Braga,41.624963,-8.433492,EN101,81.5,1,0,0,1.0,50,Berma pavimentada,Seco e limpo,Dois sentidos,Bom tempo,Fora da intersecção,Dentro das localidades,Em pleno dia,Em patamar,Recta,Em plena via,Colisão,SEGUNDA-FEIRA,0,2,52,2011-04-12,19,ligeiro,Sim,Nao,Sim,123.6,1,4,52,2222
48689,2011529584,Braga,41.617287,-8.433958,EN101,82.36,2,0,0,1.0,50,Berma pavimentada,Seco e limpo,Sentido único,Bom tempo,Em entroncamento,Fora das localidades,Em pleno dia,Em patamar,Curva,Em plena via,Colisão,DOMINGO      ,0,2,52,2011-04-17,20,ligeiro,Sim,Nao,Sim,123.6,1,4,52,2222
48690,2007282202,Braga,41.627010999999996,-8.433338000000001,EN101,81.27,1,0,0,1.0,50,Berma pavimentada,Seco e limpo,Dois sentidos,Bom tempo,Fora da intersecção,Dentro das localidades,"Noite, com iluminação",Em patamar,NÃO DEFINIDO,Em plena via,Atropelamento,SEXTA-FEIRA  ,0,1,52,2007-05-06,23,ligeiro,Nao,Nao,Sim,123.6,1,4,52,2222
48691,2007282904,Braga,41.620489,-8.433256,EN101,82.0,1,0,0,1.0,50,Berma pavimentada,Seco e limpo,Dois sentidos,Bom tempo,Fora da intersecção,Dentro das localidades,Em pleno dia,Com inclinação,Recta,Em plena via,Colisão,QUINTA-FEIRA ,0,2,52,2007-05-22,10,ligeiro,Sim,Nao,Sim,123.6,1,4,52,2222
48692,2007289773,Braga,41.627638,-8.433328,EN101,81.2,1,0,0,2.0,50,Berma não pavimentada,Húmido,Dois sentidos,Chuva,Fora da intersecção,Dentro das localidades,Em pleno dia,Com inclinação,Recta,Em plena via,Colisão,TERÇA-FEIRA  ,0,4,52,2007-07-16,10,ligeiro,Sim,Sim,Nao,123.6,1,4,52,2222
48693,2008322815,Braga,41.617082,-8.445037,EN101,83.3,4,1,0,1.0,90,Berma pavimentada,Molhado,Dois sentidos,Chuva,Fora da intersecção,Fora das localidades,Em pleno dia,Em patamar,Recta,Em plena via,Colisão,SEXTA-FEIRA  ,0,4,52,2008-04-12,11,ligeiro,Sim,Sim,Nao,123.6,1,4,52,2222
48694,2007285302,Braga,41.627235,-8.433344,EN101,81.25,1,0,0,1.0,50,Berma pavimentada,Seco e limpo,Dois sentidos,Bom tempo,Fora da intersecção,Dentro das localidades,Em pleno dia,Em patamar,Recta,Em plena via,Colisão,TERÇA-FEIRA  ,0,3,52,2007-06-01,11,ligeiro,Sim,Nao,Sim,123.6,1,4,52,2222
48695,2008338272,Braga,41.616645,-8.439021,EN101,82.8,1,0,0,1.0,60,Berma pavimentada,Seco e limpo,Sentido único,Bom tempo,Fora da intersecção,Fora das localidades,"Noite, com iluminação",Com inclinação,Curva,Na berma,Despiste,QUARTA-FEIRA ,0,1,52,2008-08-03,1,ligeiro,Nao,Nao,Sim,123.6,1,4,52,2222
48696,2009389526,Braga,41.622729,-8.433324,EN101,81.75,1,0,0,1.0,50,Berma pavimentada,Seco e limpo,Dois sentidos,Bom tempo,Em cruzamento,Dentro das localidades,Em pleno dia,Em patamar,Recta,Em plena via,Colisão,QUINTA-FEIRA ,0,2,52,2009-06-01,17,ligeiro,Sim,Nao,Sim,123.6,1,4,52,2222
48697,2012608639,Braga,41.614604,-8.452263,EN101,84.0,1,0,0,1.0,50,Berma não pavimentada,Seco e limpo,Dois sentidos,Bom tempo,Fora da intersecção,Dentro das localidades,Em pleno dia,Em patamar,Recta,Em plena via,Colisão,SEGUNDA-FEIRA,0,2,52,2012-03-14,12,ligeiro,Sim,Nao,Sim,123.6,1,4,52,2222
48698,2012628136,Braga,41.617144,-8.434114,EN101,82.38,3,0,0,1.0,50,Berma pavimentada,Molhado,Sentido único,Chuva,Em entroncamento,Dentro das localidades,Em pleno dia,Em patamar,Curva,Em plena via,Colisão,SÁBADO       ,0,2,52,2012-06-06,8,ligeiro,Sim,Sim,Nao,123.6,1,4,52,2222
48699,2013664956,Braga,41.624069,-8.433418,EN101,81.6,1,0,0,1.0,50,Berma pavimentada,Molhado,Reversível,Chuva,Fora da intersecção,Dentro das localidades,"Noite, com iluminação",Em patamar,Recta,Em plena via,Colisão,SÁBADO       ,0,2,52,2012-11-29,19,ligeiro,Nao,Sim,Nao,123.6,1,4,52,2222
48700,2009357623,Braga,41.616909,-8.442658999999999,EN101,83.1,1,0,0,1.0,90,Berma pavimentada,"Com gelo, geada ou neve",Dois sentidos,Granizo,Fora da intersecção,Fora das localidades,"Noite, sem iluminação",Em patamar,Recta,Em plena via,Colisão,TERÇA-FEIRA  ,0,2,52,2009-01-25,22,ligeiro,Nao,Sim,Nao,123.6,1,4,52,2222
48701,2011568455,Braga,41.497378999999995,-8.56879,EN204,25.5,4,0,0,1.0,30,Sem berma ou impraticável,Seco e limpo,Dois sentidos,Bom tempo,Em entroncamento,Dentro das localidades,Em pleno dia,Com inclinação,Recta,Em plena via,Colisão,QUINTA-FEIRA ,0,2,52,2011-09-04,15,ligeiro,Sim,Nao,Sim,123.6,1,4,52,2222
48702,2010457445,Braga,41.617287,-8.433958,EN101,82.36,3,0,0,1.0,50,Sem berma ou impraticável,Seco e limpo,Dois sentidos,Bom tempo,Fora da intersecção,Dentro das localidades,Em pleno dia,Em patamar,Curva,Em plena via,Colisão,QUINTA-FEIRA ,0,2,52,2010-04-21,12,ligeiro,Sim,Nao,Sim,123.6,1,4,52,2222
48703,2009409875,Braga,41.624069,-8.433418,EN101,81.6,1,0,0,1.0,50,Sem berma ou impraticável,Seco e limpo,Dois sentidos,Bom tempo,Em cruzamento,Dentro das localidades,Em pleno dia,Em patamar,Curva,Em plena via,Colisão,QUARTA-FEIRA ,0,2,52,2009-08-13,16,ligeiro,Sim,Nao,Sim,123.6,1,4,52,2222
48704,2010446037,Braga,41.616478,-8.435957,EN101,82.55,2,0,0,1.0,70,Berma pavimentada,Seco e limpo,Dois sentidos,Bom tempo,Fora da intersecção,Fora das localidades,Em pleno dia,Em patamar,Curva,Em plena via,Colisão,SEXTA-FEIRA  ,0,3,52,2010-02-08,14,ligeiro,Sim,Nao,Sim,123.6,1,4,52,2222
48705,2009383147,Braga,41.616991999999996,-8.447652,EN101,83.52,2,0,0,2.0,50,Sem berma ou impraticável,Seco e limpo,Dois sentidos,Bom tempo,Fora da intersecção,Dentro das localidades,Em pleno dia,Em patamar,Recta,Em plena via,Colisão,SÁBADO       ,0,2,52,2009-05-11,18,ligeiro,Sim,Nao,Sim,123.6,1,4,52,2222
48706,2010477752,Braga,41.616817,-8.441469,EN101,83.0,1,0,0,2.0,50,Berma pavimentada,Seco e limpo,Sentido único,Bom tempo,Fora da intersecção,Dentro das localidades,"Noite, sem iluminação",Em patamar,Curva,Em plena via,Despiste,TERÇA-FEIRA  ,0,1,52,2010-07-03,22,ligeiro,Nao,Nao,Sim,123.6,1,4,52,2222
48707,2012589902,Braga,41.616817,-8.441469,EN101,83.0,1,0,0,1.0,90,Berma pavimentada,Seco e limpo,Dois sentidos,Bom tempo,Fora da intersecção,Fora das localidades,Em pleno dia,Em patamar,Recta,Em plena via,Colisão,DOMINGO      ,0,2,52,2011-12-07,9,ligeiro,Sim,Nao,Sim,123.6,1,4,52,2222
48708,2011574161,Braga,41.4972,-8.568739,EN204,25.52,0,1,0,1.0,50,Berma pavimentada,Seco e limpo,Dois sentidos,Bom tempo,Fora da intersecção,Dentro das localidades,"Noite, com iluminação",Com inclinação,Recta,Em plena via,Colisão,SÁBADO       ,0,2,52,2011-10-21,22,ligeiro,Nao,Nao,Sim,123.6,1,4,52,2222
48709,2009367486,Braga,41.617359,-8.433882,EN101,82.35,1,0,0,1.0,50,Berma pavimentada,Seco e limpo,Dois sentidos,Bom tempo,Em entroncamento,Dentro das localidades,Em pleno dia,Em patamar,Recta,Em plena via,Colisão,SEXTA-FEIRA  ,0,2,52,2009-03-14,9,ligeiro,Sim,Nao,Sim,123.6,1,4,52,2222
48710,2010469678,Braga,41.493796,-8.567832000000001,EN204,25.9,1,0,0,1.0,50,Berma não pavimentada,Seco e limpo,Dois sentidos,Bom tempo,Fora da intersecção,Dentro das localidades,Em pleno dia,Com inclinação,Curva,Na berma,Despiste,SEGUNDA-FEIRA,0,1,52,2010-06-20,14,ligeiro,Sim,Nao,Sim,123.6,1,4,52,2222
48711,2010441980,Braga,41.627503999999995,-8.433336,EN101,81.22,1,0,0,1.0,50,Berma não pavimentada,Seco e limpo,Dois sentidos,Bom tempo,Fora da intersecção,Dentro das localidades,Em pleno dia,Em patamar,Recta,Em plena via,Atropelamento,TERÇA-FEIRA  ,0,2,52,2010-01-08,8,ligeiro,Sim,Nao,Sim,123.6,1,4,52,2222
48712,2009409878,Braga,41.624516,-8.433474,EN101,81.55,2,0,0,1.0,50,Berma pavimentada,Seco e limpo,Dois sentidos,Bom tempo,Em via de desaceleração,Dentro das localidades,Em pleno dia,Em patamar,Recta,Em plena via,Colisão,QUINTA-FEIRA ,0,2,52,2009-08-03,20,ligeiro,Sim,Nao,Sim,123.6,1,4,52,2222
48713,2007273379,Braga,41.386513,-8.34347,EN105,37.7,1,0,0,1.0,80,Berma não pavimentada,Seco e limpo,Dois sentidos,Bom tempo,Em entroncamento,Dentro das localidades,Em pleno dia,Em patamar,Curva,Em plena via,Colisão,SÁBADO       ,0,2,31,2007-01-30,12,ligeiro,Sim,Nao,Sim,96.7,1,3,31,624
48719,2007286515,Braga,41.386913,-8.34243,EN105,37.8,0,1,0,1.0,50,Sem berma ou impraticável,Seco e limpo,Dois sentidos,Bom tempo,Fora da intersecção,Dentro das localidades,Em pleno dia,Com inclinação,Recta,Em plena via,Atropelamento,SÁBADO       ,0,1,31,2007-06-21,8,ligeiro,Sim,Nao,Sim,96.7,1,3,31,624
48724,2008306172,Braga,41.378440999999995,-8.352229,EN105,36.5,1,0,0,1.0,50,Berma pavimentada,Seco e limpo,Dois sentidos,Bom tempo,Em entroncamento,Dentro das localidades,Em pleno dia,Em patamar,Recta,Em plena via,Colisão,QUINTA-FEIRA ,0,2,31,2007-12-24,10,ligeiro,Sim,Nao,Sim,96.7,1,3,31,624
48736,2008329080,Braga,41.593920000000004,-8.461542,EN(d)201,59.48,1,0,0,1.0,50,Berma pavimentada,Seco e limpo,Dois sentidos,Bom tempo,Fora da intersecção,Dentro das localidades,"Noite, com iluminação",Em patamar,Recta,Em plena via,Colisão,SÁBADO       ,0,2,31,2008-05-17,2,ligeiro,Nao,Nao,Sim,96.7,1,3,31,624
48739,2009361539,Braga,41.385856,-8.344265,EN105,37.6,2,3,1,1.0,50,Berma pavimentada,Molhado,Dois sentidos,Chuva,Fora da intersecção,Fora das localidades,"Noite, com iluminação",Em patamar,Recta,Em plena via,Colisão,QUARTA-FEIRA ,0,2,31,2009-02-01,4,grave,Nao,Sim,Nao,96.7,1,3,31,624
48741,2008343626,Braga,41.590663,-8.438164,EN101,87.3,1,0,0,1.0,50,Berma pavimentada,Seco e limpo,Dois sentidos,Bom tempo,Fora da intersecção,Dentro das localidades,Em pleno dia,Em patamar,Recta,Em plena via,Colisão,QUINTA-FEIRA ,0,2,31,2008-10-11,14,ligeiro,Sim,Nao,Sim,96.7,1,3,31,624
48742,2009372014,Braga,41.374103999999996,-8.357992,EN105,35.8,0,1,0,2.0,50,Berma pavimentada,Seco e limpo,Dois sentidos,Bom tempo,Em cruzamento,Dentro das localidades,Em pleno dia,Em patamar,Recta,Em plena via,Colisão,TERÇA-FEIRA  ,0,2,31,2009-03-17,15,ligeiro,Sim,Nao,Sim,96.7,1,3,31,624
48752,2010426382,Braga,41.584559999999996,-8.435933,EN101,88.0,1,0,0,2.0,90,Sem berma ou impraticável,Seco e limpo,Reversível,Chuva,Fora da intersecção,Dentro das localidades,Em pleno dia,Com inclinação,Curva,Em plena via,Despiste,DOMINGO      ,0,1,31,2010-01-12,7,ligeiro,Sim,Sim,Sim,96.7,1,3,31,624
48753,2010426385,Braga,41.584559999999996,-8.435933,EN101,88.0,1,0,0,2.0,90,Sem berma ou impraticável,Seco e limpo,Reversível,Chuva,Fora da intersecção,Fora das localidades,Em pleno dia,Com inclinação,Curva,Em plena via,Colisão,DOMINGO      ,0,2,31,2010-01-12,7,ligeiro,Sim,Sim,Sim,96.7,1,3,31,624
48755,2010452594,Braga,41.387322999999995,-8.340129,EN105,38.0,1,0,0,2.0,50,Sem berma ou impraticável,Seco e limpo,Dois sentidos,Bom tempo,Em entroncamento,Dentro das localidades,Em pleno dia,Em patamar,Curva,Em plena via,Colisão,TERÇA-FEIRA  ,0,2,31,2010-03-22,11,ligeiro,Sim,Nao,Sim,96.7,1,3,31,624
48758,2010456978,Braga,41.590663,-8.438164,EN101,87.3,2,0,0,3.0,90,Berma pavimentada,Molhado,Sentido único,Chuva,Fora da intersecção,Dentro das localidades,"Noite, com iluminação",Em patamar,Recta,Em plena via,Colisão,SEXTA-FEIRA  ,0,2,31,2010-04-16,20,ligeiro,Nao,Sim,Nao,96.7,1,3,31,624
48762,2010464650,Braga,41.384278,-8.345332,EN105,37.4,1,0,0,1.0,50,Sem berma ou impraticável,Húmido,Dois sentidos,Chuva,Fora da intersecção,Dentro das localidades,Em pleno dia,Em patamar,Recta,Em plena via,Despiste,SEXTA-FEIRA  ,0,1,31,2010-05-26,7,ligeiro,Sim,Sim,Nao,96.7,1,3,31,624
48764,2010469670,Braga,41.384648999999996,-8.345017,EN105,37.45,1,0,0,1.0,50,Berma não pavimentada,Seco e limpo,Sentido único,Bom tempo,Fora da intersecção,Dentro das localidades,"Noite, com iluminação",Em patamar,Curva,Na berma,Despiste,SEXTA-FEIRA  ,0,1,31,2010-06-18,21,ligeiro,Nao,Nao,Sim,96.7,1,3,31,624
48766,2010496315,Braga,41.386768,-8.342988,EN105,37.75,1,0,0,1.0,50,Berma pavimentada,Seco e limpo,Dois sentidos,Bom tempo,Fora da intersecção,Dentro das localidades,"Noite, com iluminação",Com inclinação,Curva,Na berma,Despiste,SEGUNDA-FEIRA,0,1,31,2010-10-01,23,ligeiro,Nao,Nao,Sim,96.7,1,3,31,624
48767,2010496318,Braga,41.384078,-8.345723,EN105,37.36,2,0,0,1.0,50,Berma não pavimentada,Molhado,Dois sentidos,Chuva,Fora da intersecção,Dentro das localidades,Em pleno dia,Em patamar,Recta,Em plena via,Colisão,QUARTA-FEIRA ,0,2,31,2010-10-08,10,ligeiro,Sim,Sim,Nao,96.7,1,3,31,624
48769,2011506756,Braga,41.379632,-8.351376,EN105,36.65,1,0,0,1.0,50,Sem berma ou impraticável,Húmido,Dois sentidos,Chuva,Fora da intersecção,Dentro das localidades,Em pleno dia,Com inclinação,Recta,Em plena via,Colisão,DOMINGO      ,0,3,31,2010-11-20,15,ligeiro,Sim,Sim,Nao,96.7,1,3,31,624
48771,2011523771,Braga,41.375355,-8.356295,EN105,36.0,1,0,0,1.0,50,Berma pavimentada,Seco e limpo,Dois sentidos,Bom tempo,Fora da intersecção,Dentro das localidades,Em pleno dia,Com inclinação,Recta,Em plena via,Atropelamento,QUARTA-FEIRA ,0,1,31,2011-02-05,10,ligeiro,Sim,Nao,Sim,96.7,1,3,31,624
48783,2012597511,Braga,41.583693,-8.435619,EN101,88.1,2,0,0,2.0,90,Berma pavimentada,Seco e limpo,Sentido único,Bom tempo,Fora da intersecção,Fora das localidades,"Noite, sem iluminação",Em Lomba,Recta,Em plena via,Despiste,QUINTA-FEIRA ,0,1,31,2012-01-08,20,ligeiro,Nao,Nao,Sim,96.7,1,3,31,624
48786,2012614143,Braga,41.375355,-8.356295,EN105,36.0,1,0,0,1.0,50,Sem berma ou impraticável,Seco e limpo,Dois sentidos,Bom tempo,Em entroncamento,Dentro das localidades,"Noite, com iluminação",Em patamar,Recta,Em plena via,Colisão,QUINTA-FEIRA ,0,2,31,2012-04-03,23,ligeiro,Nao,Nao,Sim,96.7,1,3,31,624
48787,2012618131,Braga,41.593159,-8.460868,EN(d)201,59.58,1,0,0,1.0,50,Berma pavimentada,Seco e limpo,Dois sentidos,Bom tempo,Em entroncamento,Fora das localidades,Em pleno dia,Em patamar,Recta,Em plena via,Colisão,SEXTA-FEIRA  ,0,2,31,2012-05-24,12,ligeiro,Sim,Nao,Sim,96.7,1,3,31,624
48794,2013671585,Braga,41.375355,-8.356295,EN105,36.0,1,0,0,1.0,50,Berma não pavimentada,Seco e limpo,Dois sentidos,Bom tempo,Em entroncamento,Dentro das localidades,Em pleno dia,Em patamar,Curva,Em plena via,Colisão,SEXTA-FEIRA  ,0,2,31,2012-12-10,8,ligeiro,Sim,Nao,Sim,96.7,1,3,31,624
48798,2008328355,Braga,41.59432,-8.440302,EN101,86.85,1,0,0,1.0,50,Berma pavimentada,Seco e limpo,Dois sentidos,Bom tempo,Em entroncamento,Dentro das localidades,"Noite, com iluminação",Com inclinação,Recta,Em plena via,Colisão,DOMINGO      ,1,2,31,2008-05-01,22,ligeiro,Nao,Nao,Sim,96.7,1,3,31,624
48800,2008331506,Braga,41.590663,-8.438164,EN101,87.3,3,0,0,2.0,90,Berma pavimentada,Seco e limpo,Sentido único,Bom tempo,Fora da intersecção,Fora das localidades,Em pleno dia,Em patamar,Recta,Em plena via,Despiste,QUARTA-FEIRA ,0,1,31,2008-06-01,17,ligeiro,Sim,Nao,Sim,96.7,1,3,31,624
48801,2007271104,Braga,41.601882,-8.448428,EN101,85.75,3,0,0,1.0,50,Sem berma ou impraticável,Húmido,Dois sentidos,Bom tempo,Em entroncamento,Dentro das localidades,"Noite, com iluminação",Em patamar,Recta,Em plena via,Colisão,SEXTA-FEIRA  ,1,3,31,2007-01-01,1,ligeiro,Nao,Nao,Nao,96.7,1,3,31,624
48806,2010452596,Braga,41.378440999999995,-8.352229,EN105,36.5,1,0,0,1.0,50,Berma pavimentada,Seco e limpo,Dois sentidos,Bom tempo,Fora da intersecção,Dentro das localidades,Em pleno dia,Em patamar,Recta,Em plena via,Atropelamento,SEXTA-FEIRA  ,0,1,31,2010-03-24,18,ligeiro,Sim,Nao,Sim,96.7,1,3,31,624
48810,2012608625,Braga,41.601521000000005,-8.448038,EN101,85.8,1,0,0,1.0,50,Berma pavimentada,Seco e limpo,Dois sentidos,Bom tempo,Em entroncamento,Dentro das localidades,Em pleno dia,Em patamar,Recta,Em plena via,Despiste,QUARTA-FEIRA ,0,1,31,2012-03-10,14,ligeiro,Sim,Nao,Sim,96.7,1,3,31,624
48813,2010430454,Braga,41.572702,-8.420322,ER205-4,8.95,0,0,1,1.0,50,Berma não pavimentada,Molhado,Dois sentidos,Chuva,Em entroncamento,Fora das localidades,Em pleno dia,Com inclinação,Recta,Em plena via,Despiste,SÁBADO       ,0,1,31,2009-11-20,9,ligeiro,Sim,Sim,Nao,96.7,1,3,31,624
48816,2012644116,Braga,41.379632,-8.351376,EN105,36.65,1,1,0,1.0,50,Sem berma ou impraticável,Seco e limpo,Dois sentidos,Bom tempo,Fora da intersecção,Dentro das localidades,"Noite, com iluminação",Em patamar,Recta,Em plena via,Colisão,SEGUNDA-FEIRA,0,2,31,2012-09-18,21,ligeiro,Nao,Nao,Sim,96.7,1,3,31,624
48817,2008337355,Braga,41.387547999999995,-8.339615,EN105,38.05,1,0,0,1.0,50,Berma pavimentada,Seco e limpo,Dois sentidos,Bom tempo,Em cruzamento,Dentro das localidades,Em pleno dia,Em patamar,Recta,Em plena via,Colisão,QUARTA-FEIRA ,0,2,31,2008-08-08,18,ligeiro,Sim,Nao,Sim,96.7,1,3,31,624
48829,2012618130,Braga,41.584559999999996,-8.435933,EN101,88.0,1,0,0,2.0,100,Berma pavimentada,Seco e limpo,Sentido único,Bom tempo,Fora da intersecção,Fora das localidades,Em pleno dia,Em patamar,Recta,Em plena via,Colisão,SÁBADO       ,0,3,31,2012-05-25,8,ligeiro,Sim,Nao,Sim,96.7,1,3,31,624
48831,2007271411,Braga,41.386913,-8.34243,EN105,37.8,1,0,0,1.0,50,Berma pavimentada,Seco e limpo,Dois sentidos,Bom tempo,NÃO DEFINIDO,Dentro das localidades,"Noite, com iluminação",Em patamar,Recta,Em plena via,Colisão,QUINTA-FEIRA ,0,2,31,2007-01-12,22,ligeiro,Nao,Nao,Sim,96.7,1,3,31,624
48835,2010491575,Braga,41.599398,-8.445757,EN101,86.1,1,0,0,2.0,100,Berma pavimentada,Seco e limpo,Sentido único,Bom tempo,Fora da intersecção,Fora das localidades,Em pleno dia,Com inclinação,Recta,Em plena via,Despiste,SEGUNDA-FEIRA,0,1,31,2010-09-25,13,ligeiro,Sim,Nao,Sim,96.7,1,3,31,624
48836,2010457471,Braga,41.382375,-8.349321,EN105,37.0,1,0,0,1.0,50,Berma pavimentada,Molhado,Dois sentidos,Chuva,Fora da intersecção,Dentro das localidades,"Noite, sem iluminação",Em patamar,Recta,Na berma,Despiste,SEXTA-FEIRA  ,0,1,31,2010-04-16,22,ligeiro,Nao,Sim,Nao,96.7,1,3,31,624
48843,2008340798,Braga,41.584559999999996,-8.435933,EN101,88.0,1,0,0,1.0,100,Berma pavimentada,Seco e limpo,Sentido único,Bom tempo,Fora da intersecção,Fora das localidades,Aurora ou crepúsculo,Em patamar,Recta,Em plena via,Despiste,SEXTA-FEIRA  ,0,1,31,2008-09-19,19,ligeiro,Nao,Nao,Sim,96.7,1,3,31,624
48844,2010494956,Braga,41.593771000000004,-8.461411,EN(d)201,59.5,0,1,0,1.0,50,Berma pavimentada,Seco e limpo,Dois sentidos,Bom tempo,Em entroncamento,Dentro das localidades,Em pleno dia,Em patamar,Recta,Em plena via,Atropelamento,QUINTA-FEIRA ,0,1,31,2010-10-26,8,ligeiro,Sim,Nao,Sim,96.7,1,3,31,624
48846,2009358719,Braga,41.383804,-8.346332,EN105,37.3,1,0,0,1.0,50,Berma não pavimentada,Seco e limpo,Dois sentidos,Bom tempo,Fora da intersecção,Dentro das localidades,"Noite, com iluminação",Em patamar,Recta,Em plena via,Atropelamento,SEGUNDA-FEIRA,0,1,31,2009-02-11,19,ligeiro,Nao,Nao,Sim,96.7,1,3,31,624
48848,2008333505,Braga,41.376246,-8.354207,EN105,36.2,0,1,0,1.0,50,Berma pavimentada,Seco e limpo,Dois sentidos,Bom tempo,Fora da intersecção,Dentro das localidades,"Noite, com iluminação",Com inclinação,Curva,Em plena via,Despiste,SEXTA-FEIRA  ,0,1,31,2008-07-29,3,ligeiro,Nao,Nao,Sim,96.7,1,3,31,624
48849,2010491495,Braga,41.380029,-8.351092999999999,EN105,36.7,2,0,0,2.0,50,Berma pavimentada,Seco e limpo,Dois sentidos,Bom tempo,Fora da intersecção,Dentro das localidades,"Noite, sem iluminação",Em patamar,Recta,Em plena via,Colisão,SEGUNDA-FEIRA,0,2,31,2010-09-03,23,ligeiro,Nao,Nao,Sim,96.7,1,3,31,624
48852,2013656248,Braga,41.60116,-8.44765,EN101,85.85,1,0,0,1.0,50,Berma pavimentada,Húmido,Dois sentidos,Bom tempo,Em entroncamento,Dentro das localidades,Aurora ou crepúsculo,Em patamar,Recta,Em plena via,Colisão,SEXTA-FEIRA  ,0,2,31,2012-10-25,7,ligeiro,Nao,Nao,Nao,96.7,1,3,31,624
48862,2008333594,Braga,41.378440999999995,-8.352229,EN105,36.5,1,0,0,1.0,50,Sem berma ou impraticável,Molhado,Dois sentidos,Chuva,Fora da intersecção,Dentro das localidades,Em pleno dia,Em patamar,Recta,Em plena via,Despiste,DOMINGO      ,0,1,31,2008-07-25,14,ligeiro,Sim,Sim,Nao,96.7,1,3,31,624
48872,2009383213,Braga,41.385061,-8.344791,EN105,37.5,1,0,0,1.0,50,Berma pavimentada,Seco e limpo,Dois sentidos,Bom tempo,Fora da intersecção,Dentro das localidades,Em pleno dia,Em patamar,Recta,Em plena via,Colisão,QUINTA-FEIRA ,0,3,31,2009-05-20,9,ligeiro,Sim,Nao,Sim,96.7,1,3,31,624
48875,2012645540,Braga,41.374103999999996,-8.357992,EN105,35.8,1,0,0,1.0,50,Berma pavimentada,Seco e limpo,Dois sentidos,Bom tempo,Fora da intersecção,Dentro das localidades,Em pleno dia,Com inclinação,Recta,Em plena via,Colisão,TERÇA-FEIRA  ,0,2,31,2012-09-24,17,ligeiro,Sim,Nao,Sim,96.7,1,3,31,624