,COD_ACIDENTE,DISTRITO,LATITUDE,LONGITUDE,VIA,KM,QT_FLIGEIROS,QT_FGRAVES,QT_MORTOS,QT_VIAS_SENTIDO,VEL_LIM_LOCAL,BERMA_VIA,CONDICAO_ADERENCIA,FAIXA_RODAGEM,FATOR_ATMOSFERICO,INTERSECAO_VIA,LOCALIZACAO,LUMINOSIDADE,PERFIL_VIA,PLANTA_VIA,SITUACAO_ACIDENTE,TIPO_NATUREZA,DIA_SEMANA,FLAG_FERIADO,QT_VEICULOS,COD_FREGUESIA,DATA,HORA,GRAVIDADE,ERA_DIA,MAU_TEMPO,ESTRADA_SECA,DENSIDADE_TOTAL,COD_DISTRITO_INE,COD_CONCELHO_INE,COD_FREGUESIA_INE,TOTAL
48880,2011529029,Braga,41.376246,-8.354207,EN105,36.2,1,0,0,1.0,50,Berma pavimentada,Seco e limpo,Dois sentidos,Bom tempo,Fora da intersecção,Dentro das localidades,"Noite, com iluminação",Com inclinação,Recta,Em plena via,Despiste,SEXTA-FEIRA  ,0,1,31,2011-03-01,21,ligeiro,Nao,Nao,Sim,96.7,1,3,31,624
48886,2011542733,Braga,41.379870000000004,-8.351206,EN105,36.68,1,0,0,1.0,50,Berma pavimentada,Molhado,Dois sentidos,Chuva,Em via de aceleração,Dentro das localidades,Em pleno dia,Em patamar,Recta,Em plena via,Despiste,SEXTA-FEIRA  ,0,1,31,2011-05-25,14,ligeiro,Sim,Sim,Nao,96.7,1,3,31,624
48888,2013656946,Braga,41.593222999999995,-8.439316,EN101,87.0,1,0,0,2.0,50,Berma pavimentada,Com gravilha ou areia,Sentido único,Bom tempo,Em rotunda,Dentro das localidades,Em pleno dia,Em patamar,Curva,Em plena via,Despiste,SÁBADO       ,0,1,31,2012-10-15,18,ligeiro,Sim,Nao,Nao,96.7,1,3,31,624
48889,2008304730,Braga,41.387128000000004,-8.341283,EN105,37.9,1,0,0,1.0,50,Berma não pavimentada,Seco e limpo,Dois sentidos,Bom tempo,Fora da intersecção,Dentro das localidades,Em pleno dia,Em patamar,Recta,No passeio,Despiste,DOMINGO      ,0,1,31,2007-12-10,15,ligeiro,Sim,Nao,Sim,96.7,1,3,31,624
48891,2008326684,Braga,41.583693,-8.435619,EN101,88.1,0,1,0,2.0,100,Berma pavimentada,Seco e limpo,Sentido único,Bom tempo,Fora da intersecção,Fora das localidades,Em pleno dia,Com inclinação,Recta,Em plena via,Colisão,SEXTA-FEIRA  ,0,2,31,2008-05-16,13,ligeiro,Sim,Nao,Sim,96.7,1,3,31,624
48895,2013657011,Braga,41.376246,-8.354207,EN105,36.2,1,0,0,1.0,50,Berma não pavimentada,Seco e limpo,Dois sentidos,Bom tempo,Fora da intersecção,Dentro das localidades,"Noite, com iluminação",Em patamar,Recta,Na berma,Despiste,SÁBADO       ,0,1,31,2012-10-15,1,ligeiro,Nao,Nao,Sim,96.7,1,3,31,624
48896,2012645505,Braga,41.594306,-8.440288,EN101,86.85,1,0,0,1.0,50,Berma não pavimentada,Seco e limpo,Dois sentidos,Bom tempo,Fora da intersecção,Dentro das localidades,Em pleno dia,Em patamar,Recta,Em plena via,Atropelamento,TERÇA-FEIRA  ,0,1,31,2012-09-24,15,ligeiro,Sim,Nao,Sim,96.7,1,3,31,624
48899,2010491496,Braga,41.378440999999995,-8.352229,EN105,36.5,1,0,0,1.0,80,Berma pavimentada,Seco e limpo,Dois sentidos,Bom tempo,Fora da intersecção,Dentro das localidades,Em pleno dia,Em patamar,Recta,Em plena via,Colisão,DOMINGO      ,0,2,31,2010-09-02,10,ligeiro,Sim,Nao,Sim,96.7,1,3,31,624
48900,2011529597,Braga,41.592143,-8.438702000000001,EN101,87.13,1,0,0,2.0,100,Berma pavimentada,Seco e limpo,Sentido único,Bom tempo,Fora da intersecção,Fora das localidades,Em pleno dia,Em patamar,Curva,Em plena via,Colisão,TERÇA-FEIRA  ,1,2,31,2011-04-24,20,ligeiro,Sim,Nao,Sim,96.7,1,3,31,624
48903,2009389485,Braga,41.380029,-8.351092999999999,EN105,36.7,1,0,0,1.0,50,Berma pavimentada,Seco e limpo,Dois sentidos,Bom tempo,Fora da intersecção,Dentro das localidades,"Noite, com iluminação",Em patamar,Recta,Em plena via,Colisão,TERÇA-FEIRA  ,0,2,31,2009-06-05,22,ligeiro,Nao,Nao,Sim,96.7,1,3,31,624
48904,2009351811,Braga,41.593222999999995,-8.439316,EN101,87.0,1,0,0,2.0,100,Berma pavimentada,Molhado,Sentido único,Chuva,Fora da intersecção,Fora das localidades,"Noite, com iluminação",Em patamar,Recta,Em plena via,Despiste,SÁBADO       ,0,1,31,2008-12-14,22,ligeiro,Nao,Sim,Nao,96.7,1,3,31,624
48906,2012628132,Braga,41.383256,-8.347551,EN105,37.18,2,0,0,1.0,50,Berma pavimentada,Húmido,Dois sentidos,Bom tempo,Fora da intersecção,Dentro das localidades,Em pleno dia,Em patamar,Recta,Em plena via,Colisão,DOMINGO      ,0,2,31,2012-06-12,12,ligeiro,Sim,Nao,Nao,96.7,1,3,31,624
48913,2011505891,Braga,41.387128000000004,-8.341283,EN105,37.9,1,0,0,1.0,50,Berma pavimentada,Molhado,Dois sentidos,Chuva,Fora da intersecção,Dentro das localidades,Em pleno dia,Em patamar,Curva,Em plena via,Colisão,SÁBADO       ,0,2,31,2010-11-08,13,ligeiro,Sim,Sim,Nao,96.7,1,3,31,624
48919,2007278548,Braga,41.381623,-8.349973,EN105,36.9,1,0,0,1.0,80,Berma pavimentada,Seco e limpo,Dois sentidos,Bom tempo,NÃO DEFINIDO,Dentro das localidades,Em pleno dia,Em patamar,Recta,Em plena via,Colisão,QUINTA-FEIRA ,0,3,31,2007-03-20,15,ligeiro,Sim,Nao,Sim,96.7,1,3,31,624
48924,2009350747,Braga,41.602242,-8.448818,EN101,85.7,1,1,0,2.0,100,Berma pavimentada,Seco e limpo,Sentido único,Nevoeiro,Fora da intersecção,Fora das localidades,"Noite, sem iluminação",Com inclinação,Recta,Em plena via,Colisão,SEGUNDA-FEIRA,0,2,31,2008-11-28,1,ligeiro,Nao,Sim,Sim,96.7,1,3,31,624
48925,2007294066,Braga,41.597365,-8.443563000000001,EN101,86.4,1,0,0,2.0,100,Berma pavimentada,Seco e limpo,Sentido único,Bom tempo,Fora da intersecção,Fora das localidades,Em pleno dia,Com inclinação,Recta,Em plena via,Despiste,QUARTA-FEIRA ,0,1,31,2007-08-26,15,ligeiro,Sim,Nao,Sim,96.7,1,3,31,624
48943,2007280320,Braga,41.432964,-8.538855,EN204,33.9,1,0,0,2.0,50,Berma pavimentada,Seco e limpo,Dois sentidos,NÃO DEFINIDO,Fora da intersecção,Dentro das localidades,Em pleno dia,Em patamar,Recta,Em plena via,Colisão,SEXTA-FEIRA  ,0,2,23,2007-04-24,15,ligeiro,Sim,Sim,Sim,97.6,1,2,23,2073
48945,2007275673,Braga,41.529044,-8.426986,EN(d)309,33.85,1,0,0,1.0,50,Berma não pavimentada,Seco e limpo,Dois sentidos,NÃO DEFINIDO,Fora da intersecção,Dentro das localidades,"Noite, com iluminação",Em patamar,Recta,Em plena via,Colisão,QUARTA-FEIRA ,0,2,23,2007-02-25,22,ligeiro,Nao,Sim,Sim,97.6,1,2,23,2073
48954,2007289671,Braga,41.662325,-8.379593,ER205-3,4.6,1,0,0,1.0,50,Berma pavimentada,Molhado,Dois sentidos,Chuva,NÃO DEFINIDO,Dentro das localidades,Em pleno dia,Em patamar,Curva,Na berma,Despiste,SÁBADO       ,0,1,23,2007-07-03,13,ligeiro,Sim,Sim,Nao,97.6,1,2,23,2073
48966,2007292128,Braga,41.431682,-8.538282,EN204,34.05,1,0,0,1.0,50,Berma pavimentada,Seco e limpo,Dois sentidos,Bom tempo,Fora da intersecção,Dentro das localidades,Em pleno dia,Em patamar,Recta,Em plena via,Colisão,QUINTA-FEIRA ,0,3,23,2007-08-10,16,ligeiro,Sim,Nao,Sim,97.6,1,2,23,2073
48979,2008317647,Braga,41.436399,-8.540313000000001,EN204,33.5,2,0,0,1.0,50,Berma pavimentada,Molhado,Dois sentidos,Chuva,Em cruzamento,Dentro das localidades,"Noite, com iluminação",Em patamar,Recta,Em plena via,Colisão,SEGUNDA-FEIRA,0,3,23,2008-02-23,18,ligeiro,Nao,Sim,Nao,97.6,1,2,23,2073
49000,2008333005,Braga,41.426028,-8.534896,EN204,34.8,1,0,0,1.0,50,Berma pavimentada,Seco e limpo,Dois sentidos,Bom tempo,Fora da intersecção,Dentro das localidades,Em pleno dia,Com inclinação,Curva,Em plena via,Colisão,SEGUNDA-FEIRA,0,2,23,2008-07-09,19,ligeiro,Sim,Nao,Sim,97.6,1,2,23,2073
49013,2009383568,Braga,41.432964,-8.538855,EN204,33.9,3,0,0,1.0,50,Berma pavimentada,Seco e limpo,Dois sentidos,Bom tempo,Fora da intersecção,Dentro das localidades,Em pleno dia,Em patamar,Recta,Em plena via,Colisão,TERÇA-FEIRA  ,0,2,23,2009-05-02,18,ligeiro,Sim,Nao,Sim,97.6,1,2,23,2073
49031,2010445894,Braga,41.616037,-8.471451,EN201,56.78,1,0,0,1.0,50,Berma pavimentada,Seco e limpo,Dois sentidos,Bom tempo,Em cruzamento,Fora das localidades,Em pleno dia,Em patamar,Recta,Em plena via,Colisão,TERÇA-FEIRA  ,0,3,23,2010-02-05,17,ligeiro,Sim,Nao,Sim,97.6,1,2,23,2073
49034,2010463671,Braga,41.617199,-8.471725,EN201,56.65,1,0,0,1.0,50,Berma pavimentada,Molhado,Dois sentidos,Chuva,Fora da intersecção,Dentro das localidades,Em pleno dia,Em patamar,Recta,Em plena via,Colisão,QUINTA-FEIRA ,0,2,23,2010-05-08,12,ligeiro,Sim,Sim,Nao,97.6,1,2,23,2073
49040,2010477759,Braga,41.433819,-8.53923,EN204,33.8,1,0,0,1.0,50,Sem berma ou impraticável,Seco e limpo,Dois sentidos,Bom tempo,Fora da intersecção,Dentro das localidades,Em pleno dia,Em patamar,Recta,Em plena via,Colisão,TERÇA-FEIRA  ,0,2,23,2010-07-08,14,ligeiro,Sim,Nao,Sim,97.6,1,2,23,2073
49042,2010491335,Braga,41.520926,-8.433457,EN(d)309,32.8,0,0,1,2.0,50,Sem berma ou impraticável,Seco e limpo,Dois sentidos,Chuva,Fora da intersecção,Dentro das localidades,Em pleno dia,Em patamar,Recta,Em plena via,Atropelamento,DOMINGO      ,0,1,23,2010-11-20,13,ligeiro,Sim,Sim,Sim,97.6,1,2,23,2073
49046,2010491500,Braga,41.630126000000004,-8.474505,EN201,55.2,3,0,0,1.0,50,Berma pavimentada,Seco e limpo,Dois sentidos,Bom tempo,Em entroncamento,Dentro das localidades,Em pleno dia,Em patamar,Recta,Em plena via,Colisão,DOMINGO      ,0,3,23,2010-09-13,18,ligeiro,Sim,Nao,Sim,97.6,1,2,23,2073
49049,2010491506,Braga,41.443288,-8.546699,EN204,32.5,1,0,0,1.0,50,Berma pavimentada,Seco e limpo,Dois sentidos,Bom tempo,Fora da intersecção,Dentro das localidades,Em pleno dia,Em patamar,Recta,Em plena via,Despiste,TERÇA-FEIRA  ,0,1,23,2010-09-09,15,ligeiro,Sim,Nao,Sim,97.6,1,2,23,2073
49053,2011505905,Braga,41.42518,-8.53449,EN204,34.9,2,0,0,1.0,50,Sem berma ou impraticável,Seco e limpo,Dois sentidos,Bom tempo,Fora da intersecção,Dentro das localidades,Em pleno dia,Com inclinação,Curva,Em plena via,Colisão,SEXTA-FEIRA  ,0,3,23,2010-11-02,16,ligeiro,Sim,Nao,Sim,97.6,1,2,23,2073
49059,2011513936,Braga,41.438978000000006,-8.5414,EN204,33.2,2,0,0,1.0,50,Sem berma ou impraticável,Seco e limpo,Dois sentidos,Bom tempo,Fora da intersecção,Dentro das localidades,"Noite, com iluminação",Em patamar,Recta,Em plena via,Colisão,QUINTA-FEIRA ,0,2,23,2010-12-11,23,ligeiro,Nao,Nao,Sim,97.6,1,2,23,2073
49063,2011527170,Braga,41.616037,-8.471451,EN201,56.78,1,0,0,1.0,50,Berma pavimentada,Seco e limpo,Dois sentidos,Bom tempo,Fora da intersecção,Dentro das localidades,Em pleno dia,Em patamar,Recta,Em plena via,Colisão,QUINTA-FEIRA ,0,2,23,2011-03-17,18,ligeiro,Sim,Nao,Sim,97.6,1,2,23,2073
49064,2011523782,Braga,41.531797999999995,-8.42844,EN(d)309,34.2,1,0,0,1.0,50,Sem berma ou impraticável,Seco e limpo,Dois sentidos,Bom tempo,Fora da intersecção,Dentro das localidades,Em pleno dia,Em patamar,Recta,Em plena via,Colisão,QUARTA-FEIRA ,0,2,23,2011-02-05,8,ligeiro,Sim,Nao,Sim,97.6,1,2,23,2073
49065,2011518978,Braga,41.519711,-8.434227,EN(d)309,32.65,1,0,0,1.0,50,Sem berma ou impraticável,Molhado,Reversível,Chuva,Fora da intersecção,Dentro das localidades,Em pleno dia,Em patamar,Curva,Em plena via,Colisão,TERÇA-FEIRA  ,0,2,23,2011-01-07,10,ligeiro,Sim,Sim,Nao,97.6,1,2,23,2073
49073,2011529585,Braga,41.514627000000004,-8.434091,EN(d)309,32.1,1,0,0,1.0,50,Berma pavimentada,Molhado,Sentido único,Chuva,Em rotunda,Dentro das localidades,Em pleno dia,Em patamar,Recta,Em plena via,Colisão,TERÇA-FEIRA  ,0,2,23,2011-04-19,10,ligeiro,Sim,Sim,Nao,97.6,1,2,23,2073
49079,2011540687,Braga,41.616037,-8.471451,EN201,56.78,1,0,0,2.0,50,Sem berma ou impraticável,Seco e limpo,Dois sentidos,Chuva,Em entroncamento,Dentro das localidades,Em pleno dia,Em patamar,Recta,Em plena via,Despiste,SEXTA-FEIRA  ,0,1,23,2011-05-08,18,ligeiro,Sim,Sim,Sim,97.6,1,2,23,2073
49099,2012600501,Braga,41.429684,-8.53594,EN204,34.35,2,0,0,1.0,50,Berma pavimentada,Seco e limpo,Dois sentidos,Bom tempo,Fora da intersecção,Dentro das localidades,"Noite, com iluminação",Em patamar,Recta,Em plena via,Colisão,DOMINGO      ,0,3,23,2012-02-08,18,ligeiro,Nao,Nao,Sim,97.6,1,2,23,2073
49104,2012618223,Braga,41.657672,-8.386857000000001,ER205-3,3.78,2,0,0,1.0,50,Berma pavimentada,Seco e limpo,Dois sentidos,Bom tempo,Fora da intersecção,Dentro das localidades,Em pleno dia,Em patamar,Recta,Em plena via,Colisão,TERÇA-FEIRA  ,0,2,23,2012-05-11,13,ligeiro,Sim,Nao,Sim,97.6,1,2,23,2073
49111,2012632532,Braga,41.442775,-8.544797,EN204,32.67,1,0,0,1.0,50,Berma pavimentada,Seco e limpo,Dois sentidos,Bom tempo,Fora da intersecção,Dentro das localidades,Em pleno dia,Com inclinação,Recta,Em plena via,Despiste,QUARTA-FEIRA ,0,1,23,2012-07-02,13,ligeiro,Sim,Nao,Sim,97.6,1,2,23,2073
49112,2012628080,Braga,41.435112,-8.539765,EN204,33.65,2,0,0,2.0,50,Berma pavimentada,Seco e limpo,Dois sentidos,Bom tempo,Fora da intersecção,Dentro das localidades,Em pleno dia,Em patamar,Recta,Em plena via,Colisão,QUINTA-FEIRA ,0,2,23,2012-06-04,13,ligeiro,Sim,Nao,Sim,97.6,1,2,23,2073
49114,2012630939,Braga,41.632761,-8.475225,EN201,54.9,2,0,0,1.0,50,Berma pavimentada,Seco e limpo,Dois sentidos,Bom tempo,Fora da intersecção,Dentro das localidades,Em pleno dia,Com inclinação,Recta,Em plena via,Colisão,SEGUNDA-FEIRA,0,3,23,2012-07-28,17,ligeiro,Sim,Nao,Sim,97.6,1,2,23,2073
49118,2012638732,Braga,41.664719,-8.382547,ER205-3,5.1,2,0,0,1.0,50,Berma não pavimentada,Molhado,Dois sentidos,Chuva,Fora da intersecção,Dentro das localidades,"Noite, sem iluminação",Em patamar,Recta,Em plena via,Colisão,SÁBADO       ,0,2,23,2012-08-24,21,ligeiro,Nao,Sim,Nao,97.6,1,2,23,2073
49128,2009355878,Braga,41.439879,-8.541788,EN204,33.1,2,0,0,1.0,50,Berma pavimentada,Seco e limpo,Dois sentidos,Bom tempo,Fora da intersecção,Dentro das localidades,"Noite, com iluminação",Em patamar,Recta,Em plena via,Colisão,SEXTA-FEIRA  ,0,2,23,2009-01-11,21,ligeiro,Nao,Nao,Sim,97.6,1,2,23,2073
49129,2007278502,Braga,41.628344,-8.474022999999999,EN201,55.4,2,0,0,1.0,50,Berma não pavimentada,Seco e limpo,Dois sentidos,Bom tempo,Em entroncamento,Dentro das localidades,Em pleno dia,Em patamar,Recta,Em plena via,Colisão,SEXTA-FEIRA  ,0,2,23,2007-03-21,7,ligeiro,Sim,Nao,Sim,97.6,1,2,23,2073
49137,2009389528,Braga,41.616215999999994,-8.47149,EN201,56.76,1,0,0,1.0,50,Berma pavimentada,Seco e limpo,Dois sentidos,Bom tempo,Fora da intersecção,Dentro das localidades,Em pleno dia,Em patamar,Recta,Em plena via,Colisão,TERÇA-FEIRA  ,0,2,23,2009-06-05,18,ligeiro,Sim,Nao,Sim,97.6,1,2,23,2073
49144,2009373803,Braga,41.43554,-8.53995,EN204,33.6,3,0,0,3.0,50,Berma pavimentada,Molhado,Dois sentidos,Chuva,Fora da intersecção,Dentro das localidades,Aurora ou crepúsculo,Em patamar,Recta,Em plena via,Colisão,QUARTA-FEIRA ,0,2,23,2009-04-27,6,ligeiro,Nao,Sim,Nao,97.6,1,2,23,2073
49148,2009367389,Braga,41.436828999999996,-8.540495,EN204,33.45,1,0,0,1.0,50,Berma pavimentada,Seco e limpo,Dois sentidos,Bom tempo,Fora da intersecção,Dentro das localidades,Em pleno dia,Em patamar,Recta,Em plena via,Colisão,SEGUNDA-FEIRA,0,2,23,2009-03-16,18,ligeiro,Sim,Nao,Sim,97.6,1,2,23,2073
49149,2009383134,Braga,41.62781,-8.473875,EN201,55.46,1,0,0,2.0,50,Sem berma ou impraticável,Seco e limpo,Dois sentidos,Bom tempo,Fora da intersecção,Dentro das localidades,Em pleno dia,Em patamar,Recta,Em plena via,Despiste,QUARTA-FEIRA ,0,1,23,2009-05-03,18,ligeiro,Sim,Nao,Sim,97.6,1,2,23,2073
49151,2010441941,Braga,41.440688,-8.54216,EN204,33.0,2,0,0,1.0,50,Berma pavimentada,Seco e limpo,Dois sentidos,Bom tempo,Fora da intersecção,Dentro das localidades,"Noite, com iluminação",Em patamar,Recta,Em plena via,Colisão,QUINTA-FEIRA ,0,2,23,2010-01-26,18,ligeiro,Nao,Nao,Sim,97.6,1,2,23,2073
49156,2009354460,Braga,41.52245,-8.432122,EN(d)309,33.0,1,0,0,1.0,50,Berma pavimentada,Molhado,Dois sentidos,Chuva,Fora da intersecção,Dentro das localidades,Em pleno dia,Com inclinação,Curva,Em plena via,Despiste,QUINTA-FEIRA ,1,1,23,2008-12-01,8,ligeiro,Sim,Sim,Nao,97.6,1,2,23,2073
49172,2007293644,Braga,41.435967,-8.540144,EN204,33.55,1,0,0,1.0,50,Berma não pavimentada,Seco e limpo,Dois sentidos,Bom tempo,NÃO DEFINIDO,Dentro das localidades,"Noite, com iluminação",Em patamar,Recta,No passeio,Despiste,QUARTA-FEIRA ,0,1,23,2007-08-26,0,ligeiro,Nao,Nao,Sim,97.6,1,2,23,2073
49176,2009373466,Braga,41.6591,-8.384573,ER205-3,4.03,1,0,0,1.0,50,Berma não pavimentada,Seco e limpo,Dois sentidos,Bom tempo,Fora da intersecção,Dentro das localidades,Em pleno dia,Em patamar,Recta,Em plena via,Atropelamento,QUINTA-FEIRA ,0,1,23,2009-04-22,7,ligeiro,Sim,Nao,Sim,97.6,1,2,23,2073
49186,2007297904,Braga,41.422672,-8.53548,EN204,35.24,1,0,0,1.0,50,Berma não pavimentada,Seco e limpo,Dois sentidos,Bom tempo,Fora da intersecção,Dentro das localidades,"Noite, com iluminação",Em patamar,Recta,Na berma,Despiste,QUARTA-FEIRA ,1,1,23,2007-10-05,3,ligeiro,Nao,Nao,Sim,97.6,1,2,23,2073
49187,2007299728,Braga,41.630126000000004,-8.474505,EN201,55.2,1,0,0,1.0,50,Berma pavimentada,Seco e limpo,Dois sentidos,Bom tempo,Em entroncamento,Dentro das localidades,"Noite, com iluminação",Em patamar,Recta,Em plena via,Colisão,SEXTA-FEIRA  ,0,2,23,2007-10-29,18,ligeiro,Nao,Nao,Sim,97.6,1,2,23,2073
49193,2009350721,Braga,41.423412,-8.534244000000001,EN204,35.1,0,1,0,1.0,50,Sem berma ou impraticável,Molhado,Dois sentidos,Chuva,Fora da intersecção,Dentro das localidades,"Noite, com iluminação",Em patamar,Recta,Em plena via,Atropelamento,SEGUNDA-FEIRA,0,1,23,2008-11-28,8,ligeiro,Nao,Sim,Nao,97.6,1,2,23,2073
49197,2012644094,Braga,41.443288,-8.546699,EN204,32.5,1,1,0,1.0,50,Berma pavimentada,Seco e limpo,Dois sentidos,Bom tempo,Em entroncamento,Dentro das localidades,Em pleno dia,Em patamar,Recta,Em plena via,Colisão,QUARTA-FEIRA ,0,2,23,2012-09-14,14,ligeiro,Sim,Nao,Sim,97.6,1,2,23,2073
49199,2010456982,Braga,41.626028999999996,-8.473392,EN201,55.66,1,0,0,3.0,50,Berma pavimentada,Seco e limpo,Dois sentidos,Bom tempo,Fora da intersecção,Dentro das localidades,Aurora ou crepúsculo,Em patamar,Recta,Em plena via,Colisão,TERÇA-FEIRA  ,1,2,23,2010-04-25,8,ligeiro,Nao,Nao,Sim,97.6,1,2,23,2073
49212,2010491521,Braga,41.665149,-8.382398,ER205-3,5.15,3,0,0,1.0,50,Sem berma ou impraticável,Seco e limpo,Dois sentidos,Bom tempo,Fora da intersecção,Dentro das localidades,Em pleno dia,Em patamar,Curva,Em plena via,Colisão,QUINTA-FEIRA ,0,2,23,2010-09-11,17,ligeiro,Sim,Nao,Sim,97.6,1,2,23,2073
49216,2011514772,Braga,41.626028999999996,-8.473392,EN201,55.66,1,0,0,1.0,50,Sem berma ou impraticável,Seco e limpo,Dois sentidos,Bom tempo,Fora da intersecção,Dentro das localidades,"Noite, sem iluminação",Em patamar,Recta,Em plena via,Colisão,QUINTA-FEIRA ,0,3,23,2010-12-11,23,ligeiro,Nao,Nao,Sim,97.6,1,2,23,2073
49218,2009349184,Braga,41.428213,-8.534647999999999,EN204,34.55,3,0,0,1.0,50,Berma pavimentada,Seco e limpo,Dois sentidos,Bom tempo,Fora da intersecção,Dentro das localidades,Em pleno dia,Em patamar,Recta,Em plena via,Colisão,SEGUNDA-FEIRA,0,2,23,2008-11-23,13,ligeiro,Sim,Nao,Sim,97.6,1,2,23,2073
49224,2012608202,Braga,41.6595,-8.3841,ER205-3,4.09,2,0,0,1.0,50,Sem berma ou impraticável,Seco e limpo,Dois sentidos,Bom tempo,Em cruzamento,Dentro das localidades,Em pleno dia,Em patamar,Recta,Em plena via,Colisão,SEGUNDA-FEIRA,0,2,23,2012-03-31,8,ligeiro,Sim,Nao,Sim,97.6,1,2,23,2073
49225,2011563844,Braga,41.628077000000005,-8.473949000000001,EN201,55.43,1,0,0,1.0,50,Berma não pavimentada,Seco e limpo,Dois sentidos,Bom tempo,Em via de aceleração,Dentro das localidades,Em pleno dia,Em patamar,Recta,Na berma,Atropelamento,QUINTA-FEIRA ,0,1,23,2011-08-07,11,ligeiro,Sim,Nao,Sim,97.6,1,2,23,2073
49228,2010464678,Braga,41.631018,-8.474730000000001,EN201,55.1,1,0,0,2.0,50,Sem berma ou impraticável,Seco e limpo,Dois sentidos,Bom tempo,Fora da intersecção,Dentro das localidades,"Noite, com iluminação",Com inclinação,Recta,Em plena via,Atropelamento,SÁBADO       ,0,1,23,2010-05-27,23,ligeiro,Nao,Nao,Sim,97.6,1,2,23,2073
49230,2008301957,Braga,41.443003000000004,-8.545572,EN204,32.6,1,0,0,1.0,80,Sem berma ou impraticável,Seco e limpo,Dois sentidos,Bom tempo,Em cruzamento,Fora das localidades,Em pleno dia,Em patamar,Recta,Em plena via,Colisão,DOMINGO      ,0,2,23,2007-11-28,15,ligeiro,Sim,Nao,Sim,97.6,1,2,23,2073
49237,2007275734,Braga,41.42518,-8.53449,EN204,34.9,1,0,0,1.0,80,Sem berma ou impraticável,Molhado,Dois sentidos,Chuva,Fora da intersecção,Fora das localidades,"Noite, com iluminação",Com inclinação,Recta,Na berma,Atropelamento,SÁBADO       ,0,1,23,2007-02-11,3,ligeiro,Nao,Sim,Nao,97.6,1,2,23,2073
49239,2008343840,Braga,41.619007,-8.471682000000001,EN201,56.45,1,0,0,1.0,50,Berma não pavimentada,Seco e limpo,Dois sentidos,Bom tempo,Fora da intersecção,Dentro das localidades,Em pleno dia,Em patamar,Recta,Na berma,Despiste,DOMINGO      ,0,1,23,2008-10-02,8,ligeiro,Sim,Nao,Sim,97.6,1,2,23,2073
49250,2010424068,Braga,41.429373,-8.535507,EN204,34.4,1,0,0,2.0,50,Berma pavimentada,Seco e limpo,Dois sentidos,Bom tempo,Em via de desaceleração,Dentro das localidades,"Noite, com iluminação",Em patamar,Curva,Em plena via,Despiste,SEXTA-FEIRA  ,0,1,23,2009-10-16,1,ligeiro,Nao,Nao,Sim,97.6,1,2,23,2073
49257,2011529662,Braga,41.630571,-8.474622,EN201,55.15,1,0,0,1.0,50,Berma não pavimentada,Seco e limpo,Dois sentidos,Bom tempo,Em entroncamento,Dentro das localidades,"Noite, com iluminação",Em patamar,Recta,Em plena via,Colisão,SEGUNDA-FEIRA,0,2,23,2011-04-01,22,ligeiro,Nao,Nao,Sim,97.6,1,2,23,2073
49263,2007282721,Braga,41.52245,-8.432122,EN(d)309,33.0,1,0,0,1.0,50,Sem berma ou impraticável,Molhado,Dois sentidos,Chuva,Fora da intersecção,Dentro das localidades,Aurora ou crepúsculo,Em patamar,Curva,Em plena via,Despiste,SEXTA-FEIRA  ,0,1,23,2007-05-23,6,ligeiro,Nao,Sim,Nao,97.6,1,2,23,2073
49265,2007276676,Braga,41.431263,-8.538076,EN204,34.1,2,0,0,1.0,50,Sem berma ou impraticável,Molhado,Dois sentidos,Chuva,Em entroncamento,Dentro das localidades,"Noite, com iluminação",Com inclinação,Curva,Em plena via,Colisão,TERÇA-FEIRA  ,0,2,23,2007-03-02,20,ligeiro,Nao,Sim,Nao,97.6,1,2,23,2073
49267,2007277782,Braga,41.534269,-8.429935,EN(d)309,34.53,4,0,0,1.0,50,Sem berma ou impraticável,Seco e limpo,Dois sentidos,Bom tempo,Fora da intersecção,Dentro das localidades,Em pleno dia,Em patamar,Recta,Em plena via,Colisão,DOMINGO      ,0,2,23,2007-03-23,16,ligeiro,Sim,Nao,Sim,97.6,1,2,23,2073
49277,2008348533,Braga,41.624784000000005,-8.473044,EN201,55.8,2,0,0,1.0,50,Sem berma ou impraticável,Molhado,Dois sentidos,Chuva,Em entroncamento,Dentro das localidades,"Noite, com iluminação",Em patamar,Recta,Em plena via,Colisão,SÁBADO       ,0,2,23,2008-11-04,17,ligeiro,Nao,Sim,Nao,97.6,1,2,23,2073
49282,2007280486,Braga,41.438117999999996,-8.541041,EN204,33.3,3,0,0,2.0,50,Berma pavimentada,Seco e limpo,Dois sentidos,Bom tempo,Fora da intersecção,Dentro das localidades,Em pleno dia,Em patamar,Recta,Em plena via,Colisão,QUINTA-FEIRA ,0,4,23,2007-04-01,17,ligeiro,Sim,Nao,Sim,97.6,1,2,23,2073
49287,2012636924,Braga,41.627276,-8.473730999999999,EN201,55.52,1,0,0,1.0,50,Berma pavimentada,Seco e limpo,Dois sentidos,Bom tempo,Fora da intersecção,Dentro das localidades,Em pleno dia,Em patamar,Recta,Em plena via,Colisão,SÁBADO       ,0,2,23,2012-08-02,14,ligeiro,Sim,Nao,Sim,97.6,1,2,23,2073
49294,2010423997,Braga,41.440688,-8.54216,EN204,33.0,1,0,0,2.0,50,Berma pavimentada,Seco e limpo,Dois sentidos,Bom tempo,Fora da intersecção,Dentro das localidades,Em pleno dia,Em patamar,Curva,Em plena via,Despiste,QUARTA-FEIRA ,0,1,23,2009-10-26,16,ligeiro,Sim,Nao,Sim,97.6,1,2,23,2073