,COD_ACIDENTE,DISTRITO,LATITUDE,LONGITUDE,VIA,KM,QT_FLIGEIROS,QT_FGRAVES,QT_MORTOS,QT_VIAS_SENTIDO,VEL_LIM_LOCAL,BERMA_VIA,CONDICAO_ADERENCIA,FAIXA_RODAGEM,FATOR_ATMOSFERICO,INTERSECAO_VIA,LOCALIZACAO,LUMINOSIDADE,PERFIL_VIA,PLANTA_VIA,SITUACAO_ACIDENTE,TIPO_NATUREZA,DIA_SEMANA,FLAG_FERIADO,QT_VEICULOS,COD_FREGUESIA,DATA,HORA,GRAVIDADE,ERA_DIA,MAU_TEMPO,ESTRADA_SECA,DENSIDADE_TOTAL,COD_DISTRITO_INE,COD_CONCELHO_INE,COD_FREGUESIA_INE,TOTAL
49295,2007271110,Braga,41.529841,-8.426799,EN(d)309,33.94,1,0,0,1.0,50,Berma pavimentada,Húmido,Dois sentidos,Bom tempo,Fora da intersecção,Dentro das localidades,"Noite, com iluminação",Em patamar,Curva,Na berma,Despiste,QUINTA-FEIRA ,0,1,23,2007-01-06,3,ligeiro,Nao,Nao,Nao,97.6,1,2,23,2073
49302,2007276107,Braga,41.438978000000006,-8.5414,EN204,33.2,0,1,0,1.0,50,Berma pavimentada,Seco e limpo,Dois sentidos,Bom tempo,Fora da intersecção,Dentro das localidades,Em pleno dia,Em patamar,Recta,Em plena via,Atropelamento,QUINTA-FEIRA ,0,1,23,2007-03-15,9,ligeiro,Sim,Nao,Sim,97.6,1,2,23,2073
49316,2007295596,Braga,41.440688,-8.54216,EN204,33.0,1,0,0,1.0,50,Berma pavimentada,Seco e limpo,Dois sentidos,Bom tempo,Fora da intersecção,Dentro das localidades,Em pleno dia,Em patamar,Recta,Em plena via,Colisão,SEGUNDA-FEIRA,0,3,23,2007-09-11,14,ligeiro,Sim,Nao,Sim,97.6,1,2,23,2073
49321,2011555085,Braga,41.43339,-8.539049,EN204,33.85,1,0,0,1.0,50,Berma pavimentada,Seco e limpo,Dois sentidos,Bom tempo,Em entroncamento,Dentro das localidades,"Noite, com iluminação",Em patamar,Recta,Em plena via,Colisão,SÁBADO       ,0,2,23,2011-07-05,21,ligeiro,Nao,Nao,Sim,97.6,1,2,23,2073
49324,2010486075,Braga,41.432964,-8.538855,EN204,33.9,1,0,0,1.0,50,Berma pavimentada,Seco e limpo,Dois sentidos,Bom tempo,Fora da intersecção,Dentro das localidades,Em pleno dia,Em patamar,Recta,No passeio,Despiste,DOMINGO      ,0,1,23,2010-08-21,18,ligeiro,Sim,Nao,Sim,97.6,1,2,23,2073
49336,2012612756,Braga,41.622917,-8.47252,EN201,56.01,2,0,0,1.0,50,Sem berma ou impraticável,Seco e limpo,Dois sentidos,Bom tempo,Em rotunda,Dentro das localidades,Em pleno dia,Com inclinação,Curva,No passeio,Despiste,TERÇA-FEIRA  ,0,1,23,2012-04-29,18,ligeiro,Sim,Nao,Sim,97.6,1,2,23,2073
49341,2010424063,Braga,41.624072,-8.472847,EN201,55.88,1,0,0,1.0,50,Berma pavimentada,Molhado,Dois sentidos,Chuva,Fora da intersecção,Dentro das localidades,Em pleno dia,Em patamar,Recta,Em plena via,Colisão,QUARTA-FEIRA ,0,2,23,2009-10-20,7,ligeiro,Sim,Sim,Nao,97.6,1,2,23,2073
49348,2012638666,Braga,41.422373,-8.536151,EN204,35.3,2,0,0,1.0,50,Sem berma ou impraticável,Seco e limpo,Dois sentidos,Bom tempo,Fora da intersecção,Dentro das localidades,Em pleno dia,Em patamar,Recta,Em plena via,Colisão,QUARTA-FEIRA ,0,2,23,2012-08-16,10,ligeiro,Sim,Nao,Sim,97.6,1,2,23,2073
49352,2010486633,Braga,41.616734,-8.471616000000001,EN201,56.7,1,0,0,1.0,50,Berma pavimentada,Seco e limpo,Dois sentidos,Bom tempo,Fora da intersecção,Dentro das localidades,Em pleno dia,Em patamar,Curva,Em plena via,Atropelamento,SEGUNDA-FEIRA,0,1,23,2010-08-11,11,ligeiro,Sim,Nao,Sim,97.6,1,2,23,2073
49357,2007294614,Braga,41.626385,-8.473493,EN201,55.62,1,0,0,2.0,50,Berma pavimentada,Seco e limpo,Dois sentidos,NÃO DEFINIDO,NÃO DEFINIDO,Dentro das localidades,Em pleno dia,Em patamar,Recta,Em plena via,Colisão,SEXTA-FEIRA  ,0,2,23,2007-09-03,11,ligeiro,Sim,Sim,Sim,97.6,1,2,23,2073
49367,2008330681,Braga,41.616484,-8.471556,EN201,56.73,1,0,0,1.0,50,Berma pavimentada,Seco e limpo,Dois sentidos,Bom tempo,Fora da intersecção,Dentro das localidades,Em pleno dia,Em patamar,Recta,Em plena via,Colisão,DOMINGO      ,1,2,23,2008-06-10,10,ligeiro,Sim,Nao,Sim,97.6,1,2,23,2073
49372,2011500353,Braga,41.439707,-8.541713,EN204,33.12,1,0,0,1.0,50,Berma pavimentada,Seco e limpo,Dois sentidos,Bom tempo,Fora da intersecção,Dentro das localidades,Em pleno dia,Em patamar,Recta,Em plena via,Colisão,SEGUNDA-FEIRA,0,5,23,2010-10-18,8,ligeiro,Sim,Nao,Sim,97.6,1,2,23,2073
49377,2008301671,Braga,41.616752000000005,-8.47162,EN201,56.7,0,1,0,2.0,50,Berma pavimentada,Seco e limpo,Dois sentidos,Bom tempo,Fora da intersecção,Dentro das localidades,Em pleno dia,Em patamar,Recta,Em plena via,Atropelamento,SÁBADO       ,0,1,23,2007-11-16,9,ligeiro,Sim,Nao,Sim,97.6,1,2,23,2073
49388,2011561934,Braga,41.430925,-8.53768,EN204,34.15,1,0,0,1.0,50,Sem berma ou impraticável,Molhado,Dois sentidos,Chuva,Fora da intersecção,Dentro das localidades,"Noite, com iluminação",Em patamar,Recta,Em plena via,Despiste,SÁBADO       ,0,1,23,2011-08-31,23,ligeiro,Nao,Sim,Nao,97.6,1,2,23,2073
49398,2012600563,Braga,41.630393,-8.474577,EN201,55.17,1,0,0,1.0,50,Sem berma ou impraticável,Seco e limpo,Dois sentidos,Bom tempo,Fora da intersecção,Dentro das localidades,Em pleno dia,Em patamar,Recta,Em plena via,Colisão,SEGUNDA-FEIRA,0,2,23,2012-02-25,11,ligeiro,Sim,Nao,Sim,97.6,1,2,23,2073
49403,2008322076,Braga,41.430619,-8.537239,EN204,34.2,1,0,0,1.0,50,Berma não pavimentada,Seco e limpo,Dois sentidos,Bom tempo,Fora da intersecção,Dentro das localidades,"Noite, com iluminação",Em patamar,Recta,Na berma,Despiste,TERÇA-FEIRA  ,0,1,23,2008-03-07,1,ligeiro,Nao,Nao,Sim,97.6,1,2,23,2073
49419,2013671593,Braga,41.436399,-8.540313000000001,EN204,33.5,1,0,0,1.0,50,Berma pavimentada,Húmido,Dois sentidos,Bom tempo,Fora da intersecção,Dentro das localidades,Em pleno dia,Em patamar,Recta,Em plena via,Colisão,SEXTA-FEIRA  ,0,3,23,2012-12-04,8,ligeiro,Sim,Nao,Nao,97.6,1,2,23,2073
49420,2009357624,Braga,41.616931,-8.471662,EN201,56.68,1,0,0,1.0,50,Berma pavimentada,Molhado,Dois sentidos,Chuva,Fora da intersecção,Dentro das localidades,Em pleno dia,Em patamar,Recta,Em plena via,Colisão,SEXTA-FEIRA  ,0,2,23,2009-01-28,15,ligeiro,Sim,Sim,Nao,97.6,1,2,23,2073
49424,2007281242,Braga,41.440688,-8.54216,EN204,33.0,1,0,0,1.0,50,Berma pavimentada,Húmido,Dois sentidos,NÃO DEFINIDO,NÃO DEFINIDO,Dentro das localidades,"Noite, sem iluminação",Em patamar,Recta,Em plena via,Colisão,SEXTA-FEIRA  ,0,2,23,2007-04-19,20,ligeiro,Nao,Sim,Nao,97.6,1,2,23,2073
49427,2011523825,Braga,41.620627,-8.471753999999999,EN201,56.27,1,0,0,1.0,50,Berma não pavimentada,Molhado,Dois sentidos,Chuva,Fora da intersecção,Dentro das localidades,"Noite, com iluminação",Em patamar,Recta,Em plena via,Colisão,SEGUNDA-FEIRA,0,2,23,2011-02-15,18,ligeiro,Nao,Sim,Nao,97.6,1,2,23,2073
49445,2008344787,Braga,41.514627000000004,-8.434091,EN(d)309,32.1,3,0,0,1.0,50,Sem berma ou impraticável,Seco e limpo,Dois sentidos,Bom tempo,Em entroncamento,Dentro das localidades,Em pleno dia,Em patamar,Recta,Em plena via,Colisão,SÁBADO       ,0,2,23,2008-10-18,17,ligeiro,Sim,Nao,Sim,97.6,1,2,23,2073
49446,2007277790,Braga,41.420871999999996,-8.535225,EN204,35.56,2,0,0,1.0,50,Berma pavimentada,Molhado,Dois sentidos,Chuva,Fora da intersecção,Dentro das localidades,Em pleno dia,Em patamar,Recta,Em plena via,Colisão,DOMINGO      ,0,2,23,2007-03-28,13,ligeiro,Sim,Sim,Nao,97.6,1,2,23,2073
49457,2010486053,Braga,41.422605,-8.535637,EN204,35.25,2,0,0,1.0,50,Berma pavimentada,Seco e limpo,Dois sentidos,Bom tempo,Em via de aceleração,Dentro das localidades,Em pleno dia,Com inclinação,Recta,Em plena via,Colisão,QUINTA-FEIRA ,0,2,23,2010-08-30,8,ligeiro,Sim,Nao,Sim,97.6,1,2,23,2073
49468,2007285300,Braga,41.538790000000006,-8.373291,EN(d)309,43.83,1,0,0,1.0,50,Berma não pavimentada,Seco e limpo,Dois sentidos,Bom tempo,NÃO DEFINIDO,Dentro das localidades,Em pleno dia,Com inclinação,Curva,Em plena via,Colisão,QUINTA-FEIRA ,0,2,29,2007-06-14,23,ligeiro,Sim,Nao,Sim,182.0,1,3,29,1171
49472,2007298138,Braga,41.418769,-8.552517,ER206,19.5,3,0,0,1.0,80,Berma não pavimentada,Molhado,Dois sentidos,Chuva,Fora da intersecção,Dentro das localidades,"Noite, com iluminação",Com inclinação,Curva,Em plena via,Colisão,DOMINGO      ,0,2,29,2007-10-03,22,ligeiro,Nao,Sim,Nao,182.0,1,3,29,1171
49478,2007294599,Braga,41.419589,-8.553784,ER206,19.35,1,0,0,1.0,50,Berma pavimentada,Seco e limpo,Dois sentidos,Bom tempo,Fora da intersecção,Dentro das localidades,Em pleno dia,Com inclinação,Recta,Em plena via,Colisão,TERÇA-FEIRA  ,0,2,29,2007-09-06,13,ligeiro,Sim,Nao,Sim,182.0,1,3,29,1171
49486,2008333597,Braga,41.551336,-8.267539999999999,ER310,3.0,2,0,0,1.0,50,Berma não pavimentada,Molhado,Dois sentidos,Bom tempo,Fora da intersecção,Dentro das localidades,"Noite, com iluminação",Em patamar,Curva,Na berma,Despiste,SEGUNDA-FEIRA,0,1,29,2008-07-26,2,ligeiro,Nao,Nao,Nao,182.0,1,3,29,1171
49489,2008343997,Braga,41.416241,-8.562691000000001,ER206,18.4,1,0,0,1.0,50,Berma pavimentada,Seco e limpo,Dois sentidos,Bom tempo,Em cruzamento,Dentro das localidades,Em pleno dia,Em patamar,Recta,Em plena via,Colisão,QUINTA-FEIRA ,1,2,29,2008-10-05,17,ligeiro,Sim,Nao,Sim,182.0,1,3,29,1171
49491,2008347611,Braga,41.417568,-8.556508000000001,ER206,19.0,1,0,0,1.0,50,Berma não pavimentada,Molhado,Dois sentidos,Bom tempo,Fora da intersecção,Dentro das localidades,Aurora ou crepúsculo,Em patamar,Recta,Em plena via,Despiste,SÁBADO       ,0,1,29,2008-11-10,23,ligeiro,Nao,Nao,Nao,182.0,1,3,29,1171
49492,2009400512,Braga,41.553717999999996,-8.26495,ER310,2.6,4,0,0,1.0,50,Sem berma ou impraticável,Molhado,Dois sentidos,Chuva,Fora da intersecção,Dentro das localidades,Em pleno dia,Em patamar,Curva,Em plena via,Colisão,QUINTA-FEIRA ,0,2,29,2009-07-22,13,ligeiro,Sim,Sim,Nao,182.0,1,3,29,1171
49495,2009373292,Braga,41.416521,-8.561632000000001,ER206,18.5,1,0,0,2.0,50,Sem berma ou impraticável,Seco e limpo,Dois sentidos,Bom tempo,Em entroncamento,Dentro das localidades,Em pleno dia,Com inclinação,Recta,Em plena via,Colisão,QUARTA-FEIRA ,0,2,29,2009-04-04,17,ligeiro,Sim,Nao,Sim,182.0,1,3,29,1171
49496,2009383545,Braga,41.540669,-8.373358999999999,EN(d)309,44.05,1,0,0,1.0,50,Berma pavimentada,Seco e limpo,Dois sentidos,Bom tempo,Em ramo de ligação - entrada,Fora das localidades,Em pleno dia,Em patamar,Curva,Na berma,Atropelamento,DOMINGO      ,0,1,29,2009-05-06,8,ligeiro,Sim,Nao,Sim,182.0,1,3,29,1171
49498,2009383138,Braga,41.549865999999994,-8.273299,ER310,3.55,2,0,0,1.0,50,Berma não pavimentada,Seco e limpo,Dois sentidos,Bom tempo,Fora da intersecção,Fora das localidades,"Noite, com iluminação",Em patamar,Recta,Na berma,Despiste,QUINTA-FEIRA ,0,1,29,2009-05-09,21,ligeiro,Nao,Nao,Sim,182.0,1,3,29,1171
49499,2009389514,Braga,41.418769,-8.552517,ER206,19.5,1,0,0,2.0,50,Sem berma ou impraticável,Molhado,Dois sentidos,Chuva,Fora da intersecção,Dentro das localidades,Em pleno dia,Com inclinação,Curva,Em plena via,Colisão,SEGUNDA-FEIRA,1,2,29,2009-06-10,13,ligeiro,Sim,Sim,Nao,182.0,1,3,29,1171
49503,2010456379,Braga,41.550239000000005,-8.272978,ER310,3.5,1,0,0,1.0,50,Berma não pavimentada,Seco e limpo,Dois sentidos,Bom tempo,Fora da intersecção,Dentro das localidades,Em pleno dia,Em patamar,Curva,Na berma,Despiste,DOMINGO      ,0,1,29,2010-04-12,10,ligeiro,Sim,Nao,Sim,182.0,1,3,29,1171
49506,2010463465,Braga,41.400065000000005,-8.161838000000001,ER207,43.8,1,0,0,1.0,80,Sem berma ou impraticável,Seco e limpo,Dois sentidos,Bom tempo,Fora da intersecção,Fora das localidades,"Noite, com iluminação",Em patamar,Curva,Na berma,Despiste,TERÇA-FEIRA  ,0,1,29,2010-05-07,22,ligeiro,Nao,Nao,Sim,182.0,1,3,29,1171
49508,2010486548,Braga,41.536134999999994,-8.374341000000001,EN(d)309,43.5,1,0,0,2.0,80,Sem berma ou impraticável,Seco e limpo,Dois sentidos,Bom tempo,Fora da intersecção,Dentro das localidades,"Noite, sem iluminação",Com inclinação,Curva,Em plena via,Colisão,TERÇA-FEIRA  ,0,2,29,2010-08-17,1,ligeiro,Nao,Nao,Sim,182.0,1,3,29,1171
49509,2010468562,Braga,41.41571,-8.564841,ER206,18.2,1,0,0,1.0,50,Berma pavimentada,Seco e limpo,Dois sentidos,Bom tempo,Fora da intersecção,Dentro das localidades,Em pleno dia,Com inclinação,Curva,Na berma,Despiste,SEXTA-FEIRA  ,0,1,29,2010-06-07,12,ligeiro,Sim,Nao,Sim,182.0,1,3,29,1171
49520,2011517523,Braga,41.418063000000004,-8.167836,ER207,46.7,1,0,0,1.0,50,Sem berma ou impraticável,Molhado,Dois sentidos,Chuva,Em entroncamento,Dentro das localidades,Em pleno dia,Em patamar,Recta,Em plena via,Colisão,SÁBADO       ,0,2,29,2011-01-10,7,ligeiro,Sim,Sim,Nao,182.0,1,3,29,1171
49523,2011523621,Braga,41.556995,-8.266555,ER310,2.2,1,0,0,1.0,50,Berma não pavimentada,Seco e limpo,Dois sentidos,Bom tempo,Fora da intersecção,Dentro das localidades,Em pleno dia,Em patamar,Recta,Em plena via,Colisão,SÁBADO       ,0,2,29,2011-02-02,8,ligeiro,Sim,Nao,Sim,182.0,1,3,29,1171
49524,2011529010,Braga,41.415966999999995,-8.563761999999999,ER206,18.3,2,0,0,1.0,50,Sem berma ou impraticável,Molhado,Dois sentidos,Chuva,Fora da intersecção,Dentro das localidades,Em pleno dia,Com inclinação,Recta,Em plena via,Colisão,DOMINGO      ,0,2,29,2011-03-14,11,ligeiro,Sim,Sim,Nao,182.0,1,3,29,1171
49526,2011539837,Braga,41.416775,-8.560544,ER206,18.6,1,0,0,1.0,50,Berma pavimentada,Molhado,Dois sentidos,Chuva,Em entroncamento,Dentro das localidades,Em pleno dia,Com inclinação,Recta,Em plena via,Colisão,QUARTA-FEIRA ,1,2,29,2011-05-01,12,ligeiro,Sim,Sim,Nao,182.0,1,3,29,1171
49529,2011555140,Braga,41.551586,-8.267053,ER310,2.95,2,0,0,1.0,50,Sem berma ou impraticável,Seco e limpo,Dois sentidos,Bom tempo,Fora da intersecção,Dentro das localidades,Em pleno dia,Em patamar,Curva,Em plena via,Colisão,QUINTA-FEIRA ,0,2,29,2011-07-15,18,ligeiro,Sim,Nao,Sim,182.0,1,3,29,1171
49532,2011573885,Braga,41.418445,-8.556095,ER206,19.1,3,0,0,2.0,50,Berma não pavimentada,Seco e limpo,Dois sentidos,Bom tempo,Fora da intersecção,Dentro das localidades,Em pleno dia,Com inclinação,Curva,Em plena via,Colisão,SÁBADO       ,0,3,29,2011-10-04,15,ligeiro,Sim,Nao,Sim,182.0,1,3,29,1171
49533,2011574277,Braga,41.417568,-8.556508000000001,ER206,19.0,2,0,0,1.0,50,Berma pavimentada,Com água acumulada na faixa de rodagem,Dois sentidos,Chuva,Fora da intersecção,Dentro das localidades,"Noite, com iluminação",Em patamar,Recta,Em plena via,Colisão,QUINTA-FEIRA ,0,2,29,2011-10-31,19,ligeiro,Nao,Sim,Nao,182.0,1,3,29,1171
49536,2012589944,Braga,41.419001,-8.551362,ER206,19.6,4,0,0,1.0,50,Berma pavimentada,Húmido,Dois sentidos,Chuva,Fora da intersecção,Dentro das localidades,Em pleno dia,Em patamar,Curva,Em plena via,Colisão,QUINTA-FEIRA ,0,2,29,2011-12-04,7,ligeiro,Sim,Sim,Nao,182.0,1,3,29,1171
49539,2012623400,Braga,41.41571,-8.564841,ER206,18.2,1,0,1,1.0,50,Berma pavimentada,Seco e limpo,Dois sentidos,Bom tempo,Em cruzamento,Dentro das localidades,"Noite, com iluminação",Com inclinação,Curva,Em plena via,Despiste,SEGUNDA-FEIRA,0,1,29,2012-06-02,3,ligeiro,Nao,Nao,Sim,182.0,1,3,29,1171
49540,2012612566,Braga,41.417345000000005,-8.55658,ER206,18.97,6,0,0,1.0,50,Berma pavimentada,Molhado,Dois sentidos,Bom tempo,Fora da intersecção,Dentro das localidades,Em pleno dia,Com inclinação,Recta,Em plena via,Colisão,SÁBADO       ,0,2,29,2012-04-21,11,ligeiro,Sim,Nao,Nao,182.0,1,3,29,1171
49541,2012628157,Braga,41.555226,-8.266214999999999,ER310,2.4,1,0,0,1.0,50,Berma pavimentada,Seco e limpo,Sentido único,Bom tempo,Fora da intersecção,Dentro das localidades,Em pleno dia,Em patamar,Recta,Em plena via,Despiste,QUARTA-FEIRA ,0,1,29,2012-06-09,8,ligeiro,Sim,Nao,Sim,182.0,1,3,29,1171
49547,2013664930,Braga,41.548896,-8.274313000000001,ER310,3.7,1,0,0,1.0,50,Sem berma ou impraticável,Húmido,Dois sentidos,Chuva,Fora da intersecção,Dentro das localidades,Em pleno dia,Em patamar,Curva,Em plena via,Despiste,TERÇA-FEIRA  ,0,1,29,2012-11-26,9,ligeiro,Sim,Sim,Nao,182.0,1,3,29,1171
49550,2008303867,Braga,41.418822,-8.553083,ER206,19.45,2,0,0,1.0,50,Sem berma ou impraticável,"Com gelo, geada ou neve",Dois sentidos,Bom tempo,Fora da intersecção,Dentro das localidades,Em pleno dia,Com inclinação,Curva,Em plena via,Colisão,SEGUNDA-FEIRA,0,2,29,2007-12-16,10,ligeiro,Sim,Nao,Nao,182.0,1,3,29,1171
49551,2011513876,Braga,41.418769,-8.552517,ER206,19.5,1,0,0,1.0,50,Berma pavimentada,"Com gelo, geada ou neve",Dois sentidos,Neve,Fora da intersecção,Dentro das localidades,"Noite, com iluminação",Com inclinação,Curva,Em plena via,Colisão,DOMINGO      ,0,2,29,2010-12-19,0,ligeiro,Nao,Sim,Nao,182.0,1,3,29,1171
49557,2011567897,Braga,41.417568,-8.556508000000001,ER206,19.0,2,0,0,1.0,50,Berma pavimentada,Seco e limpo,Dois sentidos,Bom tempo,Fora da intersecção,Dentro das localidades,Em pleno dia,Em patamar,Recta,Em plena via,Colisão,TERÇA-FEIRA  ,0,2,29,2011-09-03,14,ligeiro,Sim,Nao,Sim,182.0,1,3,29,1171
49558,2010476239,Braga,41.536134999999994,-8.374341000000001,EN(d)309,43.5,0,0,1,1.0,90,Berma não pavimentada,Seco e limpo,Dois sentidos,Bom tempo,Fora da intersecção,Fora das localidades,Em pleno dia,Com inclinação,Curva,Em plena via,Despiste,QUINTA-FEIRA ,0,2,29,2010-07-04,10,ligeiro,Sim,Nao,Sim,182.0,1,3,29,1171
49560,2012612597,Braga,41.413171999999996,-8.168421,ER207,46.0,4,0,0,1.0,50,Sem berma ou impraticável,Molhado,Dois sentidos,Chuva,Fora da intersecção,Dentro das localidades,Em pleno dia,Em patamar,Curva,Em plena via,Colisão,SEXTA-FEIRA  ,0,2,29,2012-04-26,8,ligeiro,Sim,Sim,Nao,182.0,1,3,29,1171
49561,2007275089,Braga,41.548193,-8.277646,ER310,4.0,1,0,0,1.0,50,Berma pavimentada,Húmido,Dois sentidos,Chuva,Fora da intersecção,Dentro das localidades,Em pleno dia,Com inclinação,Recta,Na berma,Despiste,SEGUNDA-FEIRA,0,2,29,2007-02-24,10,ligeiro,Sim,Sim,Nao,182.0,1,3,29,1171
49562,2011505939,Braga,41.416521,-8.561632000000001,ER206,18.5,1,0,0,1.0,50,Berma pavimentada,Seco e limpo,Dois sentidos,Bom tempo,Em cruzamento,Dentro das localidades,Em pleno dia,Com inclinação,Recta,Em plena via,Colisão,QUARTA-FEIRA ,0,2,29,2010-11-06,16,ligeiro,Sim,Nao,Sim,182.0,1,3,29,1171
49566,2013657017,Braga,41.415831,-8.564297999999999,ER206,18.25,1,0,0,1.0,50,Berma pavimentada,Seco e limpo,Dois sentidos,Bom tempo,Em entroncamento,Dentro das localidades,Em pleno dia,Em patamar,Recta,Em plena via,Colisão,DOMINGO      ,0,2,29,2012-10-04,12,ligeiro,Sim,Nao,Sim,182.0,1,3,29,1171
49569,2011502695,Braga,41.671089,-8.468225,EN308,31.02,1,0,0,1.0,50,Berma não pavimentada,Molhado,Dois sentidos,Chuva,Fora da intersecção,Dentro das localidades,Em pleno dia,Em patamar,Curva,Em plena via,Colisão,SEXTA-FEIRA  ,0,2,29,2010-10-04,8,ligeiro,Sim,Sim,Nao,182.0,1,3,29,1171
49572,2008303859,Braga,41.415831,-8.564297999999999,ER206,18.25,1,0,0,1.0,50,Sem berma ou impraticável,Seco e limpo,Dois sentidos,Bom tempo,Em entroncamento,Dentro das localidades,Em pleno dia,Com inclinação,Recta,Em plena via,Colisão,SÁBADO       ,0,3,29,2007-12-26,11,ligeiro,Sim,Nao,Sim,182.0,1,3,29,1171
49574,2009357572,Braga,41.410684,-8.165834,ER207,45.6,1,0,0,1.0,50,Berma pavimentada,Molhado,Dois sentidos,Chuva,Fora da intersecção,Dentro das localidades,Em pleno dia,Em patamar,Curva,Em plena via,Despiste,SEGUNDA-FEIRA,0,1,29,2009-01-19,15,ligeiro,Sim,Sim,Nao,182.0,1,3,29,1171
49578,2011555142,Braga,41.548896,-8.274313000000001,ER310,3.7,2,0,0,1.0,50,Berma não pavimentada,Molhado,Dois sentidos,Chuva,Fora da intersecção,Dentro das localidades,Em pleno dia,Em patamar,Curva,Em plena via,Colisão,QUARTA-FEIRA ,0,2,29,2011-07-08,18,ligeiro,Sim,Sim,Nao,182.0,1,3,29,1171
49579,2012608179,Braga,41.415045,-8.169137,ER207,46.31,2,0,0,1.0,50,Berma pavimentada,Seco e limpo,Dois sentidos,Bom tempo,Fora da intersecção,Dentro das localidades,"Noite, sem iluminação",Com inclinação,Curva,Na berma,Despiste,DOMINGO      ,0,1,29,2012-03-19,21,ligeiro,Nao,Nao,Sim,182.0,1,3,29,1171
49582,2010429517,Braga,41.553222,-8.264681,ER310,2.66,2,0,0,1.0,50,Berma pavimentada,Húmido,Dois sentidos,Chuva,Em entroncamento,Dentro das localidades,"Noite, com iluminação",Com inclinação,Curva,Em plena via,Colisão,SÁBADO       ,0,2,29,2009-11-20,18,ligeiro,Nao,Sim,Nao,182.0,1,3,29,1171
49590,2008303863,Braga,41.416521,-8.561632000000001,ER206,18.5,5,0,0,1.0,50,Berma pavimentada,Seco e limpo,Dois sentidos,Bom tempo,Em entroncamento,Dentro das localidades,"Noite, com iluminação",Com inclinação,Recta,Em plena via,Colisão,SEGUNDA-FEIRA,0,2,29,2007-12-22,1,ligeiro,Nao,Nao,Sim,182.0,1,3,29,1171
49591,2007294063,Braga,41.556995,-8.266555,ER310,2.2,1,0,0,1.0,50,Sem berma ou impraticável,Seco e limpo,Dois sentidos,Bom tempo,Fora da intersecção,Dentro das localidades,Em pleno dia,Com inclinação,Recta,Em plena via,Despiste,SEGUNDA-FEIRA,0,1,29,2007-08-30,10,ligeiro,Sim,Nao,Sim,182.0,1,3,29,1171
49593,2009359324,Braga,41.419005,-8.54903,ER206,19.8,2,0,0,1.0,50,Sem berma ou impraticável,Seco e limpo,Dois sentidos,Bom tempo,Em entroncamento,Dentro das localidades,"Noite, com iluminação",Com inclinação,Curva,Em plena via,Colisão,SÁBADO       ,0,2,29,2009-02-15,19,ligeiro,Nao,Nao,Sim,182.0,1,3,29,1171
49595,2012608166,Braga,41.416521,-8.561632000000001,ER206,18.5,2,0,0,1.0,50,Berma pavimentada,Seco e limpo,Dois sentidos,Bom tempo,Em entroncamento,Dentro das localidades,"Noite, com iluminação",Em patamar,Recta,Em plena via,Colisão,QUARTA-FEIRA ,0,3,29,2012-03-21,20,ligeiro,Nao,Nao,Sim,182.0,1,3,29,1171
49598,2012638726,Braga,41.548896,-8.274313000000001,ER310,3.7,1,0,0,1.0,50,Sem berma ou impraticável,Molhado,Dois sentidos,Chuva,Fora da intersecção,Dentro das localidades,Em pleno dia,Em patamar,Curva,Em plena via,Despiste,SÁBADO       ,0,1,29,2012-08-24,16,ligeiro,Sim,Sim,Nao,182.0,1,3,29,1171
49599,2010469741,Braga,41.416384,-8.168478,ER207,46.5,3,0,0,1.0,50,Sem berma ou impraticável,Seco e limpo,Dois sentidos,Bom tempo,Fora da intersecção,Dentro das localidades,Em pleno dia,Em patamar,Recta,Em plena via,Colisão,SÁBADO       ,0,2,29,2010-06-24,7,ligeiro,Sim,Nao,Sim,182.0,1,3,29,1171
49601,2012645520,Braga,41.551947,-8.266697,ER310,2.9,1,0,0,1.0,50,Sem berma ou impraticável,Molhado,Dois sentidos,Chuva,Fora da intersecção,Dentro das localidades,Em pleno dia,Com inclinação,Recta,Em plena via,Colisão,DOMINGO      ,0,2,29,2012-09-23,15,ligeiro,Sim,Sim,Nao,182.0,1,3,29,1171
49603,2010468604,Braga,41.408219,-8.163644,ER207,45.26,1,0,0,1.0,50,Berma não pavimentada,Molhado,Dois sentidos,Chuva,Fora da intersecção,Dentro das localidades,Em pleno dia,Em patamar,Curva,Em plena via,Colisão,SEGUNDA-FEIRA,0,2,29,2010-06-09,15,ligeiro,Sim,Sim,Nao,182.0,1,3,29,1171
49606,2008331600,Braga,41.416106,-8.563228,ER206,18.35,1,0,0,1.0,50,Sem berma ou impraticável,Seco e limpo,Dois sentidos,Bom tempo,Fora da intersecção,Dentro das localidades,Em pleno dia,Com inclinação,Recta,Em plena via,Colisão,DOMINGO      ,0,2,29,2008-06-04,17,ligeiro,Sim,Nao,Sim,182.0,1,3,29,1171
49609,2009389483,Braga,41.548556,-8.276574,ER310,3.9,1,0,0,2.0,50,Berma pavimentada,Seco e limpo,Dois sentidos,Bom tempo,Fora da intersecção,Fora das localidades,Em pleno dia,Com inclinação,Recta,Em plena via,Colisão,QUINTA-FEIRA ,0,2,29,2009-06-01,10,ligeiro,Sim,Nao,Sim,182.0,1,3,29,1171