,COD_ACIDENTE,DISTRITO,LATITUDE,LONGITUDE,VIA,KM,QT_FLIGEIROS,QT_FGRAVES,QT_MORTOS,QT_VIAS_SENTIDO,VEL_LIM_LOCAL,BERMA_VIA,CONDICAO_ADERENCIA,FAIXA_RODAGEM,FATOR_ATMOSFERICO,INTERSECAO_VIA,LOCALIZACAO,LUMINOSIDADE,PERFIL_VIA,PLANTA_VIA,SITUACAO_ACIDENTE,TIPO_NATUREZA,DIA_SEMANA,FLAG_FERIADO,QT_VEICULOS,COD_FREGUESIA,DATA,HORA,GRAVIDADE,ERA_DIA,MAU_TEMPO,ESTRADA_SECA,DENSIDADE_TOTAL,COD_DISTRITO_INE,COD_CONCELHO_INE,COD_FREGUESIA_INE,TOTAL
49612,2010452613,Braga,41.417568,-8.556508000000001,ER206,19.0,1,0,0,1.0,50,Berma não pavimentada,Molhado,Dois sentidos,Chuva,Fora da intersecção,Dentro das localidades,Em pleno dia,Com inclinação,Recta,Em plena via,Colisão,SÁBADO       ,0,2,29,2010-03-25,17,ligeiro,Sim,Sim,Nao,182.0,1,3,29,1171
49614,2012608659,Braga,41.555226,-8.266214999999999,ER310,2.4,1,0,0,2.0,50,Berma não pavimentada,Seco e limpo,Dois sentidos,Bom tempo,Em cruzamento,Dentro das localidades,Em pleno dia,Em patamar,Recta,Em plena via,Colisão,SEGUNDA-FEIRA,0,2,29,2012-03-14,13,ligeiro,Sim,Nao,Sim,182.0,1,3,29,1171
49618,2010482361,Braga,41.416106,-8.563228,ER206,18.35,1,1,0,1.0,50,Sem berma ou impraticável,Seco e limpo,Dois sentidos,Bom tempo,Fora da intersecção,Dentro das localidades,Em pleno dia,Em patamar,Recta,Em plena via,Colisão,QUARTA-FEIRA ,0,2,29,2010-08-07,17,ligeiro,Sim,Nao,Sim,182.0,1,3,29,1171
49620,2010433770,Braga,41.403665000000004,-8.160498,ER207,44.27,1,0,0,1.0,50,Berma pavimentada,Molhado,Dois sentidos,Chuva,Fora da intersecção,Dentro das localidades,Em pleno dia,Com inclinação,Curva,Em plena via,Despiste,QUARTA-FEIRA ,0,1,29,2009-12-05,8,ligeiro,Sim,Sim,Nao,182.0,1,3,29,1171
49629,2009350748,Braga,41.556098,-8.266444,ER310,2.3,0,1,0,1.0,50,Berma pavimentada,Seco e limpo,Dois sentidos,Bom tempo,Fora da intersecção,Dentro das localidades,Em pleno dia,Com inclinação,Recta,Em plena via,Colisão,SEXTA-FEIRA  ,0,2,29,2008-11-26,12,ligeiro,Sim,Nao,Sim,182.0,1,3,29,1171
49636,2012613573,Braga,41.552877,-8.264783,ER310,2.7,1,0,0,1.0,50,Berma pavimentada,Húmido,Dois sentidos,Bom tempo,Fora da intersecção,Dentro das localidades,Em pleno dia,Com inclinação,Recta,Em plena via,Colisão,TERÇA-FEIRA  ,0,2,29,2012-04-12,8,ligeiro,Sim,Nao,Nao,182.0,1,3,29,1171
49638,2013669701,Braga,41.408975,-8.164095,ER207,45.35,1,0,0,1.0,50,Sem berma ou impraticável,Molhado,Dois sentidos,Chuva,Fora da intersecção,Dentro das localidades,"Noite, com iluminação",Em patamar,Recta,Em plena via,Colisão,TERÇA-FEIRA  ,0,2,29,2012-12-19,19,ligeiro,Nao,Sim,Nao,182.0,1,3,29,1171
49642,2012638668,Braga,41.416241,-8.562691000000001,ER206,18.4,1,0,0,1.0,50,Berma pavimentada,Seco e limpo,Dois sentidos,Bom tempo,Fora da intersecção,Dentro das localidades,Em pleno dia,Com inclinação,Recta,Em plena via,Colisão,QUINTA-FEIRA ,0,3,29,2012-08-23,15,ligeiro,Sim,Nao,Sim,182.0,1,3,29,1171
49643,2007295662,Braga,41.553563,-8.264828999999999,ER310,2.62,1,0,0,1.0,50,Berma pavimentada,Húmido,Dois sentidos,Chuva,Fora da intersecção,Dentro das localidades,"Noite, com iluminação",Em patamar,Curva,Em plena via,Despiste,QUARTA-FEIRA ,0,1,29,2007-09-29,11,ligeiro,Nao,Sim,Nao,182.0,1,3,29,1171
49646,2010424058,Braga,41.418898,-8.551139,ER206,19.62,1,0,0,1.0,90,Sem berma ou impraticável,Seco e limpo,Dois sentidos,Bom tempo,Fora da intersecção,Dentro das localidades,Em pleno dia,Com inclinação,Curva,Em plena via,Atropelamento,TERÇA-FEIRA  ,0,1,29,2009-10-14,10,ligeiro,Sim,Nao,Sim,182.0,1,3,29,1171
49648,2008328349,Braga,41.416581,-8.561364,ER206,18.52,2,0,0,1.0,50,Sem berma ou impraticável,Molhado,Dois sentidos,Bom tempo,Em entroncamento,Dentro das localidades,Em pleno dia,Com inclinação,Recta,Em plena via,Colisão,DOMINGO      ,1,3,29,2008-05-01,10,ligeiro,Sim,Nao,Nao,182.0,1,3,29,1171
49652,2010433024,Braga,41.548896,-8.274313000000001,ER310,3.7,1,0,0,1.0,50,Berma pavimentada,Molhado,Dois sentidos,Chuva,Fora da intersecção,Dentro das localidades,Em pleno dia,Com inclinação,Curva,Em plena via,Colisão,SÁBADO       ,0,2,29,2009-12-24,15,ligeiro,Sim,Sim,Nao,182.0,1,3,29,1171
49653,2008306135,Braga,41.551409,-8.267321,ER310,2.98,4,0,0,2.0,50,Berma não pavimentada,Húmido,Dois sentidos,Chuva,Fora da intersecção,Dentro das localidades,Em pleno dia,Em patamar,Curva,Em plena via,Colisão,QUINTA-FEIRA ,0,2,29,2007-12-19,16,ligeiro,Sim,Sim,Nao,182.0,1,3,29,1171
49654,2012597647,Braga,41.549225,-8.273713,ER310,3.63,2,0,0,1.0,50,Sem berma ou impraticável,Seco e limpo,Dois sentidos,Bom tempo,Fora da intersecção,Dentro das localidades,"Noite, com iluminação",Em patamar,Curva,Em plena via,Colisão,SÁBADO       ,0,2,29,2011-11-30,23,ligeiro,Nao,Nao,Sim,182.0,1,3,29,1171
49657,2008318468,Braga,41.555929,-8.395092,EN(d)103-3,0.2,2,0,0,1.0,50,Berma pavimentada,Seco e limpo,Sentido único,Bom tempo,NÃO DEFINIDO,Dentro das localidades,Em pleno dia,Em patamar,Recta,Em plena via,Despiste,TERÇA-FEIRA  ,0,1,29,2008-02-18,13,ligeiro,Sim,Nao,Sim,182.0,1,3,29,1171
49658,2010486574,Braga,41.550451,-8.272471000000001,ER310,3.45,3,0,0,1.0,50,Berma não pavimentada,Seco e limpo,Dois sentidos,Bom tempo,Fora da intersecção,Dentro das localidades,Em pleno dia,Em patamar,Curva,Em plena via,Colisão,SEXTA-FEIRA  ,0,2,29,2010-08-25,9,ligeiro,Sim,Nao,Sim,182.0,1,3,29,1171
49663,2008333879,Braga,41.419441,-8.547962,ER206,19.9,3,0,0,2.0,90,Sem berma ou impraticável,Seco e limpo,Dois sentidos,Bom tempo,Fora da intersecção,Fora das localidades,Em pleno dia,Com inclinação,Curva,Em plena via,Colisão,QUARTA-FEIRA ,0,3,29,2008-07-16,17,ligeiro,Sim,Nao,Sim,182.0,1,3,29,1171
49666,2012597895,Braga,41.550988000000004,-8.271262,ER310,3.33,1,0,0,1.0,50,Berma pavimentada,Seco e limpo,Dois sentidos,Bom tempo,Em entroncamento,Dentro das localidades,Em pleno dia,Em patamar,Recta,Na berma,Colisão,DOMINGO      ,0,2,29,2012-01-21,13,ligeiro,Sim,Nao,Sim,182.0,1,3,29,1171
49667,2008339853,Braga,41.548896,-8.274313000000001,ER310,3.7,3,0,0,1.0,50,Berma pavimentada,Húmido,Dois sentidos,Chuva,Fora da intersecção,Dentro das localidades,"Noite, sem iluminação",Em patamar,Curva,Na berma,Despiste,DOMINGO      ,0,1,29,2008-09-20,20,ligeiro,Nao,Sim,Nao,182.0,1,3,29,1171
49670,2011563861,Braga,41.557891,-8.266665,ER310,2.1,2,0,0,1.0,50,Berma pavimentada,Seco e limpo,Dois sentidos,Bom tempo,Fora da intersecção,Dentro das localidades,"Noite, com iluminação",Em Lomba,Recta,Em plena via,Colisão,SEGUNDA-FEIRA,0,1,29,2011-08-04,1,ligeiro,Nao,Nao,Sim,182.0,1,3,29,1171
49671,2010486550,Braga,41.542747,-8.373136,EN(d)309,44.3,1,0,0,2.0,50,Berma não pavimentada,Seco e limpo,Dois sentidos,Bom tempo,Fora da intersecção,Dentro das localidades,Em pleno dia,Com inclinação,Recta,Em plena via,Colisão,TERÇA-FEIRA  ,0,2,29,2010-08-28,18,ligeiro,Sim,Nao,Sim,182.0,1,3,29,1171
49672,2011542715,Braga,41.419193,-8.553457,ER206,19.4,2,0,0,1.0,50,Berma pavimentada,Molhado,Dois sentidos,Chuva,Fora da intersecção,Dentro das localidades,Em pleno dia,Com inclinação,Curva,Em plena via,Colisão,TERÇA-FEIRA  ,0,2,29,2011-05-17,13,ligeiro,Sim,Sim,Nao,182.0,1,3,29,1171
49673,2010445912,Braga,41.419193,-8.553457,ER206,19.4,1,0,0,1.0,50,Berma pavimentada,Seco e limpo,Dois sentidos,Bom tempo,Fora da intersecção,Dentro das localidades,"Noite, com iluminação",Com inclinação,Curva,Em plena via,Colisão,SÁBADO       ,0,2,29,2010-02-14,19,ligeiro,Nao,Nao,Sim,182.0,1,3,29,1171
49674,2010452595,Braga,41.405352,-8.159349,ER207,44.5,2,0,0,2.0,50,Berma não pavimentada,Seco e limpo,Dois sentidos,Bom tempo,Fora da intersecção,Fora das localidades,Em pleno dia,Em patamar,Curva,Em plena via,Colisão,DOMINGO      ,0,2,29,2010-02-04,7,ligeiro,Sim,Nao,Sim,182.0,1,3,29,1171
49675,2011503783,Braga,41.428655,-8.303196,EN105,44.35,2,0,0,1.0,50,Sem berma ou impraticável,Húmido,Dois sentidos,Chuva,Fora da intersecção,Dentro das localidades,Em pleno dia,Com inclinação,Recta,Em plena via,Colisão,TERÇA-FEIRA  ,0,3,29,2011-01-07,8,ligeiro,Sim,Sim,Nao,182.0,1,3,29,1171
49679,2010428130,Braga,41.6697,-8.470725,EN308,30.7,1,0,0,1.0,50,Sem berma ou impraticável,Molhado,Dois sentidos,Chuva,Fora da intersecção,Dentro das localidades,"Noite, sem iluminação",Em patamar,Recta,Em plena via,Atropelamento,SÁBADO       ,0,1,29,2009-11-26,18,ligeiro,Nao,Sim,Nao,182.0,1,3,29,1171
49681,2007274151,Braga,41.592148,-8.344944,EN103,48.18,1,0,0,2.0,50,Berma não pavimentada,Molhado,Dois sentidos,Bom tempo,Fora da intersecção,Dentro das localidades,Em pleno dia,Com inclinação,Curva,Em plena via,Despiste,QUARTA-FEIRA ,0,1,35,2007-02-14,9,ligeiro,Sim,Nao,Nao,385.3,1,3,35,820
49682,2007281241,Braga,41.354463,-8.553085000000001,EN14,21.3,1,0,0,1.0,50,Berma pavimentada,Seco e limpo,Dois sentidos,Bom tempo,Fora da intersecção,Dentro das localidades,Em pleno dia,Em patamar,Recta,Em plena via,Despiste,SEXTA-FEIRA  ,0,1,35,2007-04-30,6,ligeiro,Sim,Nao,Sim,385.3,1,3,35,820
49683,2007278443,Braga,41.355834,-8.552348,EN14,21.45,1,0,1,1.0,50,Sem berma ou impraticável,Seco e limpo,Dois sentidos,Bom tempo,Fora da intersecção,Dentro das localidades,"Noite, com iluminação",Em patamar,Curva,Em plena via,Despiste,DOMINGO      ,0,1,35,2007-03-17,2,ligeiro,Nao,Nao,Sim,385.3,1,3,35,820
49684,2007283694,Braga,41.351679,-8.554422,EN14,21.0,1,0,0,1.0,50,Berma pavimentada,Seco e limpo,Dois sentidos,Bom tempo,Em entroncamento,Fora das localidades,"Noite, com iluminação",Em patamar,Recta,Em plena via,Colisão,DOMINGO      ,0,2,35,2007-05-30,3,ligeiro,Nao,Nao,Sim,385.3,1,3,35,820
49685,2007285481,Braga,41.360613,-8.548197,EN14,22.05,1,0,0,2.0,50,Berma pavimentada,Seco e limpo,Dois sentidos,Bom tempo,Em entroncamento,Dentro das localidades,Em pleno dia,Com inclinação,Recta,Em plena via,Atropelamento,QUARTA-FEIRA ,0,1,35,2007-06-02,11,ligeiro,Sim,Nao,Sim,385.3,1,3,35,820
49686,2007285486,Braga,41.613706,-8.34426,ER205-4,0.2,3,0,0,1.0,50,Berma pavimentada,Seco e limpo,Dois sentidos,Bom tempo,Em entroncamento,Dentro das localidades,Em pleno dia,Em patamar,Recta,Em plena via,Colisão,SEXTA-FEIRA  ,0,2,35,2007-06-15,18,ligeiro,Sim,Nao,Sim,385.3,1,3,35,820
49687,2007287124,Braga,41.355834,-8.552348,EN14,21.45,1,0,0,2.0,50,Berma pavimentada,Molhado,Dois sentidos,Chuva,Fora da intersecção,Dentro das localidades,"Noite, com iluminação",Com inclinação,Curva,Em plena via,Colisão,QUARTA-FEIRA ,0,2,35,2007-06-30,23,ligeiro,Nao,Sim,Nao,385.3,1,3,35,820
49691,2008319542,Braga,41.615223,-8.339317999999999,ER205,55.1,0,1,0,1.0,80,Berma não pavimentada,Seco e limpo,Dois sentidos,Bom tempo,Fora da intersecção,Dentro das localidades,"Noite, com iluminação",Em patamar,Curva,Na berma,Despiste,SEXTA-FEIRA  ,0,1,35,2008-03-15,20,ligeiro,Nao,Nao,Sim,385.3,1,3,35,820
49693,2008323765,Braga,41.711115,-8.420311,EN101,70.2,1,0,0,1.0,50,Berma não pavimentada,Molhado,Dois sentidos,Chuva,Fora da intersecção,Fora das localidades,Em pleno dia,Com inclinação,Curva,Em plena via,Colisão,QUARTA-FEIRA ,0,3,35,2008-04-22,10,ligeiro,Sim,Sim,Nao,385.3,1,3,35,820
49694,2008338384,Braga,41.354,-8.553309,EN14,21.25,2,0,0,1.0,50,Berma pavimentada,Seco e limpo,Dois sentidos,Bom tempo,Fora da intersecção,Dentro das localidades,Aurora ou crepúsculo,Em patamar,Recta,Em plena via,Colisão,SÁBADO       ,0,2,35,2008-08-22,5,ligeiro,Nao,Nao,Sim,385.3,1,3,35,820
49695,2008330225,Braga,41.356268,-8.552038,EN14,21.5,4,0,0,1.0,50,Berma não pavimentada,Seco e limpo,Dois sentidos,Bom tempo,Fora da intersecção,Dentro das localidades,Em pleno dia,Em patamar,Recta,Na berma,Despiste,SEGUNDA-FEIRA,0,1,35,2008-06-22,18,ligeiro,Sim,Nao,Sim,385.3,1,3,35,820
49697,2009367517,Braga,41.348879,-8.555477999999999,EN14,20.71,2,0,0,2.0,50,Berma pavimentada,Seco e limpo,Dois sentidos,Bom tempo,Em entroncamento,Dentro das localidades,Em pleno dia,Em patamar,Recta,Em plena via,Colisão,DOMINGO      ,0,2,35,2009-03-21,12,ligeiro,Sim,Nao,Sim,385.3,1,3,35,820
49698,2009372088,Braga,41.350738,-8.554816,EN14,20.9,0,1,0,1.0,50,Berma pavimentada,Seco e limpo,Dois sentidos,Bom tempo,Fora da intersecção,Dentro das localidades,Em pleno dia,Em patamar,Recta,Em plena via,Atropelamento,QUINTA-FEIRA ,0,1,35,2009-03-24,15,ligeiro,Sim,Nao,Sim,385.3,1,3,35,820
49703,2010424104,Braga,41.350738,-8.554816,EN14,20.9,1,0,0,2.0,50,Berma pavimentada,Seco e limpo,Dois sentidos,Bom tempo,Fora da intersecção,Dentro das localidades,Em pleno dia,Em patamar,Recta,Em plena via,Atropelamento,TERÇA-FEIRA  ,0,1,35,2009-10-14,14,ligeiro,Sim,Nao,Sim,385.3,1,3,35,820
49704,2010429494,Braga,41.350643,-8.55485,EN14,20.89,1,0,0,1.0,50,Berma pavimentada,Seco e limpo,Dois sentidos,Bom tempo,Em cruzamento,Dentro das localidades,Em pleno dia,Em patamar,Recta,Em plena via,Colisão,TERÇA-FEIRA  ,0,2,35,2009-11-23,15,ligeiro,Sim,Nao,Sim,385.3,1,3,35,820
49705,2010428083,Braga,41.711779,-8.423153999999998,EN101,70.47,1,0,0,1.0,50,Berma não pavimentada,Molhado,Dois sentidos,Chuva,Fora da intersecção,Fora das localidades,"Noite, sem iluminação",Com inclinação,Curva,Na berma,Despiste,DOMINGO      ,0,1,35,2009-11-10,20,ligeiro,Nao,Sim,Nao,385.3,1,3,35,820
49706,2010441995,Braga,41.36108,-8.547985,EN14,22.1,1,0,0,1.0,50,Berma pavimentada,Seco e limpo,Dois sentidos,Bom tempo,Fora da intersecção,Dentro das localidades,Em pleno dia,Com inclinação,Recta,Em plena via,Colisão,SEGUNDA-FEIRA,0,2,35,2010-01-07,14,ligeiro,Sim,Nao,Sim,385.3,1,3,35,820
49708,2010477761,Braga,41.353376000000004,-8.553602,EN14,21.18,1,0,0,1.0,50,Berma pavimentada,Seco e limpo,Dois sentidos,Bom tempo,Em entroncamento,Dentro das localidades,Em pleno dia,Em patamar,Recta,Em plena via,Colisão,TERÇA-FEIRA  ,0,2,35,2010-07-08,19,ligeiro,Sim,Nao,Sim,385.3,1,3,35,820
49709,2010470387,Braga,41.348832,-8.555495,EN14,20.7,1,0,0,1.0,50,Berma pavimentada,Seco e limpo,Dois sentidos,Bom tempo,Fora da intersecção,Dentro das localidades,Em pleno dia,Em patamar,Recta,Em plena via,Colisão,SEXTA-FEIRA  ,0,2,35,2010-06-12,17,ligeiro,Sim,Nao,Sim,385.3,1,3,35,820
49710,2010468572,Braga,41.590538,-8.346248,EN103,47.97,1,0,0,1.0,80,Berma pavimentada,Seco e limpo,Dois sentidos,Bom tempo,Fora da intersecção,Fora das localidades,"Noite, sem iluminação",Em patamar,Recta,Na berma,Despiste,QUARTA-FEIRA ,0,1,35,2010-06-05,2,ligeiro,Nao,Nao,Sim,385.3,1,3,35,820
49711,2010477683,Braga,41.354927,-8.552861,EN14,21.35,1,0,0,1.0,50,Berma pavimentada,Seco e limpo,Dois sentidos,Bom tempo,Em entroncamento,Dentro das localidades,Em pleno dia,Em patamar,Recta,Em plena via,Colisão,DOMINGO      ,0,3,35,2010-07-12,12,ligeiro,Sim,Nao,Sim,385.3,1,3,35,820
49713,2010491619,Braga,41.704476,-8.420619,EN101,71.5,2,0,0,1.0,50,Sem berma ou impraticável,Seco e limpo,Dois sentidos,Bom tempo,Em entroncamento,Dentro das localidades,Em pleno dia,Em patamar,Recta,Em plena via,Colisão,SEXTA-FEIRA  ,0,2,35,2010-09-17,8,ligeiro,Sim,Nao,Sim,385.3,1,3,35,820
49714,2010496681,Braga,41.624829999999996,-8.730381,EN(d)305,38.9,2,0,0,1.0,50,Sem berma ou impraticável,Seco e limpo,Dois sentidos,Bom tempo,Fora da intersecção,Dentro das localidades,Em pleno dia,Em patamar,Recta,Em plena via,Colisão,DOMINGO      ,0,2,35,2010-10-28,13,ligeiro,Sim,Nao,Sim,385.3,1,3,35,820
49715,2011500362,Braga,41.590004,-8.346694,EN103,47.9,2,0,0,1.0,90,Sem berma ou impraticável,Seco e limpo,Dois sentidos,Bom tempo,Fora da intersecção,Fora das localidades,"Noite, sem iluminação",Em patamar,Recta,Em plena via,Atropelamento,DOMINGO      ,0,1,35,2010-10-28,22,ligeiro,Nao,Nao,Sim,385.3,1,3,35,820
49716,2011522266,Braga,41.351679,-8.554422,EN14,21.0,0,0,1,1.0,50,Berma pavimentada,Seco e limpo,Dois sentidos,Bom tempo,Em entroncamento,Dentro das localidades,Em pleno dia,Em patamar,Recta,Em plena via,Colisão,SÁBADO       ,0,2,35,2011-02-08,8,ligeiro,Sim,Nao,Sim,385.3,1,3,35,820
49718,2011523838,Braga,41.348832,-8.555495,EN14,20.7,1,0,0,1.0,50,Berma pavimentada,Seco e limpo,Dois sentidos,Bom tempo,Fora da intersecção,Dentro das localidades,Em pleno dia,Em patamar,Recta,Em plena via,Colisão,DOMINGO      ,0,3,35,2011-02-25,11,ligeiro,Sim,Nao,Sim,385.3,1,3,35,820
49719,2011518977,Braga,41.354927,-8.552861,EN14,21.35,3,0,0,1.0,50,Berma pavimentada,Molhado,Dois sentidos,Chuva,Fora da intersecção,Dentro das localidades,"Noite, com iluminação",Com inclinação,Recta,Em plena via,Colisão,SEGUNDA-FEIRA,0,2,35,2011-01-06,20,ligeiro,Nao,Sim,Nao,385.3,1,3,35,820
49720,2011519190,Braga,41.36201,-8.547546,EN14,22.2,1,0,0,2.0,50,Berma pavimentada,Molhado,Dois sentidos,Chuva,Fora da intersecção,Dentro das localidades,"Noite, com iluminação",Com inclinação,Recta,Em plena via,Colisão,DOMINGO      ,0,2,35,2011-01-05,21,ligeiro,Nao,Sim,Nao,385.3,1,3,35,820
49721,2011529062,Braga,41.70371,-8.420335000000001,EN101,71.6,1,0,0,1.0,50,Berma não pavimentada,Seco e limpo,Dois sentidos,Bom tempo,Fora da intersecção,Dentro das localidades,"Noite, sem iluminação",Em patamar,Curva,Na berma,Despiste,DOMINGO      ,0,1,35,2011-03-03,23,ligeiro,Nao,Nao,Sim,385.3,1,3,35,820
49723,2011563884,Braga,41.347879999999996,-8.555841000000001,EN14,20.6,1,0,0,1.0,50,Berma pavimentada,Seco e limpo,Dois sentidos,Bom tempo,Em cruzamento,Dentro das localidades,"Noite, sem iluminação",Em patamar,Recta,Em plena via,Colisão,DOMINGO      ,0,2,35,2011-08-09,0,ligeiro,Nao,Nao,Sim,385.3,1,3,35,820
49724,2011561942,Braga,41.356268,-8.552038,EN14,21.5,1,0,0,1.0,50,Berma pavimentada,Seco e limpo,Dois sentidos,Bom tempo,Fora da intersecção,Dentro das localidades,Em pleno dia,Em patamar,Curva,Em plena via,Atropelamento,TERÇA-FEIRA  ,0,1,35,2011-08-16,10,ligeiro,Sim,Nao,Sim,385.3,1,3,35,820
49725,2011574265,Braga,41.355387,-8.552625,EN14,21.4,2,0,0,1.0,50,Berma pavimentada,Seco e limpo,Dois sentidos,Bom tempo,Fora da intersecção,Dentro das localidades,"Noite, com iluminação",Em patamar,Recta,Em plena via,Colisão,SEXTA-FEIRA  ,0,2,35,2011-10-15,19,ligeiro,Nao,Nao,Sim,385.3,1,3,35,820
49727,2012608636,Braga,41.701848999999996,-8.420447,EN101,71.85,1,0,0,2.0,50,Sem berma ou impraticável,Seco e limpo,Dois sentidos,Bom tempo,Fora da intersecção,Dentro das localidades,"Noite, sem iluminação",Com inclinação,Curva,Na berma,Despiste,SEGUNDA-FEIRA,0,1,35,2012-03-03,20,ligeiro,Nao,Nao,Sim,385.3,1,3,35,820
49728,2012613116,Braga,41.357196,-8.550511,EN14,21.65,1,0,0,1.0,50,Berma pavimentada,Molhado,Dois sentidos,Chuva,Fora da intersecção,Dentro das localidades,Em pleno dia,Com inclinação,Recta,Em plena via,Colisão,DOMINGO      ,0,3,35,2012-04-11,7,ligeiro,Sim,Sim,Nao,385.3,1,3,35,820
49730,2012608194,Braga,41.348832,-8.555495,EN14,20.7,1,0,0,1.0,50,Berma pavimentada,Seco e limpo,Dois sentidos,Bom tempo,Fora da intersecção,Dentro das localidades,"Noite, com iluminação",Em patamar,Recta,Em plena via,Colisão,QUINTA-FEIRA ,0,2,35,2012-03-22,20,ligeiro,Nao,Nao,Sim,385.3,1,3,35,820
49731,2012645000,Braga,41.364717,-8.545977,EN14,22.5,1,0,0,2.0,50,Berma pavimentada,Com óleo,Sentido único,Bom tempo,Em rotunda,Dentro das localidades,Em pleno dia,Com inclinação,Recta,Em plena via,Despiste,TERÇA-FEIRA  ,0,1,35,2012-09-02,18,ligeiro,Sim,Nao,Nao,385.3,1,3,35,820
49732,2012645019,Braga,41.356268,-8.552038,EN14,21.5,2,0,0,2.0,50,Sem berma ou impraticável,Seco e limpo,Dois sentidos,Bom tempo,Fora da intersecção,Dentro das localidades,"Noite, com iluminação",Com inclinação,Recta,Em plena via,Colisão,QUARTA-FEIRA ,0,3,35,2012-09-08,23,ligeiro,Nao,Nao,Sim,385.3,1,3,35,820
49733,2013655770,Braga,41.360146,-8.548405,EN14,22.0,1,0,0,2.0,50,Sem berma ou impraticável,Seco e limpo,Dois sentidos,Bom tempo,Em entroncamento,Dentro das localidades,"Noite, com iluminação",Em patamar,Recta,Em plena via,Colisão,SÁBADO       ,0,2,35,2012-10-20,20,ligeiro,Nao,Nao,Sim,385.3,1,3,35,820
49735,2012645528,Braga,41.350738,-8.554816,EN14,20.9,1,0,0,1.0,50,Berma pavimentada,Seco e limpo,Dois sentidos,Bom tempo,Fora da intersecção,Dentro das localidades,Em pleno dia,Em patamar,Recta,Em plena via,Atropelamento,SEGUNDA-FEIRA,0,1,35,2012-09-18,8,ligeiro,Sim,Nao,Sim,385.3,1,3,35,820
49737,2013669731,Braga,41.353534,-8.553525,EN14,21.2,1,0,0,1.0,50,Berma não pavimentada,Seco e limpo,Dois sentidos,Bom tempo,Em entroncamento,Dentro das localidades,"Noite, com iluminação",Em patamar,Recta,Em plena via,Colisão,DOMINGO      ,0,2,35,2012-12-28,22,ligeiro,Nao,Nao,Sim,385.3,1,3,35,820
49738,2013669732,Braga,41.360146,-8.548405,EN14,22.0,2,0,0,1.0,50,Berma pavimentada,Molhado,Dois sentidos,Chuva,Em entroncamento,Dentro das localidades,Em pleno dia,Em patamar,Recta,Em plena via,Colisão,SEGUNDA-FEIRA,0,3,35,2012-12-29,10,ligeiro,Sim,Sim,Nao,385.3,1,3,35,820
49739,2009361209,Braga,41.353534,-8.553525,EN14,21.2,0,1,0,1.0,50,Berma pavimentada,Seco e limpo,Dois sentidos,Bom tempo,Fora da intersecção,Dentro das localidades,Em pleno dia,Em patamar,Recta,Em plena via,Atropelamento,SÁBADO       ,0,1,35,2009-02-26,10,ligeiro,Sim,Nao,Sim,385.3,1,3,35,820
49740,2011506723,Braga,41.354463,-8.553085000000001,EN14,21.3,1,0,0,1.0,50,Berma pavimentada,Seco e limpo,Dois sentidos,Bom tempo,Em entroncamento,Dentro das localidades,"Noite, com iluminação",Em patamar,Recta,Em plena via,Colisão,DOMINGO      ,0,2,35,2010-11-26,22,ligeiro,Nao,Nao,Sim,385.3,1,3,35,820
49743,2010486080,Braga,41.353534,-8.553525,EN14,21.2,1,0,0,1.0,50,Berma pavimentada,Seco e limpo,Dois sentidos,Bom tempo,Em entroncamento,Dentro das localidades,"Noite, com iluminação",Em patamar,Recta,Em plena via,Colisão,DOMINGO      ,0,2,35,2010-08-27,22,ligeiro,Nao,Nao,Sim,385.3,1,3,35,820
49744,2009409899,Braga,41.350738,-8.554816,EN14,20.9,1,0,0,1.0,50,Berma pavimentada,Seco e limpo,Dois sentidos,Bom tempo,Fora da intersecção,Dentro das localidades,"Noite, com iluminação",Em patamar,Recta,Em plena via,Atropelamento,TERÇA-FEIRA  ,0,1,35,2009-08-07,22,ligeiro,Nao,Nao,Sim,385.3,1,3,35,820
49747,2007288545,Braga,41.358953,-8.548958,EN14,21.87,0,3,0,1.0,50,Sem berma ou impraticável,Seco e limpo,Dois sentidos,Bom tempo,Fora da intersecção,Dentro das localidades,"Noite, com iluminação",Em patamar,Recta,Em plena via,Colisão,SEGUNDA-FEIRA,0,2,35,2007-07-21,4,ligeiro,Nao,Nao,Sim,385.3,1,3,35,820
49749,2010463483,Braga,41.360146,-8.548405,EN14,22.0,1,0,0,1.0,50,Berma pavimentada,Seco e limpo,Dois sentidos,Bom tempo,Em entroncamento,Dentro das localidades,"Noite, com iluminação",Em patamar,Recta,No passeio,Despiste,QUINTA-FEIRA ,0,1,35,2010-05-08,3,ligeiro,Nao,Nao,Sim,385.3,1,3,35,820
49755,2012645015,Braga,41.347404,-8.556011999999999,EN14,20.55,1,0,0,1.0,50,Sem berma ou impraticável,Seco e limpo,Dois sentidos,Bom tempo,Em entroncamento,Dentro das localidades,Em pleno dia,Em patamar,Recta,Em plena via,Colisão,SEXTA-FEIRA  ,0,2,35,2012-09-04,14,ligeiro,Sim,Nao,Sim,385.3,1,3,35,820