,COD_ACIDENTE,DISTRITO,LATITUDE,LONGITUDE,VIA,KM,QT_FLIGEIROS,QT_FGRAVES,QT_MORTOS,QT_VIAS_SENTIDO,VEL_LIM_LOCAL,BERMA_VIA,CONDICAO_ADERENCIA,FAIXA_RODAGEM,FATOR_ATMOSFERICO,INTERSECAO_VIA,LOCALIZACAO,LUMINOSIDADE,PERFIL_VIA,PLANTA_VIA,SITUACAO_ACIDENTE,TIPO_NATUREZA,DIA_SEMANA,FLAG_FERIADO,QT_VEICULOS,COD_FREGUESIA,DATA,HORA,GRAVIDADE,ERA_DIA,MAU_TEMPO,ESTRADA_SECA,DENSIDADE_TOTAL,COD_DISTRITO_INE,COD_CONCELHO_INE,COD_FREGUESIA_INE,TOTAL
49756,2011563835,Braga,41.708655,-8.422182000000001,EN101,71.0,1,0,0,1.0,50,Sem berma ou impraticável,Seco e limpo,Dois sentidos,Bom tempo,Fora da intersecção,Dentro das localidades,"Noite, sem iluminação",Em patamar,Curva,Em plena via,Colisão,QUINTA-FEIRA ,0,2,35,2011-08-12,0,ligeiro,Nao,Nao,Sim,385.3,1,3,35,820
49760,2013656232,Braga,41.354927,-8.552861,EN14,21.35,1,0,0,1.0,50,Berma não pavimentada,Molhado,Dois sentidos,Chuva,Em entroncamento,Fora das localidades,Em pleno dia,Em patamar,Recta,Em plena via,Colisão,SEGUNDA-FEIRA,0,3,35,2012-10-22,14,ligeiro,Sim,Sim,Nao,385.3,1,3,35,820
49763,2008330317,Braga,41.360146,-8.548405,EN14,22.0,1,0,0,1.0,90,Berma pavimentada,Seco e limpo,Dois sentidos,Bom tempo,Fora da intersecção,Fora das localidades,Em pleno dia,Em patamar,Recta,Em plena via,Colisão,SEGUNDA-FEIRA,0,2,35,2008-06-16,13,ligeiro,Sim,Nao,Sim,385.3,1,3,35,820
49765,2011523610,Braga,41.36505,-8.545702,EN14,22.54,1,0,0,2.0,50,Sem berma ou impraticável,Seco e limpo,Sentido único,Bom tempo,Em rotunda,Dentro das localidades,Em pleno dia,Com inclinação,Curva,Em plena via,Colisão,QUINTA-FEIRA ,0,2,35,2011-02-12,15,ligeiro,Sim,Nao,Sim,385.3,1,3,35,820
49768,2012579597,Braga,41.358746000000004,-8.549045,EN14,21.85,3,0,0,1.0,50,Berma pavimentada,Húmido,Dois sentidos,Chuva,Fora da intersecção,Dentro das localidades,Em pleno dia,Em patamar,Recta,Em plena via,Colisão,DOMINGO      ,0,3,35,2011-11-03,8,ligeiro,Sim,Sim,Nao,385.3,1,3,35,820
49769,2011500409,Braga,41.348832,-8.555495,EN14,20.7,1,0,0,1.0,50,Berma pavimentada,Seco e limpo,Dois sentidos,Bom tempo,Em entroncamento,Dentro das localidades,Em pleno dia,Em patamar,Recta,Em plena via,Colisão,SEXTA-FEIRA  ,0,2,35,2010-10-21,10,ligeiro,Sim,Nao,Sim,385.3,1,3,35,820
49770,2011512200,Braga,41.350738,-8.554816,EN14,20.9,2,0,0,1.0,50,Berma pavimentada,Seco e limpo,Dois sentidos,Chuva,Fora da intersecção,Dentro das localidades,Em pleno dia,Em patamar,Recta,Em plena via,Colisão,SÁBADO       ,0,3,35,2010-12-29,13,ligeiro,Sim,Sim,Sim,385.3,1,3,35,820
49771,2009383540,Braga,41.356594,-8.551549000000001,EN14,21.55,2,0,0,1.0,50,Berma não pavimentada,Seco e limpo,Dois sentidos,Bom tempo,Fora da intersecção,Dentro das localidades,"Noite, com iluminação",Em patamar,Recta,Na berma,Despiste,SEGUNDA-FEIRA,1,1,35,2009-05-01,1,ligeiro,Nao,Nao,Sim,385.3,1,3,35,820
49773,2011506768,Braga,41.348023,-8.555789,EN14,20.62,2,0,0,1.0,50,Sem berma ou impraticável,Molhado,Dois sentidos,Chuva,Em cruzamento,Dentro das localidades,Em pleno dia,Em patamar,Recta,Em plena via,Colisão,QUARTA-FEIRA ,0,2,35,2010-11-17,11,ligeiro,Sim,Sim,Nao,385.3,1,3,35,820
49774,2008339852,Braga,41.708655,-8.422182000000001,EN101,71.0,2,0,0,1.0,50,Sem berma ou impraticável,Seco e limpo,Dois sentidos,Bom tempo,Fora da intersecção,Fora das localidades,Em pleno dia,Em patamar,Recta,Em plena via,Despiste,QUINTA-FEIRA ,0,1,35,2008-09-18,13,ligeiro,Sim,Nao,Sim,385.3,1,3,35,820
49776,2010429515,Braga,41.362477,-8.547334,EN14,22.25,1,0,0,1.0,90,Sem berma ou impraticável,Seco e limpo,Dois sentidos,Bom tempo,Fora da intersecção,Fora das localidades,Em pleno dia,Com inclinação,Curva,Em plena via,Colisão,QUARTA-FEIRA ,0,2,35,2009-11-18,10,ligeiro,Sim,Nao,Sim,385.3,1,3,35,820
49779,2012636942,Braga,41.359215,-8.548841,EN14,21.9,1,0,0,1.0,50,Berma pavimentada,Seco e limpo,Dois sentidos,Bom tempo,Em entroncamento,Dentro das localidades,Em pleno dia,Em patamar,Recta,Em plena via,Despiste,SEGUNDA-FEIRA,0,1,35,2012-08-09,16,ligeiro,Sim,Nao,Sim,385.3,1,3,35,820
49781,2011527182,Braga,41.353534,-8.553525,EN14,21.2,2,0,0,1.0,50,Berma pavimentada,Seco e limpo,Dois sentidos,Bom tempo,Em entroncamento,Dentro das localidades,"Noite, com iluminação",Em patamar,Recta,Em plena via,Colisão,SÁBADO       ,0,2,35,2011-03-24,19,ligeiro,Nao,Nao,Sim,385.3,1,3,35,820
49782,2008307440,Braga,41.356268,-8.552038,EN14,21.5,3,2,0,1.0,80,NÃO DEFINIDO,Seco e limpo,Dois sentidos,Bom tempo,NÃO DEFINIDO,Fora das localidades,Em pleno dia,Em patamar,Recta,Em plena via,Colisão,DOMINGO      ,0,3,35,2008-01-19,14,ligeiro,Sim,Nao,Sim,385.3,1,3,35,820
49783,2007287115,Braga,41.347879999999996,-8.555841000000001,EN14,20.6,4,0,0,1.0,50,Berma pavimentada,Seco e limpo,Dois sentidos,Bom tempo,Em entroncamento,Dentro das localidades,Em pleno dia,Em patamar,Recta,Em plena via,Colisão,TERÇA-FEIRA  ,0,2,35,2007-06-18,16,ligeiro,Sim,Nao,Sim,385.3,1,3,35,820
49785,2007280316,Braga,41.356268,-8.552038,EN14,21.5,1,0,0,1.0,90,Sem berma ou impraticável,Seco e limpo,Dois sentidos,Bom tempo,Em entroncamento,Fora das localidades,Em pleno dia,Com inclinação,Recta,Em plena via,Colisão,QUARTA-FEIRA ,0,3,35,2007-04-28,19,ligeiro,Sim,Nao,Sim,385.3,1,3,35,820
49788,2009366705,Braga,41.366469,-8.544782000000001,EN14,22.7,1,0,0,1.0,50,Sem berma ou impraticável,Molhado,Dois sentidos,Chuva,Fora da intersecção,Fora das localidades,Aurora ou crepúsculo,Com inclinação,Recta,Em plena via,Despiste,DOMINGO      ,0,1,35,2009-03-04,19,ligeiro,Nao,Sim,Nao,385.3,1,3,35,820
49795,2011549059,Braga,41.6088,-8.352853999999999,ER205-4,1.15,3,0,0,1.0,50,Berma pavimentada,Seco e limpo,Dois sentidos,Bom tempo,Fora da intersecção,Dentro das localidades,Em pleno dia,Em patamar,Recta,Em plena via,Colisão,DOMINGO      ,0,2,35,2011-06-24,13,ligeiro,Sim,Nao,Sim,385.3,1,3,35,820
49797,2010460599,Braga,41.356268,-8.552038,EN14,21.5,1,0,0,1.0,50,Berma pavimentada,Molhado,Dois sentidos,Chuva,Fora da intersecção,Dentro das localidades,"Noite, com iluminação",Em patamar,Recta,Em plena via,Colisão,TERÇA-FEIRA  ,0,2,35,2010-04-03,4,ligeiro,Nao,Sim,Nao,385.3,1,3,35,820
49800,2012589904,Braga,41.353534,-8.553525,EN14,21.2,1,0,0,1.0,50,Berma pavimentada,Molhado,Dois sentidos,Bom tempo,Em entroncamento,Dentro das localidades,Em pleno dia,Em patamar,Recta,Em plena via,Colisão,QUINTA-FEIRA ,0,3,35,2011-12-10,10,ligeiro,Sim,Nao,Nao,385.3,1,3,35,820
49801,2011555951,Braga,41.615159000000006,-8.340608,ER205,55.0,2,0,0,1.0,50,Sem berma ou impraticável,Seco e limpo,Sentido único,Bom tempo,Em entroncamento,Dentro das localidades,"Noite, sem iluminação",Em patamar,Recta,Em plena via,Colisão,SEGUNDA-FEIRA,0,2,35,2011-07-29,21,ligeiro,Nao,Nao,Sim,385.3,1,3,35,820
49802,2010424116,Braga,41.364717,-8.545977,EN14,22.5,1,0,0,1.0,50,Berma pavimentada,Húmido,Dois sentidos,Chuva,Em rotunda,Dentro das localidades,Em pleno dia,Em patamar,Curva,Em plena via,Colisão,SÁBADO       ,0,2,35,2009-10-06,13,ligeiro,Sim,Sim,Nao,385.3,1,3,35,820
49803,2010468564,Braga,41.6141,-8.343811,ER205,54.72,1,0,0,1.0,50,Berma pavimentada,Molhado,Dois sentidos,Chuva,Em entroncamento,Dentro das localidades,Em pleno dia,Com inclinação,Curva,Em plena via,Colisão,DOMINGO      ,0,2,35,2010-06-08,19,ligeiro,Sim,Sim,Nao,385.3,1,3,35,820
49804,2012608171,Braga,41.347879999999996,-8.555841000000001,EN14,20.6,1,0,0,1.0,50,Sem berma ou impraticável,Seco e limpo,Dois sentidos,Bom tempo,Em entroncamento,Dentro das localidades,Em pleno dia,Com inclinação,Recta,Em plena via,Colisão,DOMINGO      ,0,2,35,2012-03-30,12,ligeiro,Sim,Nao,Sim,385.3,1,3,35,820
49807,2010452637,Braga,41.592711,-8.343211,EN103,48.35,1,0,0,1.0,50,Berma pavimentada,Molhado,Sentido único,Chuva,Fora da intersecção,Dentro das localidades,Em pleno dia,Em patamar,Curva,Na berma,Despiste,DOMINGO      ,0,1,35,2010-03-26,18,ligeiro,Sim,Sim,Nao,385.3,1,3,35,820
49808,2010463475,Braga,41.612269,-8.347085,ER205-4,0.5,1,0,0,1.0,50,Sem berma ou impraticável,Seco e limpo,Dois sentidos,Bom tempo,Fora da intersecção,Dentro das localidades,"Noite, com iluminação",Com inclinação,Recta,Em plena via,Despiste,QUARTA-FEIRA ,0,1,35,2010-05-02,1,ligeiro,Nao,Nao,Sim,385.3,1,3,35,820
49809,2009394645,Braga,41.357824,-8.549507,EN14,21.75,1,0,0,1.0,50,Berma pavimentada,Seco e limpo,Dois sentidos,Bom tempo,Fora da intersecção,Dentro das localidades,"Noite, com iluminação",Em patamar,Recta,Em plena via,Despiste,QUINTA-FEIRA ,0,1,35,2009-07-05,23,ligeiro,Nao,Nao,Sim,385.3,1,3,35,820
49812,2008344658,Braga,41.358369,-8.5492,EN14,21.81,1,0,0,1.0,50,Berma pavimentada,Seco e limpo,Dois sentidos,Bom tempo,Fora da intersecção,Dentro das localidades,Em pleno dia,Em patamar,Recta,Em plena via,Colisão,SEXTA-FEIRA  ,0,3,35,2008-10-28,10,ligeiro,Sim,Nao,Sim,385.3,1,3,35,820
49813,2009389508,Braga,41.365318,-8.545535000000001,EN14,22.57,2,0,0,1.0,50,Berma pavimentada,Seco e limpo,Dois sentidos,Bom tempo,Fora da intersecção,Dentro das localidades,Em pleno dia,Com inclinação,Curva,No passeio,Despiste,SEXTA-FEIRA  ,0,1,35,2009-06-13,15,ligeiro,Sim,Nao,Sim,385.3,1,3,35,820
49814,2007281240,Braga,41.356268,-8.552038,EN14,21.5,1,0,0,1.0,50,Berma não pavimentada,Seco e limpo,Dois sentidos,NÃO DEFINIDO,Fora da intersecção,Dentro das localidades,"Noite, com iluminação",Em patamar,Curva,Em plena via,Despiste,SEXTA-FEIRA  ,0,1,35,2007-04-30,3,ligeiro,Nao,Sim,Sim,385.3,1,3,35,820
49816,2008310533,Braga,41.35642,-8.551834,EN14,21.52,1,0,0,1.0,50,Berma não pavimentada,Seco e limpo,Dois sentidos,Bom tempo,Em entroncamento,Dentro das localidades,Em pleno dia,Com inclinação,Recta,Em plena via,Colisão,SEGUNDA-FEIRA,0,3,35,2008-02-06,12,ligeiro,Sim,Nao,Sim,385.3,1,3,35,820
49817,2011529057,Braga,41.360146,-8.548405,EN14,22.0,1,0,0,1.0,50,Berma pavimentada,Seco e limpo,Dois sentidos,Bom tempo,Em entroncamento,Dentro das localidades,Em pleno dia,Em patamar,Recta,Em plena via,Colisão,SEXTA-FEIRA  ,0,2,35,2011-03-01,7,ligeiro,Sim,Nao,Sim,385.3,1,3,35,820
49818,2009373802,Braga,41.356594,-8.551549000000001,EN14,21.55,1,0,0,1.0,50,Berma não pavimentada,Húmido,Dois sentidos,Chuva,Em entroncamento,Dentro das localidades,Em pleno dia,Em patamar,Recta,Em plena via,Colisão,QUARTA-FEIRA ,0,2,35,2009-04-27,17,ligeiro,Sim,Sim,Nao,385.3,1,3,35,820
49820,2008343630,Braga,41.348147,-8.555744,EN14,20.63,1,0,0,1.0,50,Berma pavimentada,Seco e limpo,Dois sentidos,Bom tempo,Em entroncamento,Dentro das localidades,"Noite, com iluminação",Com inclinação,Recta,Em plena via,Colisão,TERÇA-FEIRA  ,0,3,35,2008-10-15,19,ligeiro,Nao,Nao,Sim,385.3,1,3,35,820
49821,2008310097,Braga,41.345938000000004,-8.55626,EN14,20.4,0,1,0,1.0,50,Berma pavimentada,Seco e limpo,Dois sentidos,Bom tempo,Em entroncamento,Dentro das localidades,"Noite, com iluminação",Com inclinação,Recta,Em plena via,Colisão,QUARTA-FEIRA ,0,2,35,2008-02-08,18,ligeiro,Nao,Nao,Sim,385.3,1,3,35,820
49822,2010478922,Braga,41.351679,-8.554422,EN14,21.0,2,0,0,1.0,50,Sem berma ou impraticável,Seco e limpo,Dois sentidos,Bom tempo,Em entroncamento,Dentro das localidades,Em pleno dia,Em patamar,Recta,Em plena via,Colisão,SEGUNDA-FEIRA,0,2,35,2010-07-19,13,ligeiro,Sim,Nao,Sim,385.3,1,3,35,820
49823,2009400487,Braga,41.350338,-8.554959,EN14,20.86,1,0,0,1.0,50,Sem berma ou impraticável,Seco e limpo,Dois sentidos,Bom tempo,Fora da intersecção,Dentro das localidades,Em pleno dia,Em patamar,Recta,Em plena via,Colisão,SEXTA-FEIRA  ,0,2,35,2009-07-23,15,ligeiro,Sim,Nao,Sim,385.3,1,3,35,820
49824,2009349625,Braga,41.361825,-8.547637,EN14,22.18,2,0,0,1.0,50,Berma pavimentada,Húmido,Dois sentidos,Chuva,Fora da intersecção,Dentro das localidades,Aurora ou crepúsculo,Com inclinação,Recta,Em plena via,Despiste,SEGUNDA-FEIRA,0,1,35,2008-11-23,6,ligeiro,Nao,Sim,Nao,385.3,1,3,35,820
49825,2010460598,Braga,41.353534,-8.553525,EN14,21.2,1,0,0,1.0,50,Berma pavimentada,Molhado,Dois sentidos,Chuva,Fora da intersecção,Dentro das localidades,Em pleno dia,Em patamar,Recta,Em plena via,Colisão,SEGUNDA-FEIRA,1,3,35,2010-04-02,10,ligeiro,Sim,Sim,Nao,385.3,1,3,35,820
49827,2009399768,Braga,41.502146999999994,-8.200012,ER207,59.45,1,0,0,2.0,50,Berma não pavimentada,Molhado,Dois sentidos,Chuva,Fora da intersecção,Dentro das localidades,Em pleno dia,Em patamar,Curva,Na berma,Despiste,QUINTA-FEIRA ,0,1,35,2009-07-22,12,ligeiro,Sim,Sim,Nao,385.3,1,3,35,820
49830,2008303864,Braga,41.348832,-8.555495,EN14,20.7,1,0,0,1.0,50,Berma pavimentada,Seco e limpo,Dois sentidos,Bom tempo,Em entroncamento,Dentro das localidades,Em pleno dia,Em patamar,Recta,Em plena via,Colisão,DOMINGO      ,0,2,35,2007-12-21,13,ligeiro,Sim,Nao,Sim,385.3,1,3,35,820
49833,2011549082,Braga,41.350260999999996,-8.554986,EN14,20.85,2,0,0,1.0,50,Berma pavimentada,Seco e limpo,Dois sentidos,Bom tempo,Fora da intersecção,Dentro das localidades,Em pleno dia,Em patamar,Recta,Em plena via,Colisão,SÁBADO       ,0,5,35,2011-06-29,12,ligeiro,Sim,Nao,Sim,385.3,1,3,35,820
49836,2010428062,Braga,41.354463,-8.553085000000001,EN14,21.3,1,0,0,1.0,50,Berma não pavimentada,Molhado,Dois sentidos,Chuva,Em entroncamento,Dentro das localidades,"Noite, com iluminação",Em patamar,Recta,Em plena via,Colisão,DOMINGO      ,0,2,35,2009-11-10,16,ligeiro,Nao,Sim,Nao,385.3,1,3,35,820
49837,2012613112,Braga,41.355387,-8.552625,EN14,21.4,4,0,0,1.0,50,Berma pavimentada,Seco e limpo,Dois sentidos,Bom tempo,Fora da intersecção,Dentro das localidades,"Noite, com iluminação",Com inclinação,Curva,Em plena via,Colisão,SÁBADO       ,0,2,35,2012-04-04,20,ligeiro,Nao,Nao,Sim,385.3,1,3,35,820
49838,2009359234,Braga,41.347879999999996,-8.555841000000001,EN14,20.6,2,0,0,1.0,50,Berma pavimentada,Seco e limpo,Dois sentidos,Bom tempo,Em entroncamento,Dentro das localidades,Em pleno dia,Em patamar,Recta,Em plena via,Colisão,QUARTA-FEIRA ,0,2,35,2009-02-18,12,ligeiro,Sim,Nao,Sim,385.3,1,3,35,820
49839,2009351796,Braga,41.348832,-8.555495,EN14,20.7,1,0,0,1.0,50,Berma pavimentada,Seco e limpo,Dois sentidos,Bom tempo,Fora da intersecção,Dentro das localidades,"Noite, com iluminação",Em patamar,Recta,Em plena via,Colisão,DOMINGO      ,0,3,35,2008-12-15,22,ligeiro,Nao,Nao,Sim,385.3,1,3,35,820
49840,2010460601,Braga,41.352607,-8.553974,EN14,21.1,1,0,0,1.0,50,Berma pavimentada,Molhado,Dois sentidos,Chuva,Fora da intersecção,Dentro das localidades,"Noite, com iluminação",Em patamar,Recta,Em plena via,Colisão,TERÇA-FEIRA  ,0,3,35,2010-04-03,23,ligeiro,Nao,Sim,Nao,385.3,1,3,35,820
49842,2007271105,Braga,41.346920000000004,-8.556144999999999,EN14,20.5,2,0,0,1.0,50,Berma pavimentada,Molhado,Dois sentidos,Chuva,Em entroncamento,Dentro das localidades,Aurora ou crepúsculo,Em patamar,Recta,Em plena via,Colisão,SEXTA-FEIRA  ,1,2,35,2007-01-01,6,ligeiro,Nao,Sim,Nao,385.3,1,3,35,820
49843,2011519191,Braga,41.358274,-8.549239,EN14,21.8,2,0,0,1.0,50,Berma pavimentada,Molhado,Dois sentidos,Chuva,Em via de aceleração,Dentro das localidades,Em pleno dia,Em patamar,Recta,Em plena via,Despiste,TERÇA-FEIRA  ,0,1,35,2011-01-07,8,ligeiro,Sim,Sim,Nao,385.3,1,3,35,820
49844,2007272883,Braga,41.352607,-8.553974,EN14,21.1,4,0,0,1.0,50,Berma pavimentada,Seco e limpo,Dois sentidos,Bom tempo,Fora da intersecção,Dentro das localidades,Em pleno dia,Em patamar,Recta,Em plena via,Colisão,QUARTA-FEIRA ,0,2,35,2007-01-28,15,ligeiro,Sim,Nao,Sim,385.3,1,3,35,820
49847,2007279124,Braga,41.567425,-8.227598,ER205,70.57,2,0,0,1.0,80,Berma não pavimentada,Seco e limpo,Dois sentidos,Bom tempo,NÃO DEFINIDO,Dentro das localidades,"Noite, com iluminação",Em patamar,Recta,Na berma,Despiste,SEGUNDA-FEIRA,0,1,26,2007-04-10,21,ligeiro,Nao,Nao,Sim,64.1,1,2,26,1713
49848,2007281258,Braga,41.56566,-8.222727,ER205,71.1,1,0,0,1.0,50,Sem berma ou impraticável,Molhado,Dois sentidos,Chuva,Em entroncamento,Dentro das localidades,Em pleno dia,Com inclinação,Curva,Em plena via,Colisão,SEXTA-FEIRA  ,0,2,26,2007-04-30,17,ligeiro,Sim,Sim,Nao,64.1,1,2,26,1713
49850,2007275666,Braga,41.500984,-8.400424000000001,EN101,98.78,2,0,0,1.0,50,Berma pavimentada,Molhado,Dois sentidos,Chuva,Fora da intersecção,Dentro das localidades,"Noite, sem iluminação",Em patamar,Recta,Em plena via,Colisão,QUARTA-FEIRA ,0,2,26,2007-02-20,2,ligeiro,Nao,Sim,Nao,64.1,1,2,26,1713
49851,2007277793,Braga,41.502668,-8.390039999999999,EN101,99.7,1,0,0,1.0,50,Berma não pavimentada,Molhado,Dois sentidos,Chuva,Fora da intersecção,Dentro das localidades,Em pleno dia,Em patamar,Curva,Em plena via,Despiste,SEGUNDA-FEIRA,0,1,26,2007-03-07,16,ligeiro,Sim,Sim,Nao,64.1,1,2,26,1713
49878,2008322229,Braga,41.56501,-8.221627999999999,ER205,71.25,2,0,0,2.0,50,Berma pavimentada,Molhado,Dois sentidos,Chuva,Fora da intersecção,Dentro das localidades,"Noite, com iluminação",Em patamar,Recta,Em plena via,Colisão,SEGUNDA-FEIRA,0,2,26,2008-03-17,19,ligeiro,Nao,Sim,Nao,64.1,1,2,26,1713
49879,2008323754,Braga,41.497771,-8.409521,EN101,97.9,4,0,0,1.0,50,Berma pavimentada,Molhado,Dois sentidos,Chuva,Fora da intersecção,Dentro das localidades,Em pleno dia,Com inclinação,Recta,Em plena via,Colisão,QUINTA-FEIRA ,0,3,26,2008-04-28,8,ligeiro,Sim,Sim,Nao,64.1,1,2,26,1713
49888,2009366698,Braga,41.499704,-8.404354,EN101,98.4,1,0,0,1.0,50,Berma não pavimentada,Molhado,Dois sentidos,Chuva,Fora da intersecção,Dentro das localidades,Em pleno dia,Em patamar,Curva,Em plena via,Colisão,DOMINGO      ,0,2,26,2009-03-04,12,ligeiro,Sim,Sim,Nao,64.1,1,2,26,1713
49889,2008343504,Braga,41.497771,-8.409521,EN101,97.9,1,0,0,1.0,50,Berma pavimentada,Molhado,Dois sentidos,Chuva,Fora da intersecção,Dentro das localidades,Em pleno dia,Com inclinação,Curva,Em plena via,Despiste,SÁBADO       ,0,1,26,2008-10-07,10,ligeiro,Sim,Sim,Nao,64.1,1,2,26,1713
49898,2009351450,Braga,41.49928,-8.406609,EN101,98.2,1,0,0,1.0,50,Berma pavimentada,Molhado,Dois sentidos,Bom tempo,Fora da intersecção,Dentro das localidades,"Noite, com iluminação",Em patamar,Curva,Na berma,Despiste,SEGUNDA-FEIRA,0,1,26,2008-12-27,23,ligeiro,Nao,Nao,Nao,64.1,1,2,26,1713
49907,2009389467,Braga,41.564827,-8.217375,ER205,71.6,1,0,0,1.0,50,Sem berma ou impraticável,Seco e limpo,Dois sentidos,Bom tempo,Em entroncamento,Dentro das localidades,Em pleno dia,Com inclinação,Curva,Na berma,Despiste,SEXTA-FEIRA  ,0,1,26,2009-06-02,18,ligeiro,Sim,Nao,Sim,64.1,1,2,26,1713
49909,2009418080,Braga,41.502584000000006,-8.394214999999999,EN101,99.35,3,0,0,1.0,50,Sem berma ou impraticável,Seco e limpo,Dois sentidos,Bom tempo,Fora da intersecção,Dentro das localidades,Em pleno dia,Em patamar,Recta,Em plena via,Colisão,SEGUNDA-FEIRA,0,2,26,2009-09-26,19,ligeiro,Sim,Nao,Sim,64.1,1,2,26,1713
49912,2009409327,Braga,41.567274,-8.2273,ER205,70.6,3,0,0,1.0,50,Berma não pavimentada,Seco e limpo,Dois sentidos,Bom tempo,Fora da intersecção,Dentro das localidades,Em pleno dia,Em patamar,Recta,Na berma,Despiste,SÁBADO       ,0,1,26,2009-08-21,16,ligeiro,Sim,Nao,Sim,64.1,1,2,26,1713
49915,2010425191,Braga,41.657982000000004,-8.518644,EN201,49.8,0,0,1,1.0,50,Berma pavimentada,Molhado,Dois sentidos,Chuva,Fora da intersecção,Dentro das localidades,Em pleno dia,Com inclinação,Curva,Em plena via,Colisão,SEGUNDA-FEIRA,0,2,26,2009-10-24,16,ligeiro,Sim,Sim,Nao,64.1,1,2,26,1713
49917,2010452645,Braga,41.499365000000004,-8.40602,EN101,98.25,1,0,0,1.0,50,Berma pavimentada,Molhado,Dois sentidos,Chuva,Fora da intersecção,Dentro das localidades,Em pleno dia,Em patamar,Curva,Na berma,Despiste,SEXTA-FEIRA  ,0,1,26,2010-03-24,8,ligeiro,Sim,Sim,Nao,64.1,1,2,26,1713
49920,2010441964,Braga,41.661659,-8.519929,EN201,49.35,2,0,0,1.0,50,Berma pavimentada,Molhado,Dois sentidos,Chuva,Fora da intersecção,Dentro das localidades,Aurora ou crepúsculo,Em patamar,Recta,Em plena via,Colisão,QUARTA-FEIRA ,0,2,26,2010-01-20,18,ligeiro,Nao,Sim,Nao,64.1,1,2,26,1713
49925,2010445996,Braga,41.481284,-8.399246,A11,35.42,1,0,0,2.0,120,Berma pavimentada,Seco e limpo,Sentido único,Bom tempo,Fora da intersecção,Fora das localidades,"Noite, sem iluminação",Com inclinação,Recta,Em plena via,Despiste,SÁBADO       ,0,1,26,2010-02-03,19,ligeiro,Nao,Nao,Sim,64.1,1,2,26,1713
49930,2010468563,Braga,41.667424,-8.522395,EN201,48.6,1,0,0,1.0,50,Berma pavimentada,Molhado,Dois sentidos,Chuva,Fora da intersecção,Dentro das localidades,Em pleno dia,Em patamar,Curva,No passeio,Despiste,DOMINGO      ,0,1,26,2010-06-08,13,ligeiro,Sim,Sim,Nao,64.1,1,2,26,1713
49935,2010491519,Braga,41.567274,-8.2273,ER205,70.6,1,0,0,1.0,50,Berma não pavimentada,Molhado,Dois sentidos,Chuva,Fora da intersecção,Dentro das localidades,Em pleno dia,Em patamar,Curva,Em plena via,Despiste,SÁBADO       ,0,1,26,2010-09-07,12,ligeiro,Sim,Sim,Nao,64.1,1,2,26,1713
49940,2011505901,Braga,41.661244,-8.519802,EN201,49.4,1,0,0,1.0,50,Sem berma ou impraticável,Molhado,Dois sentidos,Chuva,Fora da intersecção,Fora das localidades,"Noite, com iluminação",Em patamar,Recta,Em plena via,Atropelamento,SEXTA-FEIRA  ,0,1,26,2010-11-13,18,ligeiro,Nao,Sim,Nao,64.1,1,2,26,1713
49941,2011523812,Braga,41.480779999999996,-8.396215,A11,35.68,1,0,0,3.0,120,Berma pavimentada,Seco e limpo,Sentido único,Bom tempo,Fora da intersecção,Fora das localidades,Em pleno dia,Com inclinação,Curva,Em plena via,Despiste,SÁBADO       ,0,1,26,2011-02-08,12,ligeiro,Sim,Nao,Sim,64.1,1,2,26,1713
49946,2011529045,Braga,41.673857,-8.523843,EN201,47.87,2,0,0,1.0,50,Berma pavimentada,Húmido,Dois sentidos,Bom tempo,Fora da intersecção,Dentro das localidades,Em pleno dia,Em patamar,Recta,Em plena via,Colisão,SEGUNDA-FEIRA,0,2,26,2011-03-15,8,ligeiro,Sim,Nao,Nao,64.1,1,2,26,1713
49948,2011540676,Braga,41.501746999999995,-8.396794,EN101,99.1,1,0,0,1.0,50,Berma pavimentada,Molhado,Dois sentidos,Chuva,Fora da intersecção,Dentro das localidades,Em pleno dia,Com inclinação,Curva,Em plena via,Colisão,QUARTA-FEIRA ,1,2,26,2011-05-01,19,ligeiro,Sim,Sim,Nao,64.1,1,2,26,1713
49952,2011563841,Braga,41.675854,-8.52426,EN201,47.65,2,0,0,1.0,50,Sem berma ou impraticável,Seco e limpo,Dois sentidos,Bom tempo,Fora da intersecção,Dentro das localidades,Em pleno dia,Com inclinação,Recta,Em plena via,Colisão,DOMINGO      ,1,3,26,2011-08-15,16,ligeiro,Sim,Nao,Sim,64.1,1,2,26,1713
49957,2012583176,Braga,41.66682,-8.521492,EN201,48.7,1,0,0,1.0,50,Berma pavimentada,Húmido,Dois sentidos,Bom tempo,Fora da intersecção,Dentro das localidades,Em pleno dia,Em patamar,Recta,Em plena via,Colisão,QUARTA-FEIRA ,0,3,26,2011-11-22,9,ligeiro,Sim,Nao,Nao,64.1,1,2,26,1713
49964,2012600541,Braga,41.664141,-8.519629,EN201,49.05,3,0,0,1.0,50,Berma não pavimentada,Seco e limpo,Dois sentidos,Bom tempo,Fora da intersecção,Dentro das localidades,"Noite, com iluminação",Com inclinação,Recta,Em plena via,Colisão,TERÇA-FEIRA  ,0,2,26,2012-02-04,21,ligeiro,Nao,Nao,Sim,64.1,1,2,26,1713
49971,2012636254,Braga,41.501375,-8.399694,EN101,98.85,0,1,0,1.0,50,Sem berma ou impraticável,Molhado,Dois sentidos,Chuva,Fora da intersecção,Dentro das localidades,"Noite, com iluminação",Em patamar,Recta,Em plena via,Despiste,DOMINGO      ,0,1,26,2012-08-14,0,ligeiro,Nao,Sim,Nao,64.1,1,2,26,1713