,COD_ACIDENTE,DISTRITO,LATITUDE,LONGITUDE,VIA,KM,QT_FLIGEIROS,QT_FGRAVES,QT_MORTOS,QT_VIAS_SENTIDO,VEL_LIM_LOCAL,BERMA_VIA,CONDICAO_ADERENCIA,FAIXA_RODAGEM,FATOR_ATMOSFERICO,INTERSECAO_VIA,LOCALIZACAO,LUMINOSIDADE,PERFIL_VIA,PLANTA_VIA,SITUACAO_ACIDENTE,TIPO_NATUREZA,DIA_SEMANA,FLAG_FERIADO,QT_VEICULOS,COD_FREGUESIA,DATA,HORA,GRAVIDADE,ERA_DIA,MAU_TEMPO,ESTRADA_SECA,DENSIDADE_TOTAL,COD_DISTRITO_INE,COD_CONCELHO_INE,COD_FREGUESIA_INE,TOTAL
49974,2012636905,Braga,41.499559000000005,-8.40548,EN101,98.3,2,0,0,1.0,50,Berma pavimentada,Molhado,Dois sentidos,Chuva,Fora da intersecção,Dentro das localidades,Em pleno dia,Em patamar,Curva,Em plena via,Colisão,SEXTA-FEIRA  ,0,2,26,2012-08-01,19,ligeiro,Sim,Sim,Nao,64.1,1,2,26,1713
49975,2013657022,Braga,41.499559000000005,-8.40548,EN101,98.3,2,0,0,2.0,50,Berma pavimentada,Húmido,Dois sentidos,Chuva,Fora da intersecção,Dentro das localidades,Em pleno dia,Com inclinação,Curva,Em plena via,Colisão,SEXTA-FEIRA  ,0,2,26,2012-10-08,8,ligeiro,Sim,Sim,Nao,64.1,1,2,26,1713
49977,2013662638,Braga,41.499559000000005,-8.40548,EN101,98.3,5,1,0,1.0,50,Sem berma ou impraticável,Molhado,Dois sentidos,Chuva,Fora da intersecção,Dentro das localidades,"Noite, com iluminação",Em patamar,Recta,Em plena via,Colisão,SÁBADO       ,0,2,26,2012-11-01,19,ligeiro,Nao,Sim,Nao,64.1,1,2,26,1713
49981,2012612565,Braga,41.499559000000005,-8.40548,EN101,98.3,1,0,0,1.0,50,Sem berma ou impraticável,Húmido,Dois sentidos,Chuva,Fora da intersecção,Fora das localidades,Em pleno dia,Com inclinação,Curva,Em plena via,Despiste,SEXTA-FEIRA  ,0,1,26,2012-04-20,13,ligeiro,Sim,Sim,Nao,64.1,1,2,26,1713
49989,2012602385,Braga,41.477024,-8.3896,A11,36.4,0,0,1,3.0,120,Berma pavimentada,Seco e limpo,Sentido único,Bom tempo,Fora da intersecção,Fora das localidades,Em pleno dia,Com inclinação,Recta,Em plena via,Despiste,SEGUNDA-FEIRA,0,1,26,2012-02-03,11,ligeiro,Sim,Nao,Sim,64.1,1,2,26,1713
49990,2008333068,Braga,41.566596999999994,-8.224132,ER205,70.92,1,0,0,1.0,50,Berma não pavimentada,Molhado,Dois sentidos,Chuva,Fora da intersecção,Dentro das localidades,"Noite, com iluminação",Em patamar,Curva,Na berma,Despiste,TERÇA-FEIRA  ,0,1,26,2008-07-10,22,ligeiro,Nao,Sim,Nao,64.1,1,2,26,1713
49994,2008340874,Braga,41.499764,-8.404949,EN101,98.35,5,0,0,1.0,50,Berma pavimentada,Molhado,Dois sentidos,Chuva,Fora da intersecção,Dentro das localidades,"Noite, sem iluminação",Com inclinação,Curva,Em plena via,Colisão,DOMINGO      ,0,2,26,2008-09-20,19,ligeiro,Nao,Sim,Nao,64.1,1,2,26,1713
50004,2007295650,Braga,41.674494,-8.523928999999999,EN201,47.8,2,0,0,1.0,80,Berma não pavimentada,Seco e limpo,Dois sentidos,Bom tempo,Fora da intersecção,Dentro das localidades,Em pleno dia,Em patamar,Recta,Na berma,Despiste,QUARTA-FEIRA ,0,1,26,2007-09-18,18,ligeiro,Sim,Nao,Sim,64.1,1,2,26,1713
50008,2007277798,Braga,41.498488,-8.412403,EN101,97.6,1,0,0,1.0,50,Berma não pavimentada,Molhado,Dois sentidos,Chuva,Fora da intersecção,Dentro das localidades,Em pleno dia,Com inclinação,Curva,Na berma,Despiste,QUARTA-FEIRA ,0,1,26,2007-03-31,8,ligeiro,Sim,Sim,Nao,64.1,1,2,26,1713
50014,2008321372,Braga,41.499764,-8.404949,EN101,98.35,1,0,0,1.0,50,Berma pavimentada,Húmido,NÃO DEFINIDO,Bom tempo,Fora da intersecção,Dentro das localidades,Em pleno dia,Em patamar,Curva,Em plena via,Despiste,DOMINGO      ,0,1,26,2008-03-16,11,ligeiro,Sim,Nao,Nao,64.1,1,2,26,1713
50019,2007295947,Braga,41.665408,-8.520104,EN201,48.9,0,0,1,1.0,50,Berma pavimentada,Seco e limpo,Dois sentidos,Bom tempo,Em entroncamento,Dentro das localidades,Aurora ou crepúsculo,Em patamar,Recta,Em plena via,Atropelamento,TERÇA-FEIRA  ,0,1,26,2007-09-23,20,ligeiro,Nao,Nao,Sim,64.1,1,2,26,1713
50021,2010496246,Braga,41.50096,-8.400481,EN101,98.77,1,0,0,1.0,50,Berma pavimentada,Seco e limpo,Dois sentidos,Chuva,Fora da intersecção,Dentro das localidades,Em pleno dia,Em patamar,Recta,Em plena via,Despiste,QUINTA-FEIRA ,0,1,26,2010-10-09,8,ligeiro,Sim,Sim,Sim,64.1,1,2,26,1713
50022,2010496300,Braga,41.677146,-8.524824,EN201,47.5,1,0,0,1.0,50,Berma pavimentada,Seco e limpo,Dois sentidos,Bom tempo,Fora da intersecção,Dentro das localidades,Em pleno dia,Em patamar,Recta,Em plena via,Colisão,SEXTA-FEIRA  ,0,4,26,2010-10-04,13,ligeiro,Sim,Nao,Sim,64.1,1,2,26,1713
50024,2010452659,Braga,41.50175,-8.397385,EN101,99.05,2,0,0,1.0,50,Berma pavimentada,Molhado,Dois sentidos,Chuva,Fora da intersecção,Dentro das localidades,Em pleno dia,Em patamar,Curva,Em plena via,Colisão,QUINTA-FEIRA ,0,2,26,2010-03-29,18,ligeiro,Sim,Sim,Nao,64.1,1,2,26,1713
50028,2010458773,Braga,41.673128999999996,-8.523749,EN201,47.95,0,1,0,1.0,50,Sem berma ou impraticável,Com água acumulada na faixa de rodagem,Dois sentidos,Chuva,Fora da intersecção,Dentro das localidades,"Noite, sem iluminação",Em patamar,Recta,Em plena via,Atropelamento,SEXTA-FEIRA  ,0,1,26,2010-04-16,21,ligeiro,Nao,Sim,Nao,64.1,1,2,26,1713
50030,2010453766,Braga,41.670864,-8.523475,EN201,48.2,6,0,0,1.0,50,Sem berma ou impraticável,Seco e limpo,Dois sentidos,Bom tempo,Fora da intersecção,Dentro das localidades,Em pleno dia,Em patamar,Recta,Em plena via,Colisão,QUARTA-FEIRA ,0,2,26,2010-03-06,15,ligeiro,Sim,Nao,Sim,64.1,1,2,26,1713
50031,2013663477,Braga,41.499764,-8.404949,EN101,98.35,1,0,0,1.0,50,Berma não pavimentada,Molhado,Dois sentidos,Chuva,Fora da intersecção,Dentro das localidades,Em pleno dia,Com inclinação,Curva,Na berma,Despiste,DOMINGO      ,0,1,26,2012-11-02,8,ligeiro,Sim,Sim,Nao,64.1,1,2,26,1713
50034,2010428120,Braga,41.564861,-8.218592,ER205,71.5,1,0,0,1.0,50,Sem berma ou impraticável,Seco e limpo,Dois sentidos,Bom tempo,Fora da intersecção,Dentro das localidades,Em pleno dia,Em patamar,Recta,Em plena via,Colisão,DOMINGO      ,0,2,26,2009-11-10,13,ligeiro,Sim,Nao,Sim,64.1,1,2,26,1713
50044,2012620050,Braga,41.676276,-8.524445,EN201,47.6,1,0,0,1.0,50,Berma pavimentada,Seco e limpo,Dois sentidos,Bom tempo,Fora da intersecção,Dentro das localidades,Em pleno dia,Em patamar,Recta,Em plena via,Colisão,QUINTA-FEIRA ,0,2,26,2012-05-12,8,ligeiro,Sim,Nao,Sim,64.1,1,2,26,1713
50049,2011527171,Braga,41.666246,-8.520566,EN201,48.8,1,0,0,1.0,50,Sem berma ou impraticável,Seco e limpo,Sentido único,Bom tempo,Fora da intersecção,Dentro das localidades,Em pleno dia,Em patamar,Recta,Em plena via,Atropelamento,SEXTA-FEIRA  ,0,1,26,2011-03-18,8,ligeiro,Sim,Nao,Sim,64.1,1,2,26,1713
50053,2008321681,Braga,41.497780999999996,-8.410411999999999,EN101,97.83,1,0,0,1.0,50,Berma pavimentada,Seco e limpo,Dois sentidos,Bom tempo,Fora da intersecção,Dentro das localidades,"Noite, com iluminação",Em patamar,Curva,Na berma,Despiste,SEXTA-FEIRA  ,0,1,26,2008-03-09,19,ligeiro,Nao,Nao,Sim,64.1,1,2,26,1713
50055,2010477765,Braga,41.564896000000005,-8.21981,ER205,71.4,1,0,0,1.0,50,Berma não pavimentada,Seco e limpo,Dois sentidos,Bom tempo,Fora da intersecção,Dentro das localidades,Em pleno dia,Com inclinação,Recta,Em plena via,Colisão,SEXTA-FEIRA  ,0,2,26,2010-07-05,7,ligeiro,Sim,Nao,Sim,64.1,1,2,26,1713
50057,2012619945,Braga,41.491566999999996,-8.411549,A11,33.8,1,0,0,2.0,120,Sem berma ou impraticável,Seco e limpo,Sentido único,Bom tempo,Fora da intersecção,Fora das localidades,Em pleno dia,Com inclinação,Recta,Na berma,Despiste,QUARTA-FEIRA ,0,1,26,2012-05-06,19,ligeiro,Sim,Nao,Sim,64.1,1,2,26,1713
50063,2007277789,Braga,41.499365000000004,-8.40602,EN101,98.25,3,0,0,1.0,50,Berma não pavimentada,Molhado,Dois sentidos,Chuva,Fora da intersecção,Dentro das localidades,Em pleno dia,Em patamar,Curva,Em plena via,Colisão,DOMINGO      ,0,3,26,2007-03-28,13,ligeiro,Sim,Sim,Nao,64.1,1,2,26,1713
50065,2012645510,Braga,41.657982000000004,-8.518644,EN201,49.8,2,0,0,1.0,50,Berma não pavimentada,Molhado,Dois sentidos,Chuva,Fora da intersecção,Dentro das localidades,Em pleno dia,Em patamar,Curva,Em plena via,Colisão,QUARTA-FEIRA ,0,2,26,2012-09-25,13,ligeiro,Sim,Sim,Nao,64.1,1,2,26,1713
50066,2007276674,Braga,41.499704,-8.404354,EN101,98.4,1,0,0,1.0,50,Berma pavimentada,Molhado,Dois sentidos,Chuva,Fora da intersecção,Dentro das localidades,Em pleno dia,Com inclinação,Curva,Em plena via,Colisão,SEXTA-FEIRA  ,0,2,26,2007-03-04,15,ligeiro,Sim,Sim,Nao,64.1,1,2,26,1713
50067,2007286849,Braga,41.667294,-8.522239,EN201,48.62,2,0,0,1.0,80,Berma pavimentada,Molhado,Dois sentidos,Chuva,NÃO DEFINIDO,Dentro das localidades,Em pleno dia,Em patamar,Curva,Em plena via,Colisão,SEXTA-FEIRA  ,0,2,26,2007-06-20,8,ligeiro,Sim,Sim,Nao,64.1,1,2,26,1713
50069,2011526969,Braga,41.66332,-8.519926,EN201,49.15,0,2,1,1.0,50,Berma não pavimentada,Seco e limpo,Dois sentidos,Bom tempo,Fora da intersecção,Dentro das localidades,"Noite, com iluminação",Em patamar,Recta,Na berma,Despiste,DOMINGO      ,0,1,26,2011-03-08,2,grave,Nao,Nao,Sim,64.1,1,2,26,1713
50078,2012608617,Braga,41.482554,-8.403737,A11,35.03,1,0,0,3.0,120,Berma pavimentada,Seco e limpo,Sentido único,Bom tempo,Fora da intersecção,Fora das localidades,"Noite, sem iluminação",Em patamar,Curva,Em plena via,Despiste,SÁBADO       ,0,1,26,2012-03-01,19,ligeiro,Nao,Nao,Sim,64.1,1,2,26,1713
50083,2011517125,Braga,41.492275,-8.41271,A11,33.68,1,0,0,2.0,120,Berma pavimentada,Seco e limpo,Sentido único,Vento Forte,Fora da intersecção,Fora das localidades,"Noite, sem iluminação",Com inclinação,Recta,Em plena via,Despiste,TERÇA-FEIRA  ,0,1,26,2011-01-24,0,ligeiro,Nao,Sim,Sim,64.1,1,2,26,1713
50084,2011555079,Braga,41.499365000000004,-8.40602,EN101,98.25,1,0,0,1.0,50,Sem berma ou impraticável,Molhado,Dois sentidos,Chuva,Fora da intersecção,Dentro das localidades,Em pleno dia,Com inclinação,Curva,Em plena via,Despiste,QUINTA-FEIRA ,0,1,26,2011-07-09,9,ligeiro,Sim,Sim,Nao,64.1,1,2,26,1713
50092,2009389625,Braga,41.502818,-8.391831,EN101,99.55,1,0,0,1.0,50,Berma não pavimentada,Seco e limpo,Dois sentidos,Bom tempo,Em cruzamento,Dentro das localidades,Em pleno dia,Em patamar,Recta,Em plena via,Colisão,DOMINGO      ,0,2,26,2009-06-26,15,ligeiro,Sim,Nao,Sim,64.1,1,2,26,1713
50094,2012620055,Braga,41.6754,-8.524096,EN201,47.7,2,0,0,1.0,50,Sem berma ou impraticável,Molhado,Dois sentidos,Chuva,Fora da intersecção,Dentro das localidades,Em pleno dia,Em patamar,Recta,Em plena via,Despiste,DOMINGO      ,0,1,26,2012-05-09,9,ligeiro,Sim,Sim,Nao,64.1,1,2,26,1713
50103,2010486993,Braga,41.564861,-8.218592,ER205,71.5,1,0,0,1.0,50,Sem berma ou impraticável,Seco e limpo,Dois sentidos,Bom tempo,Fora da intersecção,Dentro das localidades,Em pleno dia,Em patamar,Recta,Em plena via,Despiste,SEXTA-FEIRA  ,0,1,26,2010-08-08,14,ligeiro,Sim,Nao,Sim,64.1,1,2,26,1713
50106,2009399776,Braga,41.498943,-8.407695,EN101,98.1,5,0,0,2.0,50,Sem berma ou impraticável,Seco e limpo,Dois sentidos,Bom tempo,Fora da intersecção,Dentro das localidades,Em pleno dia,Com inclinação,Curva,Em plena via,Despiste,TERÇA-FEIRA  ,0,1,26,2009-07-26,18,ligeiro,Sim,Nao,Sim,64.1,1,2,26,1713
50109,2011502693,Braga,41.48147,-8.400407000000001,A11,35.33,1,0,0,2.0,120,Berma pavimentada,Seco e limpo,Sentido único,Bom tempo,Fora da intersecção,Fora das localidades,"Noite, sem iluminação",Com inclinação,Recta,Em plena via,Colisão,SEXTA-FEIRA  ,0,2,26,2010-10-21,19,ligeiro,Nao,Nao,Sim,64.1,1,2,26,1713
50112,2010486544,Braga,41.662314,-8.520125,EN201,49.27,1,0,0,1.0,50,Berma não pavimentada,Seco e limpo,Dois sentidos,Bom tempo,Fora da intersecção,Dentro das localidades,Em pleno dia,Com inclinação,Curva,Em plena via,Colisão,SÁBADO       ,0,2,26,2010-08-20,17,ligeiro,Sim,Nao,Sim,64.1,1,2,26,1713
50117,2011547983,Braga,41.480938,-8.39714,A11,35.6,3,0,0,2.0,120,Berma pavimentada,Seco e limpo,Sentido único,Bom tempo,Fora da intersecção,Fora das localidades,Em pleno dia,Em patamar,Recta,Em plena via,Colisão,QUINTA-FEIRA ,0,2,26,2011-06-05,17,ligeiro,Sim,Nao,Sim,64.1,1,2,26,1713
50118,2010482518,Braga,41.499427000000004,-8.405795,EN101,98.27,1,4,0,1.0,50,Sem berma ou impraticável,Molhado,Dois sentidos,Chuva,Fora da intersecção,Dentro das localidades,Em pleno dia,Em patamar,Curva,Em plena via,Colisão,TERÇA-FEIRA  ,0,2,26,2010-08-23,15,ligeiro,Sim,Sim,Nao,64.1,1,2,26,1713
50121,2008346664,Braga,41.673583,-8.523813,EN201,47.9,1,0,0,1.0,50,Sem berma ou impraticável,Seco e limpo,Dois sentidos,Bom tempo,Fora da intersecção,Dentro das localidades,Em pleno dia,Em patamar,Recta,Em plena via,Colisão,SEGUNDA-FEIRA,0,2,26,2008-10-14,8,ligeiro,Sim,Nao,Sim,64.1,1,2,26,1713
50134,2010464671,Braga,41.49928,-8.406609,EN101,98.2,2,0,0,1.0,50,Sem berma ou impraticável,Húmido,Dois sentidos,Chuva,Fora da intersecção,Dentro das localidades,Em pleno dia,Com inclinação,Curva,Na berma,Despiste,QUINTA-FEIRA ,0,1,26,2010-05-25,9,ligeiro,Sim,Sim,Nao,64.1,1,2,26,1713
50138,2011523815,Braga,41.665408,-8.520104,EN201,48.9,1,0,0,1.0,50,Sem berma ou impraticável,Molhado,Dois sentidos,Chuva,Fora da intersecção,Dentro das localidades,Em pleno dia,Com inclinação,Recta,Em plena via,Atropelamento,SEGUNDA-FEIRA,0,1,26,2011-02-09,14,ligeiro,Sim,Sim,Nao,64.1,1,2,26,1713
50139,2013655578,Braga,41.498403,-8.408505,EN101,98.01,1,0,0,1.0,50,Berma pavimentada,Seco e limpo,Dois sentidos,Bom tempo,Fora da intersecção,Dentro das localidades,Em pleno dia,Em patamar,Recta,Em plena via,Despiste,QUINTA-FEIRA ,0,1,26,2012-10-30,16,ligeiro,Sim,Nao,Sim,64.1,1,2,26,1713
50141,2011505916,Braga,41.499559000000005,-8.40548,EN101,98.3,1,0,0,1.0,50,Berma pavimentada,Molhado,Dois sentidos,Chuva,Fora da intersecção,Dentro das localidades,Em pleno dia,Em patamar,Curva,Em plena via,Despiste,QUINTA-FEIRA ,0,1,26,2010-11-12,8,ligeiro,Sim,Sim,Nao,64.1,1,2,26,1713
50143,2008328481,Braga,41.56716,-8.227114,ER205,70.62,1,0,0,1.0,50,Berma pavimentada,Seco e limpo,Dois sentidos,Bom tempo,Fora da intersecção,Dentro das localidades,Em pleno dia,Em patamar,Curva,Em plena via,Atropelamento,SEGUNDA-FEIRA,0,2,26,2008-05-02,18,ligeiro,Sim,Nao,Sim,64.1,1,2,26,1713
50144,2007293660,Braga,41.674039,-8.523864,EN201,47.85,1,0,0,1.0,50,Berma não pavimentada,Seco e limpo,Dois sentidos,Bom tempo,Em entroncamento,Dentro das localidades,Em pleno dia,Em patamar,Recta,Em plena via,Colisão,SEXTA-FEIRA  ,0,2,26,2007-08-11,17,ligeiro,Sim,Nao,Sim,64.1,1,2,26,1713
50147,2011567903,Braga,41.478339,-8.390659,A11,36.23,1,0,0,3.0,120,Sem berma ou impraticável,Seco e limpo,Sentido único,Bom tempo,Fora da intersecção,Fora das localidades,Em pleno dia,Com inclinação,Curva,Em plena via,Despiste,DOMINGO      ,0,1,26,2011-09-07,14,ligeiro,Sim,Nao,Sim,64.1,1,2,26,1713
50149,2009351801,Braga,41.669959000000006,-8.523368,EN201,48.3,1,0,0,2.0,50,Sem berma ou impraticável,Seco e limpo,Dois sentidos,Chuva,Em entroncamento,Dentro das localidades,Em pleno dia,Com inclinação,Recta,Em plena via,Colisão,TERÇA-FEIRA  ,0,2,26,2008-12-11,14,ligeiro,Sim,Sim,Sim,64.1,1,2,26,1713
50151,2012618129,Braga,41.502045,-8.395152000000001,EN101,99.25,1,0,0,1.0,50,Berma pavimentada,Molhado,Dois sentidos,Bom tempo,Fora da intersecção,Dentro das localidades,Em pleno dia,Em patamar,Curva,Em plena via,Despiste,DOMINGO      ,0,1,26,2012-05-26,9,ligeiro,Sim,Nao,Nao,64.1,1,2,26,1713
50169,2010463474,Braga,41.502584000000006,-8.394214999999999,EN101,99.35,1,0,0,1.0,50,Sem berma ou impraticável,Húmido,Dois sentidos,Nevoeiro,Fora da intersecção,Dentro das localidades,Aurora ou crepúsculo,Com inclinação,Recta,Em plena via,Despiste,TERÇA-FEIRA  ,1,1,26,2010-05-01,7,ligeiro,Nao,Sim,Nao,64.1,1,2,26,1713
50171,2012645068,Braga,41.564823,-8.217253,ER205,71.61,1,0,0,1.0,50,Berma não pavimentada,Seco e limpo,Dois sentidos,Bom tempo,Em entroncamento,Dentro das localidades,Em pleno dia,Em patamar,Recta,Em plena via,Colisão,TERÇA-FEIRA  ,0,2,26,2012-09-02,10,ligeiro,Sim,Nao,Sim,64.1,1,2,26,1713
50174,2009387564,Braga,41.66373,-8.519772,EN201,49.1,1,0,0,1.0,50,Berma pavimentada,Seco e limpo,Dois sentidos,Bom tempo,Fora da intersecção,Dentro das localidades,"Noite, com iluminação",Com inclinação,Recta,Em plena via,Colisão,QUARTA-FEIRA ,0,2,26,2009-05-03,22,ligeiro,Nao,Nao,Sim,64.1,1,2,26,1713
50184,2013669779,Braga,41.66191,-8.519994,EN201,49.32,1,0,0,1.0,50,Berma pavimentada,Húmido,Dois sentidos,Chuva,Fora da intersecção,Dentro das localidades,Em pleno dia,Com inclinação,Recta,Em plena via,Atropelamento,SEXTA-FEIRA  ,0,1,26,2012-12-21,10,ligeiro,Sim,Sim,Nao,64.1,1,2,26,1713
50186,2011549081,Braga,41.499704,-8.404354,EN101,98.4,1,0,0,1.0,50,Sem berma ou impraticável,Seco e limpo,Dois sentidos,Bom tempo,Fora da intersecção,Dentro das localidades,"Noite, sem iluminação",Em patamar,Curva,Em plena via,Despiste,QUINTA-FEIRA ,0,1,26,2011-06-16,2,ligeiro,Nao,Nao,Sim,64.1,1,2,26,1713
50188,2010478931,Braga,41.569113,-8.230912,ER205,70.2,3,0,0,1.0,50,Berma pavimentada,Seco e limpo,Dois sentidos,Bom tempo,Fora da intersecção,Dentro das localidades,Em pleno dia,Com inclinação,Curva,Em plena via,Colisão,SÁBADO       ,0,2,26,2010-07-23,13,ligeiro,Sim,Nao,Sim,64.1,1,2,26,1713
50189,2011518980,Braga,41.499559000000005,-8.40548,EN101,98.3,2,0,0,1.0,50,Berma não pavimentada,Seco e limpo,Sentido único,Bom tempo,Fora da intersecção,Dentro das localidades,Em pleno dia,Em patamar,Curva,Em plena via,Despiste,SEXTA-FEIRA  ,0,1,26,2011-01-09,8,ligeiro,Sim,Nao,Sim,64.1,1,2,26,1713
50197,2012578743,Braga,41.499411,-8.405851,EN101,98.27,2,2,1,1.0,50,Berma pavimentada,Molhado,Dois sentidos,Chuva,Fora da intersecção,Dentro das localidades,Aurora ou crepúsculo,Com inclinação,Recta,Em plena via,Colisão,SÁBADO       ,0,2,26,2011-11-13,19,grave,Nao,Sim,Nao,64.1,1,2,26,1713
50201,2011573886,Braga,41.658755,-8.519048,EN201,49.7,1,0,0,1.0,50,Berma pavimentada,Seco e limpo,Dois sentidos,Bom tempo,Fora da intersecção,Dentro das localidades,Em pleno dia,Com inclinação,Recta,Em plena via,Despiste,SEGUNDA-FEIRA,0,1,26,2011-10-06,6,ligeiro,Sim,Nao,Sim,64.1,1,2,26,1713
50202,2009354636,Braga,41.660181,-8.519483000000001,EN201,49.53,2,0,0,1.0,50,Berma pavimentada,Molhado,Dois sentidos,Chuva,Fora da intersecção,Dentro das localidades,Em pleno dia,Com inclinação,Recta,Em plena via,Colisão,QUARTA-FEIRA ,0,4,26,2008-12-06,10,ligeiro,Sim,Sim,Nao,64.1,1,2,26,1713
50203,2012597609,Braga,41.661659,-8.519929,EN201,49.35,1,0,0,1.0,50,Berma pavimentada,Seco e limpo,Dois sentidos,Bom tempo,Fora da intersecção,Dentro das localidades,Em pleno dia,Com inclinação,Recta,Em plena via,Colisão,SEGUNDA-FEIRA,0,2,26,2012-01-11,16,ligeiro,Sim,Nao,Sim,64.1,1,2,26,1713
50205,2008306134,Braga,41.559712,-8.224592,ER207,70.75,2,0,0,1.0,50,Berma não pavimentada,Seco e limpo,Dois sentidos,Bom tempo,NÃO DEFINIDO,Dentro das localidades,"Noite, com iluminação",Em patamar,Recta,Em plena via,Despiste,TERÇA-FEIRA  ,0,1,26,2007-12-23,18,ligeiro,Nao,Nao,Sim,64.1,1,2,26,1713
50211,2013669735,Braga,41.56716,-8.227114,ER205,70.62,1,0,0,1.0,50,Sem berma ou impraticável,Molhado,Dois sentidos,Bom tempo,Fora da intersecção,Dentro das localidades,Em pleno dia,Em patamar,Recta,Em plena via,Despiste,QUARTA-FEIRA ,1,1,26,2012-12-25,8,ligeiro,Sim,Nao,Nao,64.1,1,2,26,1713
50218,2007279245,Braga,41.580721999999994,-8.453582,EN(d)201,61.1,2,0,0,1.0,50,Berma pavimentada,Seco e limpo,Dois sentidos,Bom tempo,NÃO DEFINIDO,Dentro das localidades,Em pleno dia,Em patamar,Recta,Em plena via,Colisão,QUINTA-FEIRA ,0,2,47,2007-04-01,9,ligeiro,Sim,Nao,Sim,294.9,1,4,47,1993
50219,2007282263,Braga,41.420328999999995,-8.443085,ER206,29.1,2,0,0,1.0,50,Berma pavimentada,Seco e limpo,Dois sentidos,Bom tempo,Em cruzamento,Dentro das localidades,"Noite, com iluminação",Com inclinação,Recta,Em plena via,Colisão,SEGUNDA-FEIRA,0,2,47,2007-05-03,23,ligeiro,Nao,Nao,Sim,294.9,1,4,47,1993
50220,2007291285,Braga,41.532714,-8.519919999999999,EN103,31.25,0,1,0,1.0,50,Sem berma ou impraticável,Seco e limpo,Dois sentidos,Bom tempo,Em entroncamento,Dentro das localidades,Em pleno dia,Em patamar,Recta,Em plena via,Colisão,QUARTA-FEIRA ,0,2,47,2007-08-09,10,ligeiro,Sim,Nao,Sim,294.9,1,4,47,1993
50222,2007286883,Braga,41.416909999999994,-8.451492,ER206,28.3,1,0,0,1.0,50,Berma pavimentada,Seco e limpo,Dois sentidos,Bom tempo,Fora da intersecção,Dentro das localidades,Em pleno dia,Em patamar,Recta,Em plena via,Colisão,SEGUNDA-FEIRA,0,2,47,2007-06-28,9,ligeiro,Sim,Nao,Sim,294.9,1,4,47,1993
50223,2007294060,Braga,41.537278,-8.514002,A11,21.3,5,0,0,2.0,120,Berma pavimentada,Seco e limpo,Sentido único,Bom tempo,Fora da intersecção,Fora das localidades,Em pleno dia,Com inclinação,Recta,Em plena via,Despiste,TERÇA-FEIRA  ,0,1,47,2007-08-31,7,ligeiro,Sim,Nao,Sim,294.9,1,4,47,1993
50226,2008308536,Braga,41.534034000000005,-8.502958999999999,EN103,32.7,1,0,0,1.0,50,Berma não pavimentada,Molhado,Dois sentidos,Chuva,Em entroncamento,Dentro das localidades,Em pleno dia,Em patamar,Recta,Em plena via,Colisão,TERÇA-FEIRA  ,0,2,47,2008-01-15,14,ligeiro,Sim,Sim,Nao,294.9,1,4,47,1993
50227,2008308767,Braga,41.512495,-8.316225,ER310,9.7,1,0,0,1.0,50,Berma pavimentada,Molhado,Dois sentidos,Chuva,NÃO DEFINIDO,Dentro das localidades,Em pleno dia,Em patamar,Recta,Em plena via,Atropelamento,TERÇA-FEIRA  ,0,1,47,2008-01-15,12,ligeiro,Sim,Sim,Nao,294.9,1,4,47,1993
50228,2008308786,Braga,41.420853,-8.442134,ER206,29.2,1,0,0,1.0,50,Berma pavimentada,Molhado,Dois sentidos,Chuva,Em entroncamento,Dentro das localidades,"Noite, com iluminação",Em patamar,Recta,Em plena via,Colisão,DOMINGO      ,0,2,47,2008-01-08,18,ligeiro,Nao,Sim,Nao,294.9,1,4,47,1993
50229,2007301141,Braga,41.533141,-8.518236,EN103,31.4,3,0,0,1.0,50,Sem berma ou impraticável,Seco e limpo,Dois sentidos,Bom tempo,NÃO DEFINIDO,Dentro das localidades,Em pleno dia,Com inclinação,Recta,Em plena via,Colisão,SEXTA-FEIRA  ,0,2,47,2007-11-10,10,ligeiro,Sim,Nao,Sim,294.9,1,4,47,1993
50230,2008303742,Braga,41.533365,-8.515448,EN103,31.64,0,1,0,1.0,50,Sem berma ou impraticável,Molhado,Dois sentidos,Chuva,Fora da intersecção,Dentro das localidades,"Noite, com iluminação",Com inclinação,Recta,Em plena via,Atropelamento,QUARTA-FEIRA ,0,1,47,2007-12-18,17,ligeiro,Nao,Sim,Nao,294.9,1,4,47,1993
50231,2008324010,Braga,41.415221,-8.456399000000001,ER206,27.85,2,0,0,1.0,50,Berma pavimentada,Molhado,Dois sentidos,Chuva,Em entroncamento,Dentro das localidades,Em pleno dia,Em patamar,Recta,Em plena via,Colisão,TERÇA-FEIRA  ,0,2,47,2008-04-21,8,ligeiro,Sim,Sim,Nao,294.9,1,4,47,1993
50232,2008312369,Braga,41.533565,-8.507643,EN103,32.3,1,0,0,1.0,50,Berma não pavimentada,Seco e limpo,Dois sentidos,Bom tempo,Fora da intersecção,Dentro das localidades,Aurora ou crepúsculo,Em patamar,Recta,Na berma,Despiste,SEGUNDA-FEIRA,0,1,47,2008-02-06,6,ligeiro,Nao,Nao,Sim,294.9,1,4,47,1993