,COD_ACIDENTE,DISTRITO,LATITUDE,LONGITUDE,VIA,KM,QT_FLIGEIROS,QT_FGRAVES,QT_MORTOS,QT_VIAS_SENTIDO,VEL_LIM_LOCAL,BERMA_VIA,CONDICAO_ADERENCIA,FAIXA_RODAGEM,FATOR_ATMOSFERICO,INTERSECAO_VIA,LOCALIZACAO,LUMINOSIDADE,PERFIL_VIA,PLANTA_VIA,SITUACAO_ACIDENTE,TIPO_NATUREZA,DIA_SEMANA,FLAG_FERIADO,QT_VEICULOS,COD_FREGUESIA,DATA,HORA,GRAVIDADE,ERA_DIA,MAU_TEMPO,ESTRADA_SECA,DENSIDADE_TOTAL,COD_DISTRITO_INE,COD_CONCELHO_INE,COD_FREGUESIA_INE,TOTAL
50234,2008321693,Braga,41.415605,-8.455322,ER206,27.95,1,0,0,1.0,50,Sem berma ou impraticável,Molhado,Dois sentidos,Chuva,Fora da intersecção,Dentro das localidades,Em pleno dia,Em patamar,Recta,Na berma,Atropelamento,DOMINGO      ,0,1,47,2008-03-11,14,ligeiro,Sim,Sim,Nao,294.9,1,4,47,1993
50235,2008340683,Braga,41.533367,-8.515317999999999,EN103,31.65,1,0,0,1.0,50,Berma pavimentada,Seco e limpo,Dois sentidos,Bom tempo,Fora da intersecção,Dentro das localidades,"Noite, com iluminação",Em patamar,Recta,No passeio,Despiste,TERÇA-FEIRA  ,0,1,47,2008-09-05,23,ligeiro,Nao,Nao,Sim,294.9,1,4,47,1993
50236,2008330165,Braga,41.533424,-8.509993,EN103,32.1,1,0,0,1.0,50,Berma pavimentada,Seco e limpo,Dois sentidos,Bom tempo,Em entroncamento,Dentro das localidades,Em pleno dia,Com inclinação,Recta,Em plena via,Colisão,SÁBADO       ,0,2,47,2008-06-20,17,ligeiro,Sim,Nao,Sim,294.9,1,4,47,1993
50239,2008344390,Braga,41.533429,-8.509402,EN103,32.15,1,0,0,1.0,50,Sem berma ou impraticável,Seco e limpo,Dois sentidos,Bom tempo,Em via de desaceleração,Dentro das localidades,Em pleno dia,Com inclinação,Recta,Em plena via,Colisão,DOMINGO      ,0,2,47,2008-10-19,9,ligeiro,Sim,Nao,Sim,294.9,1,4,47,1993
50240,2008343618,Braga,41.533353999999996,-8.516976,EN103,31.51,1,0,0,1.0,50,Berma pavimentada,Seco e limpo,Dois sentidos,Bom tempo,Fora da intersecção,Dentro das localidades,Em pleno dia,Em patamar,Recta,Em plena via,Colisão,DOMINGO      ,0,3,47,2008-10-02,16,ligeiro,Sim,Nao,Sim,294.9,1,4,47,1993
50241,2009350617,Braga,41.536131,-8.516757,EN(d)205-4,22.05,0,1,0,1.0,50,Sem berma ou impraticável,Húmido,Dois sentidos,Bom tempo,Fora da intersecção,Dentro das localidades,Em pleno dia,Em patamar,Recta,Em plena via,Atropelamento,DOMINGO      ,0,1,47,2008-11-11,11,ligeiro,Sim,Nao,Nao,294.9,1,4,47,1993
50242,2009355680,Braga,41.421273,-8.441373,ER206,29.28,3,0,0,2.0,50,Berma pavimentada,Seco e limpo,Dois sentidos,Chuva,Fora da intersecção,Dentro das localidades,"Noite, com iluminação",Em patamar,Recta,Em plena via,Colisão,TERÇA-FEIRA  ,0,2,47,2009-01-14,21,ligeiro,Nao,Sim,Sim,294.9,1,4,47,1993
50243,2009367525,Braga,41.537283,-8.516703,A11,21.08,1,0,0,2.0,120,Berma pavimentada,Seco e limpo,Sentido único,Bom tempo,Fora da intersecção,Fora das localidades,Em pleno dia,Com inclinação,Recta,Em plena via,Colisão,SEGUNDA-FEIRA,0,2,47,2009-03-16,12,ligeiro,Sim,Nao,Sim,294.9,1,4,47,1993
50245,2009373449,Braga,41.415003999999996,-8.456922,ER206,27.8,1,0,0,1.0,50,Berma não pavimentada,Molhado,Dois sentidos,Chuva,Em entroncamento,Dentro das localidades,"Noite, com iluminação",Em patamar,Recta,Em plena via,Despiste,QUARTA-FEIRA ,0,1,47,2009-04-27,22,ligeiro,Nao,Sim,Nao,294.9,1,4,47,1993
50246,2009373798,Braga,41.419907,-8.443843,ER206,29.02,1,0,0,1.0,50,Sem berma ou impraticável,Seco e limpo,Dois sentidos,Bom tempo,Fora da intersecção,Dentro das localidades,Em pleno dia,Em patamar,Recta,Em plena via,Colisão,DOMINGO      ,0,3,47,2009-04-24,19,ligeiro,Sim,Nao,Sim,294.9,1,4,47,1993
50247,2009373805,Braga,41.421953,-8.440136,ER206,29.41,1,0,0,1.0,50,Berma pavimentada,Seco e limpo,Dois sentidos,Bom tempo,Fora da intersecção,Dentro das localidades,Em pleno dia,Em patamar,Recta,Em plena via,Colisão,SEXTA-FEIRA  ,0,2,47,2009-04-28,11,ligeiro,Sim,Nao,Sim,294.9,1,4,47,1993
50248,2009382175,Braga,41.577203999999995,-8.453241,EN(d)201,61.5,0,1,0,1.0,50,Berma pavimentada,Seco e limpo,Dois sentidos,Bom tempo,Fora da intersecção,Dentro das localidades,Em pleno dia,Em patamar,Recta,Em plena via,Colisão,SEXTA-FEIRA  ,0,2,47,2009-04-23,11,ligeiro,Sim,Nao,Sim,294.9,1,4,47,1993
50249,2009367388,Braga,41.421115,-8.441658,ER206,29.25,1,0,0,1.0,50,Berma pavimentada,Seco e limpo,Dois sentidos,Bom tempo,Fora da intersecção,Dentro das localidades,Em pleno dia,Em patamar,Recta,Em plena via,Colisão,DOMINGO      ,0,3,47,2009-03-27,13,ligeiro,Sim,Nao,Sim,294.9,1,4,47,1993
50250,2009418038,Braga,41.572804999999995,-8.452674,EN(d)201,62.0,1,0,0,1.0,50,Sem berma ou impraticável,Seco e limpo,Dois sentidos,Bom tempo,Em entroncamento,Dentro das localidades,"Noite, com iluminação",Com inclinação,Recta,Em plena via,Colisão,SEXTA-FEIRA  ,0,2,47,2009-09-01,22,ligeiro,Nao,Nao,Sim,294.9,1,4,47,1993
50251,2009409746,Braga,41.537502,-8.502085000000001,A11,22.3,1,0,0,3.0,120,Berma pavimentada,Seco e limpo,Sentido único,Bom tempo,Em via de aceleração,Fora das localidades,Em pleno dia,Em patamar,Curva,Em plena via,Colisão,SÁBADO       ,0,2,47,2009-08-04,15,ligeiro,Sim,Nao,Sim,294.9,1,4,47,1993
50252,2010424107,Braga,41.420328999999995,-8.443085,ER206,29.1,1,0,0,2.0,50,Berma pavimentada,Seco e limpo,Dois sentidos,Bom tempo,Fora da intersecção,Dentro das localidades,Em pleno dia,Em patamar,Recta,Em plena via,Colisão,TERÇA-FEIRA  ,0,2,47,2009-10-14,17,ligeiro,Sim,Nao,Sim,294.9,1,4,47,1993
50253,2010424109,Braga,41.419059000000004,-8.445396,ER206,28.86,1,0,0,2.0,50,Berma pavimentada,Seco e limpo,Dois sentidos,Bom tempo,Fora da intersecção,Dentro das localidades,Em pleno dia,Em patamar,Recta,Em plena via,Colisão,SEGUNDA-FEIRA,0,2,47,2009-10-13,18,ligeiro,Sim,Nao,Sim,294.9,1,4,47,1993
50254,2010441993,Braga,41.532913,-8.519134,EN103,31.32,4,0,0,1.0,50,Sem berma ou impraticável,Molhado,Sentido único,Chuva,Fora da intersecção,Dentro das localidades,"Noite, com iluminação",Em patamar,Recta,Em plena via,Colisão,QUINTA-FEIRA ,0,3,47,2010-01-15,22,ligeiro,Nao,Sim,Nao,294.9,1,4,47,1993
50255,2010452624,Braga,41.571016,-8.452136,EN(d)201,62.2,1,0,0,1.0,50,Sem berma ou impraticável,Seco e limpo,Dois sentidos,Bom tempo,Em cruzamento,Dentro das localidades,"Noite, com iluminação",Em patamar,Recta,Em plena via,Colisão,SÁBADO       ,0,2,47,2010-03-31,21,ligeiro,Nao,Nao,Sim,294.9,1,4,47,1993
50256,2010447035,Braga,41.515208,-8.311458,ER310,9.2,2,0,0,1.0,50,Berma pavimentada,Seco e limpo,Dois sentidos,Bom tempo,Em entroncamento,Dentro das localidades,Em pleno dia,Em patamar,Recta,Em plena via,Colisão,SÁBADO       ,0,2,47,2010-02-03,8,ligeiro,Sim,Nao,Sim,294.9,1,4,47,1993
50257,2010446616,Braga,41.41579,-8.454778999999998,ER206,28.0,2,0,0,1.0,50,Berma não pavimentada,Seco e limpo,Dois sentidos,Bom tempo,Em entroncamento,Dentro das localidades,Em pleno dia,Em patamar,Recta,Em plena via,Colisão,DOMINGO      ,0,3,47,2010-02-26,14,ligeiro,Sim,Nao,Sim,294.9,1,4,47,1993
50258,2010463492,Braga,41.532571999999995,-8.520481,EN103,31.2,2,0,0,1.0,50,Berma pavimentada,Húmido,Dois sentidos,Chuva,Fora da intersecção,Dentro das localidades,Em pleno dia,Em patamar,Curva,Em plena via,Colisão,TERÇA-FEIRA  ,0,2,47,2010-05-12,13,ligeiro,Sim,Sim,Nao,294.9,1,4,47,1993
50259,2010486059,Braga,41.579766,-8.45343,EN(d)201,61.21,2,0,0,1.0,50,Berma pavimentada,Seco e limpo,Dois sentidos,Bom tempo,Fora da intersecção,Dentro das localidades,"Noite, com iluminação",Em patamar,Recta,Em plena via,Atropelamento,TERÇA-FEIRA  ,0,1,47,2010-08-28,22,ligeiro,Nao,Nao,Sim,294.9,1,4,47,1993
50260,2010486646,Braga,41.415679,-8.455105,ER206,27.97,1,0,0,1.0,50,Berma pavimentada,Seco e limpo,Dois sentidos,Bom tempo,Fora da intersecção,Dentro das localidades,Em pleno dia,Em patamar,Recta,Em plena via,Colisão,QUINTA-FEIRA ,0,3,47,2010-08-02,19,ligeiro,Sim,Nao,Sim,294.9,1,4,47,1993
50261,2010482429,Braga,41.510956,-8.317519,ER310,9.9,0,1,0,2.0,50,Berma pavimentada,Seco e limpo,Dois sentidos,Bom tempo,Fora da intersecção,Dentro das localidades,Em pleno dia,Em patamar,Recta,Em plena via,Colisão,SÁBADO       ,0,2,47,2010-08-20,11,ligeiro,Sim,Nao,Sim,294.9,1,4,47,1993
50262,2010491609,Braga,41.506339000000004,-8.32137,ER310,10.5,2,0,0,1.0,50,Berma não pavimentada,Seco e limpo,Dois sentidos,Bom tempo,Em cruzamento,Dentro das localidades,"Noite, com iluminação",Em patamar,Recta,Em plena via,Colisão,SEGUNDA-FEIRA,0,2,47,2010-09-08,22,ligeiro,Nao,Nao,Sim,294.9,1,4,47,1993
50263,2010488421,Braga,41.538375,-8.529569,A11,20.0,0,0,1,2.0,120,Berma pavimentada,Seco e limpo,Sentido único,Bom tempo,Fora da intersecção,Fora das localidades,"Noite, sem iluminação",Com inclinação,Curva,Em plena via,Despiste,QUARTA-FEIRA ,0,1,47,2010-09-10,4,ligeiro,Nao,Nao,Sim,294.9,1,4,47,1993
50264,2011505879,Braga,41.506646,-8.321112,ER310,10.46,1,0,0,1.0,50,Berma pavimentada,Molhado,Dois sentidos,Chuva,Fora da intersecção,Dentro das localidades,Em pleno dia,Em patamar,Recta,Em plena via,Colisão,DOMINGO      ,0,2,47,2010-11-09,14,ligeiro,Sim,Sim,Nao,294.9,1,4,47,1993
50265,2011503576,Braga,41.509414,-8.318802,ER310,10.1,1,0,1,1.0,50,Berma pavimentada,Molhado,Dois sentidos,Chuva,Fora da intersecção,Dentro das localidades,"Noite, com iluminação",Em patamar,Recta,Em plena via,Atropelamento,SEXTA-FEIRA  ,0,1,47,2010-11-19,19,ligeiro,Nao,Sim,Nao,294.9,1,4,47,1993
50266,2011513871,Braga,41.531715999999996,-8.52386,EN103,30.9,2,0,0,1.0,50,Berma pavimentada,Seco e limpo,Dois sentidos,Bom tempo,Em entroncamento,Dentro das localidades,"Noite, com iluminação",Em patamar,Recta,Em plena via,Colisão,TERÇA-FEIRA  ,0,2,47,2010-12-15,18,ligeiro,Nao,Nao,Sim,294.9,1,4,47,1993
50267,2011517130,Braga,41.420995,-8.441877,ER206,29.23,1,0,0,1.0,50,Berma pavimentada,Seco e limpo,Dois sentidos,Bom tempo,Em cruzamento,Dentro das localidades,"Noite, com iluminação",Com inclinação,Recta,Em plena via,Colisão,QUINTA-FEIRA ,0,2,47,2011-01-25,19,ligeiro,Nao,Nao,Sim,294.9,1,4,47,1993
50268,2011523806,Braga,41.538387,-8.530097999999999,A11,19.95,1,0,0,3.0,120,Berma pavimentada,Seco e limpo,Sentido único,Bom tempo,Fora da intersecção,Fora das localidades,Em pleno dia,Com inclinação,Curva,Em plena via,Despiste,SEGUNDA-FEIRA,0,1,47,2011-02-04,9,ligeiro,Sim,Nao,Sim,294.9,1,4,47,1993
50269,2011511679,Braga,41.517201,-8.309125,ER310,8.9,3,0,0,1.0,50,Berma pavimentada,Húmido,Dois sentidos,Bom tempo,Fora da intersecção,Dentro das localidades,Em pleno dia,Em patamar,Recta,Em plena via,Colisão,SEGUNDA-FEIRA,0,2,47,2010-12-31,8,ligeiro,Sim,Nao,Nao,294.9,1,4,47,1993
50270,2011529050,Braga,41.578528999999996,-8.4533,EN(d)201,61.35,3,0,0,1.0,50,Sem berma ou impraticável,Molhado,Dois sentidos,Chuva,Em cruzamento,Dentro das localidades,"Noite, com iluminação",Em patamar,Curva,Em plena via,Colisão,SEXTA-FEIRA  ,0,2,47,2011-03-12,23,ligeiro,Nao,Sim,Nao,294.9,1,4,47,1993
50271,2011529051,Braga,41.415421,-8.455866,ER206,27.9,5,0,0,1.0,50,Berma não pavimentada,Molhado,Dois sentidos,Chuva,Fora da intersecção,Dentro das localidades,"Noite, com iluminação",Em patamar,Recta,Em plena via,Colisão,SEXTA-FEIRA  ,0,2,47,2011-03-12,20,ligeiro,Nao,Sim,Nao,294.9,1,4,47,1993
50272,2011529607,Braga,41.533412,-8.511174,EN103,32.0,1,0,0,1.0,50,Berma pavimentada,Seco e limpo,Dois sentidos,Bom tempo,Fora da intersecção,Dentro das localidades,Em pleno dia,Em patamar,Recta,Em plena via,Colisão,DOMINGO      ,0,2,47,2011-04-23,18,ligeiro,Sim,Nao,Sim,294.9,1,4,47,1993
50273,2011524880,Braga,41.5328,-8.519583,EN103,31.28,1,0,0,1.0,50,Sem berma ou impraticável,Seco e limpo,Dois sentidos,Bom tempo,Fora da intersecção,Dentro das localidades,Em pleno dia,Em patamar,Recta,Em plena via,Colisão,QUINTA-FEIRA ,0,2,47,2011-02-12,15,ligeiro,Sim,Nao,Sim,294.9,1,4,47,1993
50275,2011548672,Braga,41.514232,-8.313504,ER310,9.4,2,0,0,1.0,50,Berma pavimentada,Seco e limpo,Dois sentidos,Bom tempo,Em entroncamento,Dentro das localidades,"Noite, com iluminação",Em patamar,Recta,Em plena via,Colisão,QUINTA-FEIRA ,0,2,47,2011-06-22,23,ligeiro,Nao,Nao,Sim,294.9,1,4,47,1993
50276,2011554530,Braga,41.510183000000005,-8.31816,ER310,10.0,0,1,0,1.0,50,Sem berma ou impraticável,Seco e limpo,Dois sentidos,Bom tempo,Fora da intersecção,Dentro das localidades,"Noite, sem iluminação",Com inclinação,Recta,Em plena via,Atropelamento,TERÇA-FEIRA  ,0,1,47,2011-07-30,21,ligeiro,Nao,Nao,Sim,294.9,1,4,47,1993
50277,2011567576,Braga,41.41751,-8.44974,ER206,28.46,2,0,0,1.0,50,Sem berma ou impraticável,Húmido,Dois sentidos,Bom tempo,Fora da intersecção,Dentro das localidades,Em pleno dia,Em patamar,Recta,Em plena via,Colisão,QUINTA-FEIRA ,0,2,47,2011-09-04,8,ligeiro,Sim,Nao,Nao,294.9,1,4,47,1993
50278,2011573858,Braga,41.421901,-8.440232,ER206,29.4,1,0,0,1.0,50,Berma pavimentada,Seco e limpo,Dois sentidos,Bom tempo,Fora da intersecção,Dentro das localidades,"Noite, com iluminação",Em patamar,Recta,Em plena via,Colisão,SÁBADO       ,0,2,47,2011-10-10,22,ligeiro,Nao,Nao,Sim,294.9,1,4,47,1993
50279,2011573882,Braga,41.582359999999994,-8.454062,EN(d)201,60.91,1,0,0,2.0,50,Sem berma ou impraticável,Seco e limpo,Dois sentidos,Bom tempo,Em entroncamento,Dentro das localidades,"Noite, com iluminação",Em patamar,Recta,Em plena via,Colisão,TERÇA-FEIRA  ,0,2,47,2011-10-01,20,ligeiro,Nao,Nao,Sim,294.9,1,4,47,1993
50280,2012597641,Braga,41.533381,-8.51417,EN103,31.75,1,0,0,1.0,50,Berma pavimentada,Seco e limpo,Dois sentidos,Bom tempo,Fora da intersecção,Dentro das localidades,"Noite, com iluminação",Em patamar,Recta,Em plena via,Atropelamento,SEGUNDA-FEIRA,0,1,47,2012-01-22,22,ligeiro,Nao,Nao,Sim,294.9,1,4,47,1993
50281,2012589926,Braga,41.420590999999995,-8.442609,ER206,29.15,3,0,0,1.0,50,Berma pavimentada,Molhado,Dois sentidos,Chuva,Em entroncamento,Dentro das localidades,"Noite, com iluminação",Em patamar,Recta,Em plena via,Colisão,DOMINGO      ,1,2,47,2011-12-01,21,ligeiro,Nao,Sim,Nao,294.9,1,4,47,1993
50283,2012591608,Braga,41.513498,-8.315037,ER310,9.55,1,0,0,1.0,50,Sem berma ou impraticável,Seco e limpo,Dois sentidos,Bom tempo,Fora da intersecção,Dentro das localidades,Em pleno dia,Em patamar,Curva,Em plena via,Atropelamento,QUINTA-FEIRA ,0,1,47,2011-12-27,15,ligeiro,Sim,Nao,Sim,294.9,1,4,47,1993
50284,2012600601,Braga,41.415995,-8.454176,ER206,28.06,1,0,0,1.0,50,Berma não pavimentada,Seco e limpo,Dois sentidos,Bom tempo,Fora da intersecção,Dentro das localidades,"Noite, com iluminação",Em patamar,Recta,Em plena via,Despiste,SEXTA-FEIRA  ,0,1,47,2012-02-23,23,ligeiro,Nao,Nao,Sim,294.9,1,4,47,1993
50285,2012618150,Braga,41.414817,-8.457464,ER206,27.75,4,0,0,1.0,50,Sem berma ou impraticável,Seco e limpo,Dois sentidos,Bom tempo,Fora da intersecção,Dentro das localidades,Em pleno dia,Em patamar,Recta,Em plena via,Colisão,QUARTA-FEIRA ,0,2,47,2012-05-28,8,ligeiro,Sim,Nao,Sim,294.9,1,4,47,1993
50286,2012623420,Braga,41.518997999999996,-8.306797,ER310,8.6,0,1,0,1.0,50,Berma não pavimentada,Seco e limpo,Dois sentidos,Bom tempo,Fora da intersecção,Dentro das localidades,"Noite, com iluminação",Com inclinação,Curva,Em plena via,Atropelamento,SÁBADO       ,0,1,47,2012-06-06,5,ligeiro,Nao,Nao,Sim,294.9,1,4,47,1993
50287,2012608627,Braga,41.534034000000005,-8.502958999999999,EN103,32.7,1,0,0,2.0,50,Berma não pavimentada,Seco e limpo,Dois sentidos,Bom tempo,Em entroncamento,Dentro das localidades,Em pleno dia,Em patamar,Recta,Em plena via,Colisão,SEGUNDA-FEIRA,0,4,47,2012-03-14,8,ligeiro,Sim,Nao,Sim,294.9,1,4,47,1993
50289,2012632559,Braga,41.513742,-8.314525,ER310,9.5,2,0,0,1.0,50,Berma não pavimentada,Seco e limpo,Dois sentidos,Bom tempo,Em cruzamento,Dentro das localidades,Em pleno dia,Em patamar,Recta,Em plena via,Colisão,SEXTA-FEIRA  ,0,2,47,2012-07-09,19,ligeiro,Sim,Nao,Sim,294.9,1,4,47,1993
50290,2012645023,Braga,41.534034000000005,-8.502958999999999,EN103,32.7,1,0,0,1.0,50,Berma não pavimentada,Seco e limpo,Sentido único,Bom tempo,Em entroncamento,Dentro das localidades,Em pleno dia,Em patamar,Recta,Em plena via,Colisão,TERÇA-FEIRA  ,0,2,47,2012-09-13,19,ligeiro,Sim,Nao,Sim,294.9,1,4,47,1993
50291,2012638679,Braga,41.419802000000004,-8.444032,ER206,29.0,1,0,0,1.0,50,Berma não pavimentada,Seco e limpo,Dois sentidos,Bom tempo,Fora da intersecção,Dentro das localidades,Em pleno dia,Em patamar,Recta,Em plena via,Colisão,QUINTA-FEIRA ,0,2,47,2012-08-28,18,ligeiro,Sim,Nao,Sim,294.9,1,4,47,1993
50292,2012636966,Braga,41.533415999999995,-8.510819,EN103,32.03,1,0,0,1.0,50,Berma pavimentada,Seco e limpo,Dois sentidos,Bom tempo,Fora da intersecção,Dentro das localidades,Em pleno dia,Em patamar,Recta,Em plena via,Colisão,DOMINGO      ,0,2,47,2012-08-08,9,ligeiro,Sim,Nao,Sim,294.9,1,4,47,1993
50293,2012645541,Braga,41.581809,-8.453892999999999,EN(d)201,60.98,1,0,0,1.0,50,Berma pavimentada,Com água acumulada na faixa de rodagem,Dois sentidos,Chuva,Fora da intersecção,Dentro das localidades,"Noite, com iluminação",Em patamar,Recta,Em plena via,Atropelamento,QUARTA-FEIRA ,0,1,47,2012-09-25,19,ligeiro,Nao,Sim,Nao,294.9,1,4,47,1993
50294,2013662831,Braga,41.533367,-8.515317999999999,EN103,31.65,0,1,0,1.0,50,Berma pavimentada,Molhado,Dois sentidos,Chuva,Em entroncamento,Dentro das localidades,"Noite, com iluminação",Com inclinação,Recta,Em plena via,Atropelamento,TERÇA-FEIRA  ,0,1,47,2012-11-15,18,ligeiro,Nao,Sim,Nao,294.9,1,4,47,1993
50295,2013670449,Braga,41.417284,-8.450397,ER206,28.4,1,0,0,1.0,50,Berma pavimentada,Molhado,Sentido único,Chuva,Fora da intersecção,Dentro das localidades,Em pleno dia,Em patamar,Recta,Em plena via,Colisão,TERÇA-FEIRA  ,0,3,47,2012-12-13,10,ligeiro,Sim,Sim,Nao,294.9,1,4,47,1993
50296,2007281164,Braga,41.534069,-8.500608,EN103,32.9,1,0,0,1.0,50,Berma pavimentada,Seco e limpo,Dois sentidos,Bom tempo,Fora da intersecção,Dentro das localidades,Em pleno dia,Em patamar,Recta,Em plena via,Colisão,SEGUNDA-FEIRA,0,2,47,2007-04-21,14,ligeiro,Sim,Nao,Sim,294.9,1,4,47,1993
50297,2008301948,Braga,41.419007,-8.445495,ER206,28.85,2,0,0,1.0,50,Berma pavimentada,Seco e limpo,Dois sentidos,Bom tempo,Em entroncamento,Dentro das localidades,Em pleno dia,Em patamar,Curva,Em plena via,Colisão,SEXTA-FEIRA  ,0,2,47,2007-11-27,12,ligeiro,Sim,Nao,Sim,294.9,1,4,47,1993
50299,2012600509,Braga,41.419802000000004,-8.444032,ER206,29.0,1,0,0,1.0,50,Berma pavimentada,Seco e limpo,Dois sentidos,Bom tempo,Fora da intersecção,Dentro das localidades,Em pleno dia,Em patamar,Recta,Em plena via,Colisão,QUINTA-FEIRA ,0,3,47,2012-02-11,15,ligeiro,Sim,Nao,Sim,294.9,1,4,47,1993
50300,2007275112,Braga,41.417284,-8.450397,ER206,28.4,1,0,0,1.0,50,Berma pavimentada,Molhado,Dois sentidos,Chuva,Fora da intersecção,Dentro das localidades,Em pleno dia,Em patamar,Recta,Em plena via,Colisão,SÁBADO       ,0,3,47,2007-02-28,8,ligeiro,Sim,Sim,Nao,294.9,1,4,47,1993
50302,2009389541,Braga,41.512495,-8.316225,ER310,9.7,1,0,0,2.0,50,Sem berma ou impraticável,Seco e limpo,Dois sentidos,Bom tempo,Fora da intersecção,Dentro das localidades,"Noite, com iluminação",Em patamar,Recta,Na berma,Despiste,SEGUNDA-FEIRA,0,1,47,2009-06-27,3,ligeiro,Nao,Nao,Sim,294.9,1,4,47,1993
50303,2009408857,Braga,41.532714,-8.519919999999999,EN103,31.25,0,0,1,1.0,50,Sem berma ou impraticável,Seco e limpo,Dois sentidos,Bom tempo,Fora da intersecção,Dentro das localidades,Em pleno dia,Em patamar,Recta,Em plena via,Colisão,TERÇA-FEIRA  ,0,2,47,2009-08-18,17,ligeiro,Sim,Nao,Sim,294.9,1,4,47,1993
50304,2007278446,Braga,41.533401,-8.512358,EN103,31.9,0,1,0,2.0,80,Berma pavimentada,Seco e limpo,Dois sentidos,Bom tempo,Em entroncamento,Dentro das localidades,Em pleno dia,Em patamar,Recta,Em plena via,Colisão,DOMINGO      ,0,2,47,2007-03-17,12,ligeiro,Sim,Nao,Sim,294.9,1,4,47,1993
50305,2007289768,Braga,41.533683,-8.506472,EN103,32.4,1,0,0,1.0,50,Berma não pavimentada,Seco e limpo,Dois sentidos,Bom tempo,Fora da intersecção,Dentro das localidades,Em pleno dia,Em patamar,Recta,Em plena via,Colisão,SEGUNDA-FEIRA,0,2,47,2007-07-21,18,ligeiro,Sim,Nao,Sim,294.9,1,4,47,1993
50306,2008344654,Braga,41.419694,-8.444225,ER206,28.98,1,0,0,1.0,50,Berma pavimentada,Molhado,Dois sentidos,Chuva,Em entroncamento,Dentro das localidades,Em pleno dia,Em patamar,Recta,Em plena via,Colisão,QUINTA-FEIRA ,0,2,47,2008-10-16,12,ligeiro,Sim,Sim,Nao,294.9,1,4,47,1993
50307,2012597530,Braga,41.416275,-8.453354,ER206,28.13,1,0,0,1.0,50,Berma pavimentada,Seco e limpo,Dois sentidos,Bom tempo,Fora da intersecção,Dentro das localidades,Em pleno dia,Com inclinação,Recta,Na berma,Colisão,QUARTA-FEIRA ,0,2,47,2012-01-29,9,ligeiro,Sim,Nao,Sim,294.9,1,4,47,1993
50308,2011529049,Braga,41.533366,-8.515353999999999,EN103,31.65,1,0,0,1.0,50,Berma pavimentada,Seco e limpo,Dois sentidos,Bom tempo,Em entroncamento,Dentro das localidades,Em pleno dia,Com inclinação,Recta,Em plena via,Colisão,SÁBADO       ,0,2,47,2011-03-13,13,ligeiro,Sim,Nao,Sim,294.9,1,4,47,1993
50309,2012645440,Braga,41.514232,-8.313504,ER310,9.4,1,0,0,1.0,50,Berma não pavimentada,Seco e limpo,Dois sentidos,Bom tempo,Fora da intersecção,Dentro das localidades,"Noite, com iluminação",Com inclinação,Recta,Em plena via,Colisão,SÁBADO       ,0,2,47,2012-09-16,4,ligeiro,Nao,Nao,Sim,294.9,1,4,47,1993
50310,2008333798,Braga,41.506569,-8.321176,ER310,10.47,1,0,0,1.0,50,Berma não pavimentada,Seco e limpo,Dois sentidos,Bom tempo,Fora da intersecção,Dentro das localidades,Em pleno dia,Em patamar,Recta,Em plena via,Colisão,SÁBADO       ,0,2,47,2008-07-24,14,ligeiro,Sim,Nao,Sim,294.9,1,4,47,1993
50311,2013670450,Braga,41.418783000000005,-8.446017,ER206,28.8,1,0,0,1.0,50,Berma pavimentada,Molhado,Dois sentidos,Chuva,Fora da intersecção,Dentro das localidades,Em pleno dia,Em patamar,Recta,Em plena via,Atropelamento,TERÇA-FEIRA  ,0,1,47,2012-12-13,14,ligeiro,Sim,Sim,Nao,294.9,1,4,47,1993
50313,2012600615,Braga,41.508641,-8.31945,ER310,10.2,2,0,0,1.0,50,Berma pavimentada,Seco e limpo,Dois sentidos,Bom tempo,Fora da intersecção,Dentro das localidades,Em pleno dia,Em patamar,Recta,Em plena via,Colisão,DOMINGO      ,0,3,47,2012-02-19,14,ligeiro,Sim,Nao,Sim,294.9,1,4,47,1993
50314,2012638678,Braga,41.417473,-8.44985,ER206,28.45,4,0,0,1.0,50,Berma não pavimentada,Seco e limpo,Dois sentidos,Bom tempo,Fora da intersecção,Dentro das localidades,Em pleno dia,Em patamar,Recta,Em plena via,Colisão,QUARTA-FEIRA ,0,2,47,2012-08-16,12,ligeiro,Sim,Nao,Sim,294.9,1,4,47,1993
50315,2011566053,Braga,41.533390000000004,-8.513424,EN103,31.81,0,1,0,1.0,50,Berma pavimentada,Seco e limpo,Dois sentidos,Bom tempo,Em entroncamento,Dentro das localidades,Em pleno dia,Com inclinação,Recta,Em plena via,Colisão,SÁBADO       ,0,2,47,2011-09-17,8,ligeiro,Sim,Nao,Sim,294.9,1,4,47,1993
50316,2011573893,Braga,41.571016,-8.452136,EN(d)201,62.2,1,0,0,1.0,50,Berma pavimentada,Seco e limpo,Dois sentidos,Bom tempo,Fora da intersecção,Dentro das localidades,Em pleno dia,Em patamar,Recta,Em plena via,Atropelamento,DOMINGO      ,0,1,47,2011-10-11,8,ligeiro,Sim,Nao,Sim,294.9,1,4,47,1993