,COD_ACIDENTE,DISTRITO,LATITUDE,LONGITUDE,VIA,KM,QT_FLIGEIROS,QT_FGRAVES,QT_MORTOS,QT_VIAS_SENTIDO,VEL_LIM_LOCAL,BERMA_VIA,CONDICAO_ADERENCIA,FAIXA_RODAGEM,FATOR_ATMOSFERICO,INTERSECAO_VIA,LOCALIZACAO,LUMINOSIDADE,PERFIL_VIA,PLANTA_VIA,SITUACAO_ACIDENTE,TIPO_NATUREZA,DIA_SEMANA,FLAG_FERIADO,QT_VEICULOS,COD_FREGUESIA,DATA,HORA,GRAVIDADE,ERA_DIA,MAU_TEMPO,ESTRADA_SECA,DENSIDADE_TOTAL,COD_DISTRITO_INE,COD_CONCELHO_INE,COD_FREGUESIA_INE,TOTAL
50319,2010486622,Braga,41.517201,-8.309125,ER310,8.9,4,0,0,1.0,50,Berma não pavimentada,Seco e limpo,Dois sentidos,Bom tempo,Fora da intersecção,Dentro das localidades,Em pleno dia,Em patamar,Recta,Em plena via,Colisão,QUARTA-FEIRA ,0,3,47,2010-08-29,11,ligeiro,Sim,Nao,Sim,294.9,1,4,47,1993
50320,2011576187,Braga,41.533084,-8.518461,EN103,31.38,1,0,0,1.0,50,Berma pavimentada,Seco e limpo,Dois sentidos,Bom tempo,Fora da intersecção,Dentro das localidades,Em pleno dia,Em patamar,Recta,Em plena via,Colisão,QUINTA-FEIRA ,0,3,47,2011-10-14,14,ligeiro,Sim,Nao,Sim,294.9,1,4,47,1993
50321,2011555147,Braga,41.417473,-8.44985,ER206,28.45,1,0,0,1.0,50,Berma pavimentada,Seco e limpo,Dois sentidos,Bom tempo,Em entroncamento,Dentro das localidades,Em pleno dia,Em patamar,Recta,Em plena via,Colisão,SÁBADO       ,0,2,47,2011-07-11,15,ligeiro,Sim,Nao,Sim,294.9,1,4,47,1993
50323,2008308541,Braga,41.537328,-8.517602,A11,21.0,1,0,0,2.0,80,Berma pavimentada,Seco e limpo,Sentido único,Chuva,Fora da intersecção,Fora das localidades,Em pleno dia,Em patamar,Recta,Em plena via,Colisão,QUINTA-FEIRA ,0,2,47,2008-01-11,7,ligeiro,Sim,Sim,Sim,294.9,1,4,47,1993
50324,2009389574,Braga,41.532714,-8.519919999999999,EN103,31.25,1,0,0,1.0,50,Berma pavimentada,Seco e limpo,Dois sentidos,Bom tempo,Fora da intersecção,Dentro das localidades,Em pleno dia,Em patamar,Recta,Em plena via,Colisão,SEXTA-FEIRA  ,0,4,47,2009-06-19,17,ligeiro,Sim,Nao,Sim,294.9,1,4,47,1993
50325,2007285496,Braga,41.579583,-8.453382000000001,EN(d)201,61.23,1,0,0,1.0,50,Sem berma ou impraticável,Seco e limpo,Dois sentidos,Bom tempo,Em cruzamento,Dentro das localidades,Em pleno dia,Em patamar,Curva,Em plena via,Colisão,QUINTA-FEIRA ,0,3,47,2007-06-08,20,ligeiro,Sim,Nao,Sim,294.9,1,4,47,1993
50326,2010470399,Braga,41.419265,-8.445001,ER206,28.9,1,0,0,1.0,50,Berma pavimentada,Molhado,Dois sentidos,Chuva,Fora da intersecção,Dentro das localidades,Em pleno dia,Em patamar,Recta,Na berma,Colisão,DOMINGO      ,0,2,47,2010-06-08,9,ligeiro,Sim,Sim,Nao,294.9,1,4,47,1993
50331,2008301937,Braga,41.506493,-8.321241,ER310,10.48,3,0,0,1.0,50,Berma pavimentada,Seco e limpo,Dois sentidos,Bom tempo,Em cruzamento,Dentro das localidades,Em pleno dia,Em patamar,Recta,Na berma,Despiste,TERÇA-FEIRA  ,0,1,47,2007-11-24,0,ligeiro,Sim,Nao,Sim,294.9,1,4,47,1993
50332,2007275111,Braga,41.419265,-8.445001,ER206,28.9,1,0,0,1.0,50,Berma pavimentada,Molhado,Dois sentidos,Chuva,Fora da intersecção,Dentro das localidades,"Noite, com iluminação",Em patamar,Recta,Em plena via,Colisão,SÁBADO       ,0,3,47,2007-02-22,21,ligeiro,Nao,Sim,Nao,294.9,1,4,47,1993
50333,2010468355,Braga,41.534034000000005,-8.502958999999999,EN103,32.7,0,1,0,1.0,50,Berma não pavimentada,Seco e limpo,Dois sentidos,Bom tempo,Em entroncamento,Dentro das localidades,Em pleno dia,Em patamar,Recta,Em plena via,Despiste,TERÇA-FEIRA  ,0,1,47,2010-06-27,6,ligeiro,Sim,Nao,Sim,294.9,1,4,47,1993
50335,2009383551,Braga,41.519690999999995,-8.306229,ER310,8.5,1,0,0,1.0,50,Berma não pavimentada,Molhado,Dois sentidos,Chuva,Fora da intersecção,Dentro das localidades,Em pleno dia,Com inclinação,Curva,Na berma,Despiste,TERÇA-FEIRA  ,0,1,47,2009-05-24,14,ligeiro,Sim,Sim,Nao,294.9,1,4,47,1993
50336,2008322667,Braga,41.53243,-8.521042,EN103,31.15,1,0,1,1.0,50,Sem berma ou impraticável,Seco e limpo,Dois sentidos,Bom tempo,Em entroncamento,Fora das localidades,Em pleno dia,Em patamar,Recta,Em plena via,Colisão,SEGUNDA-FEIRA,0,2,47,2008-04-26,8,ligeiro,Sim,Nao,Sim,294.9,1,4,47,1993
50337,2007289765,Braga,41.533362,-8.515673,EN103,31.62,2,0,0,1.0,50,Sem berma ou impraticável,Seco e limpo,Dois sentidos,Bom tempo,Fora da intersecção,Dentro das localidades,Em pleno dia,Com inclinação,Recta,Em plena via,Atropelamento,SEGUNDA-FEIRA,0,1,47,2007-07-27,14,ligeiro,Sim,Nao,Sim,294.9,1,4,47,1993
50338,2009409338,Braga,41.582476,-8.454096,EN(d)201,60.9,1,0,0,1.0,50,Sem berma ou impraticável,Seco e limpo,Dois sentidos,Bom tempo,Fora da intersecção,Dentro das localidades,Aurora ou crepúsculo,Em patamar,Recta,Em plena via,Colisão,SEXTA-FEIRA  ,0,2,47,2009-08-20,19,ligeiro,Nao,Nao,Sim,294.9,1,4,47,1993
50339,2011529036,Braga,41.515208,-8.311458,ER310,9.2,1,0,0,1.0,50,Berma pavimentada,Seco e limpo,Dois sentidos,Bom tempo,Em entroncamento,Dentro das localidades,Em pleno dia,Em patamar,Recta,Em plena via,Colisão,DOMINGO      ,0,1,47,2011-03-08,10,ligeiro,Sim,Nao,Sim,294.9,1,4,47,1993
50340,2009402030,Braga,41.516498,-8.309781,ER310,9.0,1,0,0,1.0,50,Berma pavimentada,Com gravilha ou areia,Dois sentidos,Bom tempo,Em entroncamento,Dentro das localidades,"Noite, com iluminação",Em patamar,Curva,Na berma,Despiste,DOMINGO      ,0,1,47,2009-07-19,23,ligeiro,Nao,Nao,Nao,294.9,1,4,47,1993
50341,2008323645,Braga,41.580284000000006,-8.453498,EN(d)201,61.15,1,0,0,1.0,50,Sem berma ou impraticável,Seco e limpo,Dois sentidos,Bom tempo,Fora da intersecção,Dentro das localidades,"Noite, com iluminação",Em patamar,Recta,No passeio,Despiste,DOMINGO      ,1,1,47,2008-04-25,20,ligeiro,Nao,Nao,Sim,294.9,1,4,47,1993
50342,2011506742,Braga,41.414817,-8.457464,ER206,27.75,2,0,0,1.0,50,Berma não pavimentada,Seco e limpo,Dois sentidos,Bom tempo,Em entroncamento,Dentro das localidades,"Noite, sem iluminação",Em patamar,Curva,Em plena via,Colisão,TERÇA-FEIRA  ,0,2,47,2010-11-22,18,ligeiro,Nao,Nao,Sim,294.9,1,4,47,1993
50343,2008310160,Braga,41.533739000000004,-8.505885000000001,EN103,32.45,0,1,0,1.0,50,Sem berma ou impraticável,Molhado,Dois sentidos,Chuva,Fora da intersecção,Dentro das localidades,"Noite, com iluminação",Em patamar,Recta,Em plena via,Atropelamento,SÁBADO       ,0,1,47,2008-02-27,21,ligeiro,Nao,Sim,Nao,294.9,1,4,47,1993
50344,2007271121,Braga,41.571898,-8.4525,EN(d)201,62.1,1,0,0,1.0,50,Berma pavimentada,Seco e limpo,Dois sentidos,Bom tempo,Fora da intersecção,Dentro das localidades,Em pleno dia,Em patamar,Recta,Em plena via,Colisão,DOMINGO      ,0,2,47,2007-01-14,11,ligeiro,Sim,Nao,Sim,294.9,1,4,47,1993
50346,2007283700,Braga,41.415976,-8.454231,ER206,28.05,1,0,0,1.0,80,Berma pavimentada,Seco e limpo,Sentido único,Bom tempo,Em cruzamento,Dentro das localidades,"Noite, com iluminação",Em patamar,Recta,Em plena via,Colisão,SÁBADO       ,0,2,47,2007-05-18,23,ligeiro,Nao,Nao,Sim,294.9,1,4,47,1993
50348,2009349181,Braga,41.534069,-8.500608,EN103,32.9,2,0,0,1.0,50,Sem berma ou impraticável,Molhado,Sentido único,Chuva,Em entroncamento,Dentro das localidades,"Noite, com iluminação",Em patamar,Recta,Em plena via,Colisão,SEGUNDA-FEIRA,0,2,47,2008-11-28,19,ligeiro,Nao,Sim,Nao,294.9,1,4,47,1993
50349,2009399645,Braga,41.533424,-8.509993,EN103,32.1,1,0,0,2.0,50,Berma não pavimentada,Seco e limpo,Dois sentidos,Bom tempo,Fora da intersecção,Dentro das localidades,"Noite, sem iluminação",Em patamar,Recta,No passeio,Despiste,DOMINGO      ,0,1,47,2009-07-19,22,ligeiro,Nao,Nao,Sim,294.9,1,4,47,1993
50350,2009358800,Braga,41.575447,-8.452967999999998,EN(d)201,61.7,1,0,0,1.0,50,Sem berma ou impraticável,Seco e limpo,Dois sentidos,Bom tempo,Fora da intersecção,Dentro das localidades,"Noite, com iluminação",Em patamar,Recta,Em plena via,Colisão,SEXTA-FEIRA  ,0,3,47,2009-02-14,19,ligeiro,Nao,Nao,Sim,294.9,1,4,47,1993
50351,2008340872,Braga,41.533442,-8.508813,EN103,32.2,1,0,0,1.0,50,Berma pavimentada,Seco e limpo,Dois sentidos,Bom tempo,Fora da intersecção,Dentro das localidades,Em pleno dia,Em patamar,Recta,Em plena via,Colisão,DOMINGO      ,0,2,47,2008-09-20,12,ligeiro,Sim,Nao,Sim,294.9,1,4,47,1993
50352,2012613559,Braga,41.423105,-8.438044,ER206,29.63,1,0,0,1.0,50,Berma pavimentada,Húmido,Dois sentidos,Chuva,Em cruzamento,Dentro das localidades,"Noite, com iluminação",Em patamar,Recta,Em plena via,Colisão,QUINTA-FEIRA ,0,2,47,2012-04-14,20,ligeiro,Nao,Sim,Nao,294.9,1,4,47,1993
50354,2013664926,Braga,41.571016,-8.452136,EN(d)201,62.2,1,0,0,1.0,50,Berma pavimentada,Seco e limpo,Dois sentidos,Bom tempo,Fora da intersecção,Dentro das localidades,Em pleno dia,Com inclinação,Recta,Em plena via,Colisão,SÁBADO       ,0,3,47,2012-11-29,10,ligeiro,Sim,Nao,Sim,294.9,1,4,47,1993
50355,2011563865,Braga,41.419532000000004,-8.444514999999999,ER206,28.95,1,0,0,1.0,50,Berma pavimentada,Seco e limpo,Dois sentidos,Bom tempo,Em cruzamento,Dentro das localidades,Em pleno dia,Em patamar,Recta,Em plena via,Colisão,TERÇA-FEIRA  ,0,2,47,2011-08-11,14,ligeiro,Sim,Nao,Sim,294.9,1,4,47,1993
50356,2012638665,Braga,41.534034000000005,-8.502958999999999,EN103,32.7,2,0,0,1.0,50,Berma não pavimentada,Seco e limpo,Dois sentidos,Bom tempo,Em entroncamento,Dentro das localidades,Em pleno dia,Em patamar,Recta,Em plena via,Colisão,DOMINGO      ,0,4,47,2012-08-31,9,ligeiro,Sim,Nao,Sim,294.9,1,4,47,1993
50357,2013656241,Braga,41.418711,-8.446224,ER206,28.78,1,0,0,1.0,50,Berma pavimentada,Seco e limpo,Dois sentidos,Bom tempo,Em entroncamento,Dentro das localidades,Em pleno dia,Em patamar,Recta,Em plena via,Colisão,QUINTA-FEIRA ,0,2,47,2012-10-30,12,ligeiro,Sim,Nao,Sim,294.9,1,4,47,1993
50359,2010477706,Braga,41.531473,-8.524826,EN103,30.82,1,0,0,1.0,50,Berma pavimentada,Seco e limpo,Dois sentidos,Bom tempo,Fora da intersecção,Dentro das localidades,Em pleno dia,Em patamar,Recta,Na berma,Despiste,SEXTA-FEIRA  ,0,1,47,2010-07-05,20,ligeiro,Sim,Nao,Sim,294.9,1,4,47,1993
50360,2009351819,Braga,41.533626,-8.507058,EN103,32.35,1,0,0,2.0,50,Berma pavimentada,"Com gelo, geada ou neve",Dois sentidos,Bom tempo,Fora da intersecção,Fora das localidades,"Noite, com iluminação",Em patamar,Recta,Em plena via,Despiste,SEXTA-FEIRA  ,0,1,47,2008-12-02,7,ligeiro,Nao,Nao,Nao,294.9,1,4,47,1993
50362,2007292132,Braga,41.53335,-8.517095,EN103,31.5,1,0,0,1.0,50,Sem berma ou impraticável,Seco e limpo,Dois sentidos,Bom tempo,Em entroncamento,Dentro das localidades,Em pleno dia,Em patamar,Curva,Em plena via,Colisão,QUARTA-FEIRA ,1,2,47,2007-08-15,22,ligeiro,Sim,Nao,Sim,294.9,1,4,47,1993
50363,2011527192,Braga,41.42242,-8.439276,ER206,29.5,1,0,0,1.0,50,Berma não pavimentada,Seco e limpo,Dois sentidos,Bom tempo,Fora da intersecção,Dentro das localidades,Em pleno dia,Em patamar,Recta,Em plena via,Colisão,QUARTA-FEIRA ,0,2,47,2011-03-22,17,ligeiro,Sim,Nao,Sim,294.9,1,4,47,1993
50364,2009358727,Braga,41.51905,-8.306706,ER310,8.59,2,0,0,2.0,50,Berma pavimentada,Molhado,Dois sentidos,Chuva,Fora da intersecção,Dentro das localidades,Em pleno dia,Com inclinação,Curva,Em plena via,Despiste,SEGUNDA-FEIRA,0,1,47,2009-02-05,17,ligeiro,Sim,Sim,Nao,294.9,1,4,47,1993
50366,2009367518,Braga,41.533394,-8.513077000000001,EN103,31.84,1,0,0,2.0,50,Berma pavimentada,Seco e limpo,Dois sentidos,Bom tempo,Fora da intersecção,Dentro das localidades,Em pleno dia,Com inclinação,Recta,Em plena via,Colisão,SEXTA-FEIRA  ,0,2,47,2009-03-25,13,ligeiro,Sim,Nao,Sim,294.9,1,4,47,1993
50368,2010478923,Braga,41.579413,-8.453318,EN(d)201,61.25,3,0,0,1.0,50,Berma pavimentada,Seco e limpo,Dois sentidos,Bom tempo,Em entroncamento,Dentro das localidades,Em pleno dia,Em patamar,Curva,Em plena via,Colisão,SEXTA-FEIRA  ,0,2,47,2010-07-22,14,ligeiro,Sim,Nao,Sim,294.9,1,4,47,1993
50369,2011500355,Braga,41.533388,-8.513542,EN103,31.8,1,0,0,1.0,50,Sem berma ou impraticável,Seco e limpo,Dois sentidos,Bom tempo,Em entroncamento,Dentro das localidades,"Noite, com iluminação",Com inclinação,Recta,Em plena via,Colisão,TERÇA-FEIRA  ,0,2,47,2010-10-19,20,ligeiro,Nao,Nao,Sim,294.9,1,4,47,1993
50370,2011563864,Braga,41.422005,-8.44004,ER206,29.42,1,0,0,1.0,50,Berma pavimentada,Seco e limpo,Dois sentidos,Bom tempo,Fora da intersecção,Dentro das localidades,Em pleno dia,Em patamar,Recta,Em plena via,Colisão,SÁBADO       ,0,2,47,2011-08-14,12,ligeiro,Sim,Nao,Sim,294.9,1,4,47,1993
50371,2010469730,Braga,41.507875,-8.320084,ER310,10.3,1,0,0,1.0,50,Berma pavimentada,Seco e limpo,Dois sentidos,Bom tempo,Fora da intersecção,Dentro das localidades,Em pleno dia,Em patamar,Recta,Em plena via,Colisão,TERÇA-FEIRA  ,0,2,47,2010-06-21,17,ligeiro,Sim,Nao,Sim,294.9,1,4,47,1993
50372,2012612593,Braga,41.514915,-8.312071000000001,ER310,9.26,1,0,0,1.0,50,Berma pavimentada,Seco e limpo,Dois sentidos,Bom tempo,Em entroncamento,Dentro das localidades,Em pleno dia,Em patamar,Recta,Em plena via,Colisão,SÁBADO       ,0,2,47,2012-04-21,16,ligeiro,Sim,Nao,Sim,294.9,1,4,47,1993
50375,2008302187,Braga,41.534007,-8.499431,EN103,33.0,1,0,0,1.0,50,Berma pavimentada,Seco e limpo,Sentido único,Bom tempo,Em cruzamento,Dentro das localidades,"Noite, com iluminação",Com inclinação,Recta,Em plena via,Colisão,TERÇA-FEIRA  ,0,2,47,2007-11-30,21,ligeiro,Nao,Nao,Sim,294.9,1,4,47,1993
50376,2013669764,Braga,41.571016,-8.452136,EN(d)201,62.2,1,0,0,1.0,50,Berma pavimentada,Húmido,Dois sentidos,Bom tempo,Fora da intersecção,Dentro das localidades,Em pleno dia,Em patamar,Recta,Em plena via,Colisão,QUINTA-FEIRA ,0,2,47,2012-12-20,14,ligeiro,Sim,Nao,Nao,294.9,1,4,47,1993
50378,2010456110,Braga,41.419265,-8.445001,ER206,28.9,1,0,0,2.0,50,Berma pavimentada,Seco e limpo,Dois sentidos,Bom tempo,Fora da intersecção,Dentro das localidades,Em pleno dia,Em patamar,Recta,Em plena via,Colisão,QUINTA-FEIRA ,0,2,47,2010-04-10,13,ligeiro,Sim,Nao,Sim,294.9,1,4,47,1993
50379,2011563868,Braga,41.421377,-8.441183,ER206,29.3,1,0,0,1.0,50,Berma pavimentada,Seco e limpo,Dois sentidos,Bom tempo,Fora da intersecção,Dentro das localidades,Em pleno dia,Em patamar,Recta,Em plena via,Colisão,SEXTA-FEIRA  ,0,2,47,2011-08-02,19,ligeiro,Sim,Nao,Sim,294.9,1,4,47,1993
50380,2009360842,Braga,41.531715999999996,-8.52386,EN103,30.9,1,0,0,2.0,50,Berma não pavimentada,Seco e limpo,Dois sentidos,Bom tempo,Em entroncamento,Dentro das localidades,"Noite, com iluminação",Em patamar,Recta,Em plena via,Colisão,SEGUNDA-FEIRA,0,2,47,2009-02-22,1,ligeiro,Nao,Nao,Sim,294.9,1,4,47,1993
50381,2012636864,Braga,41.532857,-8.519359,EN103,31.3,1,0,0,1.0,50,Berma pavimentada,Seco e limpo,Dois sentidos,Bom tempo,Fora da intersecção,Dentro das localidades,Em pleno dia,Em patamar,Recta,Em plena via,Colisão,QUARTA-FEIRA ,0,2,47,2012-08-11,12,ligeiro,Sim,Nao,Sim,294.9,1,4,47,1993
50382,2009417827,Braga,41.419315999999995,-8.444902,ER206,28.91,2,0,0,1.0,50,Berma pavimentada,Seco e limpo,Dois sentidos,Bom tempo,Em entroncamento,Dentro das localidades,"Noite, com iluminação",Em patamar,Recta,Em plena via,Colisão,SEXTA-FEIRA  ,0,3,47,2009-09-07,0,ligeiro,Nao,Nao,Sim,294.9,1,4,47,1993
50386,2007298128,Braga,41.420224,-8.443276,ER206,29.08,1,0,0,1.0,50,Berma pavimentada,Seco e limpo,Dois sentidos,Bom tempo,Fora da intersecção,Dentro das localidades,"Noite, com iluminação",Em patamar,Recta,Em plena via,Colisão,SÁBADO       ,0,2,47,2007-10-02,0,ligeiro,Nao,Nao,Sim,294.9,1,4,47,1993
50387,2008337899,Braga,41.512878,-8.315897,ER310,9.65,1,0,0,2.0,50,Sem berma ou impraticável,Seco e limpo,Dois sentidos,Bom tempo,Fora da intersecção,Dentro das localidades,Em pleno dia,Em patamar,Recta,Na berma,Despiste,SÁBADO       ,0,1,47,2008-08-22,20,ligeiro,Sim,Nao,Sim,294.9,1,4,47,1993
50388,2013656944,Braga,41.571898,-8.4525,EN(d)201,62.1,1,0,0,1.0,50,Berma pavimentada,Seco e limpo,Dois sentidos,Bom tempo,Fora da intersecção,Dentro das localidades,Em pleno dia,Em patamar,Recta,Em plena via,Colisão,QUARTA-FEIRA ,0,2,47,2012-10-07,10,ligeiro,Sim,Nao,Sim,294.9,1,4,47,1993
50389,2010429482,Braga,41.51826,-8.308147,ER310,8.75,1,0,0,1.0,50,Berma pavimentada,Molhado,Dois sentidos,Chuva,Em entroncamento,Dentro das localidades,Em pleno dia,Em patamar,Recta,Em plena via,Colisão,TERÇA-FEIRA  ,0,2,47,2009-11-23,7,ligeiro,Sim,Sim,Nao,294.9,1,4,47,1993
50390,2013663300,Braga,41.52012,-8.306266,ER310,8.45,2,0,0,1.0,50,Berma não pavimentada,Húmido,Dois sentidos,Bom tempo,Fora da intersecção,Dentro das localidades,Em pleno dia,Com inclinação,Curva,Em plena via,Despiste,SÁBADO       ,0,1,47,2012-11-01,11,ligeiro,Sim,Nao,Nao,294.9,1,4,47,1993
50391,2007276669,Braga,41.571016,-8.452136,EN(d)201,62.2,1,0,0,1.0,50,Sem berma ou impraticável,Húmido,Dois sentidos,Bom tempo,Em cruzamento,Dentro das localidades,"Noite, com iluminação",Com inclinação,Recta,Em plena via,Colisão,DOMINGO      ,0,2,47,2007-03-06,21,ligeiro,Nao,Nao,Nao,294.9,1,4,47,1993
50392,2012645009,Braga,41.416723,-8.45204,ER206,28.25,4,0,0,1.0,50,Sem berma ou impraticável,Seco e limpo,Dois sentidos,Bom tempo,Em entroncamento,Dentro das localidades,Em pleno dia,Em patamar,Recta,Em plena via,Colisão,QUARTA-FEIRA ,0,3,47,2012-09-03,17,ligeiro,Sim,Nao,Sim,294.9,1,4,47,1993
50393,2013669734,Braga,41.417284,-8.450397,ER206,28.4,3,0,0,1.0,50,Berma pavimentada,Molhado,Dois sentidos,Chuva,Fora da intersecção,Dentro das localidades,Aurora ou crepúsculo,Em patamar,Recta,Em plena via,Colisão,QUARTA-FEIRA ,0,2,47,2012-12-31,16,ligeiro,Nao,Sim,Nao,294.9,1,4,47,1993
50394,2010452602,Braga,41.420853,-8.442134,ER206,29.2,1,0,0,2.0,50,Berma pavimentada,Molhado,Dois sentidos,Chuva,Fora da intersecção,Dentro das localidades,Em pleno dia,Em patamar,Recta,Na berma,Atropelamento,QUINTA-FEIRA ,0,1,47,2010-03-07,11,ligeiro,Sim,Sim,Nao,294.9,1,4,47,1993
50395,2008308787,Braga,41.415679,-8.455105,ER206,27.97,1,0,0,1.0,50,Berma pavimentada,Molhado,Dois sentidos,Chuva,Fora da intersecção,Dentro das localidades,"Noite, com iluminação",Em patamar,Recta,Em plena via,Despiste,SEXTA-FEIRA  ,0,1,47,2008-01-06,1,ligeiro,Nao,Sim,Nao,294.9,1,4,47,1993
50396,2007277774,Braga,41.579456,-8.453332000000001,EN(d)201,61.25,3,0,0,1.0,50,Sem berma ou impraticável,Seco e limpo,Dois sentidos,Bom tempo,Em cruzamento,Dentro das localidades,Em pleno dia,Em patamar,Recta,Em plena via,Colisão,DOMINGO      ,0,3,47,2007-03-17,10,ligeiro,Sim,Nao,Sim,294.9,1,4,47,1993
50397,2008338343,Braga,41.571898,-8.4525,EN(d)201,62.1,1,0,0,1.0,50,Sem berma ou impraticável,Seco e limpo,Dois sentidos,Bom tempo,Fora da intersecção,Dentro das localidades,Em pleno dia,Com inclinação,Recta,Em plena via,Colisão,SEGUNDA-FEIRA,0,2,47,2008-08-07,8,ligeiro,Sim,Nao,Sim,294.9,1,4,47,1993
50398,2010432542,Braga,41.533401,-8.512358,EN103,31.9,1,0,0,1.0,50,Sem berma ou impraticável,Molhado,Dois sentidos,Chuva,Fora da intersecção,Dentro das localidades,Em pleno dia,Com inclinação,Recta,Em plena via,Colisão,DOMINGO      ,0,2,47,2009-12-31,16,ligeiro,Sim,Sim,Nao,294.9,1,4,47,1993
50399,2011529053,Braga,41.533401,-8.512358,EN103,31.9,1,0,0,1.0,30,Berma pavimentada,Seco e limpo,Dois sentidos,Bom tempo,Fora da intersecção,Dentro das localidades,"Noite, com iluminação",Em patamar,Recta,Em plena via,Colisão,TERÇA-FEIRA  ,0,2,47,2011-03-10,19,ligeiro,Nao,Nao,Sim,294.9,1,4,47,1993
50400,2012630973,Braga,41.515208,-8.311458,ER310,9.2,2,0,0,1.0,50,Berma pavimentada,Seco e limpo,Dois sentidos,Bom tempo,Em entroncamento,Dentro das localidades,Em pleno dia,Em patamar,Recta,Em plena via,Colisão,SEGUNDA-FEIRA,0,2,47,2012-07-23,10,ligeiro,Sim,Nao,Sim,294.9,1,4,47,1993
50401,2011549079,Braga,41.515208,-8.311458,ER310,9.2,1,0,0,1.0,50,Sem berma ou impraticável,Seco e limpo,Dois sentidos,Bom tempo,Fora da intersecção,Dentro das localidades,Em pleno dia,Em patamar,Recta,Em plena via,Colisão,QUINTA-FEIRA ,0,2,47,2011-06-16,8,ligeiro,Sim,Nao,Sim,294.9,1,4,47,1993
50402,2009409331,Braga,41.423105,-8.438044,ER206,29.63,3,0,0,1.0,50,Berma pavimentada,Seco e limpo,Dois sentidos,Bom tempo,Em entroncamento,Dentro das localidades,Em pleno dia,Em patamar,Recta,Em plena via,Colisão,SEXTA-FEIRA  ,0,2,47,2009-08-26,14,ligeiro,Sim,Nao,Sim,294.9,1,4,47,1993
50403,2008330164,Braga,41.418554,-8.446671,ER206,28.74,1,0,0,1.0,50,Berma pavimentada,Seco e limpo,Dois sentidos,Bom tempo,Fora da intersecção,Dentro das localidades,Em pleno dia,Em patamar,Recta,Em plena via,Colisão,SÁBADO       ,0,2,47,2008-06-20,19,ligeiro,Sim,Nao,Sim,294.9,1,4,47,1993
50404,2007275713,Braga,41.417657,-8.4493,ER206,28.5,1,0,0,1.0,80,NÃO DEFINIDO,Molhado,Dois sentidos,Bom tempo,Fora da intersecção,Dentro das localidades,Em pleno dia,Em patamar,Recta,Em plena via,Colisão,QUARTA-FEIRA ,0,3,47,2007-02-14,8,ligeiro,Sim,Nao,Nao,294.9,1,4,47,1993
50406,2008330162,Braga,41.419424,-8.444708,ER206,28.93,1,0,0,2.0,50,Berma pavimentada,Seco e limpo,Dois sentidos,Bom tempo,Fora da intersecção,Dentro das localidades,Em pleno dia,Em patamar,Recta,Em plena via,Colisão,DOMINGO      ,0,2,47,2008-06-27,8,ligeiro,Sim,Nao,Sim,294.9,1,4,47,1993
50407,2009399657,Braga,41.533424,-8.509993,EN103,32.1,1,0,0,2.0,50,Sem berma ou impraticável,Seco e limpo,Dois sentidos,Bom tempo,Em entroncamento,Dentro das localidades,"Noite, sem iluminação",Com inclinação,Recta,Em plena via,Colisão,TERÇA-FEIRA  ,0,2,47,2009-07-20,0,ligeiro,Nao,Nao,Sim,294.9,1,4,47,1993
50408,2012579585,Braga,41.420853,-8.442134,ER206,29.2,1,0,0,1.0,50,Berma pavimentada,Seco e limpo,Dois sentidos,Bom tempo,Fora da intersecção,Dentro das localidades,Em pleno dia,Em patamar,Recta,Em plena via,Colisão,SÁBADO       ,0,2,47,2011-11-02,8,ligeiro,Sim,Nao,Sim,294.9,1,4,47,1993
50409,2010456956,Braga,41.419424,-8.444708,ER206,28.93,1,0,0,1.0,50,Sem berma ou impraticável,Húmido,Dois sentidos,Chuva,Fora da intersecção,Dentro das localidades,"Noite, com iluminação",Em patamar,Recta,Em plena via,Colisão,DOMINGO      ,0,2,47,2010-04-18,0,ligeiro,Nao,Sim,Nao,294.9,1,4,47,1993
50411,2010477690,Braga,41.418171,-8.447761,ER206,28.64,4,0,0,1.0,50,Sem berma ou impraticável,Seco e limpo,Dois sentidos,Bom tempo,Fora da intersecção,Dentro das localidades,Em pleno dia,Em patamar,Recta,Em plena via,Colisão,TERÇA-FEIRA  ,0,3,47,2010-07-08,17,ligeiro,Sim,Nao,Sim,294.9,1,4,47,1993
50412,2007273376,Braga,41.42216,-8.439753999999999,ER206,29.45,2,0,0,1.0,50,Berma pavimentada,Seco e limpo,Dois sentidos,Vento Forte,Fora da intersecção,Dentro das localidades,"Noite, com iluminação",Em patamar,Recta,Em plena via,Colisão,QUARTA-FEIRA ,0,2,47,2007-01-28,0,ligeiro,Nao,Sim,Sim,294.9,1,4,47,1993
50415,2011563867,Braga,41.423058000000005,-8.438129,ER206,29.62,2,0,0,1.0,50,Berma não pavimentada,Seco e limpo,Dois sentidos,Bom tempo,Fora da intersecção,Dentro das localidades,"Noite, com iluminação",Em patamar,Recta,Em plena via,Atropelamento,SEGUNDA-FEIRA,0,1,47,2011-08-04,21,ligeiro,Nao,Nao,Sim,294.9,1,4,47,1993
50419,2010486570,Braga,41.519690999999995,-8.306229,ER310,8.5,2,0,0,1.0,50,Sem berma ou impraticável,Seco e limpo,Dois sentidos,Bom tempo,Fora da intersecção,Dentro das localidades,"Noite, com iluminação",Com inclinação,Curva,Em plena via,Despiste,QUINTA-FEIRA ,0,1,47,2010-08-19,23,ligeiro,Nao,Nao,Sim,294.9,1,4,47,1993