,COD_ACIDENTE,DISTRITO,LATITUDE,LONGITUDE,VIA,KM,QT_FLIGEIROS,QT_FGRAVES,QT_MORTOS,QT_VIAS_SENTIDO,VEL_LIM_LOCAL,BERMA_VIA,CONDICAO_ADERENCIA,FAIXA_RODAGEM,FATOR_ATMOSFERICO,INTERSECAO_VIA,LOCALIZACAO,LUMINOSIDADE,PERFIL_VIA,PLANTA_VIA,SITUACAO_ACIDENTE,TIPO_NATUREZA,DIA_SEMANA,FLAG_FERIADO,QT_VEICULOS,COD_FREGUESIA,DATA,HORA,GRAVIDADE,ERA_DIA,MAU_TEMPO,ESTRADA_SECA,DENSIDADE_TOTAL,COD_DISTRITO_INE,COD_CONCELHO_INE,COD_FREGUESIA_INE,TOTAL
50420,2010463476,Braga,41.532571999999995,-8.520481,EN103,31.2,1,0,0,1.0,50,Berma pavimentada,Seco e limpo,Dois sentidos,Bom tempo,Fora da intersecção,Dentro das localidades,Em pleno dia,Em patamar,Recta,Em plena via,Colisão,QUARTA-FEIRA ,0,2,47,2010-05-02,9,ligeiro,Sim,Nao,Sim,294.9,1,4,47,1993
50421,2012609137,Braga,41.419265,-8.445001,ER206,28.9,2,0,0,1.0,50,Sem berma ou impraticável,Seco e limpo,Dois sentidos,Bom tempo,Fora da intersecção,Dentro das localidades,Em pleno dia,Em patamar,Recta,Em plena via,Colisão,QUARTA-FEIRA ,0,4,47,2012-03-10,10,ligeiro,Sim,Nao,Sim,294.9,1,4,47,1993
50422,2012645446,Braga,41.512878,-8.315897,ER310,9.65,1,0,0,1.0,50,Berma pavimentada,Seco e limpo,Dois sentidos,Bom tempo,Fora da intersecção,Dentro das localidades,Em pleno dia,Em patamar,Curva,Na berma,Despiste,SEXTA-FEIRA  ,0,1,47,2012-09-27,14,ligeiro,Sim,Nao,Sim,294.9,1,4,47,1993
50424,2007297896,Braga,41.587921,-8.35173,EN103,47.4,2,0,0,1.0,50,Berma pavimentada,Seco e limpo,Dois sentidos,Bom tempo,Fora da intersecção,Dentro das localidades,Em pleno dia,Em patamar,Curva,Em plena via,Colisão,QUARTA-FEIRA ,0,2,39,2007-10-11,13,ligeiro,Sim,Nao,Sim,240.7,1,3,39,4068
50425,2007300558,Braga,41.585603000000006,-8.365066,EN103,46.2,2,0,0,1.0,70,Berma pavimentada,Seco e limpo,Dois sentidos,Bom tempo,NÃO DEFINIDO,Fora das localidades,"Noite, sem iluminação",Em patamar,Recta,Na berma,Despiste,SEXTA-FEIRA  ,0,1,39,2007-11-04,20,ligeiro,Nao,Nao,Sim,240.7,1,3,39,4068
50427,2008321383,Braga,41.599232,-8.369522,ER205-4,3.0,1,0,0,2.0,50,Sem berma ou impraticável,Seco e limpo,Dois sentidos,Bom tempo,Fora da intersecção,Dentro das localidades,Em pleno dia,Com inclinação,Curva,Em plena via,Colisão,SÁBADO       ,1,2,39,2008-03-21,10,ligeiro,Sim,Nao,Sim,240.7,1,3,39,4068
50429,2008344574,Braga,41.585755999999996,-8.358061,EN103,46.8,1,0,0,1.0,50,Berma pavimentada,Molhado,Dois sentidos,Chuva,Fora da intersecção,Dentro das localidades,Em pleno dia,Em patamar,Curva,Em plena via,Despiste,QUINTA-FEIRA ,0,1,39,2008-10-16,14,ligeiro,Sim,Sim,Nao,240.7,1,3,39,4068
50430,2009351820,Braga,41.587021,-8.354979,EN103,47.1,1,0,0,1.0,90,Berma pavimentada,"Com gelo, geada ou neve",Dois sentidos,Bom tempo,Fora da intersecção,Fora das localidades,Em pleno dia,Em patamar,Curva,Em plena via,Despiste,SEXTA-FEIRA  ,0,1,39,2008-12-02,10,ligeiro,Sim,Nao,Nao,240.7,1,3,39,4068
50434,2009373450,Braga,41.407692,-8.398083999999999,A7,31.23,1,0,0,2.0,120,Berma pavimentada,Seco e limpo,Sentido único,Bom tempo,Fora da intersecção,Fora das localidades,"Noite, sem iluminação",Em patamar,Recta,Em plena via,Despiste,TERÇA-FEIRA  ,0,1,39,2009-04-26,20,ligeiro,Nao,Nao,Sim,240.7,1,3,39,4068
50435,2009373459,Braga,41.408448,-8.407871,A7,30.4,1,0,0,2.0,120,Berma pavimentada,"Com gelo, geada ou neve",Sentido único,Granizo,Fora da intersecção,Fora das localidades,Em pleno dia,Com inclinação,Recta,Em plena via,Colisão,QUINTA-FEIRA ,0,3,39,2009-04-16,12,ligeiro,Sim,Sim,Nao,240.7,1,3,39,4068
50437,2010424014,Braga,41.586147,-8.357342,EN103,46.88,1,0,0,2.0,90,Berma pavimentada,Seco e limpo,Dois sentidos,Bom tempo,Fora da intersecção,Fora das localidades,Em pleno dia,Com inclinação,Recta,Na berma,Despiste,DOMINGO      ,0,1,39,2009-10-29,7,ligeiro,Sim,Nao,Sim,240.7,1,3,39,4068
50439,2010463494,Braga,41.406803000000004,-8.41704,A7,29.6,1,0,0,2.0,120,Berma pavimentada,Húmido,Sentido único,Chuva,Fora da intersecção,Fora das localidades,Em pleno dia,Em patamar,Curva,Em plena via,Despiste,QUINTA-FEIRA ,0,1,39,2010-05-14,11,ligeiro,Sim,Sim,Nao,240.7,1,3,39,4068
50445,2011547921,Braga,41.587332,-8.352631,EN103,47.3,2,0,0,1.0,50,Berma pavimentada,Seco e limpo,Dois sentidos,Bom tempo,Fora da intersecção,Dentro das localidades,Em pleno dia,Com inclinação,Recta,Na berma,Despiste,DOMINGO      ,0,1,39,2011-06-13,12,ligeiro,Sim,Nao,Sim,240.7,1,3,39,4068
50453,2012597904,Braga,41.585423,-8.365855,EN103,46.13,1,0,0,1.0,50,Berma pavimentada,Húmido,Dois sentidos,Bom tempo,Em via de aceleração,Dentro das localidades,Em pleno dia,Em patamar,Recta,Em plena via,Colisão,DOMINGO      ,0,2,39,2012-01-16,8,ligeiro,Sim,Nao,Nao,240.7,1,3,39,4068
50457,2012579547,Braga,41.585435,-8.360339,EN103,46.6,3,0,0,1.0,90,Berma pavimentada,Húmido,Sentido único,Chuva,Fora da intersecção,Fora das localidades,Em pleno dia,Com inclinação,Recta,Em plena via,Colisão,SEGUNDA-FEIRA,0,2,39,2011-11-09,12,ligeiro,Sim,Sim,Nao,240.7,1,3,39,4068
50458,2012583017,Braga,41.407076,-8.415298,A7,29.75,1,0,0,3.0,120,Berma pavimentada,Húmido,Sentido único,Bom tempo,Fora da intersecção,Fora das localidades,"Noite, sem iluminação",Em patamar,Curva,Em plena via,Despiste,SEGUNDA-FEIRA,0,1,39,2011-11-20,21,ligeiro,Nao,Nao,Nao,240.7,1,3,39,4068
50461,2012600515,Braga,41.582777,-8.369976,EN103,45.7,1,0,0,1.0,70,Berma pavimentada,Seco e limpo,Dois sentidos,Bom tempo,Em entroncamento,Dentro das localidades,Em pleno dia,Com inclinação,Recta,Em plena via,Colisão,DOMINGO      ,0,2,39,2012-02-02,14,ligeiro,Sim,Nao,Sim,240.7,1,3,39,4068
50463,2012613106,Braga,41.584872,-8.367208,EN103,46.0,1,0,0,1.0,50,Berma pavimentada,Húmido,Dois sentidos,Chuva,Fora da intersecção,Fora das localidades,Em pleno dia,Em patamar,Recta,Na berma,Despiste,SÁBADO       ,0,1,39,2012-04-10,13,ligeiro,Sim,Sim,Nao,240.7,1,3,39,4068
50467,2013657018,Braga,41.58677,-8.356117999999999,EN103,47.0,2,0,0,2.0,90,Berma pavimentada,Seco e limpo,Dois sentidos,Bom tempo,Fora da intersecção,Fora das localidades,"Noite, sem iluminação",Com inclinação,Curva,Em plena via,Colisão,DOMINGO      ,0,2,39,2012-10-04,20,ligeiro,Nao,Nao,Sim,240.7,1,3,39,4068
50472,2008303916,Braga,41.585539000000004,-8.362703,EN103,46.4,1,0,0,1.0,90,Berma pavimentada,Seco e limpo,Dois sentidos,Bom tempo,Fora da intersecção,Fora das localidades,Em pleno dia,Com inclinação,Curva,Na berma,Despiste,QUARTA-FEIRA ,0,1,39,2007-12-29,10,ligeiro,Sim,Nao,Sim,240.7,1,3,39,4068
50473,2008331461,Braga,41.595845000000004,-8.3771,ER205-4,3.88,1,0,0,1.0,50,Sem berma ou impraticável,Seco e limpo,Dois sentidos,Bom tempo,Fora da intersecção,Dentro das localidades,Em pleno dia,Com inclinação,Curva,Em plena via,Despiste,SEXTA-FEIRA  ,0,1,39,2008-06-14,19,ligeiro,Sim,Nao,Sim,240.7,1,3,39,4068
50474,2010437255,Braga,41.585929,-8.35773,EN103,46.83,2,1,0,2.0,90,Berma pavimentada,"Com gelo, geada ou neve",Dois sentidos,Bom tempo,Fora da intersecção,Fora das localidades,Em pleno dia,Com inclinação,Recta,Em plena via,Colisão,TERÇA-FEIRA  ,0,2,39,2010-01-08,8,ligeiro,Sim,Nao,Nao,240.7,1,3,39,4068
50476,2009409780,Braga,41.582777,-8.369976,EN103,45.7,2,0,0,2.0,50,Berma pavimentada,Seco e limpo,Dois sentidos,Bom tempo,Em entroncamento,Dentro das localidades,Em pleno dia,Com inclinação,Recta,Na berma,Despiste,TERÇA-FEIRA  ,0,1,39,2009-08-01,17,ligeiro,Sim,Nao,Sim,240.7,1,3,39,4068
50478,2010486569,Braga,41.585603000000006,-8.365066,EN103,46.2,2,0,0,1.0,50,Berma pavimentada,Seco e limpo,Dois sentidos,Bom tempo,Fora da intersecção,Dentro das localidades,Em pleno dia,Com inclinação,Recta,Em plena via,Colisão,QUARTA-FEIRA ,0,2,39,2010-08-18,10,ligeiro,Sim,Nao,Sim,240.7,1,3,39,4068
50480,2010486660,Braga,41.587606,-8.352158,EN103,47.35,2,0,0,1.0,80,Berma pavimentada,Seco e limpo,Dois sentidos,Bom tempo,Fora da intersecção,Dentro das localidades,Em pleno dia,Em patamar,Recta,Em plena via,Colisão,SÁBADO       ,0,2,39,2010-08-09,15,ligeiro,Sim,Nao,Sim,240.7,1,3,39,4068
50481,2009371768,Braga,41.585755999999996,-8.358061,EN103,46.8,1,1,0,2.0,90,Berma pavimentada,Molhado,Dois sentidos,Chuva,Fora da intersecção,Dentro das localidades,Em pleno dia,Em patamar,Curva,Em plena via,Colisão,SEGUNDA-FEIRA,0,3,39,2009-03-05,13,ligeiro,Sim,Sim,Nao,240.7,1,3,39,4068
50483,2012645014,Braga,41.406803000000004,-8.41704,A7,29.6,1,0,0,3.0,120,Berma pavimentada,Seco e limpo,Sentido único,Bom tempo,Fora da intersecção,Fora das localidades,Em pleno dia,Em patamar,Curva,Em plena via,Despiste,SEXTA-FEIRA  ,0,1,39,2012-09-04,10,ligeiro,Sim,Nao,Sim,240.7,1,3,39,4068
50484,2011527213,Braga,41.597518,-8.375,ER205-4,3.6,1,0,0,1.0,50,Sem berma ou impraticável,Seco e limpo,Dois sentidos,Bom tempo,Fora da intersecção,Fora das localidades,Em pleno dia,Com inclinação,Curva,Em plena via,Colisão,TERÇA-FEIRA  ,0,2,39,2011-03-21,8,ligeiro,Sim,Nao,Sim,240.7,1,3,39,4068
50486,2010423987,Braga,41.408419,-8.410257000000001,A7,30.2,1,0,0,2.0,120,Berma pavimentada,Seco e limpo,Sentido único,Bom tempo,Fora da intersecção,Fora das localidades,Aurora ou crepúsculo,Com inclinação,Recta,Em plena via,Despiste,SEXTA-FEIRA  ,0,1,39,2009-10-16,18,ligeiro,Nao,Nao,Sim,240.7,1,3,39,4068
50487,2007289593,Braga,41.582552,-8.370039,EN103,45.68,1,0,0,1.0,50,Sem berma ou impraticável,Seco e limpo,Dois sentidos,Bom tempo,Em entroncamento,Dentro das localidades,Em pleno dia,Com inclinação,Recta,Em plena via,Colisão,TERÇA-FEIRA  ,0,2,39,2007-07-11,14,ligeiro,Sim,Nao,Sim,240.7,1,3,39,4068
50488,2011548703,Braga,41.599103,-8.369833,ER205-4,3.03,1,0,0,1.0,50,Berma pavimentada,Seco e limpo,Dois sentidos,Bom tempo,Fora da intersecção,Dentro das localidades,Em pleno dia,Com inclinação,Curva,Em plena via,Despiste,DOMINGO      ,0,1,39,2011-06-30,12,ligeiro,Sim,Nao,Sim,240.7,1,3,39,4068
50497,2011540685,Braga,41.408483000000004,-8.408467,A7,30.35,1,0,0,2.0,120,Berma pavimentada,Molhado,Sentido único,Chuva,Fora da intersecção,Fora das localidades,Em pleno dia,Com inclinação,Curva,Em plena via,Despiste,QUARTA-FEIRA ,0,1,39,2011-05-07,15,ligeiro,Sim,Sim,Nao,240.7,1,3,39,4068
50499,2010441944,Braga,41.407559,-8.396116000000001,A7,31.39,1,0,0,2.0,120,Berma pavimentada,Seco e limpo,Sentido único,Bom tempo,Fora da intersecção,Fora das localidades,Em pleno dia,Com inclinação,Curva,Em plena via,Colisão,SEGUNDA-FEIRA,0,2,39,2010-01-29,12,ligeiro,Sim,Nao,Sim,240.7,1,3,39,4068
50506,2011538297,Braga,41.585482,-8.361521,EN103,46.5,2,0,0,3.0,50,Berma pavimentada,Seco e limpo,Dois sentidos,Bom tempo,Fora da intersecção,Dentro das localidades,Em pleno dia,Em patamar,Recta,Em plena via,Colisão,SÁBADO       ,0,2,39,2011-06-29,8,ligeiro,Sim,Nao,Sim,240.7,1,3,39,4068
50509,2008324540,Braga,41.407526000000004,-8.41382,A7,29.88,1,0,0,3.0,120,Berma pavimentada,Seco e limpo,Sentido único,Bom tempo,Fora da intersecção,Fora das localidades,Em pleno dia,Com inclinação,Recta,Em plena via,Colisão,DOMINGO      ,0,2,39,2008-04-14,9,ligeiro,Sim,Nao,Sim,240.7,1,3,39,4068
50520,2007289067,Braga,41.40789,-8.404059,A7,30.73,1,0,0,2.0,120,Berma pavimentada,Seco e limpo,Sentido único,Bom tempo,Fora da intersecção,Fora das localidades,"Noite, com iluminação",Com inclinação,Recta,Em plena via,Colisão,SÁBADO       ,0,3,39,2007-07-14,0,ligeiro,Nao,Nao,Sim,240.7,1,3,39,4068
50529,2010445902,Braga,41.582369,-8.37009,EN103,45.66,3,0,0,1.0,50,Berma pavimentada,Molhado,Dois sentidos,Chuva,Fora da intersecção,Dentro das localidades,"Noite, com iluminação",Com inclinação,Recta,Na berma,Despiste,TERÇA-FEIRA  ,0,1,39,2010-02-05,19,ligeiro,Nao,Sim,Nao,240.7,1,3,39,4068
50530,2010486058,Braga,41.587295000000005,-8.352727,EN103,47.29,1,0,0,2.0,90,Berma pavimentada,Seco e limpo,Dois sentidos,Bom tempo,Fora da intersecção,Fora das localidades,Em pleno dia,Em patamar,Curva,Em plena via,Colisão,TERÇA-FEIRA  ,0,2,39,2010-08-28,18,ligeiro,Sim,Nao,Sim,240.7,1,3,39,4068
50534,2011505921,Braga,41.40737,-8.394822999999999,A7,31.5,1,0,0,2.0,120,Berma pavimentada,Húmido,Sentido único,Bom tempo,Fora da intersecção,Fora das localidades,"Noite, sem iluminação",Com inclinação,Recta,Em plena via,Colisão,DOMINGO      ,0,2,39,2010-11-15,18,ligeiro,Nao,Nao,Nao,240.7,1,3,39,4068
50539,2007289592,Braga,41.587606,-8.352158,EN103,47.35,1,0,0,1.0,50,Sem berma ou impraticável,Seco e limpo,Dois sentidos,NÃO DEFINIDO,Fora da intersecção,Dentro das localidades,Em pleno dia,Em patamar,Curva,Em plena via,Despiste,QUINTA-FEIRA ,0,1,39,2007-07-12,16,ligeiro,Sim,Sim,Sim,240.7,1,3,39,4068
50540,2012597510,Braga,41.595724,-8.377271,ER205-4,3.9,1,0,0,1.0,50,Sem berma ou impraticável,Seco e limpo,Dois sentidos,Bom tempo,Fora da intersecção,Dentro das localidades,"Noite, com iluminação",Com inclinação,Recta,Em plena via,Atropelamento,QUINTA-FEIRA ,0,1,39,2012-01-08,18,ligeiro,Nao,Nao,Sim,240.7,1,3,39,4068
50541,2010424011,Braga,41.585435,-8.360339,EN103,46.6,1,0,0,1.0,50,Berma pavimentada,Molhado,Dois sentidos,Chuva,Fora da intersecção,Fora das localidades,Em pleno dia,Em patamar,Curva,Em plena via,Colisão,QUARTA-FEIRA ,0,3,39,2009-10-20,9,ligeiro,Sim,Sim,Nao,240.7,1,3,39,4068
50630,2007281143,Braga,41.600157,-8.464307000000002,EN(d)205,39.94,0,0,1,1.0,90,Berma pavimentada,Húmido,Dois sentidos,Chuva,Em cruzamento,Dentro das localidades,Em pleno dia,Em patamar,Recta,Em plena via,Colisão,SEXTA-FEIRA  ,0,2,42,2007-04-30,16,ligeiro,Sim,Sim,Nao,72.2,1,3,42,1713
50631,2007275725,Braga,41.563761,-8.551131,ER205,30.4,2,0,0,1.0,50,Berma pavimentada,Molhado,Dois sentidos,Chuva,Fora da intersecção,Dentro das localidades,"Noite, com iluminação",Em patamar,Recta,Em plena via,Colisão,SEGUNDA-FEIRA,0,2,42,2007-02-07,5,ligeiro,Nao,Sim,Nao,72.2,1,3,42,1713
50632,2007277784,Braga,41.600738,-8.461910000000001,EN(d)205,40.13,1,0,0,1.0,50,Sem berma ou impraticável,Seco e limpo,Dois sentidos,Bom tempo,Fora da intersecção,Dentro das localidades,Em pleno dia,Em patamar,Recta,Em plena via,Despiste,TERÇA-FEIRA  ,0,1,42,2007-03-24,20,ligeiro,Sim,Nao,Sim,72.2,1,3,42,1713
50633,2007278504,Braga,41.597326,-8.478649,ER205,38.6,1,0,0,1.0,40,Berma não pavimentada,Molhado,Dois sentidos,Chuva,Em entroncamento,Dentro das localidades,Em pleno dia,Em patamar,Recta,Em plena via,Colisão,TERÇA-FEIRA  ,0,2,42,2007-03-30,20,ligeiro,Sim,Sim,Nao,72.2,1,3,42,1713
50634,2007289617,Braga,41.597159000000005,-8.464103999999999,EN(d)201,59.06,1,0,0,1.0,50,Berma pavimentada,Seco e limpo,Dois sentidos,Bom tempo,NÃO DEFINIDO,Dentro das localidades,Em pleno dia,Em patamar,Recta,Em plena via,Atropelamento,TERÇA-FEIRA  ,0,1,42,2007-07-05,11,ligeiro,Sim,Nao,Sim,72.2,1,3,42,1713
50635,2007291272,Braga,41.608018,-8.458816,EN101,84.65,0,1,0,1.0,90,Berma pavimentada,Seco e limpo,NÃO DEFINIDO,Bom tempo,Fora da intersecção,Fora das localidades,Em pleno dia,Em patamar,Recta,Na berma,Despiste,SÁBADO       ,0,1,42,2007-08-06,19,ligeiro,Sim,Nao,Sim,72.2,1,3,42,1713
50637,2007300158,Braga,41.614094,-8.471658999999999,EN201,57.0,1,0,0,1.0,50,Berma não pavimentada,Seco e limpo,Dois sentidos,Bom tempo,Em entroncamento,Dentro das localidades,Em pleno dia,Em patamar,Recta,Em plena via,Colisão,QUINTA-FEIRA ,0,2,42,2007-10-23,17,ligeiro,Sim,Nao,Sim,72.2,1,3,42,1713
50638,2007293661,Braga,41.605021,-8.463922,EN201,58.5,1,0,0,1.0,40,Sem berma ou impraticável,Seco e limpo,Sentido único,Bom tempo,Em rotunda,Dentro das localidades,Em pleno dia,Em patamar,Recta,Em plena via,Colisão,QUARTA-FEIRA ,0,2,42,2007-08-20,19,ligeiro,Sim,Nao,Sim,72.2,1,3,42,1713
50639,2008323881,Braga,41.567471999999995,-8.528718,ER205,32.5,1,0,0,2.0,50,Berma pavimentada,Molhado,Dois sentidos,Chuva,Fora da intersecção,Dentro das localidades,Em pleno dia,Em patamar,Curva,Em plena via,Despiste,SÁBADO       ,0,2,42,2008-04-19,9,ligeiro,Sim,Sim,Nao,72.2,1,3,42,1713
50640,2008326041,Braga,41.538107000000004,-8.419253,EN101,92.15,3,0,0,1.0,50,Berma pavimentada,Molhado,Dois sentidos,Chuva,Fora da intersecção,Dentro das localidades,Em pleno dia,Em patamar,Curva,Em plena via,Colisão,SEGUNDA-FEIRA,0,2,42,2008-04-09,9,ligeiro,Sim,Sim,Nao,72.2,1,3,42,1713
50641,2008327053,Braga,41.609878,-8.472055000000001,EN201,57.5,1,0,0,1.0,50,Berma não pavimentada,Molhado,Dois sentidos,Chuva,Fora da intersecção,Dentro das localidades,"Noite, com iluminação",Com inclinação,Curva,Na berma,Despiste,SÁBADO       ,0,1,42,2008-05-28,22,ligeiro,Nao,Sim,Nao,72.2,1,3,42,1713
50642,2008322949,Braga,41.597326,-8.478649,ER205,38.6,1,0,0,1.0,50,Berma não pavimentada,Seco e limpo,Dois sentidos,Bom tempo,Fora da intersecção,Dentro das localidades,Em pleno dia,Em patamar,Recta,Em plena via,Colisão,TERÇA-FEIRA  ,0,3,42,2008-04-27,16,ligeiro,Sim,Nao,Sim,72.2,1,3,42,1713
50643,2008322269,Braga,41.600460999999996,-8.471544999999999,ER205,39.3,3,0,0,1.0,50,Berma não pavimentada,Húmido,Dois sentidos,Nevoeiro,Fora da intersecção,Dentro das localidades,"Noite, com iluminação",Em patamar,Curva,Na berma,Despiste,TERÇA-FEIRA  ,0,1,42,2008-03-29,4,ligeiro,Nao,Sim,Nao,72.2,1,3,42,1713
50644,2008322070,Braga,41.567904999999996,-8.527769000000001,ER205,32.6,2,0,0,1.0,50,Berma pavimentada,Molhado,Dois sentidos,Chuva,Fora da intersecção,Dentro das localidades,Em pleno dia,Com inclinação,Curva,Em plena via,Despiste,DOMINGO      ,0,1,42,2008-03-11,12,ligeiro,Sim,Sim,Nao,72.2,1,3,42,1713
50645,2008340175,Braga,41.607473999999996,-8.470348,EN201,57.8,2,0,0,2.0,50,Berma não pavimentada,Húmido,Dois sentidos,Chuva,Em entroncamento,Dentro das localidades,Em pleno dia,Em patamar,Recta,Em plena via,Colisão,TERÇA-FEIRA  ,0,2,42,2008-09-22,12,ligeiro,Sim,Sim,Nao,72.2,1,3,42,1713
50648,2008333553,Braga,41.599342,-8.468312,ER205,39.6,2,0,0,1.0,50,Sem berma ou impraticável,Molhado,Dois sentidos,Chuva,Fora da intersecção,Fora das localidades,Em pleno dia,Com inclinação,Curva,No passeio,Despiste,TERÇA-FEIRA  ,0,1,42,2008-07-04,18,ligeiro,Sim,Sim,Nao,72.2,1,3,42,1713
50649,2009366786,Braga,41.600226,-8.463989999999999,EN(d)205,39.96,1,0,0,1.0,50,Berma não pavimentada,Seco e limpo,Dois sentidos,Bom tempo,Fora da intersecção,Dentro das localidades,Em pleno dia,Em patamar,Recta,Em plena via,Colisão,TERÇA-FEIRA  ,0,2,42,2009-03-17,12,ligeiro,Sim,Nao,Sim,72.2,1,3,42,1713
50650,2008346625,Braga,41.600263,-8.471011,ER205,39.35,1,0,0,1.0,40,Berma pavimentada,Seco e limpo,Dois sentidos,Bom tempo,Fora da intersecção,Dentro das localidades,Em pleno dia,Em patamar,Recta,Em plena via,Colisão,QUARTA-FEIRA ,0,2,42,2008-10-10,12,ligeiro,Sim,Nao,Sim,72.2,1,3,42,1713
50651,2008337885,Braga,41.601601,-8.459691000000001,EN(d)205,40.32,2,0,0,1.0,40,Berma pavimentada,Seco e limpo,Dois sentidos,Bom tempo,Fora da intersecção,Dentro das localidades,Em pleno dia,Em patamar,Recta,No passeio,Despiste,TERÇA-FEIRA  ,0,1,42,2008-08-30,16,ligeiro,Sim,Nao,Sim,72.2,1,3,42,1713
50652,2009357668,Braga,41.600226,-8.463989999999999,EN(d)205,39.96,1,0,0,1.0,40,Berma pavimentada,Molhado,Dois sentidos,Chuva,Em cruzamento,Dentro das localidades,"Noite, com iluminação",Em patamar,Recta,Em plena via,Atropelamento,SEGUNDA-FEIRA,0,1,42,2009-01-19,22,ligeiro,Nao,Sim,Nao,72.2,1,3,42,1713
50653,2008334304,Braga,41.612821000000004,-8.472304,EN201,57.15,2,0,0,1.0,50,Berma não pavimentada,Seco e limpo,Dois sentidos,Bom tempo,Em entroncamento,Dentro das localidades,Em pleno dia,Em patamar,Recta,Em plena via,Colisão,QUINTA-FEIRA ,0,2,42,2008-07-28,10,ligeiro,Sim,Nao,Sim,72.2,1,3,42,1713
50654,2008348534,Braga,41.600196999999994,-8.464117,EN(d)205,39.95,1,0,0,1.0,50,Berma pavimentada,Seco e limpo,Dois sentidos,Bom tempo,Fora da intersecção,Dentro das localidades,"Noite, com iluminação",Em patamar,Recta,Em plena via,Colisão,DOMINGO      ,0,2,42,2008-11-11,21,ligeiro,Nao,Nao,Sim,72.2,1,3,42,1713
50655,2009350360,Braga,41.600460999999996,-8.471544999999999,ER205,39.3,0,1,0,1.0,50,Sem berma ou impraticável,Seco e limpo,Dois sentidos,Bom tempo,Fora da intersecção,Dentro das localidades,"Noite, com iluminação",Em patamar,Recta,Em plena via,Colisão,QUINTA-FEIRA ,0,3,42,2008-11-08,1,ligeiro,Nao,Nao,Sim,72.2,1,3,42,1713
50657,2009373794,Braga,41.567507,-8.528951,ER205,32.48,1,0,0,2.0,50,Sem berma ou impraticável,Seco e limpo,Dois sentidos,Bom tempo,Fora da intersecção,Dentro das localidades,"Noite, sem iluminação",Em patamar,Curva,Em plena via,Colisão,SÁBADO       ,0,2,42,2009-04-18,21,ligeiro,Nao,Nao,Sim,72.2,1,3,42,1713
50658,2010420570,Braga,41.539186,-8.41853,EN101,92.0,4,1,0,2.0,50,Sem berma ou impraticável,Seco e limpo,Dois sentidos,Chuva,NÃO DEFINIDO,Fora das localidades,Em pleno dia,Com inclinação,Curva,Em plena via,Colisão,SÁBADO       ,0,2,42,2009-12-30,16,ligeiro,Sim,Sim,Sim,72.2,1,3,42,1713
50659,2009409769,Braga,41.599674,-8.469406,ER205,39.5,1,0,0,1.0,50,Berma pavimentada,Seco e limpo,Dois sentidos,Bom tempo,Fora da intersecção,Dentro das localidades,Em pleno dia,Com inclinação,Recta,Em plena via,Colisão,DOMINGO      ,0,2,42,2009-08-16,10,ligeiro,Sim,Nao,Sim,72.2,1,3,42,1713
50660,2010428081,Braga,41.613076,-8.472175,EN201,57.12,1,0,0,1.0,50,Sem berma ou impraticável,Seco e limpo,Dois sentidos,Bom tempo,Fora da intersecção,Dentro das localidades,"Noite, com iluminação",Em patamar,Recta,Em plena via,Colisão,QUARTA-FEIRA ,0,2,42,2009-11-12,23,ligeiro,Nao,Nao,Sim,72.2,1,3,42,1713
50661,2010428207,Braga,41.597326,-8.478649,ER205,38.6,3,0,0,1.0,50,Berma pavimentada,Húmido,Dois sentidos,Bom tempo,Fora da intersecção,Dentro das localidades,"Noite, com iluminação",Em patamar,Recta,Em plena via,Colisão,DOMINGO      ,0,3,42,2009-11-27,23,ligeiro,Nao,Nao,Nao,72.2,1,3,42,1713
50662,2010452614,Braga,41.606085,-8.460581,EN201,58.8,1,0,0,1.0,50,Berma pavimentada,Seco e limpo,Dois sentidos,Bom tempo,Fora da intersecção,Dentro das localidades,Em pleno dia,Em patamar,Recta,Em plena via,Colisão,QUARTA-FEIRA ,0,2,42,2010-03-17,12,ligeiro,Sim,Nao,Sim,72.2,1,3,42,1713
50663,2010441985,Braga,41.605763,-8.453754,EN101,85.14,1,0,0,1.0,50,Berma pavimentada,Molhado,Dois sentidos,Chuva,Fora da intersecção,Dentro das localidades,"Noite, com iluminação",Com inclinação,Recta,Na berma,Despiste,TERÇA-FEIRA  ,0,1,42,2010-01-13,4,ligeiro,Nao,Sim,Nao,72.2,1,3,42,1713
50664,2010441987,Braga,41.59972,-8.473818,ER205,39.08,1,0,0,1.0,40,Berma pavimentada,Seco e limpo,Dois sentidos,Bom tempo,Fora da intersecção,Dentro das localidades,"Noite, com iluminação",Em patamar,Recta,Em plena via,Colisão,QUARTA-FEIRA ,0,2,42,2010-01-03,18,ligeiro,Nao,Nao,Sim,72.2,1,3,42,1713
50666,2010486554,Braga,41.570314,-8.548548,A3,52.68,1,0,0,2.0,120,Berma pavimentada,Seco e limpo,Sentido único,Bom tempo,Fora da intersecção,Fora das localidades,Em pleno dia,Com inclinação,Curva,Em plena via,Despiste,QUARTA-FEIRA ,0,1,42,2010-08-18,15,ligeiro,Sim,Nao,Sim,72.2,1,3,42,1713