,COD_ACIDENTE,DISTRITO,LATITUDE,LONGITUDE,VIA,KM,QT_FLIGEIROS,QT_FGRAVES,QT_MORTOS,QT_VIAS_SENTIDO,VEL_LIM_LOCAL,BERMA_VIA,CONDICAO_ADERENCIA,FAIXA_RODAGEM,FATOR_ATMOSFERICO,INTERSECAO_VIA,LOCALIZACAO,LUMINOSIDADE,PERFIL_VIA,PLANTA_VIA,SITUACAO_ACIDENTE,TIPO_NATUREZA,DIA_SEMANA,FLAG_FERIADO,QT_VEICULOS,COD_FREGUESIA,DATA,HORA,GRAVIDADE,ERA_DIA,MAU_TEMPO,ESTRADA_SECA,DENSIDADE_TOTAL,COD_DISTRITO_INE,COD_CONCELHO_INE,COD_FREGUESIA_INE,TOTAL
50667,2010486607,Braga,41.604853999999996,-8.464483999999999,EN201,58.45,1,0,0,1.0,50,Berma pavimentada,Molhado,Dois sentidos,Chuva,Fora da intersecção,Dentro das localidades,"Noite, com iluminação",Em patamar,Recta,Em plena via,Colisão,SÁBADO       ,0,2,42,2010-08-26,20,ligeiro,Nao,Sim,Nao,72.2,1,3,42,1713
50671,2011527220,Braga,41.537642,-8.420805,EN101,92.3,2,0,0,1.0,50,Berma pavimentada,Molhado,Dois sentidos,Chuva,Em entroncamento,Dentro das localidades,Em pleno dia,Com inclinação,Curva,Em plena via,Colisão,QUINTA-FEIRA ,0,2,42,2011-03-28,17,ligeiro,Sim,Sim,Nao,72.2,1,3,42,1713
50672,2011523876,Braga,41.564294,-8.535666,A3,51.33,1,0,0,2.0,120,Berma pavimentada,Molhado,Sentido único,Chuva,Fora da intersecção,Fora das localidades,Em pleno dia,Com inclinação,Curva,Em plena via,Despiste,DOMINGO      ,0,1,42,2011-02-20,13,ligeiro,Sim,Sim,Nao,72.2,1,3,42,1713
50674,2011514547,Braga,41.600254,-8.463864,EN(d)205,39.97,1,0,0,1.0,50,Sem berma ou impraticável,Molhado,Dois sentidos,Chuva,Fora da intersecção,Dentro das localidades,"Noite, com iluminação",Em patamar,Recta,Em plena via,Atropelamento,SEXTA-FEIRA  ,0,1,42,2010-12-06,18,ligeiro,Nao,Sim,Nao,72.2,1,3,42,1713
50675,2011512179,Braga,41.568265999999994,-8.540401,ER205,31.45,1,0,0,1.0,50,Sem berma ou impraticável,"Com gelo, geada ou neve",Dois sentidos,Neve,Fora da intersecção,Dentro das localidades,Em pleno dia,Em patamar,Recta,Em plena via,Colisão,SEXTA-FEIRA  ,0,2,42,2010-12-17,9,ligeiro,Sim,Sim,Nao,72.2,1,3,42,1713
50677,2011567583,Braga,41.566328999999996,-8.544945,ER205,31.0,3,0,0,1.0,50,Berma pavimentada,Seco e limpo,Dois sentidos,Bom tempo,Fora da intersecção,Dentro das localidades,Em pleno dia,Em patamar,Recta,Em plena via,Despiste,SÁBADO       ,0,1,42,2011-09-23,18,ligeiro,Sim,Nao,Sim,72.2,1,3,42,1713
50678,2011563847,Braga,41.598094,-8.477079,ER205,38.76,1,0,0,1.0,50,Sem berma ou impraticável,Seco e limpo,Dois sentidos,Bom tempo,Em cruzamento,Dentro das localidades,"Noite, com iluminação",Em patamar,Recta,Em plena via,Colisão,SÁBADO       ,0,2,42,2011-08-03,22,ligeiro,Nao,Nao,Sim,72.2,1,3,42,1713
50679,2012583107,Braga,41.568044,-8.535089,ER205,31.95,1,0,0,1.0,50,Sem berma ou impraticável,Seco e limpo,Dois sentidos,Bom tempo,Fora da intersecção,Dentro das localidades,Em pleno dia,Em patamar,Recta,Em plena via,Colisão,SÁBADO       ,0,3,42,2011-11-24,15,ligeiro,Sim,Nao,Sim,72.2,1,3,42,1713
50681,2012606464,Braga,41.57425,-8.549974,A3,53.13,1,1,0,3.0,120,Berma pavimentada,Seco e limpo,Sentido único,Bom tempo,Fora da intersecção,Fora das localidades,Em pleno dia,Com inclinação,Recta,Em plena via,Colisão,SÁBADO       ,0,2,42,2012-03-07,10,ligeiro,Sim,Nao,Sim,72.2,1,3,42,1713
50682,2012619950,Braga,41.6061,-8.455424,EN101,85.0,1,0,0,1.0,60,Berma pavimentada,Molhado,Sentido único,Chuva,Em via de aceleração,Fora das localidades,Em pleno dia,Com inclinação,Curva,Em plena via,Despiste,SEGUNDA-FEIRA,0,1,42,2012-05-04,13,ligeiro,Sim,Sim,Nao,72.2,1,3,42,1713
50683,2012608207,Braga,41.610603000000005,-8.472558,EN201,57.41,1,0,0,1.0,50,Berma não pavimentada,Seco e limpo,Dois sentidos,Bom tempo,Fora da intersecção,Dentro das localidades,Em pleno dia,Em patamar,Recta,Na berma,Despiste,QUARTA-FEIRA ,0,1,42,2012-03-27,18,ligeiro,Sim,Nao,Sim,72.2,1,3,42,1713
50684,2012631558,Braga,41.597186,-8.464151,EN(d)201,59.05,1,0,0,1.0,50,Berma pavimentada,Seco e limpo,Dois sentidos,Bom tempo,Fora da intersecção,Dentro das localidades,Em pleno dia,Em patamar,Recta,Em parque de estacionamento,Atropelamento,QUARTA-FEIRA ,0,1,42,2012-07-24,9,ligeiro,Sim,Nao,Sim,72.2,1,3,42,1713
50685,2012632610,Braga,41.600537,-8.471767,ER205,39.28,1,0,0,1.0,50,Berma pavimentada,Seco e limpo,Dois sentidos,Bom tempo,Fora da intersecção,Dentro das localidades,Em pleno dia,Em patamar,Curva,Em plena via,Colisão,DOMINGO      ,0,2,42,2012-07-05,17,ligeiro,Sim,Nao,Sim,72.2,1,3,42,1713
50686,2013669768,Braga,41.605182,-8.46844,EN201,58.1,1,0,0,1.0,50,Berma pavimentada,Húmido,Sentido único,Bom tempo,Fora da intersecção,Dentro das localidades,Em pleno dia,Em patamar,Recta,Em plena via,Colisão,DOMINGO      ,0,2,42,2012-12-17,9,ligeiro,Sim,Nao,Nao,72.2,1,3,42,1713
50687,2010486662,Braga,41.600065,-8.470477,ER205,39.4,2,0,0,1.0,50,Berma pavimentada,Seco e limpo,Dois sentidos,Bom tempo,Em entroncamento,Dentro das localidades,Em pleno dia,Em patamar,Recta,Em plena via,Colisão,QUARTA-FEIRA ,0,2,42,2010-08-01,19,ligeiro,Sim,Nao,Sim,72.2,1,3,42,1713
50688,2010496336,Braga,41.601532,-8.459938000000001,EN(d)205,40.3,2,0,0,1.0,50,Berma pavimentada,Seco e limpo,Dois sentidos,Bom tempo,Em cruzamento,Dentro das localidades,Em pleno dia,Em patamar,Recta,Em plena via,Colisão,SEXTA-FEIRA  ,0,3,42,2010-10-10,18,ligeiro,Sim,Nao,Sim,72.2,1,3,42,1713
50689,2008308805,Braga,41.607473999999996,-8.470348,EN201,57.8,4,0,0,2.0,50,Berma pavimentada,Molhado,Dois sentidos,Chuva,NÃO DEFINIDO,Dentro das localidades,"Noite, com iluminação",Em patamar,Recta,Em plena via,Colisão,SEXTA-FEIRA  ,0,2,42,2008-01-06,20,ligeiro,Nao,Sim,Nao,72.2,1,3,42,1713
50691,2008304779,Braga,41.607473999999996,-8.470348,EN201,57.8,3,0,0,1.0,50,Berma pavimentada,Húmido,Dois sentidos,Nevoeiro,NÃO DEFINIDO,Dentro das localidades,"Noite, com iluminação",Em patamar,Recta,Em plena via,Colisão,SÁBADO       ,0,2,42,2007-12-09,21,ligeiro,Nao,Sim,Nao,72.2,1,3,42,1713
50692,2007300548,Braga,41.611094,-8.47287,EN201,57.35,0,1,0,1.0,80,Berma pavimentada,Seco e limpo,Dois sentidos,Bom tempo,Fora da intersecção,Dentro das localidades,"Noite, com iluminação",Em patamar,Recta,Em plena via,Atropelamento,QUINTA-FEIRA ,0,1,42,2007-11-15,23,ligeiro,Nao,Nao,Sim,72.2,1,3,42,1713
50693,2009366712,Braga,41.605729,-8.461692999999999,EN201,58.7,1,0,0,1.0,50,Berma pavimentada,Seco e limpo,Dois sentidos,Bom tempo,Em rotunda,Dentro das localidades,"Noite, com iluminação",Em patamar,Recta,Em plena via,Atropelamento,QUINTA-FEIRA ,0,1,42,2009-02-13,19,ligeiro,Nao,Nao,Sim,72.2,1,3,42,1713
50694,2009355668,Braga,41.600196999999994,-8.464117,EN(d)205,39.95,4,0,0,1.0,40,Berma pavimentada,Seco e limpo,Dois sentidos,Bom tempo,Em cruzamento,Dentro das localidades,Em pleno dia,Em patamar,Recta,Em plena via,Colisão,SEXTA-FEIRA  ,0,2,42,2009-01-11,14,ligeiro,Sim,Nao,Sim,72.2,1,3,42,1713
50695,2012579567,Braga,41.611583,-8.455324000000001,EN101,84.3,3,0,0,1.0,90,Berma pavimentada,Seco e limpo,Sentido único,Bom tempo,Em entroncamento,Fora das localidades,"Noite, com iluminação",Em patamar,Curva,Na berma,Despiste,QUINTA-FEIRA ,0,1,42,2011-11-06,22,ligeiro,Nao,Nao,Sim,72.2,1,3,42,1713
50696,2011514512,Braga,41.605869,-8.454227000000001,EN101,85.1,1,0,0,2.0,100,Berma pavimentada,Molhado,Sentido único,Chuva,Fora da intersecção,Fora das localidades,"Noite, sem iluminação",Em patamar,Curva,Na berma,Despiste,SEGUNDA-FEIRA,1,1,42,2010-12-08,4,ligeiro,Nao,Sim,Nao,72.2,1,3,42,1713
50697,2011529696,Braga,41.609572,-8.45737,EN101,84.5,1,0,0,1.0,50,Berma pavimentada,Seco e limpo,Dois sentidos,Bom tempo,Fora da intersecção,Dentro das localidades,Em pleno dia,Em patamar,Recta,Em plena via,Colisão,SEGUNDA-FEIRA,0,2,42,2011-04-18,15,ligeiro,Sim,Nao,Sim,72.2,1,3,42,1713
50698,2012612757,Braga,41.606017,-8.454941999999999,EN101,85.04,1,0,0,1.0,90,Sem berma ou impraticável,Molhado,Dois sentidos,Bom tempo,Fora da intersecção,Dentro das localidades,Em pleno dia,Em patamar,Curva,Em plena via,Despiste,TERÇA-FEIRA  ,0,1,42,2012-04-07,7,ligeiro,Sim,Nao,Nao,72.2,1,3,42,1713
50700,2007293909,Braga,41.613245,-8.47209,EN201,57.1,2,0,0,1.0,50,Berma pavimentada,Seco e limpo,Dois sentidos,Bom tempo,NÃO DEFINIDO,Dentro das localidades,Em pleno dia,Em patamar,Recta,Em plena via,Colisão,SÁBADO       ,0,3,42,2007-08-23,12,ligeiro,Sim,Nao,Sim,72.2,1,3,42,1713
50702,2012589956,Braga,41.608357,-8.45858,EN101,84.62,2,0,0,1.0,50,Berma pavimentada,Molhado,Dois sentidos,Chuva,Fora da intersecção,Dentro das localidades,"Noite, com iluminação",Em patamar,Recta,Em plena via,Colisão,SEXTA-FEIRA  ,0,4,42,2011-12-11,17,ligeiro,Nao,Sim,Nao,72.2,1,3,42,1713
50703,2011523765,Braga,41.607636,-8.470460000000001,EN201,57.78,2,0,0,1.0,50,Berma não pavimentada,Seco e limpo,Dois sentidos,Bom tempo,Fora da intersecção,Dentro das localidades,Em pleno dia,Em patamar,Recta,Na berma,Despiste,SEXTA-FEIRA  ,0,1,42,2011-02-07,17,ligeiro,Sim,Nao,Sim,72.2,1,3,42,1713
50704,2010421359,Braga,41.600738,-8.461910000000001,EN(d)205,40.13,2,0,0,1.0,50,Berma pavimentada,Seco e limpo,Dois sentidos,Bom tempo,Fora da intersecção,Dentro das localidades,"Noite, com iluminação",Em patamar,Recta,Em plena via,Despiste,DOMINGO      ,0,1,42,2009-09-25,20,ligeiro,Nao,Nao,Sim,72.2,1,3,42,1713
50706,2007287122,Braga,41.607903,-8.458874,EN101,84.66,1,0,0,1.0,50,Sem berma ou impraticável,Seco e limpo,Dois sentidos,Bom tempo,Fora da intersecção,Dentro das localidades,"Noite, sem iluminação",Com inclinação,Curva,Na berma,Despiste,SÁBADO       ,0,1,42,2007-06-27,21,ligeiro,Nao,Nao,Sim,72.2,1,3,42,1713
50707,2008305796,Braga,41.537642,-8.420805,EN101,92.3,1,0,0,3.0,50,Sem berma ou impraticável,Molhado,Dois sentidos,Chuva,Fora da intersecção,Dentro das localidades,Em pleno dia,Com inclinação,Curva,Em plena via,Colisão,QUARTA-FEIRA ,1,2,42,2007-12-01,11,ligeiro,Sim,Sim,Nao,72.2,1,3,42,1713
50708,2012608208,Braga,41.601532,-8.459938000000001,EN(d)205,40.3,1,0,0,1.0,40,Berma pavimentada,Seco e limpo,Dois sentidos,Bom tempo,Em cruzamento,Dentro das localidades,Em pleno dia,Em patamar,Recta,Em plena via,Colisão,SEXTA-FEIRA  ,0,2,42,2012-03-28,11,ligeiro,Sim,Nao,Sim,72.2,1,3,42,1713
50709,2009409774,Braga,41.600305999999996,-8.472621,ER205,39.2,2,0,0,1.0,50,Berma pavimentada,Seco e limpo,Dois sentidos,Bom tempo,Fora da intersecção,Dentro das localidades,Em pleno dia,Em patamar,Recta,Em plena via,Colisão,DOMINGO      ,0,3,42,2009-08-16,11,ligeiro,Sim,Nao,Sim,72.2,1,3,42,1713
50710,2011505910,Braga,41.562474,-8.533064,A3,51.03,2,0,0,2.0,120,Berma pavimentada,Molhado,Sentido único,Chuva,Fora da intersecção,Fora das localidades,Em pleno dia,Com inclinação,Curva,Na berma,Despiste,SÁBADO       ,0,1,42,2010-11-08,10,ligeiro,Sim,Sim,Nao,72.2,1,3,42,1713
50713,2007300582,Braga,41.604616,-8.466726,EN201,58.26,2,0,0,1.0,40,Sem berma ou impraticável,Seco e limpo,Dois sentidos,Bom tempo,Fora da intersecção,Dentro das localidades,Em pleno dia,Em patamar,Recta,Em plena via,Colisão,TERÇA-FEIRA  ,0,2,42,2007-11-13,10,ligeiro,Sim,Nao,Sim,72.2,1,3,42,1713
50715,2007290931,Braga,41.599447999999995,-8.467734,ER205,39.65,1,0,0,1.0,50,Berma pavimentada,Seco e limpo,Dois sentidos,Bom tempo,Em cruzamento,Dentro das localidades,Em pleno dia,Em patamar,Recta,Em plena via,Colisão,TERÇA-FEIRA  ,0,2,42,2007-07-22,13,ligeiro,Sim,Nao,Sim,72.2,1,3,42,1713
50716,2008321671,Braga,41.6061,-8.455424,EN101,85.0,2,0,0,2.0,100,Berma pavimentada,Seco e limpo,Sentido único,Bom tempo,Fora da intersecção,Fora das localidades,"Noite, sem iluminação",Em patamar,Recta,Em plena via,Colisão,TERÇA-FEIRA  ,0,2,42,2008-03-01,22,ligeiro,Nao,Nao,Sim,72.2,1,3,42,1713
50718,2008337928,Braga,41.568226,-8.533698,ER205,32.07,1,0,0,1.0,50,Berma não pavimentada,Seco e limpo,Dois sentidos,Bom tempo,Fora da intersecção,Dentro das localidades,Em pleno dia,Em patamar,Curva,Na berma,Colisão,TERÇA-FEIRA  ,0,2,42,2008-08-19,10,ligeiro,Sim,Nao,Sim,72.2,1,3,42,1713
50719,2012638661,Braga,41.56777,-8.527923,ER205,32.58,2,0,0,1.0,50,Berma não pavimentada,Molhado,Dois sentidos,Chuva,Fora da intersecção,Dentro das localidades,Em pleno dia,Com inclinação,Curva,Em plena via,Colisão,SÁBADO       ,0,2,42,2012-08-24,17,ligeiro,Sim,Sim,Nao,72.2,1,3,42,1713
50720,2007278500,Braga,41.600065,-8.470477,ER205,39.4,1,0,0,1.0,50,Berma pavimentada,Seco e limpo,Dois sentidos,Bom tempo,NÃO DEFINIDO,Dentro das localidades,"Noite, com iluminação",Em patamar,Recta,Em plena via,Colisão,QUARTA-FEIRA ,0,2,42,2007-03-14,1,ligeiro,Nao,Nao,Sim,72.2,1,3,42,1713
50721,2007287116,Braga,41.606358,-8.459555,EN201,58.89,4,0,0,1.0,50,Sem berma ou impraticável,Seco e limpo,Dois sentidos,Bom tempo,Fora da intersecção,Dentro das localidades,Em pleno dia,Com inclinação,Recta,Em plena via,Colisão,SÁBADO       ,0,2,42,2007-06-21,19,ligeiro,Sim,Nao,Sim,72.2,1,3,42,1713
50722,2010479417,Braga,41.567753,-8.530456,ER205,32.35,1,0,0,1.0,50,Berma não pavimentada,Seco e limpo,Dois sentidos,Bom tempo,Fora da intersecção,Dentro das localidades,Em pleno dia,Em patamar,Recta,Na berma,Despiste,SEGUNDA-FEIRA,0,1,42,2010-07-24,10,ligeiro,Sim,Nao,Sim,72.2,1,3,42,1713
50723,2011574138,Braga,41.59782,-8.477636,ER205,38.7,1,0,0,1.0,50,Berma pavimentada,Molhado,Dois sentidos,Chuva,Fora da intersecção,Dentro das localidades,Em pleno dia,Em patamar,Recta,Em plena via,Atropelamento,QUINTA-FEIRA ,0,1,42,2011-10-31,14,ligeiro,Sim,Sim,Nao,72.2,1,3,42,1713
50724,2009366787,Braga,41.597771,-8.477737,ER205,38.69,1,0,0,1.0,50,Sem berma ou impraticável,Seco e limpo,Dois sentidos,Bom tempo,Em cruzamento,Dentro das localidades,Em pleno dia,Em patamar,Recta,Em plena via,Colisão,SEXTA-FEIRA  ,0,2,42,2009-03-25,16,ligeiro,Sim,Nao,Sim,72.2,1,3,42,1713
50725,2008337312,Braga,41.600401,-8.471385,ER205,39.32,1,0,0,1.0,40,Berma pavimentada,Seco e limpo,Dois sentidos,Bom tempo,Fora da intersecção,Dentro das localidades,"Noite, com iluminação",Em patamar,Recta,No passeio,Despiste,SEGUNDA-FEIRA,0,1,42,2008-08-01,22,ligeiro,Nao,Nao,Sim,72.2,1,3,42,1713
50726,2009351487,Braga,41.607717,-8.458967,EN101,84.68,4,0,0,2.0,90,Berma pavimentada,Molhado,Dois sentidos,Chuva,Fora da intersecção,Fora das localidades,Aurora ou crepúsculo,Em patamar,Recta,Em plena via,Colisão,SÁBADO       ,0,2,42,2008-12-31,17,ligeiro,Nao,Sim,Nao,72.2,1,3,42,1713
50727,2010469713,Braga,41.610572,-8.456336,EN101,84.4,2,0,0,1.0,50,Berma não pavimentada,Seco e limpo,Dois sentidos,Bom tempo,Em entroncamento,Dentro das localidades,Em pleno dia,Em patamar,Recta,Em plena via,Colisão,QUINTA-FEIRA ,0,3,42,2010-06-23,13,ligeiro,Sim,Nao,Sim,72.2,1,3,42,1713
50728,2007300160,Braga,41.599806,-8.466023,EN(d)205,39.8,1,0,0,1.0,50,Berma pavimentada,Seco e limpo,Dois sentidos,Bom tempo,Em rotunda,Dentro das localidades,Em pleno dia,Em patamar,Recta,Em plena via,Atropelamento,QUARTA-FEIRA ,0,1,42,2007-10-16,8,ligeiro,Sim,Nao,Sim,72.2,1,3,42,1713
50729,2010477698,Braga,41.600537,-8.471767,ER205,39.28,1,0,0,1.0,50,Berma pavimentada,Seco e limpo,Sentido único,Bom tempo,Fora da intersecção,Dentro das localidades,Em pleno dia,Em patamar,Curva,No passeio,Despiste,SEGUNDA-FEIRA,0,1,42,2010-07-13,14,ligeiro,Sim,Nao,Sim,72.2,1,3,42,1713
50730,2011547986,Braga,41.59904,-8.475202000000001,ER205,38.94,1,0,0,1.0,50,Berma pavimentada,Seco e limpo,Dois sentidos,Bom tempo,Fora da intersecção,Dentro das localidades,Em pleno dia,Em patamar,Recta,Em plena via,Colisão,SÁBADO       ,0,3,42,2011-06-01,11,ligeiro,Sim,Nao,Sim,72.2,1,3,42,1713
50731,2007283665,Braga,41.599806,-8.466023,EN(d)205,39.8,1,0,0,1.0,50,Berma pavimentada,Seco e limpo,Dois sentidos,Bom tempo,Em rotunda,Dentro das localidades,Em pleno dia,Com inclinação,Curva,No passeio,Despiste,SEXTA-FEIRA  ,0,1,42,2007-05-17,17,ligeiro,Sim,Nao,Sim,72.2,1,3,42,1713
50732,2008324545,Braga,41.568009,-8.537381,ER205,31.74,2,0,0,1.0,50,Sem berma ou impraticável,Seco e limpo,Dois sentidos,Bom tempo,Em entroncamento,Dentro das localidades,Em pleno dia,Em patamar,Recta,Em plena via,Colisão,SEGUNDA-FEIRA,0,2,42,2008-04-15,17,ligeiro,Sim,Nao,Sim,72.2,1,3,42,1713
50734,2012589955,Braga,41.600460999999996,-8.471544999999999,ER205,39.3,2,0,0,1.0,50,Sem berma ou impraticável,Molhado,Dois sentidos,Chuva,Fora da intersecção,Dentro das localidades,"Noite, com iluminação",Em patamar,Curva,Em plena via,Colisão,DOMINGO      ,0,2,42,2011-12-07,20,ligeiro,Nao,Sim,Nao,72.2,1,3,42,1713
50735,2013670463,Braga,41.605729,-8.461692999999999,EN201,58.7,1,0,0,1.0,50,Berma pavimentada,Seco e limpo,Sentido único,Bom tempo,Em rotunda,Dentro das localidades,Em pleno dia,Em patamar,Recta,Em plena via,Colisão,SEXTA-FEIRA  ,0,2,42,2012-12-10,15,ligeiro,Sim,Nao,Sim,72.2,1,3,42,1713
50736,2012608173,Braga,41.568059000000005,-8.546992,A3,52.39,1,0,0,2.0,120,Berma pavimentada,Seco e limpo,Sentido único,Bom tempo,Fora da intersecção,Fora das localidades,Em pleno dia,Com inclinação,Curva,Em plena via,Despiste,SEGUNDA-FEIRA,0,1,42,2012-03-31,14,ligeiro,Sim,Nao,Sim,72.2,1,3,42,1713
50737,2013663484,Braga,41.600587,-8.46225,EN(d)205,40.1,1,0,0,1.0,50,Berma pavimentada,Molhado,Dois sentidos,Chuva,Fora da intersecção,Dentro das localidades,"Noite, sem iluminação",Em patamar,Recta,Na berma,Despiste,QUARTA-FEIRA ,0,1,42,2012-11-10,20,ligeiro,Nao,Sim,Nao,72.2,1,3,42,1713
50738,2008329027,Braga,41.606113,-8.469379,EN201,57.97,1,0,0,1.0,50,Berma pavimentada,Seco e limpo,Dois sentidos,Bom tempo,Fora da intersecção,Dentro das localidades,Em pleno dia,Em patamar,Recta,Em plena via,Despiste,DOMINGO      ,1,1,42,2008-05-01,16,ligeiro,Sim,Nao,Sim,72.2,1,3,42,1713
50739,2008337313,Braga,41.601883,-8.458706,EN(d)205,40.4,1,0,0,1.0,50,Berma pavimentada,Seco e limpo,Dois sentidos,Bom tempo,Em entroncamento,Dentro das localidades,"Noite, com iluminação",Em patamar,Recta,Em plena via,Despiste,TERÇA-FEIRA  ,0,1,42,2008-08-02,3,ligeiro,Nao,Nao,Sim,72.2,1,3,42,1713
50740,2009409767,Braga,41.610572,-8.456336,EN101,84.4,2,0,0,2.0,90,Berma pavimentada,Seco e limpo,Dois sentidos,Bom tempo,Fora da intersecção,Fora das localidades,"Noite, sem iluminação",Em patamar,Recta,Em plena via,Colisão,SEXTA-FEIRA  ,0,2,42,2009-08-09,20,ligeiro,Nao,Nao,Sim,72.2,1,3,42,1713
50741,2009359337,Braga,41.6135,-8.471963,EN201,57.07,1,0,0,2.0,50,Sem berma ou impraticável,Molhado,Dois sentidos,Chuva,Fora da intersecção,Dentro das localidades,"Noite, com iluminação",Em patamar,Recta,Em plena via,Colisão,SEGUNDA-FEIRA,0,2,42,2009-02-05,22,ligeiro,Nao,Sim,Nao,72.2,1,3,42,1713
50742,2009351505,Braga,41.600460999999996,-8.471544999999999,ER205,39.3,3,0,0,2.0,50,Sem berma ou impraticável,Seco e limpo,Dois sentidos,Bom tempo,Fora da intersecção,Dentro das localidades,"Noite, com iluminação",Em patamar,Curva,Em plena via,Despiste,QUARTA-FEIRA ,0,1,42,2008-12-17,23,ligeiro,Nao,Nao,Sim,72.2,1,3,42,1713
50743,2010423411,Braga,41.597573,-8.478143,ER205,38.65,2,0,0,1.0,50,Sem berma ou impraticável,Molhado,Dois sentidos,Chuva,Em ramo de ligação - entrada,Dentro das localidades,"Noite, com iluminação",Em patamar,Recta,Em plena via,Colisão,TERÇA-FEIRA  ,0,2,42,2009-10-03,21,ligeiro,Nao,Sim,Nao,72.2,1,3,42,1713
50745,2010463495,Braga,41.605557,-8.453064999999999,EN101,85.2,1,0,0,2.0,100,Berma pavimentada,Seco e limpo,Sentido único,Bom tempo,Fora da intersecção,Fora das localidades,Em pleno dia,Em patamar,Curva,Em plena via,Despiste,SEXTA-FEIRA  ,0,1,42,2010-05-15,6,ligeiro,Sim,Nao,Sim,72.2,1,3,42,1713
50746,2011505900,Braga,41.599965000000005,-8.47332,ER205,39.13,1,0,0,1.0,50,Berma pavimentada,Seco e limpo,Dois sentidos,Bom tempo,Fora da intersecção,Dentro das localidades,"Noite, com iluminação",Com inclinação,Recta,Em plena via,Atropelamento,QUINTA-FEIRA ,0,1,42,2010-11-07,17,ligeiro,Nao,Nao,Sim,72.2,1,3,42,1713
50747,2010463672,Braga,41.59972,-8.473818,ER205,39.08,1,0,0,1.0,50,Berma pavimentada,Molhado,Dois sentidos,Chuva,Fora da intersecção,Dentro das localidades,Em pleno dia,Com inclinação,Recta,Em plena via,Colisão,DOMINGO      ,0,3,42,2010-05-11,12,ligeiro,Sim,Sim,Nao,72.2,1,3,42,1713
50749,2011517152,Braga,41.596832,-8.479663,ER205,38.5,1,0,0,1.0,50,Berma não pavimentada,Seco e limpo,Dois sentidos,Bom tempo,Fora da intersecção,Dentro das localidades,"Noite, com iluminação",Em patamar,Recta,Em plena via,Colisão,QUINTA-FEIRA ,0,2,42,2011-01-25,19,ligeiro,Nao,Nao,Sim,72.2,1,3,42,1713
50751,2013663483,Braga,41.597326,-8.478649,ER205,38.6,1,0,0,2.0,50,Sem berma ou impraticável,Húmido,Dois sentidos,Bom tempo,Fora da intersecção,Dentro das localidades,Em pleno dia,Em patamar,Recta,Em plena via,Despiste,TERÇA-FEIRA  ,0,1,42,2012-11-09,8,ligeiro,Sim,Nao,Nao,72.2,1,3,42,1713
50752,2012631556,Braga,41.607071999999995,-8.470068,EN201,57.85,1,0,0,1.0,50,Berma não pavimentada,Seco e limpo,Dois sentidos,Bom tempo,Fora da intersecção,Dentro das localidades,Em pleno dia,Em patamar,Recta,Em plena via,Colisão,SEGUNDA-FEIRA,0,2,42,2012-07-23,7,ligeiro,Sim,Nao,Sim,72.2,1,3,42,1713
50753,2012618179,Braga,41.567721,-8.536724000000001,ER205,31.8,1,0,0,1.0,50,Berma não pavimentada,Seco e limpo,Dois sentidos,Bom tempo,Em entroncamento,Dentro das localidades,Em pleno dia,Em Lomba,Curva,Em plena via,Colisão,TERÇA-FEIRA  ,0,2,42,2012-05-22,19,ligeiro,Sim,Nao,Sim,72.2,1,3,42,1713
50754,2011527169,Braga,41.605836,-8.46136,EN201,58.73,1,0,0,1.0,50,Berma pavimentada,Seco e limpo,Dois sentidos,Bom tempo,Em rotunda,Dentro das localidades,Em pleno dia,Em patamar,Recta,Em plena via,Colisão,QUARTA-FEIRA ,0,2,42,2011-03-16,13,ligeiro,Sim,Nao,Sim,72.2,1,3,42,1713
50755,2011529664,Braga,41.598094,-8.477079,ER205,38.76,1,0,0,1.0,50,Berma não pavimentada,Seco e limpo,Dois sentidos,Bom tempo,Em entroncamento,Dentro das localidades,Aurora ou crepúsculo,Em patamar,Recta,Em plena via,Colisão,SEXTA-FEIRA  ,0,3,42,2011-04-04,7,ligeiro,Nao,Nao,Sim,72.2,1,3,42,1713
50757,2011529589,Braga,41.609572,-8.45737,EN101,84.5,2,0,0,1.0,60,Berma pavimentada,Molhado,Sentido único,Chuva,Fora da intersecção,Fora das localidades,Em pleno dia,Com inclinação,Curva,Em plena via,Despiste,QUINTA-FEIRA ,0,1,42,2011-04-20,11,ligeiro,Sim,Sim,Nao,72.2,1,3,42,1713
50758,2009383559,Braga,41.601416,-8.460302,EN(d)205,40.27,1,0,0,1.0,50,Sem berma ou impraticável,Seco e limpo,Dois sentidos,Bom tempo,Em cruzamento,Dentro das localidades,Em pleno dia,Em patamar,Recta,Em plena via,Colisão,SEXTA-FEIRA  ,0,2,42,2009-05-04,18,ligeiro,Sim,Nao,Sim,72.2,1,3,42,1713
50759,2007275103,Braga,41.568521999999994,-8.539696000000001,ER205,31.52,1,0,0,1.0,80,Berma pavimentada,Seco e limpo,Dois sentidos,Bom tempo,Fora da intersecção,Dentro das localidades,Em pleno dia,Em patamar,Curva,Em plena via,Atropelamento,QUARTA-FEIRA ,0,1,42,2007-02-25,12,ligeiro,Sim,Nao,Sim,72.2,1,3,42,1713
50760,2007278013,Braga,41.597326,-8.478649,ER205,38.6,1,0,0,1.0,50,Sem berma ou impraticável,Seco e limpo,Dois sentidos,Bom tempo,Em entroncamento,Dentro das localidades,Em pleno dia,Em patamar,Recta,Em plena via,Colisão,QUINTA-FEIRA ,0,2,42,2007-03-15,18,ligeiro,Sim,Nao,Sim,72.2,1,3,42,1713