,COD_ACIDENTE,DISTRITO,LATITUDE,LONGITUDE,VIA,KM,QT_FLIGEIROS,QT_FGRAVES,QT_MORTOS,QT_VIAS_SENTIDO,VEL_LIM_LOCAL,BERMA_VIA,CONDICAO_ADERENCIA,FAIXA_RODAGEM,FATOR_ATMOSFERICO,INTERSECAO_VIA,LOCALIZACAO,LUMINOSIDADE,PERFIL_VIA,PLANTA_VIA,SITUACAO_ACIDENTE,TIPO_NATUREZA,DIA_SEMANA,FLAG_FERIADO,QT_VEICULOS,COD_FREGUESIA,DATA,HORA,GRAVIDADE,ERA_DIA,MAU_TEMPO,ESTRADA_SECA,DENSIDADE_TOTAL,COD_DISTRITO_INE,COD_CONCELHO_INE,COD_FREGUESIA_INE,TOTAL
50761,2008337933,Braga,41.56817,-8.537728999999999,ER205,31.7,1,0,0,1.0,50,Sem berma ou impraticável,Seco e limpo,Dois sentidos,Bom tempo,Fora da intersecção,Dentro das localidades,Em pleno dia,Em patamar,Recta,Em plena via,Colisão,SÁBADO       ,0,2,42,2008-08-22,18,ligeiro,Sim,Nao,Sim,72.2,1,3,42,1713
50762,2010453762,Braga,41.605301000000004,-8.463028999999999,EN201,58.58,3,0,0,1.0,50,Sem berma ou impraticável,Seco e limpo,Dois sentidos,Bom tempo,Fora da intersecção,Dentro das localidades,Em pleno dia,Em patamar,Recta,Em plena via,Colisão,SÁBADO       ,0,2,42,2010-03-14,14,ligeiro,Sim,Nao,Sim,72.2,1,3,42,1713
50763,2010464636,Braga,41.566913,-8.544073,ER205,31.1,1,0,0,1.0,50,Berma pavimentada,Seco e limpo,Dois sentidos,Bom tempo,Fora da intersecção,Dentro das localidades,Em pleno dia,Com inclinação,Curva,Em plena via,Colisão,SÁBADO       ,0,2,42,2010-05-21,16,ligeiro,Sim,Nao,Sim,72.2,1,3,42,1713
50764,2009351451,Braga,41.606241,-8.456245,EN101,84.95,2,0,0,1.0,60,Berma pavimentada,Molhado,Sentido único,Chuva,Em ramo de ligação - entrada,Fora das localidades,Em pleno dia,Com inclinação,Curva,Em plena via,Despiste,SÁBADO       ,0,1,42,2008-12-31,14,ligeiro,Sim,Sim,Nao,72.2,1,3,42,1713
50765,2009373275,Braga,41.600118,-8.464497999999999,EN(d)205,39.92,1,0,0,1.0,40,Berma pavimentada,Seco e limpo,Dois sentidos,Bom tempo,Fora da intersecção,Dentro das localidades,Em pleno dia,Em patamar,Recta,Em plena via,Atropelamento,TERÇA-FEIRA  ,0,1,42,2009-04-20,10,ligeiro,Sim,Nao,Sim,72.2,1,3,42,1713
50766,2007296179,Braga,41.606375,-8.457069,EN101,84.9,1,0,0,1.0,50,Berma pavimentada,Seco e limpo,Dois sentidos,Bom tempo,Em entroncamento,Dentro das localidades,"Noite, com iluminação",Com inclinação,Recta,Em plena via,Colisão,SEXTA-FEIRA  ,0,2,42,2007-09-08,22,ligeiro,Nao,Nao,Sim,72.2,1,3,42,1713
50768,2011527172,Braga,41.599342,-8.468312,ER205,39.6,1,0,0,1.0,50,Berma pavimentada,Seco e limpo,Dois sentidos,Bom tempo,Fora da intersecção,Dentro das localidades,"Noite, com iluminação",Em patamar,Curva,No passeio,Despiste,SÁBADO       ,0,1,42,2011-03-19,4,ligeiro,Nao,Nao,Sim,72.2,1,3,42,1713
50769,2012645062,Braga,41.614094,-8.471658999999999,EN201,57.0,1,0,0,1.0,50,Sem berma ou impraticável,Seco e limpo,Dois sentidos,Bom tempo,Fora da intersecção,Dentro das localidades,Em pleno dia,Em patamar,Recta,Em plena via,Colisão,TERÇA-FEIRA  ,0,2,42,2012-09-13,17,ligeiro,Sim,Nao,Sim,72.2,1,3,42,1713
50770,2010486065,Braga,41.563761,-8.551131,ER205,30.4,2,0,0,1.0,50,Sem berma ou impraticável,Húmido,Dois sentidos,Chuva,Fora da intersecção,Dentro das localidades,Em pleno dia,Com inclinação,Curva,Na berma,Despiste,TERÇA-FEIRA  ,0,1,42,2010-08-23,7,ligeiro,Sim,Sim,Nao,72.2,1,3,42,1713
50771,2011542751,Braga,41.568265999999994,-8.540401,ER205,31.45,1,0,0,1.0,50,Berma pavimentada,Seco e limpo,Dois sentidos,Bom tempo,Fora da intersecção,Dentro das localidades,Em pleno dia,Com inclinação,Recta,Em parque de estacionamento,Despiste,SEXTA-FEIRA  ,0,1,42,2011-05-31,9,ligeiro,Sim,Nao,Sim,72.2,1,3,42,1713
50772,2011500384,Braga,41.61227,-8.472585,EN201,57.22,1,0,0,1.0,80,Berma não pavimentada,Húmido,Dois sentidos,Bom tempo,Fora da intersecção,Dentro das localidades,"Noite, com iluminação",Em patamar,Recta,Na berma,Despiste,QUARTA-FEIRA ,0,1,42,2010-10-25,2,ligeiro,Nao,Nao,Nao,72.2,1,3,42,1713
50773,2013663478,Braga,41.608565000000006,-8.458389,EN101,84.6,2,0,0,1.0,50,Berma pavimentada,Molhado,Dois sentidos,Chuva,Fora da intersecção,Dentro das localidades,"Noite, com iluminação",Em patamar,Recta,Em plena via,Colisão,DOMINGO      ,0,3,42,2012-11-02,20,ligeiro,Nao,Sim,Nao,72.2,1,3,42,1713
50774,2007277795,Braga,41.6061,-8.455424,EN101,85.0,1,0,0,1.0,60,Berma pavimentada,Molhado,Dois sentidos,Chuva,Fora da intersecção,Fora das localidades,"Noite, com iluminação",Com inclinação,Recta,Em plena via,Despiste,TERÇA-FEIRA  ,0,1,42,2007-03-30,21,ligeiro,Nao,Sim,Nao,72.2,1,3,42,1713
50775,2007287731,Braga,41.538107000000004,-8.419253,EN101,92.15,1,0,0,2.0,50,Berma pavimentada,Seco e limpo,Dois sentidos,Bom tempo,Fora da intersecção,Dentro das localidades,Em pleno dia,Em patamar,Curva,Em plena via,Despiste,DOMINGO      ,0,1,42,2007-06-16,18,ligeiro,Sim,Nao,Sim,72.2,1,3,42,1713
50777,2011574140,Braga,41.601082,-8.461109,EN(d)205,40.2,1,0,0,1.0,50,Berma pavimentada,Húmido,Dois sentidos,Chuva,Fora da intersecção,Dentro das localidades,Em pleno dia,Em patamar,Recta,Na berma,Despiste,SÁBADO       ,0,1,42,2011-10-27,8,ligeiro,Sim,Sim,Nao,72.2,1,3,42,1713
50778,2007290932,Braga,41.598576,-8.476125999999999,ER205,38.85,1,0,0,1.0,40,Berma não pavimentada,Seco e limpo,Dois sentidos,Bom tempo,NÃO DEFINIDO,Dentro das localidades,"Noite, com iluminação",Em Lomba,Recta,Em plena via,Colisão,SEGUNDA-FEIRA,0,4,42,2007-07-21,22,ligeiro,Nao,Nao,Sim,72.2,1,3,42,1713
50779,2007286850,Braga,41.605729,-8.461692999999999,EN201,58.7,2,0,0,1.0,50,Berma pavimentada,Seco e limpo,Dois sentidos,Bom tempo,Fora da intersecção,Dentro das localidades,Em pleno dia,Em patamar,Recta,Em plena via,Colisão,SEGUNDA-FEIRA,0,2,42,2007-06-23,17,ligeiro,Sim,Nao,Sim,72.2,1,3,42,1713
50780,2011527173,Braga,41.606017,-8.454941999999999,EN101,85.04,1,0,0,2.0,90,Berma pavimentada,Seco e limpo,Sentido único,Bom tempo,Fora da intersecção,Fora das localidades,Em pleno dia,Em patamar,Recta,Em plena via,Colisão,TERÇA-FEIRA  ,0,3,42,2011-03-21,9,ligeiro,Sim,Nao,Sim,72.2,1,3,42,1713
50781,2010463485,Braga,41.60648,-8.458743,EN101,84.8,1,0,0,1.0,90,Berma pavimentada,Molhado,Sentido único,Chuva,Em ramo de ligação - saída,Fora das localidades,Em pleno dia,Com inclinação,Curva,Em plena via,Despiste,QUINTA-FEIRA ,0,1,42,2010-05-08,16,ligeiro,Sim,Sim,Nao,72.2,1,3,42,1713
50783,2007287755,Braga,41.609973,-8.456958,EN101,84.46,1,0,0,1.0,80,Berma pavimentada,Seco e limpo,Dois sentidos,Bom tempo,NÃO DEFINIDO,Dentro das localidades,"Noite, com iluminação",Em patamar,Recta,Em plena via,Colisão,TERÇA-FEIRA  ,0,2,42,2007-07-05,21,ligeiro,Nao,Nao,Sim,72.2,1,3,42,1713
50784,2012631557,Braga,41.608278999999996,-8.470907,EN201,57.7,2,0,0,1.0,50,Sem berma ou impraticável,Seco e limpo,Dois sentidos,Bom tempo,Fora da intersecção,Dentro das localidades,Em pleno dia,Com inclinação,Recta,Em plena via,Colisão,SEGUNDA-FEIRA,0,3,42,2012-07-23,8,ligeiro,Sim,Nao,Sim,72.2,1,3,42,1713
50785,2012612762,Braga,41.606241,-8.456245,EN101,84.95,2,0,0,1.0,60,Berma pavimentada,Molhado,Sentido único,Chuva,Em ramo de ligação - saída,Fora das localidades,Em pleno dia,Com inclinação,Curva,Na berma,Despiste,QUARTA-FEIRA ,0,1,42,2012-04-19,8,ligeiro,Sim,Sim,Nao,72.2,1,3,42,1713
50787,2011523824,Braga,41.607313,-8.470236,EN201,57.82,2,0,0,1.0,50,Berma pavimentada,Seco e limpo,Dois sentidos,Bom tempo,Em entroncamento,Dentro das localidades,"Noite, com iluminação",Em patamar,Recta,Em plena via,Colisão,DOMINGO      ,0,2,42,2011-02-20,0,ligeiro,Nao,Nao,Sim,72.2,1,3,42,1713
50788,2010486555,Braga,41.570442,-8.548601,A3,52.69,1,0,0,2.0,120,Berma pavimentada,Seco e limpo,Sentido único,Bom tempo,Fora da intersecção,Fora das localidades,Em pleno dia,Com inclinação,Curva,Em plena via,Colisão,QUARTA-FEIRA ,0,2,42,2010-08-18,15,ligeiro,Sim,Nao,Sim,72.2,1,3,42,1713
50789,2012583100,Braga,41.564069,-8.550011999999999,ER205,30.5,1,0,0,1.0,50,Sem berma ou impraticável,Molhado,Dois sentidos,Chuva,Fora da intersecção,Dentro das localidades,"Noite, sem iluminação",Com inclinação,Recta,Em plena via,Atropelamento,SEXTA-FEIRA  ,0,1,42,2011-11-18,18,ligeiro,Nao,Sim,Nao,72.2,1,3,42,1713
50791,2008303603,Braga,41.608565000000006,-8.458389,EN101,84.6,2,0,1,2.0,90,Berma pavimentada,Húmido,Dois sentidos,Nevoeiro,Fora da intersecção,Fora das localidades,Em pleno dia,Em patamar,Recta,Em plena via,Colisão,DOMINGO      ,0,2,42,2007-12-04,8,ligeiro,Sim,Sim,Nao,72.2,1,3,42,1713
50792,2007278009,Braga,41.599671,-8.473918,ER205,39.07,2,0,0,1.0,40,Berma pavimentada,Molhado,Dois sentidos,Chuva,Em entroncamento,Dentro das localidades,Em pleno dia,Em patamar,Recta,Em plena via,Colisão,TERÇA-FEIRA  ,0,2,42,2007-03-02,11,ligeiro,Sim,Sim,Nao,72.2,1,3,42,1713
50793,2007280315,Braga,41.608565000000006,-8.458389,EN101,84.6,1,0,0,1.0,90,Berma pavimentada,Seco e limpo,Dois sentidos,Bom tempo,Fora da intersecção,Fora das localidades,Em pleno dia,Com inclinação,Recta,Em plena via,Colisão,QUINTA-FEIRA ,0,3,42,2007-04-29,15,ligeiro,Sim,Nao,Sim,72.2,1,3,42,1713
50794,2013669710,Braga,41.568304,-8.540296000000001,ER205,31.46,1,0,0,1.0,50,Berma pavimentada,Húmido,Dois sentidos,Chuva,Em cruzamento,Dentro das localidades,"Noite, com iluminação",Em patamar,Recta,Em plena via,Colisão,DOMINGO      ,0,3,42,2012-12-17,18,ligeiro,Nao,Sim,Nao,72.2,1,3,42,1713
50795,2008338780,Braga,41.601532,-8.459938000000001,EN(d)205,40.3,1,0,0,1.0,50,Berma pavimentada,Seco e limpo,Dois sentidos,Bom tempo,Fora da intersecção,Dentro das localidades,Em pleno dia,Em patamar,Recta,Em plena via,Colisão,SEXTA-FEIRA  ,0,2,42,2008-08-21,11,ligeiro,Sim,Nao,Sim,72.2,1,3,42,1713
50796,2012579517,Braga,41.605557,-8.453064999999999,EN101,85.2,1,0,0,1.0,90,Berma pavimentada,Molhado,Dois sentidos,Chuva,Fora da intersecção,Fora das localidades,Em pleno dia,Em patamar,Curva,Em plena via,Despiste,DOMINGO      ,0,1,42,2011-11-14,14,ligeiro,Sim,Sim,Nao,72.2,1,3,42,1713
50797,2013669777,Braga,41.599229,-8.474817,ER205,38.98,1,0,0,1.0,50,Berma pavimentada,Húmido,Sentido único,Bom tempo,Fora da intersecção,Dentro das localidades,Em pleno dia,Em patamar,Recta,Em plena via,Colisão,DOMINGO      ,0,2,42,2012-12-17,12,ligeiro,Sim,Nao,Nao,72.2,1,3,42,1713
50798,2013671604,Braga,41.604625,-8.466846,EN201,58.25,1,0,0,1.0,50,Berma pavimentada,Seco e limpo,Dois sentidos,Bom tempo,Fora da intersecção,Dentro das localidades,Em pleno dia,Em patamar,Recta,Em plena via,Colisão,SÁBADO       ,0,2,42,2012-12-11,9,ligeiro,Sim,Nao,Sim,72.2,1,3,42,1713
50799,2010446598,Braga,41.563812,-8.534737,A3,51.23,1,0,0,2.0,120,Berma pavimentada,Molhado,Sentido único,Chuva,Fora da intersecção,Fora das localidades,"Noite, sem iluminação",Com inclinação,Recta,Em plena via,Despiste,SEGUNDA-FEIRA,0,1,42,2010-02-27,20,ligeiro,Nao,Sim,Nao,72.2,1,3,42,1713
50800,2007281249,Braga,41.568096000000004,-8.534745,ER205,31.98,2,0,0,1.0,50,Berma pavimentada,Seco e limpo,Dois sentidos,Bom tempo,NÃO DEFINIDO,Dentro das localidades,Em pleno dia,Em patamar,Recta,Em plena via,Colisão,SÁBADO       ,1,2,42,2007-04-25,17,ligeiro,Sim,Nao,Sim,72.2,1,3,42,1713
50801,2007289616,Braga,41.599866999999996,-8.473519,ER205,39.11,1,0,0,1.0,50,NÃO DEFINIDO,Seco e limpo,Dois sentidos,Bom tempo,Em entroncamento,Dentro das localidades,"Noite, com iluminação",Em patamar,Recta,Em plena via,Colisão,QUINTA-FEIRA ,0,2,42,2007-07-12,23,ligeiro,Nao,Nao,Sim,72.2,1,3,42,1713
50802,2010424062,Braga,41.606375,-8.457069,EN101,84.9,1,0,0,2.0,90,Berma pavimentada,Seco e limpo,Dois sentidos,Bom tempo,Em ramo de ligação - saída,Fora das localidades,Em pleno dia,Em patamar,Recta,Em plena via,Despiste,SEXTA-FEIRA  ,0,1,42,2009-10-16,9,ligeiro,Sim,Nao,Sim,72.2,1,3,42,1713
50803,2007280488,Braga,41.490675,-8.475323,EN(d)103-2,5.9,1,0,0,1.0,50,Sem berma ou impraticável,Molhado,Dois sentidos,Chuva,Fora da intersecção,Fora das localidades,Em pleno dia,Com inclinação,Recta,Em plena via,Despiste,SÁBADO       ,0,1,36,2007-04-03,7,ligeiro,Sim,Sim,Nao,72.7,1,3,36,2484
50804,2007281940,Braga,41.494488,-8.465719,A3,40.88,1,0,0,2.0,120,Berma pavimentada,Seco e limpo,Sentido único,Bom tempo,Fora da intersecção,Fora das localidades,Em pleno dia,Em patamar,Curva,Em plena via,Colisão,SEGUNDA-FEIRA,0,2,36,2007-05-08,11,ligeiro,Sim,Nao,Sim,72.7,1,3,36,2484
50811,2008306148,Braga,41.522252,-8.589232,EN103,24.5,1,0,0,1.0,50,Berma pavimentada,Seco e limpo,Dois sentidos,Bom tempo,Em entroncamento,Dentro das localidades,Em pleno dia,Com inclinação,Curva,Em plena via,Colisão,SEXTA-FEIRA  ,0,2,36,2007-12-31,9,ligeiro,Sim,Nao,Sim,72.7,1,3,36,2484
50812,2007301143,Braga,41.401927,-8.448966,A7,26.8,1,0,0,2.0,120,Berma pavimentada,Seco e limpo,Sentido único,Bom tempo,Fora da intersecção,Fora das localidades,"Noite, sem iluminação",Em patamar,Curva,Na berma,Despiste,QUINTA-FEIRA ,0,1,36,2007-11-09,0,ligeiro,Nao,Nao,Sim,72.7,1,3,36,2484
50813,2008323672,Braga,41.409942,-8.286397000000001,A7,43.09,1,0,0,2.0,40,Berma pavimentada,Húmido,Sentido único,Bom tempo,Em ramo de ligação - saída,Fora das localidades,Em pleno dia,Com inclinação,Curva,Em plena via,Despiste,SEXTA-FEIRA  ,0,1,36,2008-04-29,10,ligeiro,Sim,Nao,Nao,72.7,1,3,36,2484
50816,2009358039,Braga,41.683283,-8.421335000000001,EN101,74.7,0,4,0,1.0,50,Berma pavimentada,Molhado,Dois sentidos,Chuva,Em entroncamento,Dentro das localidades,"Noite, com iluminação",Em patamar,Recta,Em plena via,Despiste,TERÇA-FEIRA  ,0,1,36,2009-01-31,0,ligeiro,Nao,Sim,Nao,72.7,1,3,36,2484
50817,2008340626,Braga,41.522948,-8.595057,EN103,23.97,3,0,0,1.0,50,Berma pavimentada,Seco e limpo,Dois sentidos,Bom tempo,Em entroncamento,Dentro das localidades,Em pleno dia,Em patamar,Recta,Em plena via,Colisão,SÁBADO       ,0,2,36,2008-09-08,10,ligeiro,Sim,Nao,Sim,72.7,1,3,36,2484
50818,2009358759,Braga,41.521894,-8.58873,EN204,22.24,1,0,0,1.0,50,Berma pavimentada,Seco e limpo,Dois sentidos,Bom tempo,Em entroncamento,Dentro das localidades,Em pleno dia,Em patamar,Recta,Em plena via,Colisão,QUINTA-FEIRA ,0,4,36,2009-02-13,12,ligeiro,Sim,Nao,Sim,72.7,1,3,36,2484
50821,2009367550,Braga,41.520067,-8.587508999999999,EN103,24.8,2,0,0,1.0,50,Berma pavimentada,Húmido,Sentido único,Chuva,Em rotunda,Dentro das localidades,Em pleno dia,Em patamar,Recta,Em plena via,Colisão,SEGUNDA-FEIRA,0,2,36,2009-03-05,15,ligeiro,Sim,Sim,Nao,72.7,1,3,36,2484
50822,2009383563,Braga,41.522834,-8.592475,EN103,24.2,1,0,0,1.0,50,Berma pavimentada,Seco e limpo,Dois sentidos,Bom tempo,Fora da intersecção,Fora das localidades,Em pleno dia,Em patamar,Recta,Em plena via,Colisão,DOMINGO      ,0,2,36,2009-05-06,18,ligeiro,Sim,Nao,Sim,72.7,1,3,36,2484
50823,2009418013,Braga,41.40201,-8.448373,A7,26.85,1,0,0,2.0,120,Berma pavimentada,Seco e limpo,Sentido único,Bom tempo,Fora da intersecção,Fora das localidades,Em pleno dia,Em patamar,Curva,Em plena via,Despiste,QUARTA-FEIRA ,0,1,36,2009-09-05,11,ligeiro,Sim,Nao,Sim,72.7,1,3,36,2484
50829,2010456240,Braga,41.520837,-8.588006,EN103,24.7,1,0,0,1.0,50,Berma pavimentada,Seco e limpo,Dois sentidos,Bom tempo,Fora da intersecção,Dentro das localidades,Em pleno dia,Com inclinação,Curva,Na berma,Colisão,SEXTA-FEIRA  ,0,2,36,2010-04-05,14,ligeiro,Sim,Nao,Sim,72.7,1,3,36,2484
50830,2010486068,Braga,41.522834,-8.592475,EN103,24.2,3,0,0,1.0,50,Berma pavimentada,Seco e limpo,Dois sentidos,Bom tempo,Fora da intersecção,Dentro das localidades,Em pleno dia,Em patamar,Recta,Em plena via,Colisão,QUINTA-FEIRA ,0,2,36,2010-08-24,16,ligeiro,Sim,Nao,Sim,72.7,1,3,36,2484
50831,2010482428,Braga,41.519537,-8.602997,A11,13.3,3,0,1,3.0,120,Berma pavimentada,Seco e limpo,Sentido único,Bom tempo,Fora da intersecção,Fora das localidades,Em pleno dia,Com inclinação,Recta,Em plena via,Colisão,SÁBADO       ,0,2,36,2010-08-20,16,grave,Sim,Nao,Sim,72.7,1,3,36,2484
50834,2011516095,Braga,41.404585,-8.442416,A7,27.43,0,1,0,2.0,120,Berma pavimentada,Molhado,Sentido único,Chuva,Fora da intersecção,Fora das localidades,Em pleno dia,Em patamar,Curva,Em plena via,Despiste,DOMINGO      ,0,1,36,2011-01-05,15,ligeiro,Sim,Sim,Nao,72.7,1,3,36,2484
50835,2011555504,Braga,41.672965999999995,-8.424059,EN101,75.9,1,0,0,1.0,50,Berma não pavimentada,Seco e limpo,Dois sentidos,Bom tempo,Fora da intersecção,Dentro das localidades,Em pleno dia,Em patamar,Recta,Na berma,Despiste,QUARTA-FEIRA ,0,1,36,2011-07-25,17,ligeiro,Sim,Nao,Sim,72.7,1,3,36,2484
50836,2011559560,Braga,41.40491,-8.440277,A7,27.61,0,1,0,2.0,120,Berma pavimentada,Molhado,Sentido único,Bom tempo,Fora da intersecção,Fora das localidades,"Noite, sem iluminação",Em patamar,Curva,Na berma,Despiste,QUARTA-FEIRA ,0,2,36,2011-08-06,3,ligeiro,Nao,Nao,Nao,72.7,1,3,36,2484
50837,2011567586,Braga,41.48753,-8.466476,A3,40.04,1,0,0,3.0,120,Berma pavimentada,Seco e limpo,Sentido único,Bom tempo,Fora da intersecção,Fora das localidades,Em pleno dia,Com inclinação,Curva,Em plena via,Despiste,QUARTA-FEIRA ,0,1,36,2011-09-26,7,ligeiro,Sim,Nao,Sim,72.7,1,3,36,2484
50838,2011562110,Braga,41.687631,-8.420765,EN101,74.15,1,0,0,1.0,50,Sem berma ou impraticável,Seco e limpo,Dois sentidos,Bom tempo,Fora da intersecção,Dentro das localidades,Em pleno dia,Em patamar,Recta,Na berma,Despiste,QUARTA-FEIRA ,0,1,36,2011-08-17,14,ligeiro,Sim,Nao,Sim,72.7,1,3,36,2484
50843,2012612763,Braga,41.686326,-8.42032,EN101,74.3,1,0,0,1.0,50,Berma pavimentada,Húmido,Dois sentidos,Chuva,Em entroncamento,Dentro das localidades,Em pleno dia,Em patamar,Recta,Em plena via,Colisão,QUARTA-FEIRA ,0,2,36,2012-04-19,13,ligeiro,Sim,Sim,Nao,72.7,1,3,36,2484
50844,2012620056,Braga,41.4874,-8.466486999999999,A3,40.03,1,0,0,2.0,100,Berma pavimentada,Molhado,Sentido único,Chuva,Fora da intersecção,Fora das localidades,Em pleno dia,Com inclinação,Curva,Em plena via,Despiste,DOMINGO      ,0,1,36,2012-05-09,8,ligeiro,Sim,Sim,Nao,72.7,1,3,36,2484
50845,2012608204,Braga,41.677011,-8.421446000000001,EN101,75.4,1,0,0,1.0,50,Berma pavimentada,Seco e limpo,Dois sentidos,Bom tempo,Em cruzamento,Dentro das localidades,Em pleno dia,Em patamar,Recta,Em plena via,Colisão,SEXTA-FEIRA  ,0,2,36,2012-03-23,10,ligeiro,Sim,Nao,Sim,72.7,1,3,36,2484
50846,2012632608,Braga,41.687631,-8.420765,EN101,74.15,1,0,0,1.0,50,Berma pavimentada,Seco e limpo,Dois sentidos,Bom tempo,Fora da intersecção,Dentro das localidades,Em pleno dia,Em patamar,Recta,Em plena via,Atropelamento,SEXTA-FEIRA  ,0,1,36,2012-07-09,16,ligeiro,Sim,Nao,Sim,72.7,1,3,36,2484
50847,2012628860,Braga,41.522940999999996,-8.595344,EN103,23.95,1,0,0,1.0,50,Berma pavimentada,Molhado,Dois sentidos,Chuva,Fora da intersecção,Dentro das localidades,Em pleno dia,Em patamar,Recta,Em plena via,Colisão,QUARTA-FEIRA ,0,2,36,2012-06-20,16,ligeiro,Sim,Sim,Nao,72.7,1,3,36,2484
50848,2012637165,Braga,41.522944,-8.595315,EN204,21.64,1,0,0,1.0,50,Berma pavimentada,Seco e limpo,Dois sentidos,Bom tempo,Fora da intersecção,Dentro das localidades,Em pleno dia,Em patamar,Recta,Em plena via,Despiste,SÁBADO       ,0,1,36,2012-08-02,7,ligeiro,Sim,Nao,Sim,72.7,1,3,36,2484
50849,2013664927,Braga,41.410274,-8.288705,A7,42.89,3,0,0,3.0,120,Berma pavimentada,Seco e limpo,Sentido único,Bom tempo,Fora da intersecção,Fora das localidades,Em pleno dia,Com inclinação,Recta,Em plena via,Colisão,SÁBADO       ,0,2,36,2012-11-29,13,ligeiro,Sim,Nao,Sim,72.7,1,3,36,2484
50850,2012600545,Braga,41.673353000000006,-8.423739,EN101,75.85,1,0,0,1.0,50,Berma pavimentada,Seco e limpo,Dois sentidos,Bom tempo,Fora da intersecção,Dentro das localidades,"Noite, com iluminação",Com inclinação,Recta,Na berma,Despiste,QUINTA-FEIRA ,0,1,36,2012-02-05,1,ligeiro,Nao,Nao,Sim,72.7,1,3,36,2484
50851,2010441971,Braga,41.522252,-8.589232,EN103,24.5,1,0,0,1.0,90,Berma pavimentada,Seco e limpo,Dois sentidos,Bom tempo,Fora da intersecção,Dentro das localidades,"Noite, com iluminação",Com inclinação,Curva,Em plena via,Colisão,SEXTA-FEIRA  ,0,2,36,2010-01-21,6,ligeiro,Nao,Nao,Sim,72.7,1,3,36,2484
50854,2008330209,Braga,41.686326,-8.42032,EN101,74.3,1,0,0,1.0,50,Berma pavimentada,Seco e limpo,Dois sentidos,Bom tempo,Em entroncamento,Dentro das localidades,Em pleno dia,Em patamar,Recta,Na berma,Despiste,TERÇA-FEIRA  ,0,1,36,2008-06-23,15,ligeiro,Sim,Nao,Sim,72.7,1,3,36,2484
50856,2009349182,Braga,41.522923,-8.593608999999999,EN103,24.1,1,0,0,1.0,50,Berma pavimentada,Seco e limpo,Dois sentidos,Bom tempo,Fora da intersecção,Dentro das localidades,Em pleno dia,Em patamar,Recta,Em plena via,Colisão,SÁBADO       ,0,2,36,2008-11-21,10,ligeiro,Sim,Nao,Sim,72.7,1,3,36,2484
50861,2011563893,Braga,41.522923,-8.593608999999999,EN103,24.1,1,0,0,1.0,50,Berma pavimentada,Seco e limpo,Dois sentidos,Bom tempo,Fora da intersecção,Dentro das localidades,Em pleno dia,Em patamar,Recta,Em plena via,Colisão,SÁBADO       ,0,2,36,2011-08-08,19,ligeiro,Sim,Nao,Sim,72.7,1,3,36,2484
50862,2009351942,Braga,41.49512,-8.466441,A3,40.98,1,0,0,2.0,100,Berma pavimentada,Molhado,Sentido único,Chuva,Fora da intersecção,Fora das localidades,Em pleno dia,Com inclinação,Curva,Em plena via,Despiste,QUARTA-FEIRA ,0,2,36,2008-12-06,9,ligeiro,Sim,Sim,Nao,72.7,1,3,36,2484
50863,2008337945,Braga,41.4762,-8.182714,ER207,55.4,2,0,0,1.0,50,Sem berma ou impraticável,Seco e limpo,Dois sentidos,Bom tempo,Fora da intersecção,Dentro das localidades,"Noite, sem iluminação",Em patamar,Curva,Em plena via,Colisão,SÁBADO       ,0,2,36,2008-08-22,22,ligeiro,Nao,Nao,Sim,72.7,1,3,36,2484
50864,2011555974,Braga,41.522940999999996,-8.593835,EN103,24.08,1,0,0,1.0,50,Berma pavimentada,Seco e limpo,Dois sentidos,Bom tempo,Em ramo de ligação - entrada,Dentro das localidades,Em pleno dia,Com inclinação,Recta,Em plena via,Colisão,SEXTA-FEIRA  ,0,2,36,2011-07-27,7,ligeiro,Sim,Nao,Sim,72.7,1,3,36,2484
50867,2008306153,Braga,41.519416,-8.587034,EN204,22.56,2,0,0,1.0,80,Berma pavimentada,Seco e limpo,Dois sentidos,Bom tempo,Em via de aceleração,Fora das localidades,Em pleno dia,Em patamar,Recta,Em plena via,Despiste,QUINTA-FEIRA ,0,1,36,2007-12-24,3,ligeiro,Sim,Nao,Sim,72.7,1,3,36,2484
50871,2008307918,Braga,41.518574,-8.605023,A11,13.1,1,0,0,2.0,120,Berma pavimentada,Seco e limpo,Sentido único,Bom tempo,Fora da intersecção,Fora das localidades,"Noite, sem iluminação",Com inclinação,Recta,Na berma,Despiste,SÁBADO       ,0,1,36,2008-01-29,5,ligeiro,Nao,Nao,Sim,72.7,1,3,36,2484
50874,2008322950,Braga,41.683283,-8.421335000000001,EN101,74.7,1,0,0,1.0,80,Sem berma ou impraticável,Molhado,Dois sentidos,Chuva,Fora da intersecção,Dentro das localidades,"Noite, com iluminação",Em patamar,Recta,Em plena via,Colisão,QUARTA-FEIRA ,0,2,36,2008-04-16,23,ligeiro,Nao,Sim,Nao,72.7,1,3,36,2484
50876,2012618202,Braga,41.522923,-8.593608999999999,EN103,24.1,1,0,0,1.0,50,Berma pavimentada,Seco e limpo,Sentido único,Bom tempo,Em rotunda,Dentro das localidades,Em pleno dia,Em patamar,Recta,Em plena via,Colisão,QUARTA-FEIRA ,0,2,36,2012-05-17,5,ligeiro,Sim,Nao,Sim,72.7,1,3,36,2484