,COD_ACIDENTE,DISTRITO,LATITUDE,LONGITUDE,VIA,KM,QT_FLIGEIROS,QT_FGRAVES,QT_MORTOS,QT_VIAS_SENTIDO,VEL_LIM_LOCAL,BERMA_VIA,CONDICAO_ADERENCIA,FAIXA_RODAGEM,FATOR_ATMOSFERICO,INTERSECAO_VIA,LOCALIZACAO,LUMINOSIDADE,PERFIL_VIA,PLANTA_VIA,SITUACAO_ACIDENTE,TIPO_NATUREZA,DIA_SEMANA,FLAG_FERIADO,QT_VEICULOS,COD_FREGUESIA,DATA,HORA,GRAVIDADE,ERA_DIA,MAU_TEMPO,ESTRADA_SECA,DENSIDADE_TOTAL,COD_DISTRITO_INE,COD_CONCELHO_INE,COD_FREGUESIA_INE,TOTAL
50877,2012623404,Braga,41.485986,-8.466272,A3,39.87,2,1,0,3.0,120,Berma pavimentada,Seco e limpo,Sentido único,Bom tempo,Fora da intersecção,Fora das localidades,Em pleno dia,Com inclinação,Curva,Na berma,Despiste,TERÇA-FEIRA  ,0,1,36,2012-06-03,8,ligeiro,Sim,Nao,Sim,72.7,1,3,36,2484
50882,2011529054,Braga,41.403381,-8.44501,A7,27.17,1,0,0,2.0,120,Berma pavimentada,Seco e limpo,Sentido único,Bom tempo,Fora da intersecção,Fora das localidades,Em pleno dia,Com inclinação,Curva,Em plena via,Despiste,TERÇA-FEIRA  ,0,1,36,2011-03-10,16,ligeiro,Sim,Nao,Sim,72.7,1,3,36,2484
50883,2012636872,Braga,41.491329,-8.464818,A3,40.5,1,0,0,3.0,120,Berma pavimentada,Molhado,Sentido único,Chuva,Fora da intersecção,Fora das localidades,Em pleno dia,Com inclinação,Curva,Em plena via,Despiste,DOMINGO      ,0,1,36,2012-08-14,15,ligeiro,Sim,Sim,Nao,72.7,1,3,36,2484
50886,2011514543,Braga,41.685655,-8.421018,EN101,74.4,4,0,0,1.0,50,Sem berma ou impraticável,Seco e limpo,Dois sentidos,Bom tempo,Fora da intersecção,Dentro das localidades,"Noite, com iluminação",Em patamar,Recta,No passeio,Despiste,QUARTA-FEIRA ,0,1,36,2010-12-10,21,ligeiro,Nao,Nao,Sim,72.7,1,3,36,2484
50887,2009351507,Braga,41.676111,-8.421628,EN101,75.5,1,0,0,1.0,50,Sem berma ou impraticável,Seco e limpo,Dois sentidos,Bom tempo,Fora da intersecção,Dentro das localidades,"Noite, com iluminação",Em patamar,Recta,No passeio,Despiste,SEGUNDA-FEIRA,0,1,36,2008-12-21,5,ligeiro,Nao,Nao,Sim,72.7,1,3,36,2484
50888,2009367521,Braga,41.519464,-8.586160000000001,EN103,24.95,1,0,0,1.0,50,Berma pavimentada,Seco e limpo,Dois sentidos,Bom tempo,Fora da intersecção,Dentro das localidades,"Noite, sem iluminação",Em patamar,Recta,Em plena via,Colisão,DOMINGO      ,0,2,36,2009-03-27,18,ligeiro,Nao,Nao,Sim,72.7,1,3,36,2484
50892,2010453752,Braga,41.491545,-8.464773,A3,40.53,1,0,0,2.0,100,Berma pavimentada,Molhado,Sentido único,Chuva,Fora da intersecção,Fora das localidades,"Noite, sem iluminação",Com inclinação,Curva,Em plena via,Despiste,QUARTA-FEIRA ,0,1,36,2010-03-06,20,ligeiro,Nao,Sim,Nao,72.7,1,3,36,2484
50893,2010496296,Braga,41.67863,-8.4211,EN101,75.22,2,0,0,1.0,50,Sem berma ou impraticável,Seco e limpo,Dois sentidos,Bom tempo,Em entroncamento,Dentro das localidades,Em pleno dia,Em patamar,Recta,Em plena via,Colisão,SÁBADO       ,0,2,36,2010-10-11,8,ligeiro,Sim,Nao,Sim,72.7,1,3,36,2484
50894,2011502945,Braga,41.683283,-8.421335000000001,EN101,74.7,2,0,0,1.0,50,Berma pavimentada,Molhado,Dois sentidos,Chuva,Fora da intersecção,Dentro das localidades,"Noite, com iluminação",Em patamar,Recta,No passeio,Despiste,TERÇA-FEIRA  ,0,1,36,2010-10-02,23,ligeiro,Nao,Sim,Nao,72.7,1,3,36,2484
50898,2012579601,Braga,41.520837,-8.588006,EN103,24.7,1,0,0,1.0,50,Berma pavimentada,Húmido,Dois sentidos,Bom tempo,Fora da intersecção,Dentro das localidades,Em pleno dia,Com inclinação,Curva,Em plena via,Colisão,DOMINGO      ,0,2,36,2011-11-14,14,ligeiro,Sim,Nao,Nao,72.7,1,3,36,2484
50899,2013656950,Braga,41.673743,-8.423425,EN101,75.8,2,0,0,1.0,70,Sem berma ou impraticável,Molhado,Dois sentidos,Chuva,Fora da intersecção,Dentro das localidades,Em pleno dia,Em patamar,Recta,Em plena via,Colisão,SEGUNDA-FEIRA,0,3,36,2012-10-11,12,ligeiro,Sim,Sim,Nao,72.7,1,3,36,2484
50900,2011523816,Braga,41.490907,-8.464964,A3,40.45,1,0,0,2.0,100,Berma pavimentada,Húmido,Sentido único,Bom tempo,Fora da intersecção,Fora das localidades,Em pleno dia,Com inclinação,Curva,Na berma,Despiste,SEGUNDA-FEIRA,0,1,36,2011-02-09,14,ligeiro,Sim,Nao,Nao,72.7,1,3,36,2484
50901,2012608621,Braga,41.519869,-8.587378999999999,EN204,22.5,1,0,0,1.0,50,Berma pavimentada,Seco e limpo,Dois sentidos,Bom tempo,Fora da intersecção,Dentro das localidades,Em pleno dia,Com inclinação,Recta,Em plena via,Colisão,QUARTA-FEIRA ,0,2,36,2012-03-04,16,ligeiro,Sim,Nao,Sim,72.7,1,3,36,2484
50903,2008321388,Braga,41.489847999999995,-8.474852,EN(d)103-2,6.0,1,0,0,1.0,50,Sem berma ou impraticável,Seco e limpo,Dois sentidos,Bom tempo,Fora da intersecção,Fora das localidades,Em pleno dia,Com inclinação,Curva,Em plena via,Colisão,QUINTA-FEIRA ,0,2,36,2008-03-25,7,ligeiro,Sim,Nao,Sim,72.7,1,3,36,2484
50904,2009399072,Braga,41.4948,-8.466035,A3,40.93,0,1,0,3.0,120,Berma pavimentada,Seco e limpo,Sentido único,Bom tempo,Fora da intersecção,Fora das localidades,Em pleno dia,Com inclinação,Curva,Em plena via,Despiste,DOMINGO      ,0,1,36,2009-06-20,17,ligeiro,Sim,Nao,Sim,72.7,1,3,36,2484
50908,2010432536,Braga,41.520652,-8.587893,EN204,22.4,1,0,0,1.0,50,Berma pavimentada,Seco e limpo,Dois sentidos,Bom tempo,Fora da intersecção,Dentro das localidades,Em pleno dia,Em patamar,Recta,Em plena via,Colisão,SÁBADO       ,0,2,36,2009-12-19,12,ligeiro,Sim,Nao,Sim,72.7,1,3,36,2484
50909,2011563946,Braga,41.489847999999995,-8.474852,EN(d)103-2,6.0,1,0,0,1.0,50,Sem berma ou impraticável,Seco e limpo,Dois sentidos,Bom tempo,Fora da intersecção,Dentro das localidades,"Noite, com iluminação",Com inclinação,Curva,Na berma,Despiste,QUARTA-FEIRA ,0,1,36,2011-08-06,22,ligeiro,Nao,Nao,Sim,72.7,1,3,36,2484
50910,2012631582,Braga,41.520837,-8.588006,EN103,24.7,1,0,0,1.0,50,Berma pavimentada,Seco e limpo,Dois sentidos,Bom tempo,Fora da intersecção,Dentro das localidades,Em pleno dia,Em patamar,Recta,Em plena via,Colisão,SÁBADO       ,0,2,36,2012-07-27,9,ligeiro,Sim,Nao,Sim,72.7,1,3,36,2484
50912,2009361247,Braga,41.522946999999995,-8.595105,EN103,23.97,3,1,0,1.0,50,Berma pavimentada,Seco e limpo,Dois sentidos,Bom tempo,Em entroncamento,Dentro das localidades,Em pleno dia,Em Lomba,Recta,Em plena via,Colisão,QUARTA-FEIRA ,0,2,36,2009-02-24,15,ligeiro,Sim,Nao,Sim,72.7,1,3,36,2484
50913,2011529693,Braga,41.488683,-8.466165,A3,40.18,3,0,0,3.0,120,Berma pavimentada,Seco e limpo,Sentido único,Bom tempo,Fora da intersecção,Fora das localidades,Aurora ou crepúsculo,Com inclinação,Curva,Na berma,Despiste,DOMINGO      ,0,1,36,2011-04-17,7,ligeiro,Nao,Nao,Sim,72.7,1,3,36,2484
50918,2011517150,Braga,41.684398,-8.421811,EN101,74.57,4,0,0,1.0,50,Berma pavimentada,"Com gelo, geada ou neve",Dois sentidos,Bom tempo,Fora da intersecção,Dentro das localidades,Aurora ou crepúsculo,Em patamar,Recta,Em plena via,Colisão,TERÇA-FEIRA  ,0,2,36,2011-01-24,7,ligeiro,Nao,Nao,Nao,72.7,1,3,36,2484
50919,2011542724,Braga,41.520915,-8.588054,EN103,24.69,3,0,0,2.0,50,Berma pavimentada,Seco e limpo,Dois sentidos,Bom tempo,Fora da intersecção,Dentro das localidades,Em pleno dia,Com inclinação,Recta,Em plena via,Colisão,SEGUNDA-FEIRA,0,4,36,2011-05-22,15,ligeiro,Sim,Nao,Sim,72.7,1,3,36,2484
50924,2010446038,Braga,41.490334999999995,-8.465252,A3,40.38,1,0,0,3.0,120,Berma pavimentada,Húmido,Sentido único,Bom tempo,Fora da intersecção,Fora das localidades,Em pleno dia,Com inclinação,Curva,Em plena via,Colisão,DOMINGO      ,0,2,36,2010-02-09,11,ligeiro,Sim,Nao,Nao,72.7,1,3,36,2484
50925,2009367543,Braga,41.522952000000004,-8.594746,EN103,24.0,1,0,0,1.0,50,Berma pavimentada,Seco e limpo,Dois sentidos,Bom tempo,Fora da intersecção,Dentro das localidades,Em pleno dia,Em patamar,Recta,Em plena via,Colisão,QUINTA-FEIRA ,0,3,36,2009-03-13,15,ligeiro,Sim,Nao,Sim,72.7,1,3,36,2484
50927,2011517131,Braga,41.489847999999995,-8.474852,EN(d)103-2,6.0,1,0,0,1.0,90,Sem berma ou impraticável,Seco e limpo,Dois sentidos,Bom tempo,Fora da intersecção,Fora das localidades,"Noite, com iluminação",Com inclinação,Curva,Em plena via,Despiste,SÁBADO       ,0,1,36,2011-01-27,22,ligeiro,Nao,Nao,Sim,72.7,1,3,36,2484
50928,2013657020,Braga,41.522834,-8.592475,EN103,24.2,2,0,0,1.0,50,Berma pavimentada,Húmido,Dois sentidos,Chuva,Fora da intersecção,Dentro das localidades,Em pleno dia,Com inclinação,Recta,Em plena via,Colisão,SEXTA-FEIRA  ,0,2,36,2012-10-08,13,ligeiro,Sim,Sim,Nao,72.7,1,3,36,2484
50929,2007300152,Braga,41.686326,-8.42032,EN101,74.3,1,0,0,2.0,50,Berma pavimentada,Seco e limpo,Dois sentidos,Bom tempo,Em cruzamento,Dentro das localidades,Em pleno dia,Em patamar,Recta,Em plena via,Colisão,SÁBADO       ,0,2,36,2007-10-19,14,ligeiro,Sim,Nao,Sim,72.7,1,3,36,2484
50931,2008322015,Braga,41.476793,-8.184389999999999,ER207,55.57,5,0,0,1.0,50,Sem berma ou impraticável,Húmido,Dois sentidos,Chuva,Fora da intersecção,Dentro das localidades,Em pleno dia,Com inclinação,Curva,Na berma,Despiste,SÁBADO       ,0,1,36,2008-03-10,17,ligeiro,Sim,Sim,Nao,72.7,1,3,36,2484
50935,2008344402,Braga,41.681502,-8.421458,EN101,74.9,2,0,0,1.0,50,Berma pavimentada,Seco e limpo,Dois sentidos,Bom tempo,Fora da intersecção,Dentro das localidades,Aurora ou crepúsculo,Em patamar,Curva,Em plena via,Colisão,SEXTA-FEIRA  ,0,2,36,2008-10-23,18,ligeiro,Nao,Nao,Sim,72.7,1,3,36,2484
50936,2010491548,Braga,41.522252,-8.589232,EN103,24.5,1,0,0,1.0,50,Berma pavimentada,Seco e limpo,Dois sentidos,Bom tempo,Em entroncamento,Dentro das localidades,Em pleno dia,Com inclinação,Curva,Em plena via,Colisão,DOMINGO      ,0,2,36,2010-09-19,7,ligeiro,Sim,Nao,Sim,72.7,1,3,36,2484
50937,2011500402,Braga,41.522832,-8.591337,EN103,24.3,2,0,0,1.0,50,Berma pavimentada,Seco e limpo,Dois sentidos,Chuva,Fora da intersecção,Dentro das localidades,Em pleno dia,Em patamar,Recta,Em plena via,Colisão,SEGUNDA-FEIRA,0,3,36,2010-10-29,13,ligeiro,Sim,Sim,Sim,72.7,1,3,36,2484
50939,2008321674,Braga,41.404184,-8.443559,A7,27.32,1,0,0,2.0,120,Berma pavimentada,Seco e limpo,Sentido único,Bom tempo,Fora da intersecção,Fora das localidades,"Noite, sem iluminação",Com inclinação,Curva,Na berma,Despiste,QUARTA-FEIRA ,0,1,36,2008-03-02,19,ligeiro,Nao,Nao,Sim,72.7,1,3,36,2484
50941,2011513926,Braga,41.522821,-8.591148,EN204,22.0,1,0,0,1.0,50,Berma não pavimentada,Molhado,Dois sentidos,Chuva,Em cruzamento,Dentro das localidades,Em pleno dia,Em patamar,Curva,Em plena via,Atropelamento,SÁBADO       ,0,1,36,2010-12-07,16,ligeiro,Sim,Sim,Nao,72.7,1,3,36,2484
50943,2012579577,Braga,41.489847999999995,-8.474852,EN(d)103-2,6.0,1,0,0,1.0,50,Sem berma ou impraticável,Molhado,Dois sentidos,Chuva,Fora da intersecção,Dentro das localidades,"Noite, com iluminação",Com inclinação,Curva,Em plena via,Despiste,SEXTA-FEIRA  ,1,1,36,2011-11-01,0,ligeiro,Nao,Sim,Nao,72.7,1,3,36,2484
50945,2011505918,Braga,41.403268,-8.445198,A7,27.15,1,0,0,2.0,120,Berma pavimentada,Molhado,Sentido único,Chuva,Fora da intersecção,Fora das localidades,"Noite, sem iluminação",Em patamar,Recta,Em plena via,Despiste,DOMINGO      ,0,1,36,2010-11-15,6,ligeiro,Nao,Sim,Nao,72.7,1,3,36,2484
50948,2007278522,Braga,41.415623,-8.473718,ER206,26.1,3,0,0,1.0,50,Berma não pavimentada,Húmido,Dois sentidos,Bom tempo,NÃO DEFINIDO,Fora das localidades,"Noite, com iluminação",Em patamar,Recta,Em plena via,Colisão,TERÇA-FEIRA  ,0,2,33,2007-03-30,23,ligeiro,Nao,Nao,Nao,194.2,1,3,33,1252
50950,2007287112,Braga,41.417403,-8.482086,ER206,25.27,1,0,0,1.0,50,Berma pavimentada,Seco e limpo,Dois sentidos,Bom tempo,Fora da intersecção,Dentro das localidades,Em pleno dia,Com inclinação,Curva,Em plena via,Colisão,TERÇA-FEIRA  ,0,2,33,2007-06-18,19,ligeiro,Sim,Nao,Sim,194.2,1,3,33,1252
50951,2007299739,Braga,41.417854999999996,-8.485157000000001,ER206,25.0,1,0,0,2.0,50,Sem berma ou impraticável,Seco e limpo,Dois sentidos,Bom tempo,Fora da intersecção,Dentro das localidades,Em pleno dia,Em patamar,Curva,Em plena via,Despiste,SÁBADO       ,0,2,33,2007-10-19,14,ligeiro,Sim,Nao,Sim,194.2,1,3,33,1252
50954,2008308793,Braga,41.417190000000005,-8.481892,ER206,25.3,2,0,0,1.0,80,Sem berma ou impraticável,Molhado,Dois sentidos,Chuva,Fora da intersecção,Dentro das localidades,"Noite, com iluminação",Em patamar,Curva,Na berma,Despiste,SEGUNDA-FEIRA,0,1,33,2008-01-14,2,ligeiro,Nao,Sim,Nao,194.2,1,3,33,1252
50956,2008301961,Braga,41.41751,-8.482892,ER206,25.2,1,0,0,1.0,50,Berma não pavimentada,Molhado,Dois sentidos,Chuva,Fora da intersecção,Fora das localidades,Em pleno dia,Em patamar,Recta,Em plena via,Despiste,QUINTA-FEIRA ,0,1,33,2007-11-20,7,ligeiro,Sim,Sim,Nao,194.2,1,3,33,1252
50962,2008338341,Braga,41.417607000000004,-8.484706,ER206,25.05,1,0,0,1.0,50,Berma pavimentada,Seco e limpo,Dois sentidos,Bom tempo,Fora da intersecção,Dentro das localidades,Em pleno dia,Em patamar,Curva,Em plena via,Colisão,DOMINGO      ,0,2,33,2008-08-06,18,ligeiro,Sim,Nao,Sim,194.2,1,3,33,1252
50966,2008344674,Braga,41.417190000000005,-8.481892,ER206,25.3,2,0,0,1.0,50,Sem berma ou impraticável,Molhado,Dois sentidos,Chuva,Fora da intersecção,Dentro das localidades,Em pleno dia,Em patamar,Curva,Em plena via,Despiste,QUARTA-FEIRA ,0,1,33,2008-10-21,15,ligeiro,Sim,Sim,Nao,194.2,1,3,33,1252
50967,2008344796,Braga,41.413351,-8.465385000000001,ER206,27.06,1,0,0,1.0,50,Berma pavimentada,Molhado,Dois sentidos,Chuva,Em cruzamento,Dentro das localidades,Em pleno dia,Em patamar,Curva,Em plena via,Colisão,QUARTA-FEIRA ,0,2,33,2008-10-27,11,ligeiro,Sim,Sim,Nao,194.2,1,3,33,1252
50969,2009350709,Braga,41.487531,-8.191464999999999,ER207,57.15,0,1,0,1.0,50,Sem berma ou impraticável,Molhado,Dois sentidos,Chuva,Fora da intersecção,Dentro das localidades,Em pleno dia,Com inclinação,Curva,Na berma,Despiste,QUARTA-FEIRA ,0,1,33,2008-11-30,16,ligeiro,Sim,Sim,Nao,194.2,1,3,33,1252
50971,2009387557,Braga,41.495349,-8.192286,ER207,58.2,1,0,0,1.0,50,Berma não pavimentada,Seco e limpo,Dois sentidos,Bom tempo,Fora da intersecção,Fora das localidades,Em pleno dia,Em patamar,Curva,Em plena via,Despiste,SEXTA-FEIRA  ,0,1,33,2009-05-27,6,ligeiro,Sim,Nao,Sim,194.2,1,3,33,1252
50976,2009389501,Braga,41.417502,-8.482475,ER206,25.24,3,0,0,1.0,50,Berma pavimentada,Molhado,Dois sentidos,Chuva,Fora da intersecção,Dentro das localidades,Em pleno dia,Com inclinação,Curva,Em plena via,Colisão,SEGUNDA-FEIRA,1,3,33,2009-06-10,13,ligeiro,Sim,Sim,Nao,194.2,1,3,33,1252
50977,2009389600,Braga,41.415239,-8.473408000000001,ER206,26.15,1,0,0,1.0,50,Berma pavimentada,Húmido,Dois sentidos,Chuva,Fora da intersecção,Dentro das localidades,Em pleno dia,Em patamar,Curva,Na berma,Despiste,QUARTA-FEIRA ,0,1,33,2009-06-28,7,ligeiro,Sim,Sim,Nao,194.2,1,3,33,1252
50978,2009390943,Braga,41.496282,-8.19496,ER207,58.55,1,0,0,1.0,50,Berma não pavimentada,Seco e limpo,Dois sentidos,Bom tempo,Fora da intersecção,Dentro das localidades,"Noite, com iluminação",Em patamar,Curva,Na berma,Despiste,QUINTA-FEIRA ,0,1,33,2009-06-12,3,ligeiro,Nao,Nao,Sim,194.2,1,3,33,1252
50981,2009409900,Braga,41.415776,-8.476894999999999,ER206,25.8,1,0,0,3.0,50,Berma não pavimentada,Seco e limpo,Dois sentidos,Bom tempo,Fora da intersecção,Dentro das localidades,"Noite, com iluminação",Em patamar,Recta,Em plena via,Despiste,QUINTA-FEIRA ,0,1,33,2009-08-08,2,ligeiro,Nao,Nao,Sim,194.2,1,3,33,1252
50982,2010424074,Braga,41.418504999999996,-8.485989,ER206,24.9,2,0,0,1.0,50,Berma pavimentada,Molhado,Dois sentidos,Chuva,Fora da intersecção,Dentro das localidades,Em pleno dia,Em patamar,Recta,Em plena via,Colisão,SÁBADO       ,0,3,33,2009-10-23,13,ligeiro,Sim,Sim,Nao,194.2,1,3,33,1252
50983,2010429474,Braga,41.489565,-8.190493,ER207,57.4,1,0,0,1.0,50,Berma pavimentada,Seco e limpo,Dois sentidos,Bom tempo,Em entroncamento,Dentro das localidades,"Noite, com iluminação",Em patamar,Recta,Na berma,Despiste,QUARTA-FEIRA ,0,1,33,2009-11-18,20,ligeiro,Nao,Nao,Sim,194.2,1,3,33,1252
50986,2010433636,Braga,41.406674,-8.493591,A3,29.55,1,0,0,2.0,120,Berma pavimentada,Molhado,Sentido único,Chuva,Fora da intersecção,Fora das localidades,Em pleno dia,Em patamar,Curva,Em plena via,Despiste,QUARTA-FEIRA ,0,1,33,2009-12-05,14,ligeiro,Sim,Sim,Nao,194.2,1,3,33,1252
50988,2010452603,Braga,41.41734,-8.481995,ER206,25.28,1,0,0,1.0,50,Sem berma ou impraticável,Molhado,Dois sentidos,Chuva,Fora da intersecção,Dentro das localidades,Em pleno dia,Em patamar,Curva,Em plena via,Despiste,SEXTA-FEIRA  ,0,1,33,2010-03-19,7,ligeiro,Sim,Sim,Nao,194.2,1,3,33,1252
50989,2010468135,Braga,41.414968,-8.472953,ER206,26.2,0,1,0,1.0,50,Berma pavimentada,Seco e limpo,Dois sentidos,Bom tempo,Fora da intersecção,Dentro das localidades,"Noite, com iluminação",Em patamar,Curva,Em plena via,Despiste,SÁBADO       ,0,1,33,2010-06-13,22,ligeiro,Nao,Nao,Sim,194.2,1,3,33,1252
50992,2011500361,Braga,41.40232,-8.493999,A3,29.05,1,0,0,2.0,120,Berma pavimentada,Molhado,Sentido único,Chuva,Fora da intersecção,Fora das localidades,"Noite, sem iluminação",Em patamar,Curva,Em plena via,Despiste,QUARTA-FEIRA ,0,1,33,2010-10-25,5,ligeiro,Nao,Sim,Nao,194.2,1,3,33,1252
50994,2011515804,Braga,41.416218,-8.469321,ER206,26.55,2,0,0,1.0,50,Berma pavimentada,Húmido,Dois sentidos,Chuva,Fora da intersecção,Dentro das localidades,"Noite, com iluminação",Em patamar,Curva,Na berma,Colisão,SEGUNDA-FEIRA,1,3,33,2010-12-08,18,ligeiro,Nao,Sim,Nao,194.2,1,3,33,1252
50996,2011517126,Braga,41.411665,-8.495737,A3,30.15,1,0,0,2.0,120,Berma não pavimentada,Seco e limpo,Sentido único,Bom tempo,Fora da intersecção,Fora das localidades,Em pleno dia,Em patamar,Curva,Em plena via,Colisão,SÁBADO       ,0,3,33,2011-01-21,12,ligeiro,Sim,Nao,Sim,194.2,1,3,33,1252
50997,2011523821,Braga,41.407728999999996,-8.494261999999999,A3,29.68,1,0,0,2.0,120,Berma pavimentada,Molhado,Sentido único,Chuva,Fora da intersecção,Fora das localidades,"Noite, sem iluminação",Em patamar,Recta,Em plena via,Despiste,DOMINGO      ,0,1,33,2011-02-14,21,ligeiro,Nao,Sim,Nao,194.2,1,3,33,1252
50999,2011527180,Braga,41.41615,-8.468731,ER206,26.6,1,0,0,1.0,50,Sem berma ou impraticável,Seco e limpo,Dois sentidos,Bom tempo,Fora da intersecção,Dentro das localidades,Sol escandeante,Em patamar,Recta,Em plena via,Colisão,QUINTA-FEIRA ,0,2,33,2011-03-23,16,ligeiro,Sim,Nao,Sim,194.2,1,3,33,1252
51000,2011523611,Braga,41.415776,-8.476894999999999,ER206,25.8,1,0,0,1.0,50,Sem berma ou impraticável,Seco e limpo,Dois sentidos,Bom tempo,Fora da intersecção,Dentro das localidades,Em pleno dia,Em patamar,Recta,Em plena via,Colisão,QUINTA-FEIRA ,0,2,33,2011-02-12,17,ligeiro,Sim,Nao,Sim,194.2,1,3,33,1252
51002,2011529682,Braga,41.417190000000005,-8.481892,ER206,25.3,1,0,0,1.0,50,Sem berma ou impraticável,Seco e limpo,Dois sentidos,Bom tempo,Fora da intersecção,Dentro das localidades,Em pleno dia,Com inclinação,Curva,Em plena via,Despiste,SEXTA-FEIRA  ,0,1,33,2011-04-21,13,ligeiro,Sim,Nao,Sim,194.2,1,3,33,1252
51003,2011529600,Braga,41.562527,-8.461264,EN(d)205-4,13.35,1,0,0,1.0,50,Berma não pavimentada,Seco e limpo,Dois sentidos,Bom tempo,Fora da intersecção,Dentro das localidades,Aurora ou crepúsculo,Em patamar,Curva,Em plena via,Colisão,SEXTA-FEIRA  ,0,2,33,2011-04-27,20,ligeiro,Nao,Nao,Sim,194.2,1,3,33,1252
51004,2011539829,Braga,41.41567,-8.479217,ER206,25.6,1,0,0,1.0,50,Sem berma ou impraticável,Húmido,Dois sentidos,Chuva,Fora da intersecção,Dentro das localidades,Em pleno dia,Em patamar,Curva,Em plena via,Despiste,SEXTA-FEIRA  ,0,1,33,2011-05-08,7,ligeiro,Sim,Sim,Nao,194.2,1,3,33,1252
51005,2011557673,Braga,41.417472,-8.482301,ER206,25.25,1,0,0,1.0,50,Berma pavimentada,Molhado,Dois sentidos,Chuva,Fora da intersecção,Dentro das localidades,Em pleno dia,Em patamar,Curva,Em plena via,Colisão,QUARTA-FEIRA ,0,3,33,2011-07-08,15,ligeiro,Sim,Sim,Nao,194.2,1,3,33,1252
51007,2011563887,Braga,41.416185999999996,-8.474603,ER206,26.0,2,0,0,1.0,50,Berma pavimentada,Molhado,Dois sentidos,Chuva,Fora da intersecção,Dentro das localidades,"Noite, com iluminação",Com inclinação,Curva,Em plena via,Colisão,TERÇA-FEIRA  ,0,2,33,2011-08-05,0,ligeiro,Nao,Sim,Nao,194.2,1,3,33,1252
51011,2012589896,Braga,41.413582,-8.463906,ER206,27.19,1,0,0,1.0,50,Berma não pavimentada,Molhado,Dois sentidos,Chuva,Fora da intersecção,Dentro das localidades,Em pleno dia,Em patamar,Recta,Em plena via,Despiste,SEGUNDA-FEIRA,0,1,33,2011-12-02,8,ligeiro,Sim,Sim,Nao,194.2,1,3,33,1252
51012,2012583020,Braga,41.415636,-8.478922,ER206,25.63,3,0,0,1.0,50,Sem berma ou impraticável,Molhado,Dois sentidos,Chuva,Fora da intersecção,Dentro das localidades,"Noite, sem iluminação",Com inclinação,Recta,Em plena via,Colisão,SEXTA-FEIRA  ,0,2,33,2011-11-18,23,ligeiro,Nao,Sim,Nao,194.2,1,3,33,1252
51015,2012636472,Braga,41.416244,-8.46991,ER206,26.5,2,1,1,1.0,50,Berma pavimentada,Húmido,Reversível,Bom tempo,Fora da intersecção,Dentro das localidades,Em pleno dia,Em patamar,Recta,Em plena via,Colisão,QUINTA-FEIRA ,0,2,33,2012-08-28,9,grave,Sim,Nao,Nao,194.2,1,3,33,1252
51016,2013655769,Braga,41.416244,-8.46991,ER206,26.5,1,0,0,1.0,50,Berma pavimentada,Molhado,Dois sentidos,Chuva,Fora da intersecção,Dentro das localidades,Em pleno dia,Em patamar,Recta,Em plena via,Colisão,TERÇA-FEIRA  ,0,2,33,2012-10-17,8,ligeiro,Sim,Sim,Nao,194.2,1,3,33,1252
51022,2013671609,Braga,41.416244,-8.46991,ER206,26.5,1,0,0,1.0,50,Sem berma ou impraticável,Molhado,Dois sentidos,Chuva,Fora da intersecção,Dentro das localidades,Em pleno dia,Com inclinação,Curva,Na berma,Despiste,TERÇA-FEIRA  ,0,1,33,2012-12-13,11,ligeiro,Sim,Sim,Nao,194.2,1,3,33,1252
51024,2013670442,Braga,41.416069,-8.475766,ER206,25.9,1,0,0,1.0,50,Berma não pavimentada,Molhado,Dois sentidos,Chuva,Fora da intersecção,Dentro das localidades,"Noite, com iluminação",Em patamar,Recta,Na berma,Despiste,QUINTA-FEIRA ,0,1,33,2012-12-15,18,ligeiro,Nao,Sim,Nao,194.2,1,3,33,1252
51026,2007280329,Braga,41.562527,-8.461264,EN(d)205-4,13.35,2,0,0,1.0,50,Sem berma ou impraticável,Seco e limpo,Dois sentidos,Bom tempo,Em entroncamento,Dentro das localidades,Em pleno dia,Com inclinação,Curva,Em plena via,Colisão,QUARTA-FEIRA ,0,2,33,2007-04-17,19,ligeiro,Sim,Nao,Sim,194.2,1,3,33,1252
51027,2010446039,Braga,41.562682,-8.461546,EN(d)205-4,13.38,1,0,0,1.0,50,Berma pavimentada,Seco e limpo,Dois sentidos,Bom tempo,Em entroncamento,Dentro das localidades,"Noite, com iluminação",Em patamar,Curva,Em plena via,Colisão,DOMINGO      ,0,2,33,2010-02-09,17,ligeiro,Nao,Nao,Sim,194.2,1,3,33,1252
51028,2007286938,Braga,41.485319,-8.189688,ER207,56.85,1,0,0,1.0,50,Berma não pavimentada,Seco e limpo,Dois sentidos,Bom tempo,NÃO DEFINIDO,Dentro das localidades,Em pleno dia,Em patamar,Curva,Em plena via,Despiste,TERÇA-FEIRA  ,0,1,33,2007-06-29,19,ligeiro,Sim,Nao,Sim,194.2,1,3,33,1252
51029,2007277770,Braga,41.413643,-8.466005000000001,ER206,27.0,1,0,0,1.0,50,Berma pavimentada,Seco e limpo,Dois sentidos,Bom tempo,Fora da intersecção,Dentro das localidades,Em pleno dia,Em patamar,Curva,Em plena via,Despiste,SÁBADO       ,0,1,33,2007-03-16,7,ligeiro,Sim,Nao,Sim,194.2,1,3,33,1252