,COD_ACIDENTE,DISTRITO,LATITUDE,LONGITUDE,VIA,KM,QT_FLIGEIROS,QT_FGRAVES,QT_MORTOS,QT_VIAS_SENTIDO,VEL_LIM_LOCAL,BERMA_VIA,CONDICAO_ADERENCIA,FAIXA_RODAGEM,FATOR_ATMOSFERICO,INTERSECAO_VIA,LOCALIZACAO,LUMINOSIDADE,PERFIL_VIA,PLANTA_VIA,SITUACAO_ACIDENTE,TIPO_NATUREZA,DIA_SEMANA,FLAG_FERIADO,QT_VEICULOS,COD_FREGUESIA,DATA,HORA,GRAVIDADE,ERA_DIA,MAU_TEMPO,ESTRADA_SECA,DENSIDADE_TOTAL,COD_DISTRITO_INE,COD_CONCELHO_INE,COD_FREGUESIA_INE,TOTAL
51030,2008321684,Braga,41.416244,-8.46991,ER206,26.5,1,0,0,1.0,50,Berma pavimentada,Molhado,Dois sentidos,Chuva,Fora da intersecção,Dentro das localidades,Em pleno dia,Com inclinação,Recta,Em plena via,Despiste,SÁBADO       ,0,1,33,2008-03-10,11,ligeiro,Sim,Sim,Nao,194.2,1,3,33,1252
51031,2010446606,Braga,41.415911,-8.470613,ER206,26.43,2,0,0,1.0,50,Berma pavimentada,Molhado,Dois sentidos,Chuva,Fora da intersecção,Dentro das localidades,"Noite, sem iluminação",Em patamar,Curva,Na berma,Despiste,TERÇA-FEIRA  ,0,1,33,2010-02-28,1,ligeiro,Nao,Sim,Nao,194.2,1,3,33,1252
51032,2010428134,Braga,41.417190000000005,-8.481892,ER206,25.3,2,0,0,3.0,50,Berma não pavimentada,Molhado,Dois sentidos,Chuva,Fora da intersecção,Dentro das localidades,Em pleno dia,Em patamar,Curva,Na berma,Despiste,SEGUNDA-FEIRA,0,1,33,2009-11-16,13,ligeiro,Sim,Sim,Nao,194.2,1,3,33,1252
51033,2009351816,Braga,41.408460999999996,-8.494838,A3,29.78,1,0,0,2.0,120,Berma pavimentada,Molhado,Sentido único,Chuva,Fora da intersecção,Fora das localidades,"Noite, sem iluminação",Em patamar,Curva,Em plena via,Despiste,TERÇA-FEIRA  ,0,1,33,2008-12-11,21,ligeiro,Nao,Sim,Nao,194.2,1,3,33,1252
51034,2009399654,Braga,41.414968,-8.472953,ER206,26.2,1,0,0,2.0,50,Berma pavimentada,Seco e limpo,Dois sentidos,Bom tempo,Em entroncamento,Dentro das localidades,Em pleno dia,Em patamar,Curva,Em plena via,Colisão,QUARTA-FEIRA ,0,3,33,2009-07-21,19,ligeiro,Sim,Nao,Sim,194.2,1,3,33,1252
51035,2009409855,Braga,41.414279,-8.460338,ER206,27.5,1,0,0,1.0,50,Berma não pavimentada,Seco e limpo,Dois sentidos,Bom tempo,Fora da intersecção,Dentro das localidades,Em pleno dia,Em patamar,Curva,Em plena via,Colisão,QUINTA-FEIRA ,0,4,33,2009-08-25,14,ligeiro,Sim,Nao,Sim,194.2,1,3,33,1252
51036,2010456239,Braga,41.413643,-8.466005000000001,ER206,27.0,1,0,0,1.0,50,Berma pavimentada,Seco e limpo,Dois sentidos,Bom tempo,Fora da intersecção,Dentro das localidades,"Noite, com iluminação",Em patamar,Curva,Na berma,Despiste,QUINTA-FEIRA ,0,1,33,2010-04-10,5,ligeiro,Nao,Nao,Sim,194.2,1,3,33,1252
51038,2012583019,Braga,41.416002,-8.467556,ER206,26.7,1,0,0,1.0,50,Sem berma ou impraticável,Molhado,Dois sentidos,Chuva,Fora da intersecção,Fora das localidades,Aurora ou crepúsculo,Em patamar,Curva,Em plena via,Colisão,SEXTA-FEIRA  ,0,3,33,2011-11-18,16,ligeiro,Nao,Sim,Nao,194.2,1,3,33,1252
51040,2012620053,Braga,41.559897,-8.45733,EN(d)205-4,12.85,1,0,0,1.0,50,Sem berma ou impraticável,Seco e limpo,Dois sentidos,Bom tempo,Fora da intersecção,Dentro das localidades,Em pleno dia,Em patamar,Curva,Em plena via,Despiste,SEGUNDA-FEIRA,0,1,33,2012-05-10,10,ligeiro,Sim,Nao,Sim,194.2,1,3,33,1252
51041,2012632541,Braga,41.411931,-8.495688000000001,A3,30.18,1,0,0,2.0,120,Berma pavimentada,Molhado,Sentido único,Chuva,Fora da intersecção,Fora das localidades,Em pleno dia,Em patamar,Curva,Em plena via,Despiste,QUARTA-FEIRA ,0,1,33,2012-07-13,18,ligeiro,Sim,Sim,Nao,194.2,1,3,33,1252
51050,2012636921,Braga,41.560213,-8.458789,EN(d)205-4,13.0,1,0,0,1.0,50,Berma não pavimentada,Molhado,Dois sentidos,Chuva,Fora da intersecção,Dentro das localidades,Em pleno dia,Em patamar,Curva,Em plena via,Despiste,DOMINGO      ,0,1,33,2012-08-14,15,ligeiro,Sim,Sim,Nao,194.2,1,3,33,1252
51051,2011573936,Braga,41.498157,-8.196273,ER207,58.85,1,0,0,1.0,50,Sem berma ou impraticável,Molhado,Dois sentidos,Chuva,Fora da intersecção,Dentro das localidades,Em pleno dia,Em patamar,Recta,Na berma,Despiste,SÁBADO       ,0,1,33,2011-10-27,11,ligeiro,Sim,Sim,Nao,194.2,1,3,33,1252
51053,2012589898,Braga,41.560685,-8.459797,EN(d)205-4,13.1,2,0,0,1.0,50,Berma não pavimentada,Molhado,Dois sentidos,Chuva,Fora da intersecção,Dentro das localidades,"Noite, com iluminação",Com inclinação,Curva,Em plena via,Colisão,TERÇA-FEIRA  ,0,2,33,2011-12-03,23,ligeiro,Nao,Sim,Nao,194.2,1,3,33,1252
51057,2009383570,Braga,41.414972999999996,-8.472358,ER206,26.25,1,0,0,1.0,50,Berma pavimentada,Molhado,Dois sentidos,Chuva,Fora da intersecção,Dentro das localidades,"Noite, com iluminação",Com inclinação,Curva,Em plena via,Colisão,QUARTA-FEIRA ,0,2,33,2009-05-14,1,ligeiro,Nao,Sim,Nao,194.2,1,3,33,1252
51059,2008331601,Braga,41.416109999999996,-8.468377,ER206,26.63,1,0,0,1.0,50,Sem berma ou impraticável,Seco e limpo,Dois sentidos,Bom tempo,Fora da intersecção,Dentro das localidades,Em pleno dia,Com inclinação,Recta,Em plena via,Colisão,QUINTA-FEIRA ,0,2,33,2008-06-02,17,ligeiro,Sim,Nao,Sim,194.2,1,3,33,1252
51061,2008310130,Braga,41.419327,-8.486489,ER206,24.8,1,1,0,1.0,90,Berma pavimentada,Seco e limpo,Dois sentidos,Bom tempo,Fora da intersecção,Fora das localidades,"Noite, com iluminação",Em patamar,Recta,Na berma,Despiste,DOMINGO      ,0,1,33,2008-02-22,3,ligeiro,Nao,Nao,Sim,194.2,1,3,33,1252
51064,2010496267,Braga,41.417472,-8.482301,ER206,25.25,2,0,0,1.0,50,Berma pavimentada,Molhado,Dois sentidos,Chuva,Fora da intersecção,Dentro das localidades,Em pleno dia,Em patamar,Curva,Em plena via,Colisão,TERÇA-FEIRA  ,0,2,33,2010-10-02,16,ligeiro,Sim,Sim,Nao,194.2,1,3,33,1252
51065,2011527209,Braga,41.415484,-8.47138,ER206,26.35,1,0,0,2.0,50,Berma pavimentada,Seco e limpo,Dois sentidos,Bom tempo,Fora da intersecção,Dentro das localidades,"Noite, com iluminação",Em patamar,Recta,Na berma,Despiste,SÁBADO       ,0,1,33,2011-03-19,21,ligeiro,Nao,Nao,Sim,194.2,1,3,33,1252
51072,2010456376,Braga,41.414968,-8.472953,ER206,26.2,3,0,0,1.0,50,Berma pavimentada,Seco e limpo,Dois sentidos,Bom tempo,Em entroncamento,Dentro das localidades,"Noite, com iluminação",Em patamar,Curva,Na berma,Despiste,QUINTA-FEIRA ,0,1,33,2010-04-10,23,ligeiro,Nao,Nao,Sim,194.2,1,3,33,1252
51073,2010442203,Braga,41.417854999999996,-8.485157000000001,ER206,25.0,1,0,0,1.0,90,Berma pavimentada,Molhado,Dois sentidos,Chuva,Fora da intersecção,Fora das localidades,Em pleno dia,Em patamar,Recta,Em plena via,Despiste,DOMINGO      ,0,1,33,2010-01-12,16,ligeiro,Sim,Sim,Nao,194.2,1,3,33,1252
51077,2011500364,Braga,41.402121,-8.494137,A3,29.03,2,0,0,2.0,120,Berma pavimentada,Molhado,Sentido único,Chuva,Fora da intersecção,Fora das localidades,Em pleno dia,Em patamar,Recta,Na berma,Despiste,SEGUNDA-FEIRA,0,2,33,2010-10-29,8,ligeiro,Sim,Sim,Nao,194.2,1,3,33,1252
51078,2011554261,Braga,41.41567,-8.479217,ER206,25.6,1,1,0,1.0,50,Berma pavimentada,Seco e limpo,Dois sentidos,Bom tempo,Fora da intersecção,Dentro das localidades,Em pleno dia,Em patamar,Recta,Em plena via,Despiste,SEXTA-FEIRA  ,0,1,33,2011-07-10,18,ligeiro,Sim,Nao,Sim,194.2,1,3,33,1252
51079,2011505886,Braga,41.489565,-8.190493,ER207,57.4,1,0,0,1.0,50,Sem berma ou impraticável,Molhado,Dois sentidos,Chuva,Fora da intersecção,Dentro das localidades,Em pleno dia,Com inclinação,Curva,Em plena via,Colisão,QUINTA-FEIRA ,0,2,33,2010-11-12,8,ligeiro,Sim,Sim,Nao,194.2,1,3,33,1252
51081,2010478900,Braga,41.49181,-8.192110000000001,ER207,57.7,1,0,0,1.0,50,Sem berma ou impraticável,Seco e limpo,Dois sentidos,Bom tempo,Em entroncamento,Dentro das localidades,Em pleno dia,Em patamar,Curva,Em plena via,Colisão,SÁBADO       ,0,3,33,2010-07-17,19,ligeiro,Sim,Nao,Sim,194.2,1,3,33,1252
51082,2010453731,Braga,41.415921000000004,-8.480353,ER206,25.5,1,0,0,1.0,50,Berma pavimentada,Húmido,Dois sentidos,Chuva,Em entroncamento,Dentro das localidades,Em pleno dia,Em patamar,Recta,Em plena via,Colisão,TERÇA-FEIRA  ,0,2,33,2010-03-05,13,ligeiro,Sim,Sim,Nao,194.2,1,3,33,1252
51084,2007287107,Braga,41.415777,-8.473842,ER206,26.08,3,0,0,1.0,50,Berma pavimentada,Molhado,Dois sentidos,Chuva,Fora da intersecção,Dentro das localidades,Em pleno dia,Em patamar,Curva,Em plena via,Colisão,DOMINGO      ,0,2,33,2007-06-16,18,ligeiro,Sim,Sim,Nao,194.2,1,3,33,1252
51086,2008308548,Braga,41.41685,-8.481786,ER206,25.34,1,0,0,1.0,50,Sem berma ou impraticável,Molhado,Dois sentidos,Chuva,Fora da intersecção,Dentro das localidades,Em pleno dia,Com inclinação,Curva,Em plena via,Colisão,SEGUNDA-FEIRA,0,2,33,2008-01-03,12,ligeiro,Sim,Sim,Nao,194.2,1,3,33,1252
51089,2007277163,Braga,41.414968,-8.472953,ER206,26.2,0,4,0,1.0,50,Berma não pavimentada,Molhado,Dois sentidos,Chuva,Em entroncamento,Dentro das localidades,Em pleno dia,Em patamar,Curva,Em plena via,Colisão,DOMINGO      ,0,3,33,2007-03-06,16,ligeiro,Sim,Sim,Nao,194.2,1,3,33,1252
51091,2007274155,Braga,41.409493,-8.495417999999999,A3,29.9,1,0,0,2.0,120,Berma pavimentada,Molhado,Sentido único,Chuva,Fora da intersecção,Fora das localidades,"Noite, sem iluminação",Em patamar,Curva,Em plena via,Despiste,QUINTA-FEIRA ,0,1,33,2007-02-15,20,ligeiro,Nao,Sim,Nao,194.2,1,3,33,1252
51093,2009373277,Braga,41.415219,-8.471861,ER206,26.3,1,0,0,1.0,50,Berma pavimentada,Molhado,Dois sentidos,Chuva,Fora da intersecção,Dentro das localidades,Em pleno dia,Em patamar,Curva,Em plena via,Despiste,SEXTA-FEIRA  ,0,1,33,2009-04-06,9,ligeiro,Sim,Sim,Nao,194.2,1,3,33,1252
51094,2007275669,Braga,41.407728999999996,-8.494261999999999,A3,29.68,1,0,0,2.0,120,Berma pavimentada,Molhado,Sentido único,Chuva,Fora da intersecção,Fora das localidades,Em pleno dia,Em patamar,Curva,Em plena via,Despiste,SEGUNDA-FEIRA,0,1,33,2007-02-24,8,ligeiro,Sim,Sim,Nao,194.2,1,3,33,1252
51095,2012618123,Braga,41.407492,-8.494083999999999,A3,29.65,1,0,0,2.0,120,Berma pavimentada,Seco e limpo,Sentido único,Bom tempo,Fora da intersecção,Fora das localidades,"Noite, sem iluminação",Em patamar,Recta,Em plena via,Despiste,SEXTA-FEIRA  ,0,1,33,2012-05-30,21,ligeiro,Nao,Nao,Sim,194.2,1,3,33,1252
51096,2007277794,Braga,41.41734,-8.481995,ER206,25.28,1,0,0,1.0,90,Berma pavimentada,Molhado,Dois sentidos,Chuva,NÃO DEFINIDO,Fora das localidades,Em pleno dia,Em patamar,Curva,Em plena via,Colisão,TERÇA-FEIRA  ,0,3,33,2007-03-30,17,ligeiro,Sim,Sim,Nao,194.2,1,3,33,1252
51099,2010496244,Braga,41.415815,-8.470785000000001,ER206,26.41,1,0,0,1.0,50,Berma pavimentada,Molhado,Dois sentidos,Chuva,Fora da intersecção,Dentro das localidades,Em pleno dia,Em patamar,Recta,Em plena via,Colisão,QUARTA-FEIRA ,0,2,33,2010-10-08,9,ligeiro,Sim,Sim,Nao,194.2,1,3,33,1252
51100,2011523844,Braga,41.41751,-8.482892,ER206,25.2,1,0,0,1.0,50,Berma pavimentada,Molhado,Dois sentidos,Chuva,Fora da intersecção,Dentro das localidades,Em pleno dia,Em patamar,Recta,Na berma,Despiste,TERÇA-FEIRA  ,0,1,33,2011-02-16,8,ligeiro,Sim,Sim,Nao,194.2,1,3,33,1252
51101,2012579590,Braga,41.414972999999996,-8.472358,ER206,26.25,1,0,0,1.0,50,Sem berma ou impraticável,Molhado,Dois sentidos,Chuva,Fora da intersecção,Dentro das localidades,"Noite, com iluminação",Com inclinação,Curva,Na berma,Despiste,SÁBADO       ,0,1,33,2011-11-13,20,ligeiro,Nao,Sim,Nao,194.2,1,3,33,1252
51103,2009409274,Braga,41.419745,-8.486721000000001,ER206,24.75,1,0,0,1.0,50,Berma não pavimentada,Seco e limpo,Dois sentidos,Bom tempo,Em entroncamento,Dentro das localidades,Em pleno dia,Em patamar,Recta,Em plena via,Colisão,SEGUNDA-FEIRA,0,2,33,2009-08-17,17,ligeiro,Sim,Nao,Sim,194.2,1,3,33,1252
51108,2011505940,Braga,41.416244,-8.46991,ER206,26.5,1,0,0,1.0,50,Berma pavimentada,Molhado,Dois sentidos,Chuva,Fora da intersecção,Dentro das localidades,"Noite, com iluminação",Com inclinação,Recta,Em plena via,Despiste,DOMINGO      ,0,1,33,2010-11-09,6,ligeiro,Nao,Sim,Nao,194.2,1,3,33,1252
51109,2011513878,Braga,41.407492,-8.494083999999999,A3,29.65,1,0,0,2.0,120,Berma pavimentada,Molhado,Sentido único,Chuva,Fora da intersecção,Fora das localidades,"Noite, sem iluminação",Em patamar,Recta,Em plena via,Despiste,DOMINGO      ,0,1,33,2010-12-19,22,ligeiro,Nao,Sim,Nao,194.2,1,3,33,1252
51110,2007282908,Braga,41.56622,-8.467168,EN(d)205-4,14.0,1,0,0,1.0,50,Berma não pavimentada,Seco e limpo,Dois sentidos,Bom tempo,Fora da intersecção,Dentro das localidades,Em pleno dia,Em patamar,Recta,Na berma,Despiste,DOMINGO      ,0,1,33,2007-05-19,12,ligeiro,Sim,Nao,Sim,194.2,1,3,33,1252
51111,2008328356,Braga,41.414001,-8.461463,ER206,27.4,1,0,0,1.0,50,Berma não pavimentada,Seco e limpo,Dois sentidos,Bom tempo,Fora da intersecção,Dentro das localidades,Em pleno dia,Em patamar,Recta,Em plena via,Colisão,SEGUNDA-FEIRA,0,2,33,2008-05-02,18,ligeiro,Sim,Nao,Sim,194.2,1,3,33,1252
51112,2011519231,Braga,41.407090000000004,-8.493816,A3,29.6,4,0,0,2.0,120,Berma não pavimentada,Molhado,Sentido único,Chuva,Fora da intersecção,Fora das localidades,"Noite, sem iluminação",Em patamar,Recta,NÃO DEFINIDO,Colisão,SEXTA-FEIRA  ,0,2,33,2011-01-04,17,ligeiro,Nao,Sim,Nao,194.2,1,3,33,1252
51114,2009358129,Braga,41.403578,-8.493369,A3,29.2,3,0,0,2.0,120,Berma pavimentada,Molhado,Sentido único,Chuva,Fora da intersecção,Fora das localidades,Em pleno dia,Em patamar,Curva,Em plena via,Despiste,DOMINGO      ,0,1,33,2009-01-29,9,ligeiro,Sim,Sim,Nao,194.2,1,3,33,1252
51115,2011545258,Braga,41.411983,-8.495678999999999,A3,30.18,3,2,0,2.0,120,Berma pavimentada,Seco e limpo,Sentido único,Bom tempo,Fora da intersecção,Fora das localidades,"Noite, sem iluminação",Em patamar,Curva,Em plena via,Colisão,SEGUNDA-FEIRA,0,2,33,2011-06-25,22,ligeiro,Nao,Nao,Sim,194.2,1,3,33,1252
51117,2012620051,Braga,41.414001,-8.461463,ER206,27.4,2,0,0,1.0,50,Berma pavimentada,Seco e limpo,Dois sentidos,Bom tempo,Fora da intersecção,Dentro das localidades,Em pleno dia,Em patamar,Recta,Em plena via,Despiste,QUINTA-FEIRA ,0,1,33,2012-05-12,7,ligeiro,Sim,Nao,Sim,194.2,1,3,33,1252
51119,2012636866,Braga,41.417531,-8.484086,ER206,25.1,3,0,0,1.0,50,Sem berma ou impraticável,Seco e limpo,Dois sentidos,Bom tempo,Em entroncamento,Dentro das localidades,Em pleno dia,Em patamar,Recta,Em plena via,Colisão,QUINTA-FEIRA ,0,2,33,2012-08-23,9,ligeiro,Sim,Nao,Sim,194.2,1,3,33,1252
51122,2009400569,Braga,41.566479,-8.46936,EN(d)205-4,14.2,2,0,0,1.0,50,Sem berma ou impraticável,Seco e limpo,Dois sentidos,Bom tempo,Fora da intersecção,Dentro das localidades,Em pleno dia,Em patamar,Curva,Em plena via,Colisão,DOMINGO      ,0,3,33,2009-07-13,17,ligeiro,Sim,Nao,Sim,194.2,1,3,33,1252
51123,2012645486,Braga,41.413899,-8.462044,ER206,27.35,1,0,0,1.0,50,Berma pavimentada,Seco e limpo,Dois sentidos,Bom tempo,Fora da intersecção,Dentro das localidades,Em pleno dia,Em patamar,Recta,Em plena via,Colisão,SEXTA-FEIRA  ,0,2,33,2012-09-21,17,ligeiro,Sim,Nao,Sim,194.2,1,3,33,1252
51124,2010433221,Braga,41.413799,-8.462626,ER206,27.3,0,2,0,1.0,50,Berma pavimentada,Húmido,Dois sentidos,Chuva,Fora da intersecção,Dentro das localidades,"Noite, com iluminação",Em patamar,Recta,Na berma,Despiste,QUINTA-FEIRA ,0,1,33,2009-12-23,23,ligeiro,Nao,Sim,Nao,194.2,1,3,33,1252
51127,2011555080,Braga,41.415921000000004,-8.480353,ER206,25.5,3,0,0,1.0,50,Berma pavimentada,Molhado,Dois sentidos,Chuva,Fora da intersecção,Dentro das localidades,"Noite, com iluminação",Em patamar,Curva,Em plena via,Despiste,QUARTA-FEIRA ,0,1,33,2011-07-08,21,ligeiro,Nao,Sim,Nao,194.2,1,3,33,1252
51128,2008341811,Braga,41.486464,-8.190371,ER207,57.0,1,0,0,1.0,50,Berma não pavimentada,Seco e limpo,Dois sentidos,Bom tempo,Fora da intersecção,Dentro das localidades,Em pleno dia,Com inclinação,Recta,Em plena via,Atropelamento,SEXTA-FEIRA  ,0,1,33,2008-09-02,11,ligeiro,Sim,Nao,Sim,194.2,1,3,33,1252
51129,2009366720,Braga,41.415539,-8.478036,ER206,25.7,3,0,0,1.0,50,Berma não pavimentada,Seco e limpo,Dois sentidos,Bom tempo,Fora da intersecção,Dentro das localidades,Em pleno dia,Em patamar,Recta,Em plena via,Colisão,SÁBADO       ,0,2,33,2009-02-15,9,ligeiro,Sim,Nao,Sim,194.2,1,3,33,1252
51130,2011523843,Braga,41.414968,-8.472953,ER206,26.2,2,0,0,2.0,50,Berma pavimentada,Molhado,Dois sentidos,Chuva,Fora da intersecção,Dentro das localidades,Em pleno dia,Em patamar,Curva,Em plena via,Colisão,QUINTA-FEIRA ,0,2,33,2011-02-17,13,ligeiro,Sim,Sim,Nao,194.2,1,3,33,1252
51134,2008344376,Braga,41.415539,-8.478036,ER206,25.7,2,0,0,3.0,50,Sem berma ou impraticável,Seco e limpo,Dois sentidos,Bom tempo,Fora da intersecção,Dentro das localidades,Em pleno dia,Em patamar,Curva,Em plena via,Colisão,DOMINGO      ,0,2,33,2008-10-19,16,ligeiro,Sim,Nao,Sim,194.2,1,3,33,1252
51135,2011549078,Braga,41.414464,-8.466476,ER206,26.9,1,0,0,1.0,50,Berma pavimentada,Seco e limpo,Dois sentidos,Bom tempo,Fora da intersecção,Dentro das localidades,Em pleno dia,Em patamar,Recta,Em plena via,Colisão,SEXTA-FEIRA  ,0,2,33,2011-06-17,13,ligeiro,Sim,Nao,Sim,194.2,1,3,33,1252
51138,2011567877,Braga,41.414464,-8.466476,ER206,26.9,1,0,0,1.0,50,Sem berma ou impraticável,Seco e limpo,Dois sentidos,Bom tempo,Fora da intersecção,Dentro das localidades,Em pleno dia,Em patamar,Recta,Em plena via,Colisão,TERÇA-FEIRA  ,0,3,33,2011-09-14,15,ligeiro,Sim,Nao,Sim,194.2,1,3,33,1252
51140,2009418075,Braga,41.417854999999996,-8.485157000000001,ER206,25.0,1,0,0,1.0,50,Berma não pavimentada,Seco e limpo,Dois sentidos,Bom tempo,Fora da intersecção,Fora das localidades,Em pleno dia,Com inclinação,Recta,Em plena via,Colisão,SEXTA-FEIRA  ,0,2,33,2009-09-01,11,ligeiro,Sim,Nao,Sim,194.2,1,3,33,1252
51143,2013656218,Braga,41.413405,-8.464953999999999,ER206,27.1,1,0,0,1.0,50,Sem berma ou impraticável,Seco e limpo,Dois sentidos,Bom tempo,Em entroncamento,Dentro das localidades,Em pleno dia,Em patamar,Curva,Em plena via,Colisão,SEXTA-FEIRA  ,0,2,33,2012-10-31,11,ligeiro,Sim,Nao,Sim,194.2,1,3,33,1252
51146,2010424061,Braga,41.413773,-8.49494,A3,30.39,2,0,0,2.0,120,Berma pavimentada,Seco e limpo,Sentido único,Bom tempo,Fora da intersecção,Fora das localidades,Em pleno dia,Em patamar,Curva,Em plena via,Despiste,QUARTA-FEIRA ,0,1,33,2009-10-15,8,ligeiro,Sim,Nao,Sim,194.2,1,3,33,1252
51147,2010477684,Braga,41.418909,-8.486257,ER206,24.85,1,0,0,1.0,50,Sem berma ou impraticável,Seco e limpo,Dois sentidos,Bom tempo,Fora da intersecção,Dentro das localidades,Em pleno dia,Em patamar,Curva,Em plena via,Colisão,DOMINGO      ,0,2,33,2010-07-12,18,ligeiro,Sim,Nao,Sim,194.2,1,3,33,1252
51148,2010432532,Braga,41.407492,-8.494083999999999,A3,29.65,1,0,0,2.0,120,Berma pavimentada,Molhado,Sentido único,Chuva,Fora da intersecção,Fora das localidades,Em pleno dia,Em patamar,Curva,Em plena via,Despiste,SÁBADO       ,0,1,33,2009-12-24,12,ligeiro,Sim,Sim,Nao,194.2,1,3,33,1252
51149,2010486078,Braga,41.41615,-8.468731,ER206,26.6,2,0,0,2.0,50,Berma pavimentada,Molhado,Dois sentidos,Chuva,Fora da intersecção,Dentro das localidades,Em pleno dia,Em patamar,Curva,Em plena via,Colisão,TERÇA-FEIRA  ,0,2,33,2010-08-23,15,ligeiro,Sim,Sim,Nao,194.2,1,3,33,1252
51151,2011566011,Braga,41.417190000000005,-8.481892,ER206,25.3,4,1,0,1.0,50,Berma não pavimentada,Molhado,Dois sentidos,Chuva,Fora da intersecção,Dentro das localidades,Em pleno dia,Em patamar,Recta,Em plena via,Colisão,QUINTA-FEIRA ,0,2,33,2011-09-10,16,ligeiro,Sim,Sim,Nao,194.2,1,3,33,1252
51152,2011573891,Braga,41.559671,-8.457889,EN(d)205-4,12.9,1,0,0,1.0,50,Sem berma ou impraticável,Seco e limpo,Dois sentidos,Bom tempo,Em entroncamento,Dentro das localidades,Em pleno dia,Com inclinação,Curva,Em plena via,Colisão,SÁBADO       ,0,2,33,2011-10-10,9,ligeiro,Sim,Nao,Sim,194.2,1,3,33,1252
51155,2008308549,Braga,41.41559,-8.478508999999999,ER206,25.66,1,0,0,1.0,50,Berma pavimentada,Molhado,Dois sentidos,Chuva,Fora da intersecção,Dentro das localidades,"Noite, com iluminação",Em patamar,Recta,Em plena via,Colisão,DOMINGO      ,0,2,33,2008-01-02,21,ligeiro,Nao,Sim,Nao,194.2,1,3,33,1252
51157,2010456970,Braga,41.416756,-8.481738,ER206,25.35,1,0,0,2.0,50,Berma pavimentada,Seco e limpo,Dois sentidos,Bom tempo,Fora da intersecção,Dentro das localidades,Em pleno dia,Com inclinação,Curva,Em plena via,Colisão,QUARTA-FEIRA ,0,3,33,2010-04-20,15,ligeiro,Sim,Nao,Sim,194.2,1,3,33,1252
51159,2011563949,Braga,41.408659,-8.494976,A3,29.8,3,0,0,2.0,120,Berma pavimentada,Seco e limpo,Sentido único,Bom tempo,Fora da intersecção,Fora das localidades,Em pleno dia,Em patamar,Curva,Em plena via,Despiste,SEGUNDA-FEIRA,0,1,33,2011-08-04,16,ligeiro,Sim,Nao,Sim,194.2,1,3,33,1252
51160,2011512448,Braga,41.41615,-8.468731,ER206,26.6,2,0,0,1.0,50,Berma pavimentada,Molhado,Dois sentidos,Chuva,Em via de aceleração,Dentro das localidades,"Noite, com iluminação",Em patamar,Recta,Em plena via,Colisão,DOMINGO      ,0,2,33,2010-12-30,23,ligeiro,Nao,Sim,Nao,194.2,1,3,33,1252
51161,2011555164,Braga,41.417472,-8.482301,ER206,25.25,1,0,0,2.0,50,Berma pavimentada,Molhado,Dois sentidos,Chuva,Fora da intersecção,Dentro das localidades,Em pleno dia,Em patamar,Curva,Em plena via,Colisão,QUARTA-FEIRA ,0,3,33,2011-07-08,11,ligeiro,Sim,Sim,Nao,194.2,1,3,33,1252
51163,2009349180,Braga,41.417472,-8.482301,ER206,25.25,3,0,0,2.0,50,Berma pavimentada,Com óleo,Dois sentidos,Chuva,Fora da intersecção,Dentro das localidades,Em pleno dia,Com inclinação,Curva,Em plena via,Colisão,SEGUNDA-FEIRA,0,2,33,2008-11-28,13,ligeiro,Sim,Sim,Nao,194.2,1,3,33,1252
51165,2012644995,Braga,41.418504999999996,-8.485989,ER206,24.9,1,0,0,1.0,50,Sem berma ou impraticável,Seco e limpo,Sentido único,Bom tempo,Fora da intersecção,Dentro das localidades,Em pleno dia,Em patamar,Curva,Em plena via,Colisão,SEGUNDA-FEIRA,0,2,33,2012-09-01,9,ligeiro,Sim,Nao,Sim,194.2,1,3,33,1252
51166,2007272867,Braga,41.415623,-8.473718,ER206,26.1,1,0,0,1.0,50,Berma pavimentada,Molhado,Dois sentidos,Chuva,Fora da intersecção,Dentro das localidades,Em pleno dia,Com inclinação,Curva,Em plena via,Despiste,TERÇA-FEIRA  ,0,1,33,2007-01-16,16,ligeiro,Sim,Sim,Nao,194.2,1,3,33,1252
51167,2010486076,Braga,41.415921999999995,-8.47633,ER206,25.85,1,0,0,1.0,80,Sem berma ou impraticável,Molhado,Dois sentidos,Chuva,Fora da intersecção,Dentro das localidades,Em pleno dia,Em patamar,Curva,Na berma,Despiste,TERÇA-FEIRA  ,0,1,33,2010-08-23,7,ligeiro,Sim,Sim,Nao,194.2,1,3,33,1252
51168,2009373797,Braga,41.417854999999996,-8.485157000000001,ER206,25.0,1,0,0,2.0,50,Sem berma ou impraticável,Molhado,Dois sentidos,Chuva,Em entroncamento,Dentro das localidades,Em pleno dia,Com inclinação,Curva,Em plena via,Colisão,QUINTA-FEIRA ,0,2,33,2009-04-16,11,ligeiro,Sim,Sim,Nao,194.2,1,3,33,1252
51169,2008308794,Braga,41.417190000000005,-8.481892,ER206,25.3,1,0,0,1.0,50,Berma pavimentada,Com água acumulada na faixa de rodagem,Dois sentidos,Chuva,Fora da intersecção,Fora das localidades,Em pleno dia,Em patamar,Curva,Em plena via,Despiste,DOMINGO      ,0,1,33,2008-01-13,15,ligeiro,Sim,Sim,Nao,194.2,1,3,33,1252