,COD_ACIDENTE,DISTRITO,LATITUDE,LONGITUDE,VIA,KM,QT_FLIGEIROS,QT_FGRAVES,QT_MORTOS,QT_VIAS_SENTIDO,VEL_LIM_LOCAL,BERMA_VIA,CONDICAO_ADERENCIA,FAIXA_RODAGEM,FATOR_ATMOSFERICO,INTERSECAO_VIA,LOCALIZACAO,LUMINOSIDADE,PERFIL_VIA,PLANTA_VIA,SITUACAO_ACIDENTE,TIPO_NATUREZA,DIA_SEMANA,FLAG_FERIADO,QT_VEICULOS,COD_FREGUESIA,DATA,HORA,GRAVIDADE,ERA_DIA,MAU_TEMPO,ESTRADA_SECA,DENSIDADE_TOTAL,COD_DISTRITO_INE,COD_CONCELHO_INE,COD_FREGUESIA_INE,TOTAL
51170,2013671592,Braga,41.41751,-8.482892,ER206,25.2,1,0,0,1.0,50,Sem berma ou impraticável,Molhado,Dois sentidos,Chuva,Fora da intersecção,Dentro das localidades,"Noite, com iluminação",Em patamar,Recta,Em plena via,Colisão,QUARTA-FEIRA ,0,2,33,2012-12-03,18,ligeiro,Nao,Sim,Nao,194.2,1,3,33,1252
51173,2008323808,Braga,41.417190000000005,-8.481892,ER206,25.3,3,0,0,1.0,50,Sem berma ou impraticável,Com água acumulada na faixa de rodagem,Dois sentidos,Chuva,Fora da intersecção,Dentro das localidades,Em pleno dia,Com inclinação,Curva,Em plena via,Colisão,SEXTA-FEIRA  ,0,3,33,2008-04-18,9,ligeiro,Sim,Sim,Nao,194.2,1,3,33,1252
51174,2007273432,Braga,41.415921000000004,-8.480353,ER206,25.5,2,0,0,1.0,80,Berma pavimentada,Seco e limpo,Dois sentidos,Bom tempo,Fora da intersecção,Dentro das localidades,Em pleno dia,Em patamar,Curva,Em plena via,Colisão,SEXTA-FEIRA  ,0,2,33,2007-01-29,16,ligeiro,Sim,Nao,Sim,194.2,1,3,33,1252
51176,2012613562,Braga,41.559895000000004,-8.458378,EN(d)205-4,12.95,2,0,0,1.0,50,Sem berma ou impraticável,Molhado,Dois sentidos,Chuva,Fora da intersecção,Dentro das localidades,"Noite, com iluminação",Em patamar,Curva,Em plena via,Colisão,DOMINGO      ,0,2,33,2012-04-11,20,ligeiro,Nao,Sim,Nao,194.2,1,3,33,1252
51177,2010433722,Braga,41.417190000000005,-8.481892,ER206,25.3,3,0,0,1.0,50,Sem berma ou impraticável,Molhado,Dois sentidos,Chuva,Fora da intersecção,Dentro das localidades,Em pleno dia,Com inclinação,Curva,Em plena via,Despiste,QUINTA-FEIRA ,0,1,33,2009-12-06,14,ligeiro,Sim,Sim,Nao,194.2,1,3,33,1252
51178,2008323788,Braga,41.563444,-8.46252,EN(d)205-4,13.5,1,0,0,1.0,50,Berma pavimentada,Seco e limpo,Dois sentidos,Bom tempo,Em entroncamento,Dentro das localidades,Em pleno dia,Com inclinação,Recta,Em plena via,Colisão,SEGUNDA-FEIRA,0,2,33,2008-04-26,10,ligeiro,Sim,Nao,Sim,194.2,1,3,33,1252
51179,2007281248,Braga,41.552867,-8.57899,ER205,27.5,1,0,0,1.0,80,Berma pavimentada,Seco e limpo,Dois sentidos,NÃO DEFINIDO,Fora da intersecção,Dentro das localidades,Em pleno dia,Em patamar,Recta,Em plena via,Atropelamento,SÁBADO       ,1,1,68,2007-04-25,12,ligeiro,Sim,Sim,Sim,783.2,1,5,68,13431
51180,2007300115,Braga,41.445840000000004,-8.33836,ER206,39.86,1,0,0,1.0,50,Berma pavimentada,Seco e limpo,Dois sentidos,Bom tempo,Fora da intersecção,Dentro das localidades,Sol escandeante,Em patamar,Recta,Em plena via,Atropelamento,QUINTA-FEIRA ,0,1,68,2007-10-28,7,ligeiro,Sim,Nao,Sim,783.2,1,5,68,13431
51181,2008322301,Braga,41.552867,-8.57899,ER205,27.5,1,0,0,1.0,50,Berma pavimentada,Seco e limpo,Dois sentidos,Bom tempo,Em cruzamento,Dentro das localidades,Em pleno dia,Em patamar,Recta,Em plena via,Colisão,QUARTA-FEIRA ,0,2,68,2008-03-30,12,ligeiro,Sim,Nao,Sim,783.2,1,5,68,13431
51182,2008331494,Braga,41.447573999999996,-8.343361,ER206,39.4,1,0,0,1.0,50,Sem berma ou impraticável,Seco e limpo,Dois sentidos,Bom tempo,Fora da intersecção,Dentro das localidades,Em pleno dia,Com inclinação,Curva,Na berma,Despiste,QUINTA-FEIRA ,0,1,68,2008-06-02,7,ligeiro,Sim,Nao,Sim,783.2,1,5,68,13431
51183,2008333850,Braga,41.444441999999995,-8.336205,ER206,40.1,1,0,0,1.0,50,Berma pavimentada,Seco e limpo,Dois sentidos,Bom tempo,Fora da intersecção,Dentro das localidades,Em pleno dia,Em patamar,Recta,Em plena via,Colisão,QUARTA-FEIRA ,0,2,68,2008-07-22,13,ligeiro,Sim,Nao,Sim,783.2,1,5,68,13431
51184,2009400519,Braga,41.443529999999996,-8.329017,A11,43.09,1,0,0,2.0,40,Berma pavimentada,Molhado,Sentido único,Chuva,Em ramo de ligação - saída,Fora das localidades,Em pleno dia,Com inclinação,Curva,Em plena via,Despiste,QUINTA-FEIRA ,0,1,68,2009-07-05,8,ligeiro,Sim,Sim,Nao,783.2,1,5,68,13431
51185,2011500398,Braga,41.552867,-8.57899,ER205,27.5,3,0,0,1.0,50,Berma pavimentada,Seco e limpo,Dois sentidos,Bom tempo,Fora da intersecção,Dentro das localidades,"Noite, com iluminação",Em patamar,Recta,Em plena via,Colisão,QUINTA-FEIRA ,0,2,68,2010-10-26,19,ligeiro,Nao,Nao,Sim,783.2,1,5,68,13431
51186,2011502694,Braga,41.443529999999996,-8.329017,A11,43.09,1,0,0,2.0,90,Berma pavimentada,Molhado,Dois sentidos,Chuva,Fora da intersecção,Fora das localidades,Em pleno dia,Em patamar,Curva,Em plena via,Atropelamento,DOMINGO      ,0,1,68,2010-10-06,13,ligeiro,Sim,Sim,Nao,783.2,1,5,68,13431
51187,2011524753,Braga,41.552867,-8.57899,ER205,27.5,1,0,0,2.0,50,Berma pavimentada,Molhado,Sentido único,Nevoeiro,Fora da intersecção,Dentro das localidades,Aurora ou crepúsculo,Em patamar,Recta,Em plena via,Colisão,QUARTA-FEIRA ,0,2,68,2011-02-05,5,ligeiro,Nao,Sim,Nao,783.2,1,5,68,13431
51188,2011573889,Braga,41.446471,-8.340078,ER206,39.7,1,0,0,2.0,50,Sem berma ou impraticável,Seco e limpo,Dois sentidos,Bom tempo,Fora da intersecção,Dentro das localidades,Em pleno dia,Em patamar,Recta,Em plena via,Atropelamento,SEGUNDA-FEIRA,0,1,68,2011-10-06,15,ligeiro,Sim,Nao,Sim,783.2,1,5,68,13431
51189,2012608686,Braga,41.551905,-8.581041,ER205,27.3,1,0,0,1.0,50,Berma não pavimentada,Seco e limpo,Dois sentidos,Bom tempo,Fora da intersecção,Dentro das localidades,Aurora ou crepúsculo,Em patamar,Recta,Na berma,Despiste,TERÇA-FEIRA  ,0,1,68,2012-03-09,8,ligeiro,Nao,Nao,Sim,783.2,1,5,68,13431
51190,2012620058,Braga,41.442633,-8.333605,ER206,40.4,1,0,0,2.0,50,Sem berma ou impraticável,Molhado,Dois sentidos,Chuva,Fora da intersecção,Dentro das localidades,Em pleno dia,Em patamar,Recta,Em plena via,Atropelamento,SÁBADO       ,0,1,68,2012-05-08,8,ligeiro,Sim,Sim,Nao,783.2,1,5,68,13431
51191,2012613567,Braga,41.451953,-8.336321,A11,41.9,1,0,0,2.0,120,Berma pavimentada,Seco e limpo,Sentido único,Bom tempo,Fora da intersecção,Fora das localidades,Em pleno dia,Em patamar,Recta,Em plena via,Despiste,QUINTA-FEIRA ,0,1,68,2012-04-03,19,ligeiro,Sim,Nao,Sim,783.2,1,5,68,13431
51192,2012645016,Braga,41.446238,-8.339564,ER206,39.75,1,0,0,1.0,50,Berma pavimentada,Seco e limpo,Sentido único,Bom tempo,Fora da intersecção,Dentro das localidades,Em pleno dia,Com inclinação,Curva,Em plena via,Colisão,SEGUNDA-FEIRA,0,2,68,2012-09-07,11,ligeiro,Sim,Nao,Sim,783.2,1,5,68,13431
51193,2012636906,Braga,41.447763,-8.348827,ER206,38.7,3,0,0,1.0,50,Sem berma ou impraticável,Molhado,Dois sentidos,Chuva,Fora da intersecção,Dentro das localidades,"Noite, com iluminação",Em patamar,Curva,Em plena via,Colisão,DOMINGO      ,0,2,68,2012-08-14,22,ligeiro,Nao,Sim,Nao,783.2,1,5,68,13431
51194,2013657016,Braga,41.442633,-8.333605,ER206,40.4,1,0,0,1.0,50,Sem berma ou impraticável,Seco e limpo,Sentido único,Bom tempo,Fora da intersecção,Dentro das localidades,Em pleno dia,Com inclinação,Recta,Em via ou pista reservada,Atropelamento,SEXTA-FEIRA  ,0,1,68,2012-10-03,17,ligeiro,Sim,Nao,Sim,783.2,1,5,68,13431
51195,2013664925,Braga,41.442633,-8.333605,ER206,40.4,1,0,0,1.0,50,Sem berma ou impraticável,Seco e limpo,Dois sentidos,Bom tempo,Fora da intersecção,Dentro das localidades,"Noite, com iluminação",Em patamar,Recta,Em plena via,Colisão,SEXTA-FEIRA  ,0,2,68,2012-11-28,17,ligeiro,Nao,Nao,Sim,783.2,1,5,68,13431
51196,2008323670,Braga,41.443529999999996,-8.329017,A11,43.09,1,0,0,2.0,40,Berma pavimentada,Molhado,Sentido único,Chuva,Em ramo de ligação - saída,Fora das localidades,Em pleno dia,Com inclinação,Curva,Em plena via,Despiste,SEXTA-FEIRA  ,0,1,68,2008-04-29,18,ligeiro,Sim,Sim,Nao,783.2,1,5,68,13431
51197,2010456958,Braga,41.552867,-8.57899,ER205,27.5,2,0,0,1.0,50,Berma pavimentada,Seco e limpo,Dois sentidos,Bom tempo,Fora da intersecção,Dentro das localidades,Em pleno dia,Em patamar,Recta,Em plena via,Colisão,QUINTA-FEIRA ,0,2,68,2010-04-21,12,ligeiro,Sim,Nao,Sim,783.2,1,5,68,13431
51198,2009367552,Braga,41.443529999999996,-8.329017,A11,43.09,1,0,0,2.0,120,Berma pavimentada,Com água acumulada na faixa de rodagem,Sentido único,Chuva,Em ramo de ligação - entrada,Fora das localidades,Em pleno dia,Com inclinação,Curva,Em plena via,Despiste,DOMINGO      ,0,1,68,2009-03-04,10,ligeiro,Sim,Sim,Nao,783.2,1,5,68,13431
51199,2008337330,Braga,41.444441999999995,-8.336205,ER206,40.1,1,0,0,1.0,50,Berma pavimentada,Seco e limpo,Dois sentidos,Bom tempo,Fora da intersecção,Dentro das localidades,Em pleno dia,Em patamar,Recta,Em plena via,Colisão,SEGUNDA-FEIRA,0,2,68,2008-08-12,11,ligeiro,Sim,Nao,Sim,783.2,1,5,68,13431
51200,2007287840,Braga,41.447234,-8.342249,ER206,39.5,1,1,0,3.0,50,Berma pavimentada,Seco e limpo,Dois sentidos,Bom tempo,Fora da intersecção,Dentro das localidades,"Noite, com iluminação",Em patamar,Recta,Na berma,Despiste,QUINTA-FEIRA ,0,1,68,2007-07-07,1,ligeiro,Nao,Nao,Sim,783.2,1,5,68,13431
51201,2010452666,Braga,41.443529999999996,-8.329017,A11,43.09,1,0,0,2.0,60,Berma pavimentada,Húmido,Dois sentidos,Chuva,Fora da intersecção,Fora das localidades,Em pleno dia,Com inclinação,Curva,Em plena via,Despiste,SÁBADO       ,0,1,68,2010-03-31,10,ligeiro,Sim,Sim,Nao,783.2,1,5,68,13431
51202,2010496242,Braga,41.443529999999996,-8.329017,A11,43.09,1,0,0,2.0,90,Berma pavimentada,Molhado,Dois sentidos,Chuva,Fora da intersecção,Fora das localidades,Em pleno dia,Em patamar,Curva,Em plena via,Despiste,DOMINGO      ,0,1,68,2010-10-06,13,ligeiro,Sim,Sim,Nao,783.2,1,5,68,13431
51203,2011529604,Braga,41.443529999999996,-8.329017,A11,43.09,1,0,0,2.0,90,Berma pavimentada,Molhado,Sentido único,Chuva,Fora da intersecção,Fora das localidades,Em pleno dia,Com inclinação,Curva,Em plena via,Despiste,TERÇA-FEIRA  ,0,1,68,2011-04-30,17,ligeiro,Sim,Sim,Nao,783.2,1,5,68,13431
51204,2007283707,Braga,41.448485999999995,-8.348132000000001,ER206,38.8,1,0,0,1.0,50,Berma pavimentada,Seco e limpo,Dois sentidos,Bom tempo,NÃO DEFINIDO,Dentro das localidades,Em pleno dia,Em patamar,Curva,Em plena via,Despiste,SEXTA-FEIRA  ,0,1,68,2007-05-28,8,ligeiro,Sim,Nao,Sim,783.2,1,5,68,13431
51205,2009351810,Braga,41.435411,-8.333312,A11,44.08,3,0,0,3.0,120,Berma pavimentada,"Com gelo, geada ou neve",Sentido único,Neve,Fora da intersecção,Fora das localidades,Em pleno dia,Em patamar,Recta,Na berma,Despiste,DOMINGO      ,0,1,68,2008-12-15,7,ligeiro,Sim,Sim,Nao,783.2,1,5,68,13431
51206,2012651429,Braga,41.442389,-8.333261,ER206,40.44,0,2,0,1.0,50,Berma pavimentada,Seco e limpo,Sentido único,Bom tempo,Fora da intersecção,Dentro das localidades,Em pleno dia,Com inclinação,Recta,Em plena via,Atropelamento,SEGUNDA-FEIRA,0,1,68,2012-10-05,19,ligeiro,Sim,Nao,Sim,783.2,1,5,68,13431
51207,2013669730,Braga,41.442328,-8.333174,ER206,40.45,1,0,0,2.0,50,Sem berma ou impraticável,Seco e limpo,Dois sentidos,Bom tempo,Fora da intersecção,Dentro das localidades,Em pleno dia,Em patamar,Recta,Em plena via,Atropelamento,DOMINGO      ,0,1,68,2012-12-28,15,ligeiro,Sim,Nao,Sim,783.2,1,5,68,13431
51208,2009351821,Braga,41.443529999999996,-8.329017,A11,43.09,1,0,0,2.0,60,Berma pavimentada,Molhado,Sentido único,Chuva,Fora da intersecção,Fora das localidades,Em pleno dia,Com inclinação,Curva,Em plena via,Despiste,SEGUNDA-FEIRA,0,1,68,2008-12-04,12,ligeiro,Sim,Sim,Nao,783.2,1,5,68,13431
51209,2010469715,Braga,41.443529999999996,-8.329017,A11,43.09,1,0,0,2.0,70,Berma pavimentada,Seco e limpo,Sentido único,Bom tempo,Fora da intersecção,Fora das localidades,Em pleno dia,Em patamar,Recta,Em plena via,Colisão,SEXTA-FEIRA  ,0,2,68,2010-06-18,8,ligeiro,Sim,Nao,Sim,783.2,1,5,68,13431
51210,2012583025,Braga,41.437585999999996,-8.331377999999999,A11,43.78,1,0,0,2.0,120,Berma pavimentada,Seco e limpo,Sentido único,Bom tempo,Fora da intersecção,Fora das localidades,Em pleno dia,Com inclinação,Curva,Na berma,Despiste,QUINTA-FEIRA ,0,1,68,2011-11-23,16,ligeiro,Sim,Nao,Sim,783.2,1,5,68,13431
51211,2012636963,Braga,41.553286,-8.57778,ER205,27.61,3,0,0,2.0,50,Berma pavimentada,Seco e limpo,Dois sentidos,Bom tempo,Fora da intersecção,Dentro das localidades,"Noite, com iluminação",Em patamar,Recta,Em parque de estacionamento,Despiste,DOMINGO      ,0,1,68,2012-08-03,23,ligeiro,Nao,Nao,Sim,783.2,1,5,68,13431
51212,2011555511,Braga,41.443529999999996,-8.329017,A11,43.09,1,0,0,2.0,60,Berma pavimentada,Seco e limpo,Sentido único,Bom tempo,Em ramo de ligação - saída,Fora das localidades,Em pleno dia,Em patamar,Recta,Em plena via,Colisão,SÁBADO       ,0,1,68,2011-07-22,8,ligeiro,Sim,Nao,Sim,783.2,1,5,68,13431
51213,2007282895,Braga,41.438495,-8.330646,A11,43.66,3,0,0,2.0,60,Berma pavimentada,Molhado,Sentido único,Chuva,Em ramo de ligação - entrada,Fora das localidades,Em pleno dia,Com inclinação,Curva,Na berma,Despiste,DOMINGO      ,0,2,68,2007-05-30,7,ligeiro,Sim,Sim,Nao,783.2,1,5,68,13431
51214,2009383543,Braga,41.552867,-8.57899,ER205,27.5,1,0,0,1.0,50,Sem berma ou impraticável,Húmido,Dois sentidos,Chuva,Fora da intersecção,Dentro das localidades,"Noite, sem iluminação",Com inclinação,Recta,Na berma,Despiste,SÁBADO       ,0,1,68,2009-05-11,3,ligeiro,Nao,Sim,Nao,783.2,1,5,68,13431
51215,2010491501,Braga,41.552867,-8.57899,ER205,27.5,2,0,0,1.0,50,Berma pavimentada,Húmido,Sentido único,Bom tempo,Fora da intersecção,Dentro das localidades,"Noite, com iluminação",Em patamar,Recta,Em plena via,Colisão,TERÇA-FEIRA  ,0,2,68,2010-09-15,21,ligeiro,Nao,Nao,Nao,783.2,1,5,68,13431
51216,2007289602,Braga,41.438495,-8.330646,A11,43.66,1,0,0,2.0,40,Berma pavimentada,Molhado,Sentido único,Chuva,Em ramo de ligação - saída,Fora das localidades,Em pleno dia,Com inclinação,Curva,Em plena via,Colisão,SÁBADO       ,0,3,68,2007-07-03,18,ligeiro,Sim,Sim,Nao,783.2,1,5,68,13431
51217,2010463487,Braga,41.443529999999996,-8.329017,A11,43.09,1,0,0,2.0,60,Berma pavimentada,Molhado,Sentido único,Chuva,Em ramo de ligação - entrada,Fora das localidades,"Noite, com iluminação",Com inclinação,Curva,Em plena via,Despiste,SEXTA-FEIRA  ,0,1,68,2010-05-09,0,ligeiro,Nao,Sim,Nao,783.2,1,5,68,13431
51218,2011547979,Braga,41.45092,-8.33452,A11,42.09,3,0,0,2.0,40,Berma pavimentada,Seco e limpo,Sentido único,Bom tempo,Fora da intersecção,Fora das localidades,Em pleno dia,Com inclinação,Curva,Em plena via,Despiste,DOMINGO      ,0,1,68,2011-06-13,7,ligeiro,Sim,Nao,Sim,783.2,1,5,68,13431
51219,2007300578,Braga,41.441278000000004,-8.332183,ER206,40.6,3,0,0,1.0,50,Berma pavimentada,Seco e limpo,Dois sentidos,Bom tempo,Em cruzamento,Dentro das localidades,Em pleno dia,Em patamar,Curva,Em plena via,Colisão,SEGUNDA-FEIRA,0,2,68,2007-11-07,13,ligeiro,Sim,Nao,Sim,783.2,1,5,68,13431
51220,2012636253,Braga,41.449729999999995,-8.346528,ER206,39.0,0,1,0,1.0,50,Sem berma ou impraticável,Molhado,Dois sentidos,Chuva,Fora da intersecção,Dentro das localidades,Em pleno dia,Com inclinação,Curva,Em plena via,Colisão,DOMINGO      ,0,2,68,2012-08-14,14,ligeiro,Sim,Sim,Nao,783.2,1,5,68,13431
51221,2010456368,Braga,41.443529999999996,-8.329017,A11,43.09,2,0,0,5.0,60,Berma pavimentada,Húmido,Sentido único,Bom tempo,Fora da intersecção,Fora das localidades,"Noite, com iluminação",Com inclinação,Recta,Em plena via,Colisão,DOMINGO      ,0,2,68,2010-04-01,21,ligeiro,Nao,Nao,Nao,783.2,1,5,68,13431
51222,2007281170,Braga,41.448028,-8.348512,ER206,38.74,3,0,0,1.0,50,Berma pavimentada,Molhado,Dois sentidos,Chuva,Em cruzamento,Dentro das localidades,Em pleno dia,Com inclinação,Curva,Em plena via,Colisão,SEXTA-FEIRA  ,0,3,68,2007-04-30,8,ligeiro,Sim,Sim,Nao,783.2,1,5,68,13431
51223,2008307921,Braga,41.443554999999996,-8.329019,A11,43.09,1,0,0,2.0,40,Berma pavimentada,Seco e limpo,Sentido único,Bom tempo,Fora da intersecção,Fora das localidades,"Noite, com iluminação",Com inclinação,Curva,Em plena via,Despiste,DOMINGO      ,0,1,68,2008-01-30,22,ligeiro,Nao,Nao,Sim,783.2,1,5,68,13431
51224,2010445995,Braga,41.443529999999996,-8.329017,A11,43.09,1,0,0,2.0,80,Berma pavimentada,Molhado,Sentido único,Chuva,Fora da intersecção,Fora das localidades,Em pleno dia,Em patamar,Curva,Em plena via,Despiste,TERÇA-FEIRA  ,0,1,68,2010-02-05,9,ligeiro,Sim,Sim,Nao,783.2,1,5,68,13431
51225,2011518986,Braga,41.452993,-8.338280000000001,A11,41.7,1,0,0,2.0,120,Berma pavimentada,Seco e limpo,Sentido único,Bom tempo,Fora da intersecção,Fora das localidades,"Noite, sem iluminação",Em patamar,Recta,Em plena via,Colisão,SEXTA-FEIRA  ,0,2,68,2011-01-15,19,ligeiro,Nao,Nao,Sim,783.2,1,5,68,13431
51226,2007281231,Braga,41.448485999999995,-8.348132000000001,ER206,38.8,3,0,0,1.0,50,Sem berma ou impraticável,Molhado,Dois sentidos,Chuva,Fora da intersecção,Dentro das localidades,Em pleno dia,Em patamar,Recta,Em plena via,Colisão,SÁBADO       ,1,2,68,2007-04-25,14,ligeiro,Sim,Sim,Nao,783.2,1,5,68,13431
51227,2008344019,Braga,41.448867,-8.344764999999999,ER206,39.2,1,0,0,1.0,50,Berma pavimentada,Seco e limpo,Dois sentidos,Bom tempo,Fora da intersecção,Dentro das localidades,Em pleno dia,Em patamar,Recta,Em plena via,Colisão,SÁBADO       ,0,2,68,2008-10-01,15,ligeiro,Sim,Nao,Sim,783.2,1,5,68,13431
51228,2007288473,Braga,41.551905,-8.581041,ER205,27.3,1,0,0,1.0,50,Sem berma ou impraticável,Seco e limpo,Dois sentidos,Bom tempo,Em entroncamento,Dentro das localidades,Em pleno dia,Em patamar,Recta,Em plena via,Colisão,TERÇA-FEIRA  ,0,4,68,2007-07-05,14,ligeiro,Sim,Nao,Sim,783.2,1,5,68,13431
51229,2011547981,Braga,41.443529999999996,-8.329017,A11,43.09,1,0,0,2.0,120,Berma pavimentada,Seco e limpo,Sentido único,Bom tempo,Fora da intersecção,Fora das localidades,Em pleno dia,Com inclinação,Curva,Em plena via,Despiste,SEGUNDA-FEIRA,0,1,68,2011-06-08,15,ligeiro,Sim,Nao,Sim,783.2,1,5,68,13431
51230,2008304747,Braga,41.447864,-8.344221000000001,ER206,39.32,1,0,0,1.0,50,Sem berma ou impraticável,Seco e limpo,Dois sentidos,Bom tempo,Fora da intersecção,Dentro das localidades,Em pleno dia,Em patamar,Curva,Em plena via,Colisão,SEXTA-FEIRA  ,1,2,68,2007-12-08,12,ligeiro,Sim,Nao,Sim,783.2,1,5,68,13431
51231,2011540682,Braga,41.451953,-8.336321,A11,41.9,2,0,0,2.0,120,Berma pavimentada,Seco e limpo,Sentido único,Bom tempo,Fora da intersecção,Fora das localidades,Em pleno dia,Em patamar,Recta,Em plena via,Despiste,QUARTA-FEIRA ,0,1,68,2011-05-07,17,ligeiro,Sim,Nao,Sim,783.2,1,5,68,13431
51232,2007281939,Braga,41.506705,-8.471611,A3,42.43,1,0,0,1.0,40,Berma pavimentada,Com óleo,Sentido único,Bom tempo,Fora da intersecção,Fora das localidades,Em pleno dia,Com inclinação,Curva,Em plena via,Despiste,QUINTA-FEIRA ,0,2,62,2007-05-11,9,ligeiro,Sim,Nao,Nao,95.4,1,4,62,1029
51233,2007289598,Braga,41.505602,-8.471943,A3,42.3,1,0,0,3.0,40,Berma pavimentada,Seco e limpo,Sentido único,Bom tempo,Em via de aceleração,Fora das localidades,Em pleno dia,Com inclinação,Curva,Em plena via,Despiste,TERÇA-FEIRA  ,0,1,62,2007-07-05,18,ligeiro,Sim,Nao,Sim,95.4,1,4,62,1029
51234,2009349169,Braga,41.506951,-8.478646000000001,EN(d)103-2,3.5,2,0,0,1.0,50,Sem berma ou impraticável,Seco e limpo,Dois sentidos,Bom tempo,Fora da intersecção,Dentro das localidades,Em pleno dia,Com inclinação,Curva,Em plena via,Despiste,QUINTA-FEIRA ,0,1,62,2008-11-25,13,ligeiro,Sim,Nao,Sim,95.4,1,4,62,1029
51235,2010453757,Braga,41.50651,-8.478317,EN(d)103-2,3.56,1,0,0,2.0,50,Sem berma ou impraticável,Seco e limpo,Dois sentidos,Bom tempo,Em cruzamento,Dentro das localidades,Em pleno dia,Com inclinação,Curva,Em plena via,Colisão,SEXTA-FEIRA  ,0,2,62,2010-03-02,12,ligeiro,Sim,Nao,Sim,95.4,1,4,62,1029
51236,2013663289,Braga,41.506705,-8.471611,A3,42.43,2,0,0,3.0,40,Berma pavimentada,Molhado,Sentido único,Chuva,Fora da intersecção,Fora das localidades,"Noite, com iluminação",Com inclinação,Curva,Em plena via,Despiste,QUARTA-FEIRA ,0,1,62,2012-11-04,0,ligeiro,Nao,Sim,Nao,95.4,1,4,62,1029
51237,2009409743,Braga,41.506705,-8.471611,A3,42.43,1,0,0,2.0,60,Berma pavimentada,Seco e limpo,Sentido único,Bom tempo,Fora da intersecção,Fora das localidades,Em pleno dia,Em patamar,Recta,Em plena via,Colisão,SEGUNDA-FEIRA,0,2,62,2009-08-06,16,ligeiro,Sim,Nao,Sim,95.4,1,4,62,1029
51238,2007282259,Braga,41.401934999999995,-8.223684,EN101,123.9,1,0,0,1.0,50,Berma não pavimentada,Seco e limpo,Dois sentidos,Bom tempo,NÃO DEFINIDO,Dentro das localidades,"Noite, com iluminação",Com inclinação,Recta,Na berma,Despiste,SEXTA-FEIRA  ,0,1,67,2007-05-06,21,ligeiro,Nao,Nao,Sim,333.5,1,5,67,5571
51239,2010452556,Braga,41.400605999999996,-8.224704,EN101,124.12,1,0,0,2.0,50,Sem berma ou impraticável,Seco e limpo,Dois sentidos,Bom tempo,Fora da intersecção,Dentro das localidades,Em pleno dia,Em patamar,Recta,Em plena via,Despiste,QUARTA-FEIRA ,0,1,67,2010-03-06,9,ligeiro,Sim,Nao,Sim,333.5,1,5,67,5571
51240,2010463524,Braga,41.406949,-8.22908,EN101,123.0,1,0,0,1.0,50,Berma não pavimentada,Seco e limpo,Dois sentidos,Bom tempo,Fora da intersecção,Dentro das localidades,Aurora ou crepúsculo,Em patamar,Recta,Na berma,Despiste,QUINTA-FEIRA ,0,1,67,2010-05-08,6,ligeiro,Nao,Nao,Sim,333.5,1,5,67,5571
51241,2011511675,Braga,41.40566,-8.228911,EN101,123.15,1,0,0,1.0,50,Berma pavimentada,Seco e limpo,Dois sentidos,Bom tempo,Fora da intersecção,Dentro das localidades,"Noite, com iluminação",Com inclinação,Recta,Em plena via,Atropelamento,SEGUNDA-FEIRA,0,1,67,2010-12-31,18,ligeiro,Nao,Nao,Sim,333.5,1,5,67,5571
51242,2012597518,Braga,41.401582,-8.224713000000001,EN101,124.0,1,0,0,1.0,50,Berma pavimentada,Molhado,Sentido único,Nevoeiro,Em cruzamento,Dentro das localidades,Em pleno dia,Com inclinação,Curva,Em plena via,Atropelamento,TERÇA-FEIRA  ,0,1,67,2012-01-06,7,ligeiro,Sim,Sim,Nao,333.5,1,5,67,5571
51243,2012638507,Braga,41.401934999999995,-8.223684,EN101,123.9,2,0,0,1.0,50,Sem berma ou impraticável,Seco e limpo,Dois sentidos,Bom tempo,Em entroncamento,Dentro das localidades,Em pleno dia,Com inclinação,Curva,Em plena via,Colisão,SÁBADO       ,0,2,67,2012-08-30,14,ligeiro,Sim,Nao,Sim,333.5,1,5,67,5571
51244,2008337031,Braga,41.395032,-8.22353,EN101,124.85,1,0,0,1.0,50,Berma não pavimentada,Seco e limpo,Dois sentidos,Bom tempo,Em cruzamento,Fora das localidades,"Noite, sem iluminação",Com inclinação,Curva,Em plena via,Despiste,DOMINGO      ,0,1,67,2008-08-28,21,ligeiro,Nao,Nao,Sim,333.5,1,5,67,5571
51245,2010477574,Braga,41.401582,-8.224713000000001,EN101,124.0,1,0,0,1.0,50,Berma pavimentada,Seco e limpo,Dois sentidos,Bom tempo,Em entroncamento,Dentro das localidades,Em pleno dia,Em patamar,Curva,Em plena via,Colisão,SÁBADO       ,0,2,67,2010-07-06,7,ligeiro,Sim,Nao,Sim,333.5,1,5,67,5571
51246,2011523779,Braga,41.403855,-8.227665,EN101,123.4,1,0,0,1.0,50,Berma não pavimentada,Molhado,Sentido único,Chuva,Fora da intersecção,Dentro das localidades,"Noite, com iluminação",Com inclinação,Curva,Em plena via,Despiste,QUINTA-FEIRA ,0,1,67,2011-02-12,2,ligeiro,Nao,Sim,Nao,333.5,1,5,67,5571