,COD_ACIDENTE,DISTRITO,LATITUDE,LONGITUDE,VIA,KM,QT_FLIGEIROS,QT_FGRAVES,QT_MORTOS,QT_VIAS_SENTIDO,VEL_LIM_LOCAL,BERMA_VIA,CONDICAO_ADERENCIA,FAIXA_RODAGEM,FATOR_ATMOSFERICO,INTERSECAO_VIA,LOCALIZACAO,LUMINOSIDADE,PERFIL_VIA,PLANTA_VIA,SITUACAO_ACIDENTE,TIPO_NATUREZA,DIA_SEMANA,FLAG_FERIADO,QT_VEICULOS,COD_FREGUESIA,DATA,HORA,GRAVIDADE,ERA_DIA,MAU_TEMPO,ESTRADA_SECA,DENSIDADE_TOTAL,COD_DISTRITO_INE,COD_CONCELHO_INE,COD_FREGUESIA_INE,TOTAL
51247,2012612572,Braga,41.402279,-8.223402,EN101,123.85,1,0,0,1.0,50,Sem berma ou impraticável,Molhado,Dois sentidos,Chuva,Em entroncamento,Dentro das localidades,"Noite, sem iluminação",Com inclinação,Recta,Na berma,Despiste,QUINTA-FEIRA ,1,1,67,2012-04-25,21,ligeiro,Nao,Sim,Nao,333.5,1,5,67,5571
51248,2008310607,Braga,41.397506,-8.223818,EN101,124.5,2,0,0,2.0,50,Sem berma ou impraticável,Seco e limpo,Dois sentidos,Bom tempo,Fora da intersecção,Dentro das localidades,Em pleno dia,Com inclinação,Curva,Na berma,Despiste,SEXTA-FEIRA  ,0,1,67,2008-02-09,17,ligeiro,Sim,Nao,Sim,333.5,1,5,67,5571
51249,2008333890,Braga,41.402,-8.223543,EN101,123.89,1,0,0,1.0,50,Berma pavimentada,Molhado,Dois sentidos,Chuva,Fora da intersecção,Dentro das localidades,Em pleno dia,Em patamar,Curva,Em plena via,Despiste,DOMINGO      ,0,1,67,2008-07-25,15,ligeiro,Sim,Sim,Nao,333.5,1,5,67,5571
51250,2009417786,Braga,41.406634000000004,-8.225247,A7,49.04,2,0,3,2.0,120,Berma pavimentada,Seco e limpo,Sentido único,Bom tempo,Fora da intersecção,Fora das localidades,Em pleno dia,Com inclinação,Recta,Em plena via,Despiste,TERÇA-FEIRA  ,0,1,67,2009-09-27,17,muito grave,Sim,Nao,Sim,333.5,1,5,67,5571
51251,2011563318,Braga,41.402705,-8.223469,EN101,123.8,1,0,0,2.0,90,Sem berma ou impraticável,Seco e limpo,Dois sentidos,Bom tempo,Fora da intersecção,Dentro das localidades,Em pleno dia,Em patamar,Recta,Em plena via,Despiste,SEGUNDA-FEIRA,0,1,67,2011-08-27,18,ligeiro,Sim,Nao,Sim,333.5,1,5,67,5571
51252,2007275100,Braga,41.500096,-8.68518,ER205,16.1,6,0,0,1.0,40,Berma pavimentada,Molhado,Dois sentidos,Chuva,Em entroncamento,Dentro das localidades,"Noite, com iluminação",Em patamar,Curva,Em plena via,Colisão,QUARTA-FEIRA ,0,2,87,2007-02-20,1,ligeiro,Nao,Sim,Nao,1722.0,1,7,87,10363
51253,2007289761,Braga,41.496065,-8.686438,A11,5.4,1,0,0,2.0,120,Berma pavimentada,Seco e limpo,Sentido único,Bom tempo,Fora da intersecção,Fora das localidades,Em pleno dia,Com inclinação,Curva,Na berma,Despiste,SEXTA-FEIRA  ,0,1,87,2007-07-30,10,ligeiro,Sim,Nao,Sim,1722.0,1,7,87,10363
51254,2007300517,Braga,41.493107,-8.691525,ER205,15.1,0,0,1,1.0,80,Berma não pavimentada,Seco e limpo,Dois sentidos,Bom tempo,Em cruzamento,Dentro das localidades,"Noite, com iluminação",Em patamar,Recta,Em plena via,Atropelamento,SEXTA-FEIRA  ,0,1,87,2007-11-10,18,ligeiro,Nao,Nao,Sim,1722.0,1,7,87,10363
51255,2007292129,Braga,41.499551000000004,-8.67545,A11,6.4,3,0,0,2.0,120,Berma pavimentada,Seco e limpo,Sentido único,Bom tempo,Fora da intersecção,Fora das localidades,Em pleno dia,Em patamar,Curva,Em plena via,Despiste,QUINTA-FEIRA ,0,1,87,2007-08-10,18,ligeiro,Sim,Nao,Sim,1722.0,1,7,87,10363
51256,2008333974,Braga,41.499855,-8.67313,A11,6.6,2,0,0,2.0,120,Berma pavimentada,Molhado,Sentido único,Chuva,Fora da intersecção,Fora das localidades,Em pleno dia,Em patamar,Curva,Em plena via,Colisão,DOMINGO      ,0,2,87,2008-07-25,10,ligeiro,Sim,Sim,Nao,1722.0,1,7,87,10363
51257,2009383227,Braga,41.499736,-8.679311,ER205,16.6,2,0,0,1.0,50,Sem berma ou impraticável,Seco e limpo,Dois sentidos,Bom tempo,Em entroncamento,Dentro das localidades,Em pleno dia,Em patamar,Recta,Em plena via,Colisão,QUARTA-FEIRA ,0,2,87,2009-05-25,18,ligeiro,Sim,Nao,Sim,1722.0,1,7,87,10363
51258,2010423407,Braga,41.500096,-8.68518,ER205,16.1,4,0,0,1.0,50,Berma pavimentada,Com óleo,Dois sentidos,Chuva,Fora da intersecção,Dentro das localidades,"Noite, com iluminação",Em patamar,Curva,Em plena via,Colisão,QUINTA-FEIRA ,0,2,87,2009-10-04,3,ligeiro,Nao,Sim,Nao,1722.0,1,7,87,10363
51259,2010456969,Braga,41.499586,-8.682238,ER205,16.35,2,0,0,2.0,50,Berma pavimentada,Seco e limpo,Dois sentidos,Bom tempo,Em entroncamento,Dentro das localidades,Em pleno dia,Com inclinação,Recta,Em plena via,Colisão,DOMINGO      ,0,2,87,2010-04-18,10,ligeiro,Sim,Nao,Sim,1722.0,1,7,87,10363
51260,2010463498,Braga,41.493107,-8.691525,ER205,15.1,2,0,0,1.0,50,Berma pavimentada,Seco e limpo,Dois sentidos,Bom tempo,Fora da intersecção,Dentro das localidades,Em pleno dia,Em patamar,Recta,Em plena via,Colisão,SÁBADO       ,0,3,87,2010-05-04,8,ligeiro,Sim,Nao,Sim,1722.0,1,7,87,10363
51261,2010494921,Braga,41.500084,-8.678189,ER205,16.7,0,1,0,1.0,50,Berma pavimentada,Seco e limpo,Dois sentidos,Bom tempo,Fora da intersecção,Dentro das localidades,"Noite, com iluminação",Em patamar,Curva,Na berma,Despiste,TERÇA-FEIRA  ,0,1,87,2010-10-19,22,ligeiro,Nao,Nao,Sim,1722.0,1,7,87,10363
51262,2011529642,Braga,41.499398,-8.681053,ER205,16.45,1,0,0,1.0,50,Berma pavimentada,Seco e limpo,Dois sentidos,Bom tempo,Em cruzamento,Dentro das localidades,Em pleno dia,Com inclinação,Recta,Em plena via,Colisão,QUARTA-FEIRA ,0,2,87,2011-04-03,14,ligeiro,Sim,Nao,Sim,1722.0,1,7,87,10363
51263,2013655776,Braga,41.493176,-8.691305999999999,ER205,15.12,1,0,0,2.0,50,Sem berma ou impraticável,Seco e limpo,Dois sentidos,Bom tempo,Fora da intersecção,Dentro das localidades,Em pleno dia,Em patamar,Recta,Em plena via,Atropelamento,QUARTA-FEIRA ,0,1,87,2012-10-29,17,ligeiro,Sim,Nao,Sim,1722.0,1,7,87,10363
51264,2013669746,Braga,41.501311,-8.674282,ER205,17.05,2,0,0,1.0,50,Berma pavimentada,Seco e limpo,Dois sentidos,Bom tempo,Fora da intersecção,Dentro das localidades,"Noite, com iluminação",Em patamar,Recta,Em plena via,Colisão,DOMINGO      ,0,2,87,2012-12-23,19,ligeiro,Nao,Nao,Sim,1722.0,1,7,87,10363
51265,2009394631,Braga,41.491384000000004,-8.701464999999999,ER205,14.2,1,0,0,1.0,50,Sem berma ou impraticável,Seco e limpo,Dois sentidos,Bom tempo,Fora da intersecção,Dentro das localidades,Em pleno dia,Com inclinação,Recta,Em plena via,Colisão,SEGUNDA-FEIRA,0,2,87,2009-07-14,17,ligeiro,Sim,Nao,Sim,1722.0,1,7,87,10363
51266,2008344397,Braga,41.500096,-8.68518,ER205,16.1,1,0,0,1.0,50,Berma pavimentada,Molhado,Dois sentidos,Chuva,Em entroncamento,Dentro das localidades,Em pleno dia,Em patamar,Curva,Em plena via,Colisão,QUINTA-FEIRA ,0,2,87,2008-10-16,12,ligeiro,Sim,Sim,Nao,1722.0,1,7,87,10363
51267,2009389575,Braga,41.498696,-8.686645,ER205,15.9,1,0,0,1.0,50,Berma pavimentada,Seco e limpo,Dois sentidos,Bom tempo,Fora da intersecção,Dentro das localidades,Em pleno dia,Em patamar,Recta,Em plena via,Colisão,QUINTA-FEIRA ,0,2,87,2009-06-18,13,ligeiro,Sim,Nao,Sim,1722.0,1,7,87,10363
51268,2009409483,Braga,41.500785,-8.675948,ER205,16.9,2,0,0,1.0,50,Berma não pavimentada,Seco e limpo,Dois sentidos,Bom tempo,Fora da intersecção,Dentro das localidades,Em pleno dia,Em patamar,Recta,Em plena via,Colisão,QUARTA-FEIRA ,0,3,87,2009-08-30,18,ligeiro,Sim,Nao,Sim,1722.0,1,7,87,10363
51269,2010459013,Braga,41.493451,-8.690428,ER205,15.2,1,2,0,2.0,50,Berma pavimentada,Seco e limpo,Dois sentidos,Bom tempo,Fora da intersecção,Dentro das localidades,Em pleno dia,Em patamar,Curva,Em plena via,Colisão,QUARTA-FEIRA ,0,3,87,2010-04-15,19,ligeiro,Sim,Nao,Sim,1722.0,1,7,87,10363
51270,2012638658,Braga,41.501139,-8.674828999999999,ER205,17.0,3,0,0,1.0,50,Berma pavimentada,Seco e limpo,Dois sentidos,Bom tempo,Fora da intersecção,Dentro das localidades,Em pleno dia,Em patamar,Recta,Em plena via,Colisão,SÁBADO       ,0,2,87,2012-08-19,20,ligeiro,Sim,Nao,Sim,1722.0,1,7,87,10363
51271,2010468610,Braga,41.500785,-8.675948,ER205,16.9,2,0,0,1.0,50,Berma pavimentada,Seco e limpo,Dois sentidos,Bom tempo,Em cruzamento,Dentro das localidades,Em pleno dia,Em patamar,Recta,Em plena via,Colisão,DOMINGO      ,1,4,87,2010-06-03,11,ligeiro,Sim,Nao,Sim,1722.0,1,7,87,10363
51272,2012613105,Braga,41.500046000000005,-8.684586999999999,ER205,16.15,1,0,0,1.0,50,Sem berma ou impraticável,Molhado,Dois sentidos,Chuva,Fora da intersecção,Dentro das localidades,Em pleno dia,Em patamar,Curva,No passeio,Despiste,SÁBADO       ,0,1,87,2012-04-10,10,ligeiro,Sim,Sim,Nao,1722.0,1,7,87,10363
51273,2011512181,Braga,41.494823,-8.68929,ER205,15.4,3,0,0,1.0,50,Berma pavimentada,Seco e limpo,Dois sentidos,Bom tempo,Fora da intersecção,Dentro das localidades,"Noite, com iluminação",Em patamar,Recta,Em plena via,Colisão,SEXTA-FEIRA  ,0,2,87,2010-12-17,19,ligeiro,Nao,Nao,Sim,1722.0,1,7,87,10363
51274,2011547944,Braga,41.494465999999996,-8.689304,ER205,15.36,1,0,0,1.0,50,Sem berma ou impraticável,Seco e limpo,Dois sentidos,Bom tempo,Fora da intersecção,Dentro das localidades,Em pleno dia,Em patamar,Curva,Em plena via,Colisão,QUINTA-FEIRA ,0,2,87,2011-06-11,9,ligeiro,Sim,Nao,Sim,1722.0,1,7,87,10363
51275,2011529595,Braga,41.497141,-8.682897,A11,5.72,1,0,0,2.0,120,Berma pavimentada,Seco e limpo,Sentido único,Bom tempo,Fora da intersecção,Fora das localidades,"Noite, sem iluminação",Em patamar,Recta,Em plena via,Despiste,SEXTA-FEIRA  ,0,1,87,2011-04-27,2,ligeiro,Nao,Nao,Sim,1722.0,1,7,87,10363
51276,2008308799,Braga,41.492932,-8.692072999999999,ER205,15.05,1,0,0,1.0,50,Berma pavimentada,Seco e limpo,Dois sentidos,Bom tempo,Em cruzamento,Dentro das localidades,"Noite, com iluminação",Em patamar,Recta,Em plena via,Colisão,SEXTA-FEIRA  ,0,2,87,2008-01-12,18,ligeiro,Nao,Nao,Sim,1722.0,1,7,87,10363
51277,2008301965,Braga,41.497885,-8.687386,ER205,15.79,3,0,0,1.0,50,Sem berma ou impraticável,Molhado,Dois sentidos,Chuva,Fora da intersecção,Dentro das localidades,"Noite, com iluminação",Em patamar,Recta,Em plena via,Colisão,TERÇA-FEIRA  ,0,2,87,2007-11-19,16,ligeiro,Nao,Sim,Nao,1722.0,1,7,87,10363
51278,2008340166,Braga,41.491988,-8.694783000000001,ER205,14.8,1,0,0,1.0,50,Berma pavimentada,Seco e limpo,Sentido único,Bom tempo,Fora da intersecção,Dentro das localidades,Em pleno dia,Com inclinação,Recta,Em plena via,Colisão,SEGUNDA-FEIRA,0,2,87,2008-09-27,11,ligeiro,Sim,Nao,Sim,1722.0,1,7,87,10363
51279,2012608684,Braga,41.499588,-8.685845,ER205,16.02,2,0,0,1.0,50,Berma não pavimentada,Seco e limpo,Dois sentidos,Bom tempo,Em entroncamento,Dentro das localidades,"Noite, com iluminação",Em patamar,Recta,Em plena via,Colisão,SEGUNDA-FEIRA,0,2,87,2012-03-08,17,ligeiro,Nao,Nao,Sim,1722.0,1,7,87,10363
51280,2007290896,Braga,41.501139,-8.674828999999999,ER205,17.0,1,0,0,1.0,50,Berma não pavimentada,Seco e limpo,Dois sentidos,Bom tempo,NÃO DEFINIDO,Dentro das localidades,Em pleno dia,Em patamar,Recta,Em plena via,Colisão,QUINTA-FEIRA ,0,2,87,2007-07-18,6,ligeiro,Sim,Nao,Sim,1722.0,1,7,87,10363
51281,2008322291,Braga,41.500096,-8.68518,ER205,16.1,1,0,0,2.0,50,Berma pavimentada,Húmido,Dois sentidos,Bom tempo,Fora da intersecção,Dentro das localidades,"Noite, com iluminação",Com inclinação,Curva,Em plena via,Colisão,DOMINGO      ,0,2,87,2008-03-22,0,ligeiro,Nao,Nao,Nao,1722.0,1,7,87,10363
51282,2007300141,Braga,41.499953999999995,-8.685483999999999,ER205,16.07,3,0,0,1.0,50,Berma pavimentada,Molhado,Dois sentidos,Chuva,Em entroncamento,Dentro das localidades,Em pleno dia,Em patamar,Curva,Em plena via,Colisão,SÁBADO       ,0,2,87,2007-10-24,9,ligeiro,Sim,Sim,Nao,1722.0,1,7,87,10363
51283,2012588115,Braga,41.496113,-8.688991999999999,ER205,15.55,1,0,1,1.0,50,Berma pavimentada,Seco e limpo,Dois sentidos,Bom tempo,Fora da intersecção,Dentro das localidades,Em pleno dia,Em patamar,Recta,Em plena via,Colisão,TERÇA-FEIRA  ,0,2,87,2011-12-03,11,ligeiro,Sim,Nao,Sim,1722.0,1,7,87,10363
51284,2011505935,Braga,41.499876,-8.678863,ER205,16.64,1,0,0,1.0,50,Berma pavimentada,Seco e limpo,Dois sentidos,Bom tempo,Fora da intersecção,Dentro das localidades,Em pleno dia,Em patamar,Recta,Em plena via,Colisão,DOMINGO      ,0,2,87,2010-11-15,14,ligeiro,Sim,Nao,Sim,1722.0,1,7,87,10363
51285,2008322068,Braga,41.500432,-8.677067999999998,ER205,16.8,1,0,0,1.0,50,Berma pavimentada,Seco e limpo,Dois sentidos,Bom tempo,Fora da intersecção,Dentro das localidades,Em pleno dia,Em patamar,Recta,Em plena via,Colisão,SEGUNDA-FEIRA,0,2,87,2008-03-06,17,ligeiro,Sim,Nao,Sim,1722.0,1,7,87,10363
51286,2007274143,Braga,41.497527000000005,-8.681771000000001,A11,5.82,1,0,0,2.0,120,Berma pavimentada,Molhado,Sentido único,Chuva,Fora da intersecção,Fora das localidades,Em pleno dia,Em patamar,Curva,Em plena via,Despiste,QUINTA-FEIRA ,0,1,87,2007-02-09,7,ligeiro,Sim,Sim,Nao,1722.0,1,7,87,10363
51287,2008329037,Braga,41.491384000000004,-8.701464999999999,ER205,14.2,3,0,0,1.0,90,Berma pavimentada,Seco e limpo,Dois sentidos,Bom tempo,Fora da intersecção,Dentro das localidades,Em pleno dia,Em patamar,Recta,Em plena via,Colisão,SÁBADO       ,0,2,87,2008-05-06,19,ligeiro,Sim,Nao,Sim,1722.0,1,7,87,10363
51288,2008337896,Braga,41.497825,-8.680895,A11,5.9,2,0,0,2.0,120,Berma pavimentada,Seco e limpo,Sentido único,Bom tempo,Fora da intersecção,Fora das localidades,Em pleno dia,Em patamar,Recta,Em plena via,Colisão,TERÇA-FEIRA  ,0,2,87,2008-08-13,15,ligeiro,Sim,Nao,Sim,1722.0,1,7,87,10363
51289,2009373753,Braga,41.499859,-8.678919,ER205,16.64,5,0,0,1.0,50,Berma pavimentada,Seco e limpo,Dois sentidos,Bom tempo,Fora da intersecção,Dentro das localidades,Em pleno dia,Em patamar,Recta,Em plena via,Colisão,SEXTA-FEIRA  ,0,3,87,2009-04-06,13,ligeiro,Sim,Nao,Sim,1722.0,1,7,87,10363
51290,2007278018,Braga,41.448621,-8.558993,EN204,31.32,1,0,0,1.0,50,Berma pavimentada,Seco e limpo,Dois sentidos,Bom tempo,Em entroncamento,Dentro das localidades,Em pleno dia,Com inclinação,Recta,Em plena via,Colisão,QUINTA-FEIRA ,0,2,84,2007-03-09,17,ligeiro,Sim,Nao,Sim,252.2,1,6,84,2538
51291,2008306158,Braga,41.444431,-8.550558,EN204,32.15,2,0,0,1.0,50,Berma pavimentada,Seco e limpo,Dois sentidos,Bom tempo,Em via de aceleração,Dentro das localidades,"Noite, com iluminação",Em patamar,Recta,Em plena via,Colisão,SEGUNDA-FEIRA,0,2,84,2007-12-22,6,ligeiro,Nao,Nao,Sim,252.2,1,6,84,2538
51292,2008304776,Braga,41.448217,-8.558173,EN204,31.4,1,0,0,1.0,50,Berma não pavimentada,Molhado,Dois sentidos,Nevoeiro,Fora da intersecção,Dentro das localidades,Em pleno dia,Com inclinação,Recta,Em plena via,Atropelamento,QUARTA-FEIRA ,1,1,84,2007-12-01,11,ligeiro,Sim,Sim,Nao,252.2,1,6,84,2538
51293,2009400494,Braga,41.445159000000004,-8.552056,EN204,32.0,1,0,0,1.0,50,Berma não pavimentada,Seco e limpo,Dois sentidos,Bom tempo,Fora da intersecção,Dentro das localidades,"Noite, com iluminação",Em patamar,Recta,Na berma,Despiste,DOMINGO      ,0,1,84,2009-07-30,3,ligeiro,Nao,Nao,Sim,252.2,1,6,84,2538
51294,2010441973,Braga,41.447860999999996,-8.557459,EN204,31.47,1,0,0,1.0,70,Berma pavimentada,Seco e limpo,Dois sentidos,Bom tempo,Fora da intersecção,Dentro das localidades,"Noite, com iluminação",Com inclinação,Recta,Em plena via,Despiste,QUINTA-FEIRA ,0,1,84,2010-01-26,18,ligeiro,Nao,Nao,Sim,252.2,1,6,84,2538
51295,2011529019,Braga,41.448975,-8.559709,EN204,31.25,1,0,0,1.0,50,Berma pavimentada,Seco e limpo,Dois sentidos,Bom tempo,Em entroncamento,Dentro das localidades,Em pleno dia,Em patamar,Recta,Em plena via,Colisão,TERÇA-FEIRA  ,0,2,84,2011-03-10,18,ligeiro,Sim,Nao,Sim,252.2,1,6,84,2538
51296,2009349505,Braga,41.447198,-8.556134,EN204,31.6,1,0,0,1.0,50,Berma pavimentada,Seco e limpo,Dois sentidos,Bom tempo,Fora da intersecção,Dentro das localidades,Em pleno dia,Em patamar,Recta,Em plena via,Colisão,SEGUNDA-FEIRA,0,3,84,2008-11-17,19,ligeiro,Sim,Nao,Sim,252.2,1,6,84,2538
51297,2007300142,Braga,41.445677,-8.553068,EN204,31.9,1,0,0,1.0,50,Berma não pavimentada,Molhado,Dois sentidos,Chuva,Em entroncamento,Dentro das localidades,Em pleno dia,Em patamar,Recta,Em plena via,Colisão,SÁBADO       ,0,2,84,2007-10-24,9,ligeiro,Sim,Sim,Nao,252.2,1,6,84,2538
51298,2013663500,Braga,41.447963,-8.557663,EN204,31.45,1,0,0,1.0,50,Berma pavimentada,Seco e limpo,Dois sentidos,Bom tempo,Fora da intersecção,Dentro das localidades,Em pleno dia,Em patamar,Recta,Em plena via,Colisão,TERÇA-FEIRA  ,0,2,84,2012-11-15,8,ligeiro,Sim,Nao,Sim,252.2,1,6,84,2538
51299,2007294608,Braga,41.45429,-8.564283999999999,EN204,30.5,1,0,0,2.0,50,Sem berma ou impraticável,Seco e limpo,Dois sentidos,Bom tempo,Em entroncamento,Dentro das localidades,"Noite, com iluminação",Em patamar,Recta,Em plena via,Colisão,SEXTA-FEIRA  ,0,2,84,2007-09-03,22,ligeiro,Nao,Nao,Sim,252.2,1,6,84,2538
51300,2011513882,Braga,41.451889,-8.562732,EN204,30.8,1,0,0,1.0,50,Berma pavimentada,Seco e limpo,Dois sentidos,Bom tempo,Fora da intersecção,Dentro das localidades,"Noite, com iluminação",Com inclinação,Recta,Em plena via,Colisão,QUINTA-FEIRA ,0,3,84,2010-12-22,20,ligeiro,Nao,Nao,Sim,252.2,1,6,84,2538
51301,2012589980,Braga,41.448722,-8.559197,EN204,31.3,3,0,0,1.0,50,Berma pavimentada,Seco e limpo,Dois sentidos,Bom tempo,Fora da intersecção,Dentro das localidades,Em pleno dia,Em patamar,Recta,Em plena via,Colisão,DOMINGO      ,1,2,84,2011-12-01,16,ligeiro,Sim,Nao,Sim,252.2,1,6,84,2538
51302,2012597488,Braga,41.447454,-8.556643,EN204,31.55,1,0,0,1.0,50,Berma pavimentada,Húmido,Dois sentidos,Nevoeiro,Em entroncamento,Dentro das localidades,Aurora ou crepúsculo,Em patamar,Recta,Em plena via,Colisão,QUINTA-FEIRA ,0,2,84,2012-01-13,7,ligeiro,Nao,Sim,Nao,252.2,1,6,84,2538
51303,2010428159,Braga,41.448621,-8.558993,EN204,31.32,1,0,0,2.0,50,Berma pavimentada,Molhado,Dois sentidos,Chuva,Em entroncamento,Dentro das localidades,Em pleno dia,Em patamar,Recta,Em plena via,Colisão,DOMINGO      ,0,2,84,2009-11-21,12,ligeiro,Sim,Sim,Nao,252.2,1,6,84,2538
51304,2011506769,Braga,41.447709,-8.557153,EN204,31.5,2,0,0,1.0,50,Sem berma ou impraticável,Seco e limpo,Dois sentidos,Bom tempo,Fora da intersecção,Dentro das localidades,"Noite, com iluminação",Em patamar,Curva,Em plena via,Colisão,QUARTA-FEIRA ,0,2,84,2010-11-28,19,ligeiro,Nao,Nao,Sim,252.2,1,6,84,2538
51305,2010457448,Braga,41.4492,-8.560243,EN204,31.2,1,0,0,1.0,50,Berma pavimentada,Seco e limpo,Dois sentidos,Bom tempo,Fora da intersecção,Dentro das localidades,Em pleno dia,Com inclinação,Curva,Em plena via,Colisão,QUINTA-FEIRA ,0,2,84,2010-04-27,15,ligeiro,Sim,Nao,Sim,252.2,1,6,84,2538
51306,2010496264,Braga,41.445159000000004,-8.552056,EN204,32.0,1,0,0,1.0,50,Sem berma ou impraticável,Seco e limpo,Dois sentidos,Bom tempo,Fora da intersecção,Dentro das localidades,Em pleno dia,Com inclinação,Recta,Em plena via,Colisão,QUINTA-FEIRA ,0,2,84,2010-10-15,14,ligeiro,Sim,Nao,Sim,252.2,1,6,84,2538
51307,2011571598,Braga,41.444191,-8.550056,EN204,32.2,1,0,0,1.0,50,Sem berma ou impraticável,Seco e limpo,Dois sentidos,Bom tempo,Em entroncamento,Dentro das localidades,Em pleno dia,Com inclinação,Curva,Em plena via,Colisão,DOMINGO      ,0,3,84,2011-09-18,9,ligeiro,Sim,Nao,Sim,252.2,1,6,84,2538
51308,2007277243,Braga,41.515809999999995,-8.585314,EN204,23.0,1,1,0,1.0,50,Berma pavimentada,Molhado,Dois sentidos,Chuva,Fora da intersecção,Dentro das localidades,"Noite, com iluminação",Em patamar,Recta,Em plena via,Colisão,TERÇA-FEIRA  ,0,2,83,2007-03-30,20,ligeiro,Nao,Sim,Nao,39.3,1,6,83,1300
51309,2008307914,Braga,41.519981,-8.580428999999999,EN103,25.42,1,0,0,1.0,50,Berma pavimentada,Seco e limpo,Dois sentidos,Bom tempo,Em entroncamento,Dentro das localidades,Em pleno dia,Com inclinação,Recta,Em plena via,Colisão,TERÇA-FEIRA  ,0,2,83,2008-01-26,15,ligeiro,Sim,Nao,Sim,39.3,1,6,83,1300
51310,2008319558,Braga,41.517438,-8.58615,EN204,22.8,0,0,1,2.0,50,Berma pavimentada,Seco e limpo,Dois sentidos,Bom tempo,Fora da intersecção,Dentro das localidades,Em pleno dia,Em patamar,Recta,Na berma,Atropelamento,TERÇA-FEIRA  ,0,1,83,2008-03-12,14,ligeiro,Sim,Nao,Sim,39.3,1,6,83,1300
51311,2008337479,Braga,41.50376,-8.570523,EN204,24.83,2,0,0,1.0,50,Berma pavimentada,Seco e limpo,Dois sentidos,Bom tempo,Fora da intersecção,Dentro das localidades,Em pleno dia,Em patamar,Recta,Em plena via,Colisão,TERÇA-FEIRA  ,0,2,83,2008-08-13,12,ligeiro,Sim,Nao,Sim,39.3,1,6,83,1300
51312,2009349133,Braga,41.520848,-8.572547,EN103,26.1,1,0,0,1.0,50,Sem berma ou impraticável,Seco e limpo,Dois sentidos,Bom tempo,Fora da intersecção,Dentro das localidades,Em pleno dia,Em patamar,Curva,Em plena via,Despiste,SEGUNDA-FEIRA,0,1,83,2008-11-17,13,ligeiro,Sim,Nao,Sim,39.3,1,6,83,1300
51313,2009389521,Braga,41.505479,-8.572768,EN204,24.6,1,0,0,1.0,50,Berma não pavimentada,Molhado,Dois sentidos,Chuva,Fora da intersecção,Fora das localidades,Em pleno dia,Em patamar,Curva,Em plena via,Colisão,QUARTA-FEIRA ,0,2,83,2009-06-06,10,ligeiro,Sim,Sim,Nao,39.3,1,6,83,1300
51314,2010477723,Braga,41.510987,-8.582612,EN204,23.6,1,0,0,1.0,50,Sem berma ou impraticável,Seco e limpo,Dois sentidos,Bom tempo,Fora da intersecção,Dentro das localidades,Aurora ou crepúsculo,Em patamar,Recta,Em plena via,Despiste,DOMINGO      ,0,1,83,2010-07-01,21,ligeiro,Nao,Nao,Sim,39.3,1,6,83,1300
51315,2010496260,Braga,41.515809999999995,-8.585314,EN204,23.0,1,0,0,1.0,50,Sem berma ou impraticável,Húmido,Dois sentidos,Nevoeiro,Fora da intersecção,Dentro das localidades,Aurora ou crepúsculo,Em patamar,Recta,Em plena via,Colisão,SÁBADO       ,0,2,83,2010-10-11,8,ligeiro,Nao,Sim,Nao,39.3,1,6,83,1300
51316,2012579610,Braga,41.515,-8.584885,EN204,23.1,1,0,0,1.0,50,Berma pavimentada,Molhado,Dois sentidos,Chuva,Fora da intersecção,Dentro das localidades,Aurora ou crepúsculo,Em patamar,Recta,Na berma,Atropelamento,DOMINGO      ,0,1,83,2011-11-03,17,ligeiro,Nao,Sim,Nao,39.3,1,6,83,1300
51317,2012612569,Braga,41.518257,-8.586549,EN204,22.7,1,0,0,1.0,50,Berma pavimentada,Seco e limpo,Dois sentidos,Bom tempo,Fora da intersecção,Dentro das localidades,Aurora ou crepúsculo,Com inclinação,Recta,Na berma,Atropelamento,SEGUNDA-FEIRA,0,1,83,2012-04-23,20,ligeiro,Nao,Nao,Sim,39.3,1,6,83,1300
51318,2007285292,Braga,41.507304,-8.5764,EN204,24.3,2,0,0,1.0,80,Berma pavimentada,Seco e limpo,Dois sentidos,Bom tempo,Fora da intersecção,Fora das localidades,Em pleno dia,Em patamar,Recta,Em plena via,Colisão,SEXTA-FEIRA  ,0,2,83,2007-06-09,18,ligeiro,Sim,Nao,Sim,39.3,1,6,83,1300
51319,2009351857,Braga,41.516621,-8.58574,EN204,22.9,1,0,0,1.0,50,Berma pavimentada,Húmido,Dois sentidos,Bom tempo,Em cruzamento,Dentro das localidades,Em pleno dia,Em patamar,Recta,Em plena via,Colisão,QUINTA-FEIRA ,1,2,83,2008-12-01,11,ligeiro,Sim,Nao,Nao,39.3,1,6,83,1300
51320,2013664966,Braga,41.521139,-8.575604,EN103,25.84,1,0,0,1.0,50,Berma pavimentada,Molhado,Dois sentidos,Chuva,Fora da intersecção,Dentro das localidades,"Noite, com iluminação",Em patamar,Recta,Em plena via,Colisão,SÁBADO       ,0,2,83,2012-11-29,18,ligeiro,Nao,Sim,Nao,39.3,1,6,83,1300