,COD_ACIDENTE,DISTRITO,LATITUDE,LONGITUDE,VIA,KM,QT_FLIGEIROS,QT_FGRAVES,QT_MORTOS,QT_VIAS_SENTIDO,VEL_LIM_LOCAL,BERMA_VIA,CONDICAO_ADERENCIA,FAIXA_RODAGEM,FATOR_ATMOSFERICO,INTERSECAO_VIA,LOCALIZACAO,LUMINOSIDADE,PERFIL_VIA,PLANTA_VIA,SITUACAO_ACIDENTE,TIPO_NATUREZA,DIA_SEMANA,FLAG_FERIADO,QT_VEICULOS,COD_FREGUESIA,DATA,HORA,GRAVIDADE,ERA_DIA,MAU_TEMPO,ESTRADA_SECA,DENSIDADE_TOTAL,COD_DISTRITO_INE,COD_CONCELHO_INE,COD_FREGUESIA_INE,TOTAL
51321,2011529358,Braga,41.520489000000005,-8.578375,EN103,25.6,3,1,0,2.0,50,Berma pavimentada,Seco e limpo,Dois sentidos,Bom tempo,Fora da intersecção,Dentro das localidades,"Noite, com iluminação",Com inclinação,Recta,Em plena via,Despiste,QUINTA-FEIRA ,0,1,83,2011-04-15,3,ligeiro,Nao,Nao,Sim,39.3,1,6,83,1300
51322,2009400547,Braga,41.515,-8.584885,EN204,23.1,3,0,0,1.0,50,Berma não pavimentada,Seco e limpo,Dois sentidos,Bom tempo,Fora da intersecção,Dentro das localidades,"Noite, com iluminação",Em patamar,Recta,Em plena via,Colisão,SEXTA-FEIRA  ,0,3,83,2009-07-23,22,ligeiro,Nao,Nao,Sim,39.3,1,6,83,1300
51323,2010433070,Braga,41.510987,-8.582612,EN204,23.6,3,0,0,1.0,50,Berma pavimentada,Molhado,Dois sentidos,Chuva,Fora da intersecção,Dentro das localidades,Em pleno dia,Em patamar,Recta,Na berma,Despiste,SÁBADO       ,0,1,83,2009-12-24,8,ligeiro,Sim,Sim,Nao,39.3,1,6,83,1300
51324,2011529644,Braga,41.515809999999995,-8.585314,EN204,23.0,1,0,0,1.0,50,Sem berma ou impraticável,Seco e limpo,Dois sentidos,Bom tempo,Fora da intersecção,Dentro das localidades,"Noite, com iluminação",Em patamar,Recta,Na berma,Despiste,SEGUNDA-FEIRA,0,1,83,2011-04-07,22,ligeiro,Nao,Nao,Sim,39.3,1,6,83,1300
51325,2007283676,Braga,41.513395,-8.583976,EN204,23.3,2,0,0,1.0,50,Berma não pavimentada,Seco e limpo,Dois sentidos,Bom tempo,Fora da intersecção,Dentro das localidades,Em pleno dia,Em patamar,Recta,Em plena via,Colisão,DOMINGO      ,0,2,83,2007-05-19,14,ligeiro,Sim,Nao,Sim,39.3,1,6,83,1300
51326,2009349504,Braga,41.516459000000005,-8.585655000000001,EN204,22.92,2,0,0,1.0,50,Sem berma ou impraticável,Seco e limpo,Dois sentidos,Bom tempo,Fora da intersecção,Dentro das localidades,Em pleno dia,Em patamar,Recta,Em plena via,Colisão,SEGUNDA-FEIRA,0,2,83,2008-11-17,18,ligeiro,Sim,Nao,Sim,39.3,1,6,83,1300
51327,2009373255,Braga,41.517029,-8.585944999999999,EN204,22.85,1,0,0,2.0,50,Sem berma ou impraticável,Seco e limpo,Dois sentidos,Bom tempo,Em cruzamento,Fora das localidades,Em pleno dia,Em patamar,Recta,Em plena via,Colisão,DOMINGO      ,0,2,83,2009-04-02,9,ligeiro,Sim,Nao,Sim,39.3,1,6,83,1300
51328,2010491552,Braga,41.520796000000004,-8.577246,EN103,25.7,1,0,0,1.0,50,Berma pavimentada,Seco e limpo,Dois sentidos,Bom tempo,Fora da intersecção,Dentro das localidades,Em pleno dia,Em patamar,Recta,Em plena via,Atropelamento,QUINTA-FEIRA ,0,1,83,2010-09-11,8,ligeiro,Sim,Nao,Sim,39.3,1,6,83,1300
51329,2012600642,Braga,41.506192999999996,-8.57392,EN204,24.5,1,0,0,1.0,50,Sem berma ou impraticável,Seco e limpo,Dois sentidos,Bom tempo,Em cruzamento,Dentro das localidades,Em pleno dia,Em patamar,Recta,Em plena via,Colisão,QUARTA-FEIRA ,0,3,83,2012-02-27,15,ligeiro,Sim,Nao,Sim,39.3,1,6,83,1300
51330,2008324536,Braga,41.501576,-8.569932000000001,EN204,25.03,1,0,0,1.0,50,Sem berma ou impraticável,Seco e limpo,Dois sentidos,Bom tempo,Fora da intersecção,Dentro das localidades,Em pleno dia,Em patamar,Recta,Em plena via,Colisão,QUARTA-FEIRA ,0,2,83,2008-04-11,10,ligeiro,Sim,Nao,Sim,39.3,1,6,83,1300
51331,2009358161,Braga,41.506101,-8.573829,EN204,24.51,1,0,0,1.0,50,Berma pavimentada,Seco e limpo,Dois sentidos,Bom tempo,Fora da intersecção,Dentro das localidades,Em pleno dia,Em patamar,Recta,Na berma,Colisão,DOMINGO      ,0,3,83,2009-01-24,9,ligeiro,Sim,Nao,Sim,39.3,1,6,83,1300
51332,2009383151,Braga,41.519677,-8.58181,EN103,25.3,2,0,0,1.0,50,Berma não pavimentada,Seco e limpo,Dois sentidos,Bom tempo,Em entroncamento,Fora das localidades,Em pleno dia,Com inclinação,Recta,Em plena via,Colisão,SEGUNDA-FEIRA,0,2,83,2009-05-07,7,ligeiro,Sim,Nao,Sim,39.3,1,6,83,1300
51333,2008347726,Braga,41.520938,-8.573138,EN103,26.05,1,0,0,1.0,50,Berma pavimentada,Molhado,Dois sentidos,Chuva,Fora da intersecção,Fora das localidades,"Noite, sem iluminação",Em patamar,Recta,Em plena via,Colisão,SEGUNDA-FEIRA,0,2,83,2008-11-06,18,ligeiro,Nao,Sim,Nao,39.3,1,6,83,1300
51334,2012600568,Braga,41.520489000000005,-8.578375,EN103,25.6,1,0,0,1.0,50,Berma pavimentada,Seco e limpo,Dois sentidos,Bom tempo,Fora da intersecção,Dentro das localidades,Em pleno dia,Com inclinação,Curva,Em plena via,Colisão,QUARTA-FEIRA ,0,2,83,2012-02-16,10,ligeiro,Sim,Nao,Sim,39.3,1,6,83,1300
51335,2012606476,Braga,41.505025,-8.571358,EN204,24.7,0,1,1,1.0,50,Berma pavimentada,Seco e limpo,Dois sentidos,Bom tempo,Fora da intersecção,Dentro das localidades,"Noite, sem iluminação",Em patamar,Recta,Em plena via,Colisão,QUARTA-FEIRA ,0,3,83,2012-03-10,20,grave,Nao,Nao,Sim,39.3,1,6,83,1300
51336,2010477753,Braga,41.520916,-8.576792999999999,EN103,25.74,1,0,0,1.0,50,Sem berma ou impraticável,Seco e limpo,Dois sentidos,Bom tempo,Em rotunda,Dentro das localidades,Em pleno dia,Em patamar,Curva,Em plena via,Colisão,QUINTA-FEIRA ,0,2,83,2010-07-04,18,ligeiro,Sim,Nao,Sim,39.3,1,6,83,1300
51337,2009359233,Braga,41.519926,-8.580658,EN103,25.4,1,0,0,2.0,50,Berma pavimentada,Seco e limpo,Dois sentidos,Bom tempo,Em entroncamento,Dentro das localidades,Em pleno dia,Com inclinação,Recta,Em plena via,Colisão,TERÇA-FEIRA  ,0,2,83,2009-02-17,15,ligeiro,Sim,Nao,Sim,39.3,1,6,83,1300
51338,2007278461,Braga,41.532021,-8.705511999999999,EN103-1,7.7,0,1,0,1.0,50,Berma pavimentada,Seco e limpo,Dois sentidos,Bom tempo,Fora da intersecção,Dentro das localidades,Em pleno dia,Com inclinação,Recta,Em plena via,Colisão,TERÇA-FEIRA  ,0,2,60,2007-03-24,18,ligeiro,Sim,Nao,Sim,35.0,1,4,60,598
51339,2007290917,Braga,41.532156,-8.706712,EN103-1,7.8,4,0,0,1.0,50,Berma pavimentada,Molhado,Dois sentidos,Chuva,Fora da intersecção,Dentro das localidades,"Noite, com iluminação",Em patamar,Recta,Em plena via,Colisão,TERÇA-FEIRA  ,0,2,60,2007-07-22,23,ligeiro,Nao,Sim,Nao,35.0,1,4,60,598
51340,2007290916,Braga,41.532156,-8.706712,EN103-1,7.8,1,0,0,1.0,50,Berma pavimentada,Seco e limpo,Dois sentidos,Bom tempo,Fora da intersecção,Dentro das localidades,Em pleno dia,Em patamar,Recta,Em plena via,Colisão,SEXTA-FEIRA  ,0,2,60,2007-07-24,18,ligeiro,Sim,Nao,Sim,35.0,1,4,60,598
51341,2007287118,Braga,41.513502,-8.479052000000001,EN(d)103-2,2.4,1,0,0,1.0,50,Berma não pavimentada,Seco e limpo,Dois sentidos,Bom tempo,Fora da intersecção,Dentro das localidades,Em pleno dia,Com inclinação,Recta,Em plena via,Colisão,SEGUNDA-FEIRA,0,2,60,2007-06-23,7,ligeiro,Sim,Nao,Sim,35.0,1,4,60,598
51342,2008306162,Braga,41.531856,-8.693263,EN103-1,6.67,1,0,0,1.0,80,Berma não pavimentada,Seco e limpo,Dois sentidos,Bom tempo,Em cruzamento,Dentro das localidades,Em pleno dia,Em patamar,Recta,Em plena via,Colisão,SÁBADO       ,0,2,60,2007-12-20,8,ligeiro,Sim,Nao,Sim,35.0,1,4,60,598
51343,2008304771,Braga,41.531737,-8.701888,EN103-1,7.4,1,0,0,2.0,50,Berma não pavimentada,Molhado,Dois sentidos,Nevoeiro,Fora da intersecção,Dentro das localidades,Em pleno dia,Com inclinação,Recta,Em plena via,Colisão,QUARTA-FEIRA ,0,2,60,2007-12-07,9,ligeiro,Sim,Sim,Nao,35.0,1,4,60,598
51344,2008327145,Braga,41.531494,-8.691455,EN103-1,6.51,1,0,0,1.0,50,Berma pavimentada,Seco e limpo,Dois sentidos,Bom tempo,Em entroncamento,Dentro das localidades,"Noite, com iluminação",Em patamar,Recta,Em plena via,Colisão,QUINTA-FEIRA ,0,2,60,2008-05-21,22,ligeiro,Nao,Nao,Sim,35.0,1,4,60,598
51345,2008340752,Braga,41.531352000000005,-8.699525999999999,EN103-1,7.2,1,0,0,1.0,50,Sem berma ou impraticável,Seco e limpo,Sentido único,Bom tempo,Em cruzamento,Dentro das localidades,Em pleno dia,Em patamar,Recta,Em plena via,Colisão,QUINTA-FEIRA ,0,2,60,2008-09-12,19,ligeiro,Sim,Nao,Sim,35.0,1,4,60,598
51346,2008330127,Braga,41.514346,-8.478727000000001,EN(d)103-2,2.3,1,0,0,1.0,50,Sem berma ou impraticável,Seco e limpo,Dois sentidos,Bom tempo,Fora da intersecção,Dentro das localidades,Em pleno dia,Com inclinação,Curva,Em plena via,Despiste,DOMINGO      ,0,1,60,2008-06-21,17,ligeiro,Sim,Nao,Sim,35.0,1,4,60,598
51347,2009353526,Braga,41.532156,-8.706712,EN103-1,7.8,1,1,0,1.0,50,Berma pavimentada,Seco e limpo,Dois sentidos,Bom tempo,Fora da intersecção,Dentro das localidades,Em pleno dia,Com inclinação,Recta,Em plena via,Colisão,SEXTA-FEIRA  ,0,2,60,2008-12-19,8,ligeiro,Sim,Nao,Sim,35.0,1,4,60,598
51348,2009416760,Braga,41.531325,-8.698315,EN103-1,7.1,1,0,0,1.0,50,Sem berma ou impraticável,Seco e limpo,Dois sentidos,Bom tempo,Fora da intersecção,Dentro das localidades,Em pleno dia,Em patamar,Recta,Em plena via,Atropelamento,QUINTA-FEIRA ,0,1,60,2009-09-23,7,ligeiro,Sim,Nao,Sim,35.0,1,4,60,598
51349,2009409907,Braga,41.532423,-8.707872,EN103-1,7.9,2,0,0,1.0,50,Berma pavimentada,Seco e limpo,Dois sentidos,Bom tempo,Em entroncamento,Dentro das localidades,Em pleno dia,Em patamar,Recta,Em plena via,Colisão,TERÇA-FEIRA  ,0,3,60,2009-08-12,7,ligeiro,Sim,Nao,Sim,35.0,1,4,60,598
51350,2010456945,Braga,41.531203000000005,-8.690163,EN103-1,6.4,1,0,0,1.0,50,Berma pavimentada,Seco e limpo,Dois sentidos,Bom tempo,Fora da intersecção,Dentro das localidades,Em pleno dia,Em patamar,Recta,Em plena via,Atropelamento,QUARTA-FEIRA ,0,1,60,2010-04-20,7,ligeiro,Sim,Nao,Sim,35.0,1,4,60,598
51351,2010486971,Braga,41.531348,-8.697101,EN103-1,7.0,1,0,0,1.0,50,Sem berma ou impraticável,Seco e limpo,Dois sentidos,Bom tempo,Fora da intersecção,Dentro das localidades,"Noite, com iluminação",Em patamar,Curva,Na berma,Despiste,SÁBADO       ,1,1,60,2010-08-15,4,ligeiro,Nao,Nao,Sim,35.0,1,4,60,598
51352,2010486067,Braga,41.532379,-8.709064,EN103-1,8.0,3,0,0,1.0,50,Sem berma ou impraticável,Molhado,Dois sentidos,Chuva,Fora da intersecção,Dentro das localidades,Em pleno dia,Em patamar,Curva,Em plena via,Colisão,TERÇA-FEIRA  ,0,2,60,2010-08-23,19,ligeiro,Sim,Sim,Nao,35.0,1,4,60,598
51353,2010469676,Braga,41.531371,-8.699644000000001,EN103-1,7.21,1,0,0,1.0,50,Berma não pavimentada,Seco e limpo,Dois sentidos,Bom tempo,Em entroncamento,Dentro das localidades,"Noite, com iluminação",Em patamar,Curva,Na berma,Despiste,SÁBADO       ,0,1,60,2010-06-19,1,ligeiro,Nao,Nao,Sim,35.0,1,4,60,598
51354,2011529645,Braga,41.532423,-8.707872,EN103-1,7.9,1,0,0,1.0,50,Berma pavimentada,Seco e limpo,Dois sentidos,Bom tempo,Em cruzamento,Dentro das localidades,Em pleno dia,Com inclinação,Curva,Em plena via,Colisão,QUARTA-FEIRA ,0,2,60,2011-04-08,8,ligeiro,Sim,Nao,Sim,35.0,1,4,60,598
51355,2012579607,Braga,41.531737,-8.701888,EN103-1,7.4,2,0,0,1.0,50,Sem berma ou impraticável,Húmido,Dois sentidos,Bom tempo,Fora da intersecção,Dentro das localidades,Em pleno dia,Em patamar,Curva,Em plena via,Despiste,QUARTA-FEIRA ,0,1,60,2011-11-05,8,ligeiro,Sim,Nao,Nao,35.0,1,4,60,598
51356,2009383565,Braga,41.530795,-8.68423,EN103-1,5.9,1,0,0,1.0,50,Berma pavimentada,Molhado,Dois sentidos,Chuva,Em entroncamento,Dentro das localidades,Em pleno dia,Em patamar,Curva,Em plena via,Colisão,SÁBADO       ,0,3,60,2009-05-11,18,ligeiro,Sim,Sim,Nao,35.0,1,4,60,598
51357,2010446032,Braga,41.519791,-8.47556,EN(d)103-2,1.62,1,0,0,1.0,50,Berma pavimentada,Molhado,Dois sentidos,Chuva,Em entroncamento,Dentro das localidades,Em pleno dia,Em patamar,Recta,Em plena via,Despiste,SEGUNDA-FEIRA,0,1,60,2010-02-10,15,ligeiro,Sim,Sim,Nao,35.0,1,4,60,598
51358,2007293649,Braga,41.532379,-8.709064,EN103-1,8.0,1,0,0,1.0,50,Sem berma ou impraticável,Seco e limpo,Dois sentidos,Bom tempo,Fora da intersecção,Dentro das localidades,Em pleno dia,Em patamar,Recta,Em plena via,Colisão,SEGUNDA-FEIRA,0,3,60,2007-08-24,13,ligeiro,Sim,Nao,Sim,35.0,1,4,60,598
51359,2011555977,Braga,41.531862,-8.69362,EN103-1,6.7,1,0,0,1.0,50,Berma não pavimentada,Seco e limpo,Dois sentidos,Bom tempo,Fora da intersecção,Dentro das localidades,"Noite, com iluminação",Em patamar,Curva,Na berma,Despiste,DOMINGO      ,0,1,60,2011-07-23,5,ligeiro,Nao,Nao,Sim,35.0,1,4,60,598
51360,2009400548,Braga,41.531352000000005,-8.699525999999999,EN103-1,7.2,1,0,0,1.0,50,Berma não pavimentada,Seco e limpo,Dois sentidos,Bom tempo,Em cruzamento,Dentro das localidades,Em pleno dia,Em patamar,Curva,Em plena via,Colisão,SEXTA-FEIRA  ,0,2,60,2009-07-17,11,ligeiro,Sim,Nao,Sim,35.0,1,4,60,598
51361,2008304774,Braga,41.531862,-8.69362,EN103-1,6.7,1,0,0,2.0,50,Berma não pavimentada,Húmido,Dois sentidos,Chuva,Fora da intersecção,Dentro das localidades,Em pleno dia,Em patamar,Recta,Em plena via,Colisão,SEXTA-FEIRA  ,0,2,60,2007-12-03,8,ligeiro,Sim,Sim,Nao,35.0,1,4,60,598
51362,2010445891,Braga,41.530848999999996,-8.685442,EN103-1,6.0,1,0,0,1.0,50,Berma pavimentada,Seco e limpo,Dois sentidos,Bom tempo,Fora da intersecção,Dentro das localidades,"Noite, com iluminação",Em patamar,Recta,Em plena via,Colisão,SÁBADO       ,0,3,60,2010-02-03,22,ligeiro,Nao,Nao,Sim,35.0,1,4,60,598
51363,2007278512,Braga,41.531203000000005,-8.690163,EN103-1,6.4,1,0,0,1.0,50,Berma não pavimentada,Seco e limpo,Dois sentidos,Bom tempo,Fora da intersecção,Dentro das localidades,Aurora ou crepúsculo,Em patamar,Recta,Em plena via,Colisão,DOMINGO      ,0,2,60,2007-03-17,19,ligeiro,Nao,Nao,Sim,35.0,1,4,60,598
51364,2008306155,Braga,41.532514,-8.714114,EN103-1,8.43,3,0,0,1.0,50,Berma não pavimentada,Seco e limpo,Dois sentidos,Bom tempo,Fora da intersecção,Dentro das localidades,"Noite, com iluminação",Com inclinação,Recta,Na berma,Despiste,TERÇA-FEIRA  ,0,1,60,2007-12-23,22,ligeiro,Nao,Nao,Sim,35.0,1,4,60,598
51365,2007271446,Braga,41.531459999999996,-8.691307,EN103-1,6.5,1,0,0,1.0,50,Sem berma ou impraticável,Húmido,Dois sentidos,Chuva,Fora da intersecção,Dentro das localidades,"Noite, com iluminação",Em patamar,Recta,Em plena via,Colisão,SEXTA-FEIRA  ,0,2,60,2007-01-07,18,ligeiro,Nao,Sim,Nao,35.0,1,4,60,598
51366,2007298147,Braga,41.532423,-8.707872,EN103-1,7.9,1,0,0,1.0,80,Berma não pavimentada,Seco e limpo,Dois sentidos,Bom tempo,Em entroncamento,Dentro das localidades,Em pleno dia,Em patamar,Recta,Em plena via,Colisão,QUINTA-FEIRA ,0,2,60,2007-10-06,9,ligeiro,Sim,Nao,Sim,35.0,1,4,60,598
51367,2007289766,Braga,41.532284999999995,-8.707293,EN103-1,7.85,1,0,0,1.0,50,Berma pavimentada,Seco e limpo,Dois sentidos,Bom tempo,Em entroncamento,Dentro das localidades,Em pleno dia,Com inclinação,Recta,Em plena via,Colisão,DOMINGO      ,0,2,60,2007-07-26,15,ligeiro,Sim,Nao,Sim,35.0,1,4,60,598
51368,2009389468,Braga,41.511858000000004,-8.480555,EN(d)103-2,2.65,1,0,0,1.0,50,Berma pavimentada,Seco e limpo,Dois sentidos,Bom tempo,Fora da intersecção,Dentro das localidades,"Noite, com iluminação",Com inclinação,Curva,Em plena via,Despiste,QUINTA-FEIRA ,0,1,60,2009-06-01,1,ligeiro,Nao,Nao,Sim,35.0,1,4,60,598
51369,2008308798,Braga,41.532552,-8.712561,EN103-1,8.3,1,0,0,1.0,50,Berma pavimentada,Molhado,Dois sentidos,Chuva,Em cruzamento,Dentro das localidades,"Noite, com iluminação",Em patamar,Curva,Em plena via,Colisão,DOMINGO      ,0,2,60,2008-01-13,18,ligeiro,Nao,Sim,Nao,35.0,1,4,60,598
51370,2012632618,Braga,41.515985,-8.477791999999999,EN(d)103-2,2.1,1,0,0,1.0,50,Sem berma ou impraticável,Seco e limpo,Dois sentidos,Bom tempo,Em entroncamento,Dentro das localidades,Em pleno dia,Com inclinação,Recta,Em plena via,Colisão,SEXTA-FEIRA  ,0,2,60,2012-07-09,9,ligeiro,Sim,Nao,Sim,35.0,1,4,60,598
51371,2012597557,Braga,41.53167,-8.692221,EN103-1,6.58,1,0,0,1.0,50,Berma pavimentada,Seco e limpo,Dois sentidos,Bom tempo,Fora da intersecção,Dentro das localidades,Em pleno dia,Com inclinação,Recta,Em plena via,Colisão,DOMINGO      ,0,2,60,2012-01-21,16,ligeiro,Sim,Nao,Sim,35.0,1,4,60,598
51372,2011522305,Braga,41.53021,-8.682328,EN103-1,5.73,0,0,1,1.0,50,Berma não pavimentada,Seco e limpo,Dois sentidos,Bom tempo,Fora da intersecção,Dentro das localidades,Em pleno dia,Em patamar,Recta,Em plena via,Atropelamento,SÁBADO       ,0,1,60,2011-02-19,17,ligeiro,Sim,Nao,Sim,35.0,1,4,60,598
51373,2007278515,Braga,41.509384999999995,-8.581695,EN204,23.8,2,0,0,1.0,50,Sem berma ou impraticável,Seco e limpo,Dois sentidos,Bom tempo,Em entroncamento,Dentro das localidades,Em pleno dia,Em patamar,Curva,Em plena via,Colisão,SÁBADO       ,0,2,48,2007-03-22,7,ligeiro,Sim,Nao,Sim,6.5,1,4,48,126
51378,2009383131,Braga,41.481027000000005,-8.461127000000001,EN(d)103-2,8.5,1,0,0,1.0,50,Sem berma ou impraticável,Seco e limpo,Dois sentidos,Bom tempo,Fora da intersecção,Dentro das localidades,"Noite, com iluminação",Em patamar,Recta,Em plena via,Despiste,SEGUNDA-FEIRA,0,1,48,2009-05-07,20,ligeiro,Nao,Nao,Sim,6.5,1,4,48,126
51381,2007271114,Braga,41.483823,-8.464441,A3,39.58,1,0,0,3.0,120,Berma pavimentada,Molhado,Sentido único,Chuva,Fora da intersecção,Fora das localidades,Em pleno dia,Com inclinação,Curva,Em plena via,Despiste,SÁBADO       ,0,1,48,2007-01-08,14,ligeiro,Sim,Sim,Nao,6.5,1,4,48,126
51383,2007282902,Braga,41.473167,-8.464551,A3,38.07,1,0,0,1.0,60,Berma pavimentada,Seco e limpo,Sentido único,Bom tempo,Fora da intersecção,Fora das localidades,Em pleno dia,Com inclinação,Recta,Em plena via,Colisão,DOMINGO      ,0,2,48,2007-05-24,16,ligeiro,Sim,Nao,Sim,6.5,1,4,48,126
51384,2010496235,Braga,41.475466,-8.461202,A3,38.43,1,0,0,2.0,100,Berma pavimentada,Molhado,Sentido único,Chuva,Fora da intersecção,Fora das localidades,"Noite, sem iluminação",Com inclinação,Curva,Em plena via,Despiste,QUARTA-FEIRA ,0,1,48,2010-10-03,3,ligeiro,Nao,Sim,Nao,6.5,1,4,48,126
51386,2011513886,Braga,41.479136,-8.466316,EN(d)103-2,8.0,1,0,0,1.0,50,Sem berma ou impraticável,Húmido,Dois sentidos,Bom tempo,Fora da intersecção,Dentro das localidades,Em pleno dia,Em patamar,Curva,Em plena via,Colisão,DOMINGO      ,0,2,48,2010-12-30,14,ligeiro,Sim,Nao,Nao,6.5,1,4,48,126
51387,2009351540,Braga,41.507421,-8.580049,EN204,24.06,2,0,0,1.0,50,Berma pavimentada,Seco e limpo,Dois sentidos,Bom tempo,Em via de aceleração,Dentro das localidades,"Noite, com iluminação",Em patamar,Recta,Em plena via,Colisão,QUINTA-FEIRA ,0,2,48,2008-12-18,20,ligeiro,Nao,Nao,Sim,6.5,1,4,48,126
51389,2009367520,Braga,41.507383000000004,-8.579443,EN204,24.1,2,0,0,1.0,50,Berma não pavimentada,Seco e limpo,Dois sentidos,Bom tempo,Fora da intersecção,Dentro das localidades,Em pleno dia,Com inclinação,Curva,Em plena via,Colisão,DOMINGO      ,0,2,48,2009-03-27,15,ligeiro,Sim,Nao,Sim,6.5,1,4,48,126
51390,2010496236,Braga,41.475797,-8.460737,A3,38.48,1,0,0,2.0,100,Berma pavimentada,Molhado,Sentido único,Chuva,Fora da intersecção,Fora das localidades,"Noite, sem iluminação",Em patamar,Curva,Na berma,Colisão,QUARTA-FEIRA ,0,2,48,2010-10-03,3,ligeiro,Nao,Sim,Nao,6.5,1,4,48,126
51393,2008344671,Braga,41.507360999999996,-8.578455,EN204,24.17,1,0,0,1.0,50,Sem berma ou impraticável,Seco e limpo,Dois sentidos,Bom tempo,Fora da intersecção,Dentro das localidades,"Noite, com iluminação",Em patamar,Recta,Em plena via,Despiste,SEXTA-FEIRA  ,0,1,48,2008-10-23,22,ligeiro,Nao,Nao,Sim,6.5,1,4,48,126
51396,2007289767,Braga,41.573818,-8.370903,EN(d)103,44.7,3,0,0,1.0,50,Berma pavimentada,Seco e limpo,Dois sentidos,Bom tempo,Fora da intersecção,Dentro das localidades,Em pleno dia,Em patamar,Recta,Em plena via,Despiste,TERÇA-FEIRA  ,0,1,46,2007-07-22,16,ligeiro,Sim,Nao,Sim,375.3,1,4,46,3185
51401,2008338332,Braga,41.580096000000005,-8.371165,EN(d)103,45.4,2,0,0,1.0,50,Berma pavimentada,Seco e limpo,Dois sentidos,Bom tempo,Fora da intersecção,Dentro das localidades,Em pleno dia,Em patamar,Recta,Em plena via,Colisão,TERÇA-FEIRA  ,0,2,46,2008-08-13,9,ligeiro,Sim,Nao,Sim,375.3,1,4,46,3185
51403,2009389505,Braga,41.527488,-8.668947,EN103-1,4.55,1,0,0,1.0,50,Berma não pavimentada,Molhado,Dois sentidos,Chuva,Fora da intersecção,Dentro das localidades,"Noite, com iluminação",Em patamar,Recta,Em plena via,Despiste,QUINTA-FEIRA ,0,1,46,2009-06-07,5,ligeiro,Nao,Sim,Nao,375.3,1,4,46,3185
51404,2009389592,Braga,41.525585,-8.654466000000001,EN103-1,3.05,1,0,0,2.0,50,Sem berma ou impraticável,Seco e limpo,Dois sentidos,Bom tempo,Fora da intersecção,Fora das localidades,Em pleno dia,Em patamar,Curva,Na berma,Despiste,SEXTA-FEIRA  ,0,1,46,2009-06-24,16,ligeiro,Sim,Nao,Sim,375.3,1,4,46,3185
51405,2010423403,Braga,41.525791,-8.654986,EN103-1,3.1,1,0,0,1.0,90,Berma pavimentada,Seco e limpo,Dois sentidos,Bom tempo,Fora da intersecção,Fora das localidades,Em pleno dia,Com inclinação,Curva,Em plena via,Colisão,DOMINGO      ,0,2,46,2009-10-12,15,ligeiro,Sim,Nao,Sim,375.3,1,4,46,3185
51406,2010423986,Braga,41.57338,-8.371037,EN(d)103,44.65,1,0,0,1.0,70,Berma pavimentada,Seco e limpo,Dois sentidos,Bom tempo,Fora da intersecção,Fora das localidades,Em pleno dia,Com inclinação,Curva,Na berma,Despiste,DOMINGO      ,0,1,46,2009-10-18,15,ligeiro,Sim,Nao,Sim,375.3,1,4,46,3185
51407,2010429498,Braga,41.417857,-8.325352,A7,39.58,1,0,0,2.0,120,Berma pavimentada,Húmido,Sentido único,Bom tempo,Fora da intersecção,Fora das localidades,"Noite, sem iluminação",Em patamar,Curva,Na berma,Despiste,QUARTA-FEIRA ,0,1,46,2009-11-18,19,ligeiro,Nao,Nao,Nao,375.3,1,4,46,3185
51408,2010428132,Braga,41.527703,-8.671799,EN103-1,4.8,1,0,0,1.0,50,Berma pavimentada,Molhado,Dois sentidos,Chuva,Em cruzamento,Dentro das localidades,"Noite, sem iluminação",Em patamar,Recta,Em plena via,Atropelamento,SEGUNDA-FEIRA,0,1,46,2009-11-16,19,ligeiro,Nao,Sim,Nao,375.3,1,4,46,3185
51409,2010477711,Braga,41.527384000000005,-8.662514999999999,EN103-1,4.0,2,0,0,1.0,50,Berma pavimentada,Seco e limpo,Dois sentidos,Bom tempo,Fora da intersecção,Dentro das localidades,Em pleno dia,Em patamar,Recta,Em plena via,Colisão,TERÇA-FEIRA  ,0,2,46,2010-07-08,13,ligeiro,Sim,Nao,Sim,375.3,1,4,46,3185
51410,2011500401,Braga,41.529496,-8.678514999999999,EN103-1,5.4,2,0,0,1.0,50,Berma pavimentada,Com óleo,Dois sentidos,Chuva,Fora da intersecção,Dentro das localidades,Em pleno dia,Com inclinação,Curva,Em plena via,Colisão,SEGUNDA-FEIRA,0,2,46,2010-10-29,13,ligeiro,Sim,Sim,Nao,375.3,1,4,46,3185
51412,2011542718,Braga,41.527384000000005,-8.662514999999999,EN103-1,4.0,2,0,0,1.0,50,Berma pavimentada,Seco e limpo,Dois sentidos,Bom tempo,Em entroncamento,Dentro das localidades,Em pleno dia,Em patamar,Recta,Na berma,Despiste,DOMINGO      ,0,1,46,2011-05-27,18,ligeiro,Sim,Nao,Sim,375.3,1,4,46,3185
51413,2011568452,Braga,41.527755,-8.65674,EN103-1,3.5,1,0,0,1.0,50,Sem berma ou impraticável,Molhado,Dois sentidos,Chuva,Fora da intersecção,Dentro das localidades,Em pleno dia,Em patamar,Curva,Na berma,Despiste,SEGUNDA-FEIRA,0,1,46,2011-09-02,15,ligeiro,Sim,Sim,Nao,375.3,1,4,46,3185