,COD_ACIDENTE,DISTRITO,LATITUDE,LONGITUDE,VIA,KM,QT_FLIGEIROS,QT_FGRAVES,QT_MORTOS,QT_VIAS_SENTIDO,VEL_LIM_LOCAL,BERMA_VIA,CONDICAO_ADERENCIA,FAIXA_RODAGEM,FATOR_ATMOSFERICO,INTERSECAO_VIA,LOCALIZACAO,LUMINOSIDADE,PERFIL_VIA,PLANTA_VIA,SITUACAO_ACIDENTE,TIPO_NATUREZA,DIA_SEMANA,FLAG_FERIADO,QT_VEICULOS,COD_FREGUESIA,DATA,HORA,GRAVIDADE,ERA_DIA,MAU_TEMPO,ESTRADA_SECA,DENSIDADE_TOTAL,COD_DISTRITO_INE,COD_CONCELHO_INE,COD_FREGUESIA_INE,TOTAL
51414,2012583101,Braga,41.527384000000005,-8.662514999999999,EN103-1,4.0,1,0,0,1.0,50,Berma pavimentada,Molhado,Dois sentidos,Chuva,Fora da intersecção,Dentro das localidades,"Noite, com iluminação",Em patamar,Recta,Em plena via,Colisão,SEXTA-FEIRA  ,0,2,46,2011-11-18,18,ligeiro,Nao,Sim,Nao,375.3,1,4,46,3185
51415,2012579588,Braga,41.527525,-8.664860000000001,EN103-1,4.2,1,0,0,1.0,50,Sem berma ou impraticável,Molhado,Dois sentidos,Chuva,Fora da intersecção,Dentro das localidades,"Noite, com iluminação",Com inclinação,Recta,Em plena via,Atropelamento,SÁBADO       ,0,1,46,2011-11-02,18,ligeiro,Nao,Sim,Nao,375.3,1,4,46,3185
51416,2012618204,Braga,41.527256,-8.659009,EN103-1,3.7,2,0,0,1.0,50,Berma pavimentada,Molhado,Dois sentidos,Chuva,Em entroncamento,Fora das localidades,Em pleno dia,Em patamar,Recta,Em plena via,Colisão,SÁBADO       ,0,2,46,2012-05-03,11,ligeiro,Sim,Sim,Nao,375.3,1,4,46,3185
51417,2012626681,Braga,41.581757,-8.370261,EN103,45.6,2,0,0,1.0,50,Berma pavimentada,Seco e limpo,Dois sentidos,Bom tempo,Em cruzamento,Dentro das localidades,Em pleno dia,Em patamar,Recta,Em plena via,Colisão,QUINTA-FEIRA ,0,2,46,2012-06-21,16,ligeiro,Sim,Nao,Sim,375.3,1,4,46,3185
51420,2012638662,Braga,41.529496,-8.678514999999999,EN103-1,5.4,1,0,0,1.0,50,Berma não pavimentada,Seco e limpo,Dois sentidos,Bom tempo,Fora da intersecção,Dentro das localidades,Aurora ou crepúsculo,Com inclinação,Recta,Na berma,Despiste,SÁBADO       ,0,1,46,2012-08-24,7,ligeiro,Nao,Nao,Sim,375.3,1,4,46,3185
51421,2009349537,Braga,41.581757,-8.370261,EN103,45.6,1,0,0,2.0,80,Berma não pavimentada,Seco e limpo,Dois sentidos,Bom tempo,Fora da intersecção,Fora das localidades,"Noite, sem iluminação",Em patamar,Recta,Na berma,Despiste,SÁBADO       ,0,1,46,2008-11-21,20,ligeiro,Nao,Nao,Sim,375.3,1,4,46,3185
51422,2011500405,Braga,41.527440000000006,-8.670667,EN103-1,4.7,2,0,0,1.0,50,Sem berma ou impraticável,Molhado,Dois sentidos,Chuva,Fora da intersecção,Dentro das localidades,Em pleno dia,Em patamar,Curva,Na berma,Despiste,QUARTA-FEIRA ,0,1,46,2010-10-31,15,ligeiro,Sim,Sim,Nao,375.3,1,4,46,3185
51424,2009389517,Braga,41.527703,-8.671799,EN103-1,4.8,3,0,0,1.0,50,Berma pavimentada,Seco e limpo,Dois sentidos,Bom tempo,Fora da intersecção,Dentro das localidades,Em pleno dia,Em patamar,Recta,Em plena via,Colisão,SEXTA-FEIRA  ,0,3,46,2009-06-13,15,ligeiro,Sim,Nao,Sim,375.3,1,4,46,3185
51428,2010441983,Braga,41.580946000000004,-8.370847,EN(d)103,45.5,1,0,0,1.0,50,Berma pavimentada,Seco e limpo,Dois sentidos,Bom tempo,Fora da intersecção,Dentro das localidades,Em pleno dia,Com inclinação,Recta,Em plena via,Colisão,SÁBADO       ,0,2,46,2010-01-05,15,ligeiro,Sim,Nao,Sim,375.3,1,4,46,3185
51429,2012631584,Braga,41.527574,-8.666034,EN103-1,4.3,1,0,0,1.0,50,Berma pavimentada,Seco e limpo,Dois sentidos,Bom tempo,Em cruzamento,Dentro das localidades,Em pleno dia,Em patamar,Recta,Em plena via,Atropelamento,TERÇA-FEIRA  ,0,1,46,2012-07-29,18,ligeiro,Sim,Nao,Sim,375.3,1,4,46,3185
51431,2010476263,Braga,41.527488,-8.668947,EN103-1,4.55,3,1,0,1.0,50,Berma pavimentada,Seco e limpo,Dois sentidos,Bom tempo,Em entroncamento,Dentro das localidades,Em pleno dia,Em patamar,Recta,Em plena via,Colisão,TERÇA-FEIRA  ,0,2,46,2010-07-08,18,ligeiro,Sim,Nao,Sim,375.3,1,4,46,3185
51432,2008337481,Braga,41.529859,-8.681475,EN103-1,5.65,1,0,0,1.0,50,Berma pavimentada,Seco e limpo,Dois sentidos,Bom tempo,Fora da intersecção,Dentro das localidades,Em pleno dia,Com inclinação,Curva,Em plena via,Colisão,SEGUNDA-FEIRA,0,2,46,2008-08-01,15,ligeiro,Sim,Nao,Sim,375.3,1,4,46,3185
51433,2007279237,Braga,41.527271999999996,-8.661462,EN103-1,3.91,1,0,0,1.0,50,Berma não pavimentada,Seco e limpo,Dois sentidos,Bom tempo,Em entroncamento,Dentro das localidades,Em pleno dia,Em patamar,Recta,Em plena via,Colisão,QUINTA-FEIRA ,0,2,46,2007-04-12,18,ligeiro,Sim,Nao,Sim,375.3,1,4,46,3185
51435,2011561960,Braga,41.526833,-8.655467999999999,EN103-1,3.25,1,0,0,1.0,50,Sem berma ou impraticável,Molhado,Dois sentidos,Chuva,Fora da intersecção,Dentro das localidades,Em pleno dia,Em patamar,Curva,Em plena via,Despiste,TERÇA-FEIRA  ,0,1,46,2011-08-22,10,ligeiro,Sim,Sim,Nao,375.3,1,4,46,3185
51436,2011571599,Braga,41.527468,-8.657869999999999,EN103-1,3.6,1,0,0,1.0,50,Berma pavimentada,Seco e limpo,Dois sentidos,Bom tempo,Fora da intersecção,Dentro das localidades,Em pleno dia,Em patamar,Curva,Em plena via,Colisão,SÁBADO       ,0,3,46,2011-09-06,13,ligeiro,Sim,Nao,Sim,375.3,1,4,46,3185
51437,2009389590,Braga,41.527337,-8.662047,EN103-1,3.96,1,0,0,1.0,50,Berma pavimentada,Seco e limpo,Dois sentidos,Bom tempo,Fora da intersecção,Dentro das localidades,Em pleno dia,Com inclinação,Recta,Em plena via,Atropelamento,QUINTA-FEIRA ,0,1,46,2009-06-18,12,ligeiro,Sim,Nao,Sim,375.3,1,4,46,3185
51439,2008340876,Braga,41.527440000000006,-8.670667,EN103-1,4.7,2,0,0,1.0,50,Berma pavimentada,Molhado,Dois sentidos,Chuva,Fora da intersecção,Dentro das localidades,Em pleno dia,Em patamar,Recta,Em plena via,Colisão,QUINTA-FEIRA ,0,2,46,2008-09-18,8,ligeiro,Sim,Sim,Nao,375.3,1,4,46,3185
51440,2007295635,Braga,41.526416999999995,-8.655671,EN103-1,3.2,1,0,0,1.0,50,Berma pavimentada,Molhado,Dois sentidos,Bom tempo,Em via de desaceleração,Dentro das localidades,Em pleno dia,Em patamar,Curva,Em plena via,Colisão,QUARTA-FEIRA ,0,2,46,2007-09-29,17,ligeiro,Sim,Nao,Nao,375.3,1,4,46,3185
51441,2011524881,Braga,41.527574,-8.666034,EN103-1,4.3,1,0,0,1.0,50,Sem berma ou impraticável,Molhado,Dois sentidos,Chuva,Em cruzamento,Dentro das localidades,Em pleno dia,Em patamar,Recta,Em plena via,Colisão,DOMINGO      ,0,2,46,2011-02-14,14,ligeiro,Sim,Sim,Nao,375.3,1,4,46,3185
51443,2009418078,Braga,41.526416999999995,-8.655671,EN103-1,3.2,2,0,0,1.0,50,Sem berma ou impraticável,Seco e limpo,Dois sentidos,Bom tempo,Fora da intersecção,Fora das localidades,Aurora ou crepúsculo,Com inclinação,Curva,Em plena via,Colisão,QUARTA-FEIRA ,0,3,46,2009-09-11,19,ligeiro,Nao,Nao,Sim,375.3,1,4,46,3185
51444,2009418074,Braga,41.527384000000005,-8.662514999999999,EN103-1,4.0,1,0,0,1.0,50,Berma pavimentada,Seco e limpo,Dois sentidos,Bom tempo,Fora da intersecção,Dentro das localidades,Em pleno dia,Em patamar,Recta,Em plena via,Colisão,DOMINGO      ,0,3,46,2009-09-14,9,ligeiro,Sim,Nao,Sim,375.3,1,4,46,3185
51447,2012636971,Braga,41.5273,-8.661696000000001,EN103-1,3.93,1,0,0,1.0,50,Berma pavimentada,Seco e limpo,Dois sentidos,Bom tempo,Fora da intersecção,Dentro das localidades,Em pleno dia,Em patamar,Recta,Em plena via,Colisão,SÁBADO       ,0,3,46,2012-08-13,18,ligeiro,Sim,Nao,Sim,375.3,1,4,46,3185
51448,2010491486,Braga,41.525642,-8.654653,EN103-1,3.07,3,0,0,1.0,50,Sem berma ou impraticável,Molhado,Dois sentidos,Chuva,Fora da intersecção,Dentro das localidades,Em pleno dia,Em patamar,Recta,Em plena via,Colisão,TERÇA-FEIRA  ,0,2,46,2010-08-06,18,ligeiro,Sim,Sim,Nao,375.3,1,4,46,3185
51449,2011527176,Braga,41.527384000000005,-8.662514999999999,EN103-1,4.0,1,0,0,1.0,50,Berma pavimentada,Molhado,Dois sentidos,Chuva,Fora da intersecção,Dentro das localidades,"Noite, com iluminação",Em patamar,Recta,Em plena via,Colisão,SEGUNDA-FEIRA,0,2,46,2011-03-26,19,ligeiro,Nao,Sim,Nao,375.3,1,4,46,3185
51450,2011518979,Braga,41.419639000000004,-8.32723,A11,46.73,1,0,0,2.0,40,Berma pavimentada,Molhado,Sentido único,Chuva,Fora da intersecção,Fora das localidades,Em pleno dia,Com inclinação,Curva,Em plena via,Colisão,TERÇA-FEIRA  ,0,2,46,2011-01-07,14,ligeiro,Sim,Sim,Nao,375.3,1,4,46,3185
51457,2007298146,Braga,41.527488,-8.668947,EN103-1,4.55,2,0,0,1.0,50,Sem berma ou impraticável,Seco e limpo,Dois sentidos,Bom tempo,Em entroncamento,Dentro das localidades,Em pleno dia,Com inclinação,Recta,Em plena via,Colisão,SEGUNDA-FEIRA,0,2,46,2007-10-09,7,ligeiro,Sim,Nao,Sim,375.3,1,4,46,3185
51458,2011549091,Braga,41.528853000000005,-8.674995,EN103-1,5.1,1,0,0,1.0,50,Sem berma ou impraticável,Seco e limpo,Dois sentidos,Bom tempo,Fora da intersecção,Dentro das localidades,Em pleno dia,Com inclinação,Curva,Em plena via,Despiste,SÁBADO       ,0,1,46,2011-06-18,8,ligeiro,Sim,Nao,Sim,375.3,1,4,46,3185
51459,2012608685,Braga,41.525556,-8.653878,EN103-1,3.0,1,0,0,1.0,50,Berma pavimentada,Seco e limpo,Dois sentidos,Bom tempo,Fora da intersecção,Dentro das localidades,Em pleno dia,Com inclinação,Recta,Em plena via,Colisão,TERÇA-FEIRA  ,0,2,46,2012-03-09,7,ligeiro,Sim,Nao,Sim,375.3,1,4,46,3185
51460,2009358130,Braga,41.580946000000004,-8.370847,EN(d)103,45.5,1,0,0,1.0,50,Berma pavimentada,Molhado,Sentido único,Chuva,Em rotunda,Dentro das localidades,Em pleno dia,Em patamar,Curva,Em plena via,Despiste,TERÇA-FEIRA  ,0,1,46,2009-01-25,16,ligeiro,Sim,Sim,Nao,375.3,1,4,46,3185
51461,2010433701,Braga,41.527467,-8.669061,EN103-1,4.56,2,0,0,1.0,50,Sem berma ou impraticável,Seco e limpo,Dois sentidos,Bom tempo,Em entroncamento,Dentro das localidades,Em pleno dia,Em patamar,Recta,Em plena via,Colisão,TERÇA-FEIRA  ,0,2,46,2009-12-10,16,ligeiro,Sim,Nao,Sim,375.3,1,4,46,3185
51462,2009417812,Braga,41.528951,-8.675334,EN103-1,5.13,0,1,0,1.0,50,Berma pavimentada,Seco e limpo,Dois sentidos,Bom tempo,Fora da intersecção,Dentro das localidades,Em pleno dia,Em patamar,Curva,Em plena via,Colisão,SÁBADO       ,0,2,46,2009-09-30,10,ligeiro,Sim,Nao,Sim,375.3,1,4,46,3185
51463,2007300143,Braga,41.528196,-8.673418,EN103-1,4.95,1,0,0,1.0,80,Berma não pavimentada,Seco e limpo,Dois sentidos,Bom tempo,Fora da intersecção,Dentro das localidades,Em pleno dia,Em patamar,Recta,Em plena via,Colisão,QUINTA-FEIRA ,0,2,46,2007-10-23,10,ligeiro,Sim,Nao,Sim,375.3,1,4,46,3185
51465,2010486066,Braga,41.527675,-8.655198,EN103-1,3.35,3,0,0,1.0,50,Sem berma ou impraticável,Molhado,Dois sentidos,Chuva,Fora da intersecção,Dentro das localidades,Em pleno dia,Em patamar,Curva,Em plena via,Colisão,TERÇA-FEIRA  ,0,2,46,2010-08-23,13,ligeiro,Sim,Sim,Nao,375.3,1,4,46,3185
51466,2012608690,Braga,41.528413,-8.67393,EN103-1,5.0,2,0,0,1.0,50,Berma pavimentada,Seco e limpo,Dois sentidos,Bom tempo,Fora da intersecção,Dentro das localidades,Em pleno dia,Em patamar,Recta,Em plena via,Colisão,QUINTA-FEIRA ,0,4,46,2012-03-11,15,ligeiro,Sim,Nao,Sim,375.3,1,4,46,3185
51467,2010446027,Braga,41.421824,-8.329834,A7,38.99,1,0,0,2.0,120,Berma pavimentada,Seco e limpo,Sentido único,Bom tempo,Fora da intersecção,Fora das localidades,Em pleno dia,Com inclinação,Curva,Em plena via,Despiste,QUARTA-FEIRA ,0,1,46,2010-02-12,15,ligeiro,Sim,Nao,Sim,375.3,1,4,46,3185
51469,2010496253,Braga,41.527122999999996,-8.660181,EN103-1,3.8,1,0,0,1.0,50,Sem berma ou impraticável,Seco e limpo,Dois sentidos,Bom tempo,Fora da intersecção,Dentro das localidades,Em pleno dia,Em patamar,Recta,Em plena via,Colisão,SEXTA-FEIRA  ,0,2,46,2010-10-04,15,ligeiro,Sim,Nao,Sim,375.3,1,4,46,3185
51470,2011555089,Braga,41.526416999999995,-8.655671,EN103-1,3.2,1,0,0,1.0,50,Berma pavimentada,Seco e limpo,Dois sentidos,Bom tempo,Fora da intersecção,Dentro das localidades,Em pleno dia,Em patamar,Curva,Em plena via,Colisão,SEGUNDA-FEIRA,0,2,46,2011-07-01,17,ligeiro,Sim,Nao,Sim,375.3,1,4,46,3185
51471,2012591627,Braga,41.581277,-8.370442,EN(d)103,45.55,1,0,0,2.0,90,Berma pavimentada,Seco e limpo,Sentido único,Bom tempo,Em rotunda,Fora das localidades,Em pleno dia,Com inclinação,Curva,Em plena via,Colisão,SEGUNDA-FEIRA,0,2,46,2011-12-24,12,ligeiro,Sim,Nao,Sim,375.3,1,4,46,3185
51472,2007288471,Braga,41.541693,-8.592802,ER205,25.75,1,0,0,1.0,50,Berma pavimentada,Seco e limpo,Dois sentidos,Bom tempo,NÃO DEFINIDO,Dentro das localidades,"Noite, com iluminação",Em patamar,Recta,Em plena via,Colisão,SÁBADO       ,0,2,77,2007-07-14,0,ligeiro,Nao,Nao,Sim,251.0,1,5,77,9657
51473,2007291249,Braga,41.542982,-8.592446,ER205,25.9,2,1,0,1.0,80,Sem berma ou impraticável,Seco e limpo,Dois sentidos,Bom tempo,Fora da intersecção,Dentro das localidades,"Noite, sem iluminação",Em patamar,Recta,Em plena via,Despiste,QUINTA-FEIRA ,0,1,77,2007-08-04,3,ligeiro,Nao,Nao,Sim,251.0,1,5,77,9657
51474,2007298148,Braga,41.542982,-8.592446,ER205,25.9,1,0,0,2.0,50,Berma pavimentada,Seco e limpo,Dois sentidos,Bom tempo,Fora da intersecção,Dentro das localidades,"Noite, com iluminação",Em patamar,Recta,Em plena via,Atropelamento,SEGUNDA-FEIRA,0,1,77,2007-10-09,20,ligeiro,Nao,Nao,Sim,251.0,1,5,77,9657
51475,2008333829,Braga,41.54999,-8.583551,ER205,27.0,1,0,0,1.0,50,Berma não pavimentada,Seco e limpo,Dois sentidos,Bom tempo,Em entroncamento,Dentro das localidades,Em pleno dia,Em patamar,Recta,Em plena via,Colisão,SEXTA-FEIRA  ,0,2,77,2008-07-29,13,ligeiro,Sim,Nao,Sim,251.0,1,5,77,9657
51476,2008338378,Braga,41.534467,-8.604092999999999,ER205,24.35,1,0,0,1.0,80,Berma não pavimentada,Seco e limpo,Dois sentidos,Bom tempo,Em via de aceleração,Dentro das localidades,Em pleno dia,Com inclinação,Recta,Em plena via,Colisão,SEGUNDA-FEIRA,0,3,77,2008-08-29,15,ligeiro,Sim,Nao,Sim,251.0,1,5,77,9657
51477,2008344034,Braga,41.538853,-8.595677,ER205,25.3,1,0,0,1.0,50,Berma pavimentada,Seco e limpo,Sentido único,Bom tempo,Fora da intersecção,Dentro das localidades,Em pleno dia,Em patamar,Recta,Em plena via,Colisão,DOMINGO      ,0,3,77,2008-10-02,15,ligeiro,Sim,Nao,Sim,251.0,1,5,77,9657
51478,2009352954,Braga,41.542982,-8.592446,ER205,25.9,1,0,0,1.0,50,Sem berma ou impraticável,Molhado,Dois sentidos,Chuva,Fora da intersecção,Dentro das localidades,"Noite, com iluminação",Em patamar,Recta,Em plena via,Despiste,SÁBADO       ,0,1,77,2008-12-14,0,ligeiro,Nao,Sim,Nao,251.0,1,5,77,9657
51479,2010424098,Braga,41.535412,-8.600453,ER205,24.68,1,0,0,1.0,50,Sem berma ou impraticável,Seco e limpo,Dois sentidos,Bom tempo,Fora da intersecção,Dentro das localidades,Em pleno dia,Em patamar,Curva,Em plena via,Despiste,SEGUNDA-FEIRA,0,1,77,2009-10-13,12,ligeiro,Sim,Nao,Sim,251.0,1,5,77,9657
51480,2010428155,Braga,41.546481,-8.588289999999999,ER205,26.43,1,0,0,1.0,50,Berma pavimentada,Molhado,Dois sentidos,Bom tempo,Em entroncamento,Dentro das localidades,Em pleno dia,Em patamar,Recta,Em plena via,Colisão,QUINTA-FEIRA ,0,2,77,2009-11-30,11,ligeiro,Sim,Nao,Nao,251.0,1,5,77,9657
51481,2010441990,Braga,41.545124,-8.590346,ER205,26.2,1,0,0,1.0,50,Sem berma ou impraticável,Seco e limpo,Dois sentidos,Bom tempo,Fora da intersecção,Dentro das localidades,"Noite, com iluminação",Com inclinação,Curva,Em plena via,Despiste,SEXTA-FEIRA  ,0,1,77,2010-01-10,0,ligeiro,Nao,Nao,Sim,251.0,1,5,77,9657
51482,2010468615,Braga,41.536203,-8.598313000000001,ER205,24.9,1,0,0,1.0,50,Berma pavimentada,Seco e limpo,Dois sentidos,Bom tempo,Fora da intersecção,Dentro das localidades,Em pleno dia,Em patamar,Recta,Em plena via,Colisão,SEXTA-FEIRA  ,0,2,77,2010-06-07,10,ligeiro,Sim,Nao,Sim,251.0,1,5,77,9657
51483,2010496239,Braga,41.542982,-8.592446,ER205,25.9,1,0,0,1.0,50,Sem berma ou impraticável,Molhado,Dois sentidos,Chuva,Fora da intersecção,Dentro das localidades,Em pleno dia,Em patamar,Curva,Em plena via,Despiste,QUARTA-FEIRA ,0,1,77,2010-10-03,13,ligeiro,Sim,Sim,Nao,251.0,1,5,77,9657
51484,2011500395,Braga,41.542124,-8.592683000000001,ER205,25.8,3,0,0,1.0,50,Berma pavimentada,Seco e limpo,Dois sentidos,Bom tempo,Em entroncamento,Dentro das localidades,"Noite, com iluminação",Em patamar,Recta,Em plena via,Colisão,QUINTA-FEIRA ,0,2,77,2010-10-20,22,ligeiro,Nao,Nao,Sim,251.0,1,5,77,9657
51485,2011529679,Braga,41.538501000000004,-8.596751,ER205,25.2,2,0,0,1.0,50,Berma pavimentada,Seco e limpo,Dois sentidos,Bom tempo,Fora da intersecção,Dentro das localidades,"Noite, com iluminação",Em patamar,Recta,Em plena via,Colisão,QUINTA-FEIRA ,0,3,77,2011-04-15,23,ligeiro,Nao,Nao,Sim,251.0,1,5,77,9657
51486,2012597644,Braga,41.542982,-8.592446,ER205,25.9,2,0,0,2.0,50,Berma não pavimentada,Seco e limpo,Dois sentidos,Bom tempo,Fora da intersecção,Dentro das localidades,Em pleno dia,Em patamar,Recta,Em plena via,Colisão,SEGUNDA-FEIRA,0,2,77,2012-01-28,10,ligeiro,Sim,Nao,Sim,251.0,1,5,77,9657
51487,2012591653,Braga,41.537074,-8.597864999999999,ER205,25.01,4,0,0,1.0,50,Berma não pavimentada,Seco e limpo,Dois sentidos,Bom tempo,Fora da intersecção,Dentro das localidades,Em pleno dia,Em patamar,Recta,Em plena via,Colisão,SEGUNDA-FEIRA,0,3,77,2011-12-30,12,ligeiro,Sim,Nao,Sim,251.0,1,5,77,9657
51488,2012623479,Braga,41.541261,-8.59292,ER205,25.7,0,2,0,1.0,50,Berma não pavimentada,Seco e limpo,Dois sentidos,Bom tempo,Em entroncamento,Dentro das localidades,Em pleno dia,Em patamar,Recta,Em plena via,Atropelamento,QUINTA-FEIRA ,0,1,77,2012-06-21,17,ligeiro,Sim,Nao,Sim,251.0,1,5,77,9657
51489,2013656958,Braga,41.54444,-8.591135000000001,ER205,26.1,1,0,0,1.0,50,Berma não pavimentada,Seco e limpo,Dois sentidos,Bom tempo,Fora da intersecção,Dentro das localidades,"Noite, com iluminação",Em patamar,Recta,Em plena via,Colisão,QUARTA-FEIRA ,0,2,77,2012-10-01,19,ligeiro,Nao,Nao,Sim,251.0,1,5,77,9657
51490,2013662858,Braga,41.537025,-8.597891,ER205,25.0,1,1,0,1.0,50,Berma não pavimentada,Húmido,Dois sentidos,Chuva,Fora da intersecção,Dentro das localidades,"Noite, sem iluminação",Em patamar,Recta,Em plena via,Atropelamento,TERÇA-FEIRA  ,0,2,77,2012-11-20,18,ligeiro,Nao,Sim,Nao,251.0,1,5,77,9657
51491,2013671641,Braga,41.54083,-8.593038,ER205,25.65,1,0,0,1.0,50,Berma pavimentada,Seco e limpo,Dois sentidos,Bom tempo,Fora da intersecção,Dentro das localidades,Em pleno dia,Em patamar,Recta,Em plena via,Atropelamento,SÁBADO       ,0,1,77,2012-12-11,7,ligeiro,Sim,Nao,Sim,251.0,1,5,77,9657
51492,2013663501,Braga,41.546569,-8.588078999999999,ER205,26.45,1,0,0,1.0,50,Berma pavimentada,Molhado,Dois sentidos,Chuva,Fora da intersecção,Dentro das localidades,"Noite, com iluminação",Em patamar,Recta,Em plena via,Colisão,TERÇA-FEIRA  ,0,2,77,2012-11-15,17,ligeiro,Nao,Sim,Nao,251.0,1,5,77,9657
51493,2008341691,Braga,41.537025,-8.597891,ER205,25.0,1,0,0,1.0,50,Sem berma ou impraticável,Seco e limpo,Dois sentidos,Bom tempo,Fora da intersecção,Dentro das localidades,Em pleno dia,Em patamar,Recta,Em plena via,Colisão,SÁBADO       ,0,2,77,2008-09-14,10,ligeiro,Sim,Nao,Sim,251.0,1,5,77,9657
51494,2011539841,Braga,41.546349,-8.588605000000001,ER205,26.4,2,0,0,1.0,50,Berma não pavimentada,Seco e limpo,Dois sentidos,Bom tempo,Em entroncamento,Dentro das localidades,Em pleno dia,Com inclinação,Recta,Em plena via,Colisão,TERÇA-FEIRA  ,0,2,77,2011-05-06,12,ligeiro,Sim,Nao,Sim,251.0,1,5,77,9657
51495,2008322953,Braga,41.540397999999996,-8.593156,ER205,25.6,1,0,0,1.0,50,Berma pavimentada,Seco e limpo,Dois sentidos,Bom tempo,Fora da intersecção,Dentro das localidades,Em pleno dia,Em patamar,Recta,Em plena via,Colisão,QUINTA-FEIRA ,0,2,77,2008-04-28,12,ligeiro,Sim,Nao,Sim,251.0,1,5,77,9657
51496,2009353018,Braga,41.540571,-8.593109,ER205,25.62,2,0,0,1.0,50,Berma pavimentada,Seco e limpo,Dois sentidos,Bom tempo,Em entroncamento,Dentro das localidades,Em pleno dia,Em patamar,Recta,Em plena via,Colisão,SEXTA-FEIRA  ,0,2,77,2008-12-02,12,ligeiro,Sim,Nao,Sim,251.0,1,5,77,9657
51497,2012597481,Braga,41.54444,-8.591135000000001,ER205,26.1,1,0,0,1.0,50,Berma pavimentada,Húmido,Dois sentidos,Bom tempo,Fora da intersecção,Dentro das localidades,Em pleno dia,Em patamar,Recta,Em plena via,Colisão,SÁBADO       ,0,2,77,2012-01-04,13,ligeiro,Sim,Nao,Nao,251.0,1,5,77,9657
51498,2012638660,Braga,41.543406,-8.592272,ER205,25.95,2,0,0,1.0,50,Berma pavimentada,Molhado,Dois sentidos,Chuva,Fora da intersecção,Dentro das localidades,Aurora ou crepúsculo,Em patamar,Recta,Em plena via,Colisão,SÁBADO       ,0,2,77,2012-08-24,19,ligeiro,Nao,Sim,Nao,251.0,1,5,77,9657
51499,2011500399,Braga,41.541693,-8.592802,ER205,25.75,1,0,0,1.0,50,Berma pavimentada,Seco e limpo,Dois sentidos,Bom tempo,Fora da intersecção,Dentro das localidades,"Noite, com iluminação",Em patamar,Curva,Na berma,Despiste,SEXTA-FEIRA  ,0,1,77,2010-10-27,5,ligeiro,Nao,Nao,Sim,251.0,1,5,77,9657
51500,2008340867,Braga,41.54083,-8.593038,ER205,25.65,3,0,0,1.0,50,Berma não pavimentada,Seco e limpo,Dois sentidos,Bom tempo,Fora da intersecção,Dentro das localidades,Em pleno dia,Em patamar,Recta,Em plena via,Colisão,SEXTA-FEIRA  ,0,2,77,2008-09-30,11,ligeiro,Sim,Nao,Sim,251.0,1,5,77,9657
51501,2009416761,Braga,41.538853,-8.595677,ER205,25.3,1,0,0,1.0,50,Berma pavimentada,Seco e limpo,Dois sentidos,Bom tempo,Fora da intersecção,Dentro das localidades,Em pleno dia,Em patamar,Recta,Em plena via,Atropelamento,DOMINGO      ,0,1,77,2009-09-25,12,ligeiro,Sim,Nao,Sim,251.0,1,5,77,9657
51502,2010433154,Braga,41.540571,-8.593109,ER205,25.62,1,1,0,1.0,50,Berma pavimentada,Seco e limpo,Dois sentidos,Bom tempo,Fora da intersecção,Dentro das localidades,Em pleno dia,Em patamar,Recta,Em plena via,Colisão,QUARTA-FEIRA ,0,3,77,2009-12-11,14,ligeiro,Sim,Nao,Sim,251.0,1,5,77,9657
51503,2011567603,Braga,41.542982,-8.592446,ER205,25.9,1,0,0,1.0,50,Berma pavimentada,Seco e limpo,Dois sentidos,Bom tempo,Em entroncamento,Dentro das localidades,Em pleno dia,Em patamar,Recta,Em plena via,Colisão,SÁBADO       ,0,2,77,2011-09-23,18,ligeiro,Sim,Nao,Sim,251.0,1,5,77,9657
51504,2009389492,Braga,41.543763,-8.591935000000001,ER205,26.0,1,0,0,1.0,50,Berma pavimentada,Molhado,Dois sentidos,Chuva,Fora da intersecção,Dentro das localidades,Em pleno dia,Em patamar,Curva,Em plena via,Despiste,SEGUNDA-FEIRA,1,1,77,2009-06-10,16,ligeiro,Sim,Sim,Nao,251.0,1,5,77,9657
51505,2010430437,Braga,41.543763,-8.591935000000001,ER205,26.0,0,1,0,1.0,50,Sem berma ou impraticável,Molhado,Dois sentidos,Chuva,Fora da intersecção,Fora das localidades,"Noite, com iluminação",Em patamar,Recta,Em plena via,Despiste,TERÇA-FEIRA  ,0,1,77,2009-11-17,0,ligeiro,Nao,Sim,Nao,251.0,1,5,77,9657
51506,2011505931,Braga,41.543552000000005,-8.592164,ER205,25.97,1,0,0,1.0,50,Sem berma ou impraticável,Seco e limpo,Dois sentidos,Bom tempo,Em entroncamento,Dentro das localidades,Em pleno dia,Em patamar,Curva,Em plena via,Colisão,QUARTA-FEIRA ,0,2,77,2010-11-06,16,ligeiro,Sim,Nao,Sim,251.0,1,5,77,9657
51507,2012638502,Braga,41.551106,-8.582512,ER205,27.15,3,0,0,2.0,50,Berma não pavimentada,Seco e limpo,Dois sentidos,Bom tempo,Fora da intersecção,Dentro das localidades,Em pleno dia,Em patamar,Recta,Em plena via,Colisão,TERÇA-FEIRA  ,0,2,77,2012-08-21,8,ligeiro,Sim,Nao,Sim,251.0,1,5,77,9657