,COD_ACIDENTE,DISTRITO,LATITUDE,LONGITUDE,VIA,KM,QT_FLIGEIROS,QT_FGRAVES,QT_MORTOS,QT_VIAS_SENTIDO,VEL_LIM_LOCAL,BERMA_VIA,CONDICAO_ADERENCIA,FAIXA_RODAGEM,FATOR_ATMOSFERICO,INTERSECAO_VIA,LOCALIZACAO,LUMINOSIDADE,PERFIL_VIA,PLANTA_VIA,SITUACAO_ACIDENTE,TIPO_NATUREZA,DIA_SEMANA,FLAG_FERIADO,QT_VEICULOS,COD_FREGUESIA,DATA,HORA,GRAVIDADE,ERA_DIA,MAU_TEMPO,ESTRADA_SECA,DENSIDADE_TOTAL,COD_DISTRITO_INE,COD_CONCELHO_INE,COD_FREGUESIA_INE,TOTAL
51508,2008304770,Braga,41.535627000000005,-8.599076,ER205,24.8,1,0,0,1.0,50,Sem berma ou impraticável,Seco e limpo,Dois sentidos,Bom tempo,Fora da intersecção,Dentro das localidades,Em pleno dia,Em patamar,Recta,Em plena via,Colisão,QUARTA-FEIRA ,0,2,77,2007-12-12,13,ligeiro,Sim,Nao,Sim,251.0,1,5,77,9657
51509,2008330267,Braga,41.538678999999995,-8.596216,ER205,25.25,1,0,0,1.0,50,Berma pavimentada,Seco e limpo,Dois sentidos,Bom tempo,Fora da intersecção,Dentro das localidades,"Noite, sem iluminação",Em patamar,Recta,Em plena via,Colisão,DOMINGO      ,0,2,77,2008-06-21,23,ligeiro,Nao,Nao,Sim,251.0,1,5,77,9657
51510,2010496258,Braga,41.546788,-8.587552,ER205,26.5,1,0,0,1.0,50,Berma não pavimentada,Seco e limpo,Dois sentidos,Bom tempo,Em entroncamento,Dentro das localidades,Em pleno dia,Com inclinação,Recta,Em plena via,Colisão,QUINTA-FEIRA ,0,2,77,2010-10-09,12,ligeiro,Sim,Nao,Sim,251.0,1,5,77,9657
51511,2012632586,Braga,41.541693,-8.592802,ER205,25.75,3,0,0,1.0,50,Berma pavimentada,Seco e limpo,Dois sentidos,Bom tempo,Em entroncamento,Dentro das localidades,"Noite, com iluminação",Em patamar,Recta,Em plena via,Colisão,QUINTA-FEIRA ,0,2,77,2012-07-14,21,ligeiro,Nao,Nao,Sim,251.0,1,5,77,9657
51512,2009367396,Braga,41.551165000000005,-8.582422,ER205,27.16,1,0,0,1.0,90,Berma não pavimentada,Seco e limpo,Dois sentidos,Bom tempo,Em entroncamento,Fora das localidades,Em pleno dia,Em patamar,Recta,Em plena via,Colisão,SEGUNDA-FEIRA,0,2,77,2009-03-16,16,ligeiro,Sim,Nao,Sim,251.0,1,5,77,9657
51513,2011566079,Braga,41.539966,-8.593273,ER205,25.55,0,1,0,2.0,50,Berma não pavimentada,Seco e limpo,Dois sentidos,Bom tempo,Fora da intersecção,Dentro das localidades,"Noite, sem iluminação",Em patamar,Curva,Em plena via,Atropelamento,SEXTA-FEIRA  ,0,1,77,2011-09-22,23,ligeiro,Nao,Nao,Sim,251.0,1,5,77,9657
51514,2010453859,Braga,41.538678999999995,-8.596216,ER205,25.25,1,0,0,1.0,50,Berma pavimentada,Seco e limpo,Dois sentidos,Bom tempo,Fora da intersecção,Dentro das localidades,Em pleno dia,Em patamar,Recta,Em plena via,Colisão,QUINTA-FEIRA ,0,2,77,2010-03-12,13,ligeiro,Sim,Nao,Sim,251.0,1,5,77,9657
51515,2010423405,Braga,41.545124,-8.590346,ER205,26.2,1,0,0,2.0,50,Berma pavimentada,Molhado,Dois sentidos,Chuva,Em entroncamento,Dentro das localidades,Em pleno dia,Em patamar,Recta,Em plena via,Colisão,TERÇA-FEIRA  ,0,2,77,2009-10-08,9,ligeiro,Sim,Sim,Nao,251.0,1,5,77,9657
51516,2012600496,Braga,41.546349,-8.588605000000001,ER205,26.4,1,0,0,1.0,50,Berma pavimentada,Seco e limpo,Dois sentidos,Bom tempo,Em entroncamento,Dentro das localidades,Em pleno dia,Em patamar,Recta,Em plena via,Colisão,SEXTA-FEIRA  ,0,2,77,2012-02-12,12,ligeiro,Sim,Nao,Sim,251.0,1,5,77,9657
51517,2011555173,Braga,41.54999,-8.583551,ER205,27.0,2,0,0,2.0,50,Berma pavimentada,Seco e limpo,Sentido único,Bom tempo,Fora da intersecção,Dentro das localidades,Em pleno dia,Em patamar,Recta,Em plena via,Colisão,SEGUNDA-FEIRA,0,2,77,2011-07-12,16,ligeiro,Sim,Nao,Sim,251.0,1,5,77,9657
51518,2009358758,Braga,41.535627000000005,-8.599076,ER205,24.8,2,0,0,1.0,50,Berma pavimentada,Seco e limpo,Dois sentidos,Bom tempo,Fora da intersecção,Dentro das localidades,Em pleno dia,Em patamar,Recta,Em plena via,Colisão,DOMINGO      ,0,2,77,2009-02-10,11,ligeiro,Sim,Nao,Sim,251.0,1,5,77,9657
51519,2009390756,Braga,41.545124,-8.590346,ER205,26.2,3,0,0,1.0,50,Berma pavimentada,Molhado,Dois sentidos,Chuva,Em entroncamento,Dentro das localidades,Em pleno dia,Com inclinação,Recta,Em plena via,Colisão,TERÇA-FEIRA  ,0,3,77,2009-04-09,14,ligeiro,Sim,Sim,Nao,251.0,1,5,77,9657
51520,2013669742,Braga,41.546889,-8.58731,ER205,26.52,1,0,0,1.0,50,Berma não pavimentada,Seco e limpo,Dois sentidos,Bom tempo,Fora da intersecção,Dentro das localidades,"Noite, com iluminação",Em patamar,Recta,Na berma,Despiste,SEGUNDA-FEIRA,0,1,77,2012-12-18,22,ligeiro,Nao,Nao,Sim,251.0,1,5,77,9657
51521,2010469680,Braga,41.535447,-8.600223,ER205,24.7,1,0,0,1.0,50,Berma não pavimentada,Seco e limpo,Dois sentidos,Bom tempo,Fora da intersecção,Dentro das localidades,Em pleno dia,Em patamar,Recta,Em plena via,Colisão,QUINTA-FEIRA ,0,2,77,2010-06-28,15,ligeiro,Sim,Nao,Sim,251.0,1,5,77,9657
51522,2010491484,Braga,41.54999,-8.583551,ER205,27.0,2,0,0,1.0,50,Berma pavimentada,Seco e limpo,Dois sentidos,Bom tempo,Fora da intersecção,Dentro das localidades,Em pleno dia,Em patamar,Recta,Em plena via,Colisão,TERÇA-FEIRA  ,0,3,77,2010-09-09,14,ligeiro,Sim,Nao,Sim,251.0,1,5,77,9657
51523,2008341696,Braga,41.541693,-8.592802,ER205,25.75,1,0,0,1.0,50,Berma pavimentada,Seco e limpo,Dois sentidos,Bom tempo,Em entroncamento,Dentro das localidades,Em pleno dia,Em patamar,Recta,Em plena via,Colisão,QUARTA-FEIRA ,0,2,77,2008-09-06,15,ligeiro,Sim,Nao,Sim,251.0,1,5,77,9657
51525,2008319703,Braga,41.418337,-8.348664999999999,A7,35.83,0,1,0,3.0,120,Berma pavimentada,Húmido,Sentido único,Nevoeiro,Fora da intersecção,Fora das localidades,"Noite, sem iluminação",Com inclinação,Curva,Na berma,Despiste,TERÇA-FEIRA  ,0,1,50,2008-03-29,3,ligeiro,Nao,Sim,Nao,114.9,1,4,50,1253
51526,2009351822,Braga,41.415022,-8.361202,A7,34.7,1,0,0,3.0,120,Berma pavimentada,Molhado,Sentido único,Chuva,Fora da intersecção,Fora das localidades,Em pleno dia,Com inclinação,Curva,Na berma,Despiste,SEGUNDA-FEIRA,0,1,50,2008-12-04,16,ligeiro,Sim,Sim,Nao,114.9,1,4,50,1253
51527,2009353047,Braga,41.700314,-8.422402,EN101,72.1,1,0,0,1.0,50,Sem berma ou impraticável,Húmido,Dois sentidos,Bom tempo,Fora da intersecção,Dentro das localidades,Em pleno dia,Em patamar,Recta,Em plena via,Colisão,QUINTA-FEIRA ,1,2,50,2008-12-01,10,ligeiro,Sim,Nao,Nao,114.9,1,4,50,1253
51529,2009373736,Braga,41.692203000000006,-8.426668,EN101,73.4,1,0,0,1.0,50,Berma não pavimentada,Molhado,Dois sentidos,Bom tempo,Fora da intersecção,Dentro das localidades,Em pleno dia,Em patamar,Curva,Na berma,Despiste,SEXTA-FEIRA  ,0,1,50,2009-04-17,7,ligeiro,Sim,Nao,Nao,114.9,1,4,50,1253
51530,2010424081,Braga,41.699495,-8.422891,EN101,72.2,2,0,0,1.0,50,Sem berma ou impraticável,Húmido,Dois sentidos,Bom tempo,Em entroncamento,Dentro das localidades,Em pleno dia,Em patamar,Curva,Em plena via,Colisão,TERÇA-FEIRA  ,0,3,50,2009-10-25,11,ligeiro,Sim,Nao,Nao,114.9,1,4,50,1253
51531,2010428125,Braga,41.490804,-8.432331,EN(d)309,29.4,1,0,0,1.0,50,Sem berma ou impraticável,Seco e limpo,Dois sentidos,Bom tempo,Em entroncamento,Dentro das localidades,"Noite, com iluminação",Em patamar,Recta,Em plena via,Colisão,QUINTA-FEIRA ,0,2,50,2009-11-02,19,ligeiro,Nao,Nao,Sim,114.9,1,4,50,1253
51533,2010463488,Braga,41.416059999999995,-8.356614,A7,35.1,1,0,0,3.0,120,Berma pavimentada,Molhado,Sentido único,Bom tempo,Fora da intersecção,Fora das localidades,Em pleno dia,Em patamar,Curva,Em plena via,Despiste,SEXTA-FEIRA  ,0,1,50,2010-05-09,8,ligeiro,Sim,Nao,Nao,114.9,1,4,50,1253
51535,2010477760,Braga,41.490804,-8.432331,EN(d)309,29.4,1,0,0,1.0,50,Sem berma ou impraticável,Seco e limpo,Dois sentidos,Bom tempo,Em entroncamento,Dentro das localidades,Em pleno dia,Em patamar,Recta,Em plena via,Colisão,TERÇA-FEIRA  ,0,2,50,2010-07-08,16,ligeiro,Sim,Nao,Sim,114.9,1,4,50,1253
51538,2010478919,Braga,41.488777,-8.431233,EN(d)309,29.15,2,0,0,1.0,50,Berma não pavimentada,Seco e limpo,Dois sentidos,Bom tempo,Fora da intersecção,Dentro das localidades,Em pleno dia,Em patamar,Recta,Em plena via,Colisão,DOMINGO      ,0,2,50,2010-07-18,13,ligeiro,Sim,Nao,Sim,114.9,1,4,50,1253
51539,2011506765,Braga,41.414840999999996,-8.361751,A7,34.65,1,0,0,3.0,120,Berma pavimentada,Molhado,Sentido único,Chuva,Fora da intersecção,Fora das localidades,"Noite, sem iluminação",Em patamar,Recta,Na berma,Despiste,SEXTA-FEIRA  ,0,1,50,2010-11-30,4,ligeiro,Nao,Sim,Nao,114.9,1,4,50,1253
51540,2011513884,Braga,41.488105,-8.430447000000001,EN(d)309,29.05,1,0,0,1.0,50,Berma pavimentada,Seco e limpo,Dois sentidos,Bom tempo,Fora da intersecção,Dentro das localidades,Em pleno dia,Em patamar,Recta,Em plena via,Atropelamento,DOMINGO      ,0,1,50,2010-12-24,9,ligeiro,Sim,Nao,Sim,114.9,1,4,50,1253
51541,2011523830,Braga,41.699162,-8.42385,EN101,72.3,1,0,0,1.0,50,Berma não pavimentada,Molhado,Dois sentidos,Chuva,Fora da intersecção,Dentro das localidades,Em pleno dia,Com inclinação,Curva,Em plena via,Colisão,DOMINGO      ,0,2,50,2011-02-20,17,ligeiro,Sim,Sim,Nao,114.9,1,4,50,1253
51542,2011549061,Braga,41.419353,-8.342211,A7,36.4,1,0,0,3.0,120,Berma pavimentada,Seco e limpo,Sentido único,Bom tempo,Fora da intersecção,Fora das localidades,Em pleno dia,Com inclinação,Curva,Na berma,Despiste,QUINTA-FEIRA ,0,1,50,2011-06-22,19,ligeiro,Sim,Nao,Sim,114.9,1,4,50,1253
51543,2011562107,Braga,41.711555,-8.42393,EN101,70.64,1,0,0,1.0,50,Sem berma ou impraticável,Molhado,Dois sentidos,Chuva,Fora da intersecção,Dentro das localidades,Em pleno dia,Com inclinação,Curva,Na berma,Despiste,TERÇA-FEIRA  ,0,1,50,2011-08-22,11,ligeiro,Sim,Sim,Nao,114.9,1,4,50,1253
51544,2012579566,Braga,41.415538,-8.358908,A7,34.9,1,0,0,3.0,120,Berma pavimentada,Seco e limpo,Sentido único,Bom tempo,Fora da intersecção,Fora das localidades,Em pleno dia,Com inclinação,Recta,Em plena via,Colisão,DOMINGO      ,0,2,50,2011-11-08,8,ligeiro,Sim,Nao,Sim,114.9,1,4,50,1253
51546,2012632538,Braga,41.699496,-8.424922,EN101,72.4,1,0,0,1.0,50,Berma pavimentada,Seco e limpo,Dois sentidos,Bom tempo,Fora da intersecção,Dentro das localidades,Em pleno dia,Com inclinação,Recta,Em plena via,Despiste,QUINTA-FEIRA ,0,1,50,2012-07-08,16,ligeiro,Sim,Nao,Sim,114.9,1,4,50,1253
51548,2012645057,Braga,41.688019,-8.421073,EN101,74.1,1,0,0,1.0,50,Berma pavimentada,Seco e limpo,Dois sentidos,Bom tempo,Fora da intersecção,Dentro das localidades,Em pleno dia,Em patamar,Recta,Em plena via,Colisão,SEXTA-FEIRA  ,0,2,50,2012-09-04,10,ligeiro,Sim,Nao,Sim,114.9,1,4,50,1253
51551,2010496237,Braga,41.418276,-8.350753,A7,35.65,3,0,0,3.0,120,Berma pavimentada,Com água acumulada na faixa de rodagem,Sentido único,Chuva,Fora da intersecção,Fora das localidades,Em pleno dia,Com inclinação,Curva,Em plena via,Despiste,QUARTA-FEIRA ,0,1,50,2010-10-03,10,ligeiro,Sim,Sim,Nao,114.9,1,4,50,1253
51552,2011513883,Braga,41.414840999999996,-8.361751,A7,34.65,1,0,0,3.0,120,Berma pavimentada,Seco e limpo,Sentido único,Bom tempo,Fora da intersecção,Fora das localidades,Em pleno dia,Com inclinação,Curva,Em plena via,Despiste,DOMINGO      ,0,1,50,2010-12-24,8,ligeiro,Sim,Nao,Sim,114.9,1,4,50,1253
51553,2008333035,Braga,41.491238,-8.432463,EN(d)309,29.45,2,0,0,1.0,50,Sem berma ou impraticável,Seco e limpo,Dois sentidos,Bom tempo,Em cruzamento,Dentro das localidades,"Noite, com iluminação",Em patamar,Recta,Em plena via,Colisão,QUINTA-FEIRA ,0,2,50,2008-07-06,23,ligeiro,Nao,Nao,Sim,114.9,1,4,50,1253
51554,2012636930,Braga,41.699847999999996,-8.425949000000001,EN101,72.5,2,0,0,1.0,50,Sem berma ou impraticável,Seco e limpo,Dois sentidos,Bom tempo,Fora da intersecção,Dentro das localidades,Em pleno dia,Com inclinação,Curva,Em plena via,Colisão,DOMINGO      ,0,2,50,2012-08-08,14,ligeiro,Sim,Nao,Sim,114.9,1,4,50,1253
51555,2011540679,Braga,41.488645,-8.431075,EN(d)309,29.13,1,0,0,1.0,50,Sem berma ou impraticável,Seco e limpo,Dois sentidos,Bom tempo,Fora da intersecção,Dentro das localidades,Em pleno dia,Em patamar,Recta,Na berma,Despiste,SEXTA-FEIRA  ,0,1,50,2011-05-03,8,ligeiro,Sim,Nao,Sim,114.9,1,4,50,1253
51556,2013670461,Braga,41.699220000000004,-8.423111,EN101,72.24,2,0,0,2.0,50,Berma não pavimentada,Molhado,Dois sentidos,Chuva,Fora da intersecção,Dentro das localidades,"Noite, com iluminação",Em patamar,Curva,Em plena via,Colisão,QUINTA-FEIRA ,0,2,50,2012-12-15,1,ligeiro,Nao,Sim,Nao,114.9,1,4,50,1253
51558,2011527214,Braga,41.489115000000005,-8.431625,EN(d)309,29.2,1,0,0,1.0,50,Berma pavimentada,Seco e limpo,Dois sentidos,Bom tempo,Fora da intersecção,Dentro das localidades,Em pleno dia,Em patamar,Recta,Em plena via,Colisão,TERÇA-FEIRA  ,0,2,50,2011-03-21,13,ligeiro,Sim,Nao,Sim,114.9,1,4,50,1253
51560,2007280328,Braga,41.493678,-8.43323,EN(d)309,29.73,1,0,0,1.0,50,Sem berma ou impraticável,Seco e limpo,Dois sentidos,Bom tempo,Fora da intersecção,Dentro das localidades,Em pleno dia,Em patamar,Recta,Em plena via,Colisão,QUINTA-FEIRA ,0,3,50,2007-04-18,9,ligeiro,Sim,Nao,Sim,114.9,1,4,50,1253
51562,2010441981,Braga,41.699495,-8.422891,EN101,72.2,2,0,0,1.0,50,Berma não pavimentada,Molhado,Dois sentidos,Chuva,Fora da intersecção,Dentro das localidades,Em pleno dia,Com inclinação,Curva,Em plena via,Colisão,TERÇA-FEIRA  ,0,2,50,2010-01-13,17,ligeiro,Sim,Sim,Nao,114.9,1,4,50,1253
51567,2008332992,Braga,41.699162,-8.42385,EN101,72.3,3,0,0,1.0,30,Berma não pavimentada,Seco e limpo,Dois sentidos,Bom tempo,Fora da intersecção,Dentro das localidades,Em pleno dia,Em patamar,Curva,Em plena via,Colisão,SEXTA-FEIRA  ,0,2,50,2008-07-12,18,ligeiro,Sim,Nao,Sim,114.9,1,4,50,1253
51569,2007301144,Braga,41.493241999999995,-8.433092,EN(d)309,29.68,1,0,0,1.0,50,Sem berma ou impraticável,Seco e limpo,Dois sentidos,Bom tempo,Fora da intersecção,Dentro das localidades,"Noite, sem iluminação",Em patamar,Recta,Em plena via,Colisão,SEXTA-FEIRA  ,0,2,50,2007-11-04,18,ligeiro,Nao,Nao,Sim,114.9,1,4,50,1253
51572,2007299730,Braga,41.487767,-8.430058,EN(d)309,29.0,2,0,0,1.0,50,Berma não pavimentada,Seco e limpo,Dois sentidos,Bom tempo,Fora da intersecção,Dentro das localidades,Em pleno dia,Em patamar,Recta,Em plena via,Colisão,TERÇA-FEIRA  ,0,2,50,2007-10-27,11,ligeiro,Sim,Nao,Sim,114.9,1,4,50,1253
51576,2011529602,Braga,41.490804,-8.432331,EN(d)309,29.4,3,0,0,1.0,50,Sem berma ou impraticável,Seco e limpo,Dois sentidos,Bom tempo,Em cruzamento,Dentro das localidades,"Noite, com iluminação",Em patamar,Recta,Em plena via,Colisão,DOMINGO      ,0,2,50,2011-04-28,3,ligeiro,Nao,Nao,Sim,114.9,1,4,50,1253
51578,2010463491,Braga,41.416329,-8.355789999999999,A7,35.18,2,0,0,3.0,120,Berma pavimentada,Molhado,Sentido único,Chuva,Fora da intersecção,Fora das localidades,Em pleno dia,Em patamar,Recta,Em plena via,Colisão,SÁBADO       ,0,2,50,2010-05-10,14,ligeiro,Sim,Sim,Nao,114.9,1,4,50,1253
51579,2008329271,Braga,41.418347999999995,-8.350161,A7,35.7,1,0,0,3.0,120,Berma pavimentada,Molhado,Sentido único,Chuva,Fora da intersecção,Fora das localidades,Em pleno dia,Com inclinação,Curva,Em plena via,Colisão,SÁBADO       ,0,3,50,2008-05-23,9,ligeiro,Sim,Sim,Nao,114.9,1,4,50,1253
51582,2011527984,Braga,41.695584000000004,-8.426422,EN101,73.0,1,0,0,1.0,50,Sem berma ou impraticável,Molhado,Dois sentidos,Chuva,Em entroncamento,Dentro das localidades,"Noite, sem iluminação",Com inclinação,Curva,Em plena via,Colisão,SEXTA-FEIRA  ,0,2,50,2011-03-12,20,ligeiro,Nao,Sim,Nao,114.9,1,4,50,1253
51584,2007299735,Braga,41.390862,-8.478762,A7,23.85,1,0,0,2.0,120,Berma pavimentada,Seco e limpo,Sentido único,Bom tempo,Em via de desaceleração,Fora das localidades,"Noite, com iluminação",Em patamar,Recta,Em plena via,Despiste,QUINTA-FEIRA ,0,1,44,2007-10-23,21,ligeiro,Nao,Nao,Sim,8.8,1,4,44,105
51590,2011542757,Braga,41.394645000000004,-8.473276,A7,24.48,6,0,0,2.0,120,Berma pavimentada,Seco e limpo,Sentido único,Bom tempo,Fora da intersecção,Fora das localidades,"Noite, sem iluminação",Em patamar,Recta,Em plena via,Colisão,DOMINGO      ,0,2,44,2011-05-27,0,ligeiro,Nao,Nao,Sim,8.8,1,4,44,105
51591,2013662662,Braga,41.419748,-8.632152,ER206,12.1,0,1,0,1.0,50,Sem berma ou impraticável,Seco e limpo,Dois sentidos,Bom tempo,Fora da intersecção,Dentro das localidades,Em pleno dia,Em patamar,Recta,Em plena via,Colisão,TERÇA-FEIRA  ,0,3,44,2012-11-09,14,ligeiro,Sim,Nao,Sim,8.8,1,4,44,105
51592,2010464634,Braga,41.418929,-8.633577,ER206,11.95,1,0,0,1.0,50,Berma pavimentada,Seco e limpo,Dois sentidos,Bom tempo,Em entroncamento,Dentro das localidades,Em pleno dia,Em patamar,Recta,Em plena via,Colisão,TERÇA-FEIRA  ,0,2,44,2010-05-18,12,ligeiro,Sim,Nao,Sim,8.8,1,4,44,105
51594,2009373740,Braga,41.42082,-8.630237,ER206,12.3,2,0,0,1.0,50,Berma não pavimentada,Seco e limpo,Dois sentidos,Bom tempo,Em via de desaceleração,Dentro das localidades,"Noite, com iluminação",Em patamar,Recta,Na berma,Despiste,QUINTA-FEIRA ,0,1,44,2009-04-22,21,ligeiro,Nao,Nao,Sim,8.8,1,4,44,105
51596,2012651712,Braga,41.419748,-8.632152,ER206,12.1,0,1,0,1.0,50,Berma pavimentada,Seco e limpo,Dois sentidos,Bom tempo,Fora da intersecção,Dentro das localidades,"Noite, sem iluminação",Em patamar,Recta,Em plena via,Colisão,DOMINGO      ,0,2,44,2012-10-27,19,ligeiro,Nao,Nao,Sim,8.8,1,4,44,105
51597,2012597489,Braga,41.419204,-8.633101,ER206,12.0,2,0,0,1.0,50,Berma não pavimentada,Seco e limpo,Dois sentidos,Bom tempo,Fora da intersecção,Dentro das localidades,Em pleno dia,Em patamar,Recta,Na berma,Despiste,SEXTA-FEIRA  ,0,1,44,2012-01-14,7,ligeiro,Sim,Nao,Sim,8.8,1,4,44,105
51598,2008312368,Braga,41.393584999999995,-8.474825,A7,24.3,1,0,0,2.0,120,Berma pavimentada,Molhado,Sentido único,Chuva,Fora da intersecção,Fora das localidades,"Noite, sem iluminação",Em patamar,Recta,Em plena via,Colisão,QUINTA-FEIRA ,0,2,44,2008-02-03,20,ligeiro,Nao,Sim,Nao,8.8,1,4,44,105
51608,2009409741,Braga,41.419748,-8.632152,ER206,12.1,2,0,0,1.0,50,Berma não pavimentada,Seco e limpo,Dois sentidos,Bom tempo,Fora da intersecção,Dentro das localidades,Em pleno dia,Com inclinação,Recta,Em plena via,Colisão,TERÇA-FEIRA  ,0,3,44,2009-08-01,18,ligeiro,Sim,Nao,Sim,8.8,1,4,44,105
51609,2013670458,Braga,41.666282,-8.478491,EN308,29.75,2,0,0,1.0,50,Berma não pavimentada,Molhado,Dois sentidos,Chuva,Fora da intersecção,Dentro das localidades,Em pleno dia,Com inclinação,Curva,Em plena via,Colisão,SEGUNDA-FEIRA,0,2,44,2012-12-12,16,ligeiro,Sim,Sim,Nao,8.8,1,4,44,105
51612,2009349168,Braga,41.666945,-8.493205,EN308,28.2,1,0,0,1.0,50,Sem berma ou impraticável,Molhado,Dois sentidos,Chuva,Fora da intersecção,Dentro das localidades,Em pleno dia,Com inclinação,Curva,Em plena via,Despiste,QUARTA-FEIRA ,0,1,44,2008-11-24,14,ligeiro,Sim,Sim,Nao,8.8,1,4,44,105
51614,2007293658,Braga,41.664386,-8.482877,EN308,29.3,1,0,0,1.0,90,Sem berma ou impraticável,Seco e limpo,Dois sentidos,NÃO DEFINIDO,NÃO DEFINIDO,Fora das localidades,Em pleno dia,Com inclinação,Curva,Na berma,Despiste,SÁBADO       ,0,1,44,2007-08-17,17,ligeiro,Sim,Sim,Sim,8.8,1,4,44,105
51615,2007291222,Braga,41.396572,-8.470442,A7,24.8,2,1,0,2.0,120,Berma pavimentada,Seco e limpo,Sentido único,Bom tempo,Fora da intersecção,Fora das localidades,"Noite, com iluminação",Em patamar,Curva,Em plena via,Colisão,SEGUNDA-FEIRA,0,2,43,2007-08-02,23,ligeiro,Nao,Nao,Sim,108.1,1,3,43,2764
51621,2009402176,Braga,41.399791,-8.465767999999999,A7,25.33,0,0,1,2.0,120,Berma pavimentada,Seco e limpo,Sentido único,Bom tempo,Fora da intersecção,Fora das localidades,Em pleno dia,Em patamar,Recta,Em plena via,Colisão,SEGUNDA-FEIRA,0,2,43,2009-07-14,10,ligeiro,Sim,Nao,Sim,108.1,1,3,43,2764
51623,2010428205,Braga,41.531469,-8.4907,EN103,33.8,2,0,0,1.0,50,Berma pavimentada,Seco e limpo,Dois sentidos,Bom tempo,Fora da intersecção,Dentro das localidades,Em pleno dia,Em patamar,Recta,Em plena via,Colisão,SEXTA-FEIRA  ,0,2,43,2009-11-14,14,ligeiro,Sim,Nao,Sim,108.1,1,3,43,2764
51629,2012645513,Braga,41.530248,-8.488934,EN103,34.0,1,0,0,1.0,50,Sem berma ou impraticável,Molhado,Dois sentidos,Chuva,Fora da intersecção,Dentro das localidades,Em pleno dia,Em patamar,Recta,Em plena via,Colisão,QUINTA-FEIRA ,0,4,43,2012-09-26,9,ligeiro,Sim,Sim,Nao,108.1,1,3,43,2764
51631,2010452642,Braga,41.398990999999995,-8.466936,A7,25.2,1,0,0,2.0,120,Berma pavimentada,Molhado,Sentido único,Chuva,Fora da intersecção,Fora das localidades,Em pleno dia,Em patamar,Recta,Na berma,Despiste,QUINTA-FEIRA ,0,1,43,2010-03-29,8,ligeiro,Sim,Sim,Nao,108.1,1,3,43,2764
51632,2008321675,Braga,41.399598,-8.466052000000001,A7,25.3,1,0,0,2.0,120,Berma pavimentada,Seco e limpo,Sentido único,Bom tempo,Fora da intersecção,Fora das localidades,Em pleno dia,Em patamar,Recta,Em plena via,Despiste,SEGUNDA-FEIRA,0,1,43,2008-03-06,8,ligeiro,Sim,Nao,Sim,108.1,1,3,43,2764
51634,2011563947,Braga,41.53116,-8.490262,EN103,33.85,1,0,0,1.0,50,Berma pavimentada,Seco e limpo,Dois sentidos,Bom tempo,Fora da intersecção,Dentro das localidades,Em pleno dia,Em patamar,Recta,Em plena via,Colisão,TERÇA-FEIRA  ,0,2,43,2011-08-05,16,ligeiro,Sim,Nao,Sim,108.1,1,3,43,2764
51635,2009383152,Braga,41.530390000000004,-8.489168,EN103,33.98,2,0,0,1.0,50,Berma pavimentada,Seco e limpo,Dois sentidos,Bom tempo,Em entroncamento,Fora das localidades,Em pleno dia,Com inclinação,Recta,Em plena via,Colisão,QUINTA-FEIRA ,0,2,43,2009-05-09,17,ligeiro,Sim,Nao,Sim,108.1,1,3,43,2764
51642,2008308539,Braga,41.402009,-8.458014,A7,26.05,1,0,0,2.0,120,Berma pavimentada,Molhado,Sentido único,Granizo,Fora da intersecção,Fora das localidades,"Noite, com iluminação",Em patamar,Recta,Na berma,Despiste,DOMINGO      ,0,1,43,2008-01-13,20,ligeiro,Nao,Sim,Nao,108.1,1,3,43,2764
51646,2011574259,Braga,41.401823,-8.461281,A7,25.78,1,0,0,2.0,120,Berma pavimentada,Húmido,Sentido único,Bom tempo,Fora da intersecção,Fora das localidades,Em pleno dia,Com inclinação,Curva,Em plena via,Despiste,QUARTA-FEIRA ,0,1,43,2011-10-24,11,ligeiro,Sim,Nao,Nao,108.1,1,3,43,2764
51649,2007285299,Braga,41.579890999999996,-8.727053,EN103,8.2,2,0,0,1.0,50,Berma não pavimentada,Seco e limpo,Dois sentidos,Bom tempo,Em via de aceleração,Dentro das localidades,Em pleno dia,Em patamar,Recta,Em plena via,Colisão,QUARTA-FEIRA ,0,2,55,2007-06-02,11,ligeiro,Sim,Nao,Sim,6.7,1,4,55,119
51650,2007286865,Braga,41.574865,-8.721707,EN103,8.95,1,0,0,2.0,50,Berma pavimentada,Húmido,Dois sentidos,Chuva,Fora da intersecção,Dentro das localidades,Em pleno dia,Em patamar,Recta,Em plena via,Colisão,TERÇA-FEIRA  ,0,2,55,2007-06-18,10,ligeiro,Sim,Sim,Nao,6.7,1,4,55,119
51651,2007292080,Braga,41.554009,-8.345059,EN(d)309,49.63,3,0,0,1.0,50,Sem berma ou impraticável,Seco e limpo,Dois sentidos,Bom tempo,Em entroncamento,Dentro das localidades,Em pleno dia,Em patamar,Recta,Em plena via,Colisão,DOMINGO      ,0,2,55,2007-08-07,14,ligeiro,Sim,Nao,Sim,6.7,1,4,55,119
51652,2008318452,Braga,41.546634999999995,-8.32307,EN(d)309,52.42,2,0,0,1.0,50,Berma não pavimentada,Seco e limpo,Dois sentidos,Bom tempo,NÃO DEFINIDO,Dentro das localidades,"Noite, com iluminação",Em patamar,Recta,Na berma,Despiste,SEXTA-FEIRA  ,0,1,55,2008-02-26,18,ligeiro,Nao,Nao,Sim,6.7,1,4,55,119