,COD_ACIDENTE,DISTRITO,LATITUDE,LONGITUDE,VIA,KM,QT_FLIGEIROS,QT_FGRAVES,QT_MORTOS,QT_VIAS_SENTIDO,VEL_LIM_LOCAL,BERMA_VIA,CONDICAO_ADERENCIA,FAIXA_RODAGEM,FATOR_ATMOSFERICO,INTERSECAO_VIA,LOCALIZACAO,LUMINOSIDADE,PERFIL_VIA,PLANTA_VIA,SITUACAO_ACIDENTE,TIPO_NATUREZA,DIA_SEMANA,FLAG_FERIADO,QT_VEICULOS,COD_FREGUESIA,DATA,HORA,GRAVIDADE,ERA_DIA,MAU_TEMPO,ESTRADA_SECA,DENSIDADE_TOTAL,COD_DISTRITO_INE,COD_CONCELHO_INE,COD_FREGUESIA_INE,TOTAL
51653,2008337484,Braga,41.572765000000004,-8.716061999999999,EN103,9.5,1,0,0,1.0,50,Berma pavimentada,Seco e limpo,Dois sentidos,Bom tempo,Fora da intersecção,Dentro das localidades,Em pleno dia,Em patamar,Recta,Em plena via,Colisão,SEGUNDA-FEIRA,0,2,55,2008-08-01,16,ligeiro,Sim,Nao,Sim,6.7,1,4,55,119
51654,2008330270,Braga,41.554473,-8.34046,EN(d)309,50.02,1,0,0,1.0,50,Berma não pavimentada,Seco e limpo,Dois sentidos,Bom tempo,Em entroncamento,Dentro das localidades,Em pleno dia,Em patamar,Recta,Em plena via,Colisão,TERÇA-FEIRA  ,0,2,55,2008-06-28,8,ligeiro,Sim,Nao,Sim,6.7,1,4,55,119
51655,2008329033,Braga,41.572793,-8.707761999999999,EN103,10.2,1,0,0,1.0,90,Berma pavimentada,Seco e limpo,Dois sentidos,Bom tempo,Fora da intersecção,Fora das localidades,Em pleno dia,Com inclinação,Recta,Na berma,Despiste,QUINTA-FEIRA ,0,1,55,2008-05-04,12,ligeiro,Sim,Nao,Sim,6.7,1,4,55,119
51656,2008348403,Braga,41.551792,-8.335703,EN(d)309,50.8,2,0,0,3.0,50,Berma não pavimentada,Húmido,Dois sentidos,Bom tempo,Fora da intersecção,Dentro das localidades,"Noite, com iluminação",Em patamar,Recta,Em plena via,Despiste,DOMINGO      ,0,1,55,2008-11-05,9,ligeiro,Nao,Nao,Nao,6.7,1,4,55,119
51657,2009358757,Braga,41.576057,-8.722614,EN103,8.8,1,0,0,2.0,90,Berma não pavimentada,Molhado,Dois sentidos,Chuva,Fora da intersecção,Fora das localidades,Em pleno dia,Em patamar,Recta,Em plena via,Colisão,SEGUNDA-FEIRA,0,2,55,2009-02-05,9,ligeiro,Sim,Sim,Nao,6.7,1,4,55,119
51659,2010424012,Braga,41.579890999999996,-8.727053,EN103,8.2,1,0,0,2.0,90,Sem berma ou impraticável,Seco e limpo,Dois sentidos,Bom tempo,Fora da intersecção,Fora das localidades,"Noite, sem iluminação",Em patamar,Recta,Em plena via,Colisão,SEXTA-FEIRA  ,0,2,55,2009-10-16,20,ligeiro,Nao,Nao,Sim,6.7,1,4,55,119
51660,2010464657,Braga,41.551792,-8.335703,EN(d)309,50.8,4,0,0,2.0,50,Sem berma ou impraticável,Seco e limpo,Dois sentidos,Bom tempo,Fora da intersecção,Dentro das localidades,Em pleno dia,Com inclinação,Recta,Em plena via,Despiste,SEXTA-FEIRA  ,0,1,55,2010-05-20,19,ligeiro,Sim,Nao,Sim,6.7,1,4,55,119
51661,2010496262,Braga,41.578619,-8.723942999999998,EN103,8.5,1,0,0,1.0,50,Sem berma ou impraticável,Seco e limpo,Dois sentidos,Bom tempo,Fora da intersecção,Fora das localidades,Em pleno dia,Em patamar,Recta,Em plena via,Colisão,QUARTA-FEIRA ,0,3,55,2010-10-14,10,ligeiro,Sim,Nao,Sim,6.7,1,4,55,119
51662,2011529720,Braga,41.503406,-8.364987,EN101,102.0,1,0,0,1.0,50,Sem berma ou impraticável,Seco e limpo,Dois sentidos,Bom tempo,Fora da intersecção,Dentro das localidades,Em pleno dia,Em patamar,Recta,Em plena via,Colisão,DOMINGO      ,0,2,55,2011-04-23,12,ligeiro,Sim,Nao,Sim,6.7,1,4,55,119
51663,2011512189,Braga,41.578619,-8.723942999999998,EN103,8.5,1,0,0,1.0,90,Sem berma ou impraticável,Húmido,Dois sentidos,Bom tempo,Fora da intersecção,Fora das localidades,Em pleno dia,Em patamar,Curva,Na berma,Despiste,SEGUNDA-FEIRA,0,1,55,2010-12-31,8,ligeiro,Sim,Nao,Nao,6.7,1,4,55,119
51664,2011540688,Braga,41.572774,-8.710491000000001,EN103,9.97,2,0,0,1.0,50,Berma pavimentada,Seco e limpo,Dois sentidos,Bom tempo,Fora da intersecção,Dentro das localidades,Em pleno dia,Com inclinação,Recta,Em plena via,Colisão,SÁBADO       ,0,2,55,2011-05-09,17,ligeiro,Sim,Nao,Sim,6.7,1,4,55,119
51665,2012608693,Braga,41.58409,-8.733848,EN103,7.42,1,0,0,1.0,50,Berma não pavimentada,Seco e limpo,Dois sentidos,Bom tempo,Em cruzamento,Dentro das localidades,Em pleno dia,Em patamar,Recta,Em plena via,Colisão,DOMINGO      ,0,2,55,2012-03-13,18,ligeiro,Sim,Nao,Sim,6.7,1,4,55,119
51666,2012645485,Braga,41.573909,-8.720450999999999,EN103,9.1,1,0,0,1.0,50,Berma não pavimentada,Seco e limpo,Dois sentidos,Bom tempo,Fora da intersecção,Dentro das localidades,"Noite, sem iluminação",Em patamar,Recta,Em plena via,Despiste,QUINTA-FEIRA ,0,1,55,2012-09-26,22,ligeiro,Nao,Nao,Sim,6.7,1,4,55,119
51667,2013669720,Braga,41.554473,-8.34046,EN(d)309,50.02,1,0,0,1.0,50,Sem berma ou impraticável,Molhado,Dois sentidos,Chuva,Fora da intersecção,Dentro das localidades,Aurora ou crepúsculo,Em Lomba,Recta,Em plena via,Colisão,SEXTA-FEIRA  ,0,3,55,2012-12-21,17,ligeiro,Nao,Sim,Nao,6.7,1,4,55,119
51668,2008329408,Braga,41.572772,-8.712506,EN103,9.8,1,1,0,1.0,50,Berma não pavimentada,Seco e limpo,Dois sentidos,Bom tempo,Fora da intersecção,Fora das localidades,"Noite, sem iluminação",Em patamar,Curva,Em plena via,Colisão,QUINTA-FEIRA ,0,2,55,2008-06-13,22,ligeiro,Nao,Nao,Sim,6.7,1,4,55,119
51669,2007278518,Braga,41.572767,-8.716417999999999,EN103,9.47,1,0,0,2.0,80,Berma não pavimentada,Molhado,Dois sentidos,Chuva,Em entroncamento,Fora das localidades,Em pleno dia,Em patamar,Recta,Em plena via,Colisão,TERÇA-FEIRA  ,0,2,55,2007-03-30,18,ligeiro,Sim,Sim,Nao,6.7,1,4,55,119
51670,2009361171,Braga,41.572769,-8.714877,EN103,9.6,0,1,0,1.0,50,Sem berma ou impraticável,Molhado,Dois sentidos,Chuva,Fora da intersecção,Dentro das localidades,"Noite, sem iluminação",Em patamar,Recta,Na berma,Despiste,SEGUNDA-FEIRA,0,1,55,2009-02-05,3,ligeiro,Nao,Sim,Nao,6.7,1,4,55,119
51671,2010437308,Braga,41.576057,-8.722614,EN103,8.8,0,0,1,1.0,50,Sem berma ou impraticável,Molhado,Dois sentidos,Chuva,Fora da intersecção,Fora das localidades,"Noite, sem iluminação",Com inclinação,Curva,Em plena via,Despiste,SEGUNDA-FEIRA,0,1,55,2010-01-24,1,ligeiro,Nao,Sim,Nao,6.7,1,4,55,119
51672,2009389518,Braga,41.572765000000004,-8.716061999999999,EN103,9.5,2,0,0,1.0,50,Berma não pavimentada,Seco e limpo,Dois sentidos,Bom tempo,Em entroncamento,Dentro das localidades,Em pleno dia,Em patamar,Recta,Em plena via,Colisão,SEXTA-FEIRA  ,0,3,55,2009-06-02,9,ligeiro,Sim,Nao,Sim,6.7,1,4,55,119
51673,2008328497,Braga,41.572765000000004,-8.716061999999999,EN103,9.5,3,0,0,1.0,90,Sem berma ou impraticável,Seco e limpo,Dois sentidos,Bom tempo,Em entroncamento,Dentro das localidades,Em pleno dia,Em patamar,Recta,Em plena via,Colisão,SÁBADO       ,0,3,55,2008-05-06,9,ligeiro,Sim,Nao,Sim,6.7,1,4,55,119
51674,2010457466,Braga,41.554134000000005,-8.347864999999999,EN(d)309,49.4,1,0,0,1.0,50,Berma pavimentada,Seco e limpo,Dois sentidos,Bom tempo,Em via de aceleração,Dentro das localidades,Em pleno dia,Em patamar,Recta,Em plena via,Colisão,QUINTA-FEIRA ,0,2,55,2010-04-27,8,ligeiro,Sim,Nao,Sim,6.7,1,4,55,119
51675,2010496250,Braga,41.572767,-8.716417999999999,EN103,9.47,2,0,0,1.0,50,Sem berma ou impraticável,Seco e limpo,Dois sentidos,Bom tempo,Em entroncamento,Fora das localidades,Em pleno dia,Em patamar,Curva,Em plena via,Colisão,SEGUNDA-FEIRA,0,2,55,2010-10-01,13,ligeiro,Sim,Nao,Sim,6.7,1,4,55,119
51676,2007293653,Braga,41.552156,-8.326912,EN(d)309,51.6,1,0,0,1.0,50,Berma não pavimentada,Seco e limpo,Dois sentidos,Bom tempo,Fora da intersecção,Dentro das localidades,Em pleno dia,Em patamar,Curva,Na berma,Despiste,SEGUNDA-FEIRA,0,1,55,2007-08-19,11,ligeiro,Sim,Nao,Sim,6.7,1,4,55,119
51677,2008308780,Braga,41.503406,-8.364987,EN101,102.0,1,0,0,1.0,50,Sem berma ou impraticável,Molhado,Dois sentidos,Chuva,Fora da intersecção,Dentro das localidades,"Noite, com iluminação",Em patamar,Recta,Em plena via,Colisão,DOMINGO      ,0,2,55,2008-01-08,19,ligeiro,Nao,Sim,Nao,6.7,1,4,55,119
51679,2008333491,Braga,41.573554,-8.719769,EN103,9.17,0,0,1,1.0,50,Sem berma ou impraticável,Molhado,Dois sentidos,Chuva,Fora da intersecção,Dentro das localidades,"Noite, sem iluminação",Em patamar,Recta,Na berma,Despiste,DOMINGO      ,0,1,55,2008-07-25,23,ligeiro,Nao,Sim,Nao,6.7,1,4,55,119
51680,2008337307,Braga,41.554091,-8.341888,EN(d)309,49.9,1,0,0,1.0,50,Sem berma ou impraticável,Seco e limpo,Dois sentidos,Bom tempo,Fora da intersecção,Dentro das localidades,Em pleno dia,Em patamar,Recta,Em plena via,Despiste,SEXTA-FEIRA  ,0,1,55,2008-08-04,15,ligeiro,Sim,Nao,Sim,6.7,1,4,55,119
51682,2007299469,Braga,41.584216999999995,-8.733891999999999,EN103,7.4,1,0,0,2.0,50,Berma pavimentada,Seco e limpo,Dois sentidos,Bom tempo,Em cruzamento,Dentro das localidades,Em pleno dia,Em patamar,Recta,Em plena via,Colisão,DOMINGO      ,0,2,55,2007-10-08,9,ligeiro,Sim,Nao,Sim,6.7,1,4,55,119
51683,2008340569,Braga,41.586812,-8.734595,EN103,7.1,2,1,1,2.0,50,Sem berma ou impraticável,Molhado,Dois sentidos,Chuva,Fora da intersecção,Dentro das localidades,Em pleno dia,Em patamar,Recta,Em plena via,Colisão,QUINTA-FEIRA ,0,2,55,2008-09-18,11,grave,Sim,Sim,Nao,6.7,1,4,55,119
51684,2010441970,Braga,41.578619,-8.723942999999998,EN103,8.5,1,0,0,1.0,70,Berma não pavimentada,Seco e limpo,Dois sentidos,Bom tempo,Fora da intersecção,Dentro das localidades,"Noite, sem iluminação",Em patamar,Curva,Em plena via,Colisão,TERÇA-FEIRA  ,0,2,55,2010-01-19,18,ligeiro,Nao,Nao,Sim,6.7,1,4,55,119
51685,2011519175,Braga,41.578619,-8.723942999999998,EN103,8.5,1,0,0,1.0,50,Sem berma ou impraticável,Húmido,Dois sentidos,Chuva,Fora da intersecção,Dentro das localidades,"Noite, sem iluminação",Em patamar,Recta,Na berma,Despiste,QUINTA-FEIRA ,0,1,55,2011-01-03,20,ligeiro,Nao,Sim,Nao,6.7,1,4,55,119
51686,2011519176,Braga,41.578619,-8.723942999999998,EN103,8.5,1,0,0,1.0,50,Berma pavimentada,Molhado,Dois sentidos,Chuva,Fora da intersecção,Dentro das localidades,Em pleno dia,Em patamar,Curva,Em plena via,Despiste,SEXTA-FEIRA  ,0,1,55,2011-01-04,7,ligeiro,Sim,Sim,Nao,6.7,1,4,55,119
51687,2008323669,Braga,41.580461,-8.729375,EN103,8.0,1,0,0,1.0,50,Sem berma ou impraticável,Molhado,Dois sentidos,Chuva,Fora da intersecção,Dentro das localidades,Em pleno dia,Com inclinação,Curva,Em plena via,Despiste,SEGUNDA-FEIRA,0,1,55,2008-04-20,13,ligeiro,Sim,Sim,Nao,6.7,1,4,55,119
51688,2008322285,Braga,41.584216999999995,-8.733891999999999,EN103,7.4,1,0,0,1.0,50,Sem berma ou impraticável,Seco e limpo,Dois sentidos,Bom tempo,Fora da intersecção,Dentro das localidades,Em pleno dia,Em patamar,Curva,No passeio,Colisão,TERÇA-FEIRA  ,0,2,55,2008-03-18,8,ligeiro,Sim,Nao,Sim,6.7,1,4,55,119
51690,2010447142,Braga,41.57451,-8.721324000000001,EN103,9.0,0,1,0,2.0,50,Berma não pavimentada,Seco e limpo,Sentido único,Bom tempo,Fora da intersecção,Dentro das localidades,"Noite, sem iluminação",Em patamar,Recta,Na berma,Despiste,SEGUNDA-FEIRA,0,1,55,2010-02-16,5,ligeiro,Nao,Nao,Sim,6.7,1,4,55,119
51691,2008304763,Braga,41.582376000000004,-8.732782,EN103,7.63,1,0,0,1.0,50,Berma não pavimentada,Molhado,Dois sentidos,Chuva,NÃO DEFINIDO,Dentro das localidades,"Noite, sem iluminação",Em patamar,Curva,Em plena via,Despiste,QUARTA-FEIRA ,1,1,55,2007-12-01,4,ligeiro,Nao,Sim,Nao,6.7,1,4,55,119
51692,2009383541,Braga,41.575603,-8.722323,EN103,8.86,1,0,0,1.0,90,Sem berma ou impraticável,Seco e limpo,Dois sentidos,Bom tempo,Fora da intersecção,Fora das localidades,Em pleno dia,Em patamar,Curva,Em plena via,Despiste,QUARTA-FEIRA ,0,1,55,2009-05-14,14,ligeiro,Sim,Nao,Sim,6.7,1,4,55,119
51693,2010423406,Braga,41.584646,-8.734032000000001,EN103,7.35,1,0,0,1.0,50,Berma pavimentada,Molhado,Sentido único,Chuva,Em cruzamento,Dentro das localidades,Em pleno dia,Em patamar,Recta,Em plena via,Colisão,SÁBADO       ,0,2,55,2009-10-06,11,ligeiro,Sim,Sim,Nao,6.7,1,4,55,119
51694,2011523822,Braga,41.553926000000004,-8.343596,EN(d)309,49.75,1,0,0,1.0,50,Sem berma ou impraticável,Seco e limpo,Dois sentidos,Bom tempo,Fora da intersecção,Dentro das localidades,Em pleno dia,Em patamar,Recta,Em plena via,Colisão,QUINTA-FEIRA ,0,2,55,2011-02-23,7,ligeiro,Sim,Nao,Sim,6.7,1,4,55,119
51695,2010451150,Braga,41.580583000000004,-8.729816,EN103,7.96,7,0,1,1.0,50,Berma não pavimentada,Seco e limpo,Dois sentidos,Bom tempo,Fora da intersecção,Fora das localidades,Em pleno dia,Com inclinação,Recta,Em plena via,Colisão,SÁBADO       ,0,2,55,2010-03-14,16,grave,Sim,Nao,Sim,6.7,1,4,55,119
51696,2008337867,Braga,41.57777,-8.723485,EN103,8.6,1,0,0,1.0,90,Berma não pavimentada,Seco e limpo,Dois sentidos,Bom tempo,Fora da intersecção,Fora das localidades,Em pleno dia,Em patamar,Recta,Na berma,Despiste,DOMINGO      ,0,1,55,2008-08-17,6,ligeiro,Sim,Nao,Sim,6.7,1,4,55,119
51697,2008343999,Braga,41.584216999999995,-8.733891999999999,EN103,7.4,1,0,0,1.0,50,Sem berma ou impraticável,Húmido,Dois sentidos,Chuva,Fora da intersecção,Fora das localidades,Em pleno dia,Em patamar,Recta,Em plena via,Colisão,SEXTA-FEIRA  ,0,2,55,2008-10-06,7,ligeiro,Sim,Sim,Nao,6.7,1,4,55,119
51698,2008321698,Braga,41.580899,-8.730721,EN103,7.88,1,0,0,1.0,50,Berma pavimentada,Seco e limpo,Dois sentidos,Bom tempo,Em entroncamento,Dentro das localidades,Em pleno dia,Com inclinação,Recta,Em plena via,Colisão,QUINTA-FEIRA ,0,3,55,2008-03-14,14,ligeiro,Sim,Nao,Sim,6.7,1,4,55,119
51699,2007298142,Braga,41.580159,-8.728221000000001,EN103,8.1,1,0,0,1.0,50,Sem berma ou impraticável,Seco e limpo,Dois sentidos,Bom tempo,Fora da intersecção,Dentro das localidades,"Noite, sem iluminação",Em patamar,Recta,Em plena via,Colisão,DOMINGO      ,0,2,55,2007-10-14,21,ligeiro,Nao,Nao,Sim,6.7,1,4,55,119
51700,2011555093,Braga,41.554134000000005,-8.347864999999999,EN(d)309,49.4,1,0,0,1.0,50,Berma não pavimentada,Seco e limpo,Dois sentidos,Bom tempo,Fora da intersecção,Dentro das localidades,Em pleno dia,Em patamar,Recta,Em plena via,Atropelamento,SÁBADO       ,0,1,55,2011-07-05,18,ligeiro,Sim,Nao,Sim,6.7,1,4,55,119
51701,2011505944,Braga,41.587672999999995,-8.734869999999999,EN103,7.0,2,0,0,1.0,50,Sem berma ou impraticável,Molhado,Dois sentidos,Chuva,Fora da intersecção,Dentro das localidades,Em pleno dia,Em patamar,Curva,Em plena via,Colisão,DOMINGO      ,0,2,55,2010-11-09,10,ligeiro,Sim,Sim,Nao,6.7,1,4,55,119
51702,2008336894,Braga,41.573653,-8.719967,EN103,9.15,0,1,0,1.0,90,Sem berma ou impraticável,Seco e limpo,Dois sentidos,Bom tempo,Fora da intersecção,Fora das localidades,Em pleno dia,Em patamar,Curva,Em plena via,Despiste,TERÇA-FEIRA  ,0,1,55,2008-08-24,8,ligeiro,Sim,Nao,Sim,6.7,1,4,55,119
51703,2007285487,Braga,41.530879,-8.479127,EN103,34.9,1,0,0,1.0,50,Berma pavimentada,Seco e limpo,Dois sentidos,Bom tempo,Fora da intersecção,Dentro das localidades,Aurora ou crepúsculo,Com inclinação,Recta,Em plena via,Colisão,QUINTA-FEIRA ,0,2,54,2007-06-14,20,ligeiro,Nao,Nao,Sim,120.7,1,4,54,1340
51704,2008321374,Braga,41.533691999999995,-8.462462,EN103,36.3,1,0,0,1.0,50,Sem berma ou impraticável,Seco e limpo,Dois sentidos,Bom tempo,Fora da intersecção,Dentro das localidades,Em pleno dia,Com inclinação,Recta,Em plena via,Despiste,DOMINGO      ,0,3,54,2008-03-16,16,ligeiro,Sim,Nao,Sim,120.7,1,4,54,1340
51705,2008323789,Braga,41.531295,-8.476809,EN103,35.1,1,0,0,1.0,50,Sem berma ou impraticável,Seco e limpo,Dois sentidos,Bom tempo,Fora da intersecção,Dentro das localidades,Em pleno dia,Em patamar,Curva,No passeio,Colisão,TERÇA-FEIRA  ,0,2,54,2008-04-27,16,ligeiro,Sim,Nao,Sim,120.7,1,4,54,1340
51706,2008331553,Braga,41.530471,-8.481353,EN103,34.7,1,0,0,1.0,50,Berma pavimentada,Seco e limpo,Dois sentidos,Bom tempo,Fora da intersecção,Dentro das localidades,Em pleno dia,Em patamar,Recta,Em plena via,Colisão,SEXTA-FEIRA  ,0,4,54,2008-06-08,18,ligeiro,Sim,Nao,Sim,120.7,1,4,54,1340
51707,2008338340,Braga,41.529514,-8.48724,EN103,34.17,1,0,0,1.0,50,Berma pavimentada,Seco e limpo,Dois sentidos,Bom tempo,Fora da intersecção,Dentro das localidades,Em pleno dia,Com inclinação,Curva,Em plena via,Colisão,DOMINGO      ,0,2,54,2008-08-06,13,ligeiro,Sim,Nao,Sim,120.7,1,4,54,1340
51708,2009358133,Braga,41.586185,-8.555762,A3,54.55,1,0,0,2.0,120,Berma pavimentada,Molhado,Sentido único,Chuva,Fora da intersecção,Fora das localidades,"Noite, sem iluminação",Com inclinação,Curva,Em plena via,Despiste,SÁBADO       ,0,1,54,2009-01-23,20,ligeiro,Nao,Sim,Nao,120.7,1,4,54,1340
51709,2009349134,Braga,41.531517,-8.475607,EN103,35.2,1,0,0,1.0,50,Sem berma ou impraticável,Seco e limpo,Dois sentidos,Bom tempo,Fora da intersecção,Dentro das localidades,Em pleno dia,Em patamar,Recta,Em plena via,Despiste,SEGUNDA-FEIRA,0,1,54,2008-11-17,17,ligeiro,Sim,Nao,Sim,120.7,1,4,54,1340
51710,2010424022,Braga,41.533691999999995,-8.462462,EN103,36.3,1,0,0,1.0,50,Sem berma ou impraticável,Seco e limpo,Dois sentidos,Bom tempo,Fora da intersecção,Dentro das localidades,"Noite, com iluminação",Com inclinação,Recta,Em plena via,Colisão,TERÇA-FEIRA  ,0,2,54,2009-10-31,20,ligeiro,Nao,Nao,Sim,120.7,1,4,54,1340
51711,2010429502,Braga,41.586639,-8.55574,A3,54.6,1,0,0,2.0,120,Berma pavimentada,Molhado,Sentido único,Bom tempo,Fora da intersecção,Fora das localidades,Em pleno dia,Em patamar,Curva,Em plena via,Despiste,QUINTA-FEIRA ,0,1,54,2009-11-30,9,ligeiro,Sim,Nao,Nao,120.7,1,4,54,1340
51712,2010429511,Braga,41.530471,-8.481353,EN103,34.7,1,0,0,1.0,50,Berma pavimentada,Húmido,Dois sentidos,Bom tempo,Fora da intersecção,Dentro das localidades,Em pleno dia,Em patamar,Recta,Em plena via,Colisão,SEXTA-FEIRA  ,0,3,54,2009-11-25,16,ligeiro,Sim,Nao,Nao,120.7,1,4,54,1340
51713,2010432535,Braga,41.529540999999995,-8.486945,EN103,34.2,1,0,0,1.0,50,Berma pavimentada,Molhado,Dois sentidos,Bom tempo,Fora da intersecção,Fora das localidades,Em pleno dia,Em patamar,Recta,Em plena via,Colisão,SÁBADO       ,0,3,54,2009-12-30,11,ligeiro,Sim,Nao,Nao,120.7,1,4,54,1340
51714,2010442201,Braga,41.527659,-8.471785,EN(d)103-2,0.53,1,0,0,2.0,50,Sem berma ou impraticável,"Com gelo, geada ou neve",Dois sentidos,Bom tempo,Fora da intersecção,Dentro das localidades,"Noite, sem iluminação",Com inclinação,Curva,Em plena via,Despiste,QUINTA-FEIRA ,0,1,54,2010-01-09,4,ligeiro,Nao,Nao,Nao,120.7,1,4,54,1340
51715,2010446034,Braga,41.532078000000006,-8.471973,EN103,35.5,1,0,0,2.0,50,Berma pavimentada,Molhado,Dois sentidos,Chuva,Em rotunda,Dentro das localidades,"Noite, com iluminação",Em patamar,Curva,Em plena via,Colisão,QUINTA-FEIRA ,0,2,54,2010-02-07,22,ligeiro,Nao,Sim,Nao,120.7,1,4,54,1340
51716,2011514519,Braga,41.588413,-8.555247,A3,54.8,1,0,0,3.0,120,Berma pavimentada,"Com gelo, geada ou neve",Sentido único,Neve,Fora da intersecção,Fora das localidades,"Noite, sem iluminação",Em patamar,Recta,Em plena via,Despiste,SEGUNDA-FEIRA,0,1,54,2010-12-03,6,ligeiro,Nao,Sim,Nao,120.7,1,4,54,1340
51717,2012597560,Braga,41.531659999999995,-8.485291,A3,45.64,1,0,0,2.0,120,Berma pavimentada,Húmido,Sentido único,Bom tempo,Fora da intersecção,Fora das localidades,Em pleno dia,Com inclinação,Curva,Em plena via,Despiste,SÁBADO       ,0,1,54,2012-01-26,11,ligeiro,Sim,Nao,Nao,120.7,1,4,54,1340
51718,2012600640,Braga,41.529759999999996,-8.485486,EN103,34.33,2,0,0,1.0,50,Berma pavimentada,Seco e limpo,Dois sentidos,Bom tempo,Fora da intersecção,Dentro das localidades,Em pleno dia,Em patamar,Recta,Em plena via,Colisão,QUINTA-FEIRA ,0,3,54,2012-02-22,11,ligeiro,Sim,Nao,Sim,120.7,1,4,54,1340
51719,2010452664,Braga,41.531439,-8.485092,A3,45.61,2,0,0,2.0,120,Berma pavimentada,Molhado,Sentido único,Chuva,Fora da intersecção,Fora das localidades,Em pleno dia,Com inclinação,Curva,Em plena via,Despiste,SÁBADO       ,0,1,54,2010-03-31,8,ligeiro,Sim,Sim,Nao,120.7,1,4,54,1340
51720,2011555536,Braga,41.531094,-8.478017,EN103,35.0,1,0,0,1.0,50,Berma pavimentada,Seco e limpo,Dois sentidos,Bom tempo,Em cruzamento,Dentro das localidades,Em pleno dia,Com inclinação,Recta,Em plena via,Colisão,QUINTA-FEIRA ,0,2,54,2011-07-26,18,ligeiro,Sim,Nao,Sim,120.7,1,4,54,1340
51721,2007272558,Braga,41.531352000000005,-8.468923,A11,25.3,0,0,1,2.0,120,Berma pavimentada,Seco e limpo,Sentido único,Bom tempo,Fora da intersecção,Fora das localidades,Em pleno dia,Em patamar,Curva,Em plena via,Despiste,SÁBADO       ,0,1,54,2007-01-30,10,ligeiro,Sim,Nao,Sim,120.7,1,4,54,1340
51722,2010428109,Braga,41.530372,-8.481911,EN103,34.65,1,0,0,1.0,50,Berma pavimentada,Seco e limpo,Dois sentidos,Bom tempo,Fora da intersecção,Dentro das localidades,Em pleno dia,Em patamar,Recta,Em plena via,Atropelamento,QUINTA-FEIRA ,0,1,54,2009-11-02,8,ligeiro,Sim,Nao,Sim,120.7,1,4,54,1340
51723,2010453753,Braga,41.529885,-8.484701,EN103,34.4,1,0,0,1.0,50,Berma pavimentada,Seco e limpo,Dois sentidos,Bom tempo,Fora da intersecção,Dentro das localidades,Em pleno dia,Em patamar,Recta,Em plena via,Atropelamento,SÁBADO       ,0,1,54,2010-03-08,17,ligeiro,Sim,Nao,Sim,120.7,1,4,54,1340
51724,2009358806,Braga,41.529795,-8.485261,EN103,34.35,1,0,0,2.0,50,Berma pavimentada,Molhado,Dois sentidos,Chuva,Em entroncamento,Dentro das localidades,Em pleno dia,Em patamar,Recta,Em plena via,Colisão,SÁBADO       ,0,3,54,2009-02-04,10,ligeiro,Sim,Sim,Nao,120.7,1,4,54,1340
51725,2012636870,Braga,41.529922,-8.484477,EN103,34.42,1,0,0,1.0,50,Berma pavimentada,Húmido,Dois sentidos,Chuva,Em entroncamento,Dentro das localidades,Em pleno dia,Com inclinação,Recta,Na berma,Despiste,DOMINGO      ,0,1,54,2012-08-14,19,ligeiro,Sim,Sim,Nao,120.7,1,4,54,1340
51726,2010468102,Braga,41.531168,-8.484889,A3,45.58,0,0,1,2.0,120,Berma pavimentada,Molhado,Sentido único,Chuva,Fora da intersecção,Fora das localidades,Em pleno dia,Com inclinação,Curva,Em plena via,Despiste,DOMINGO      ,0,1,54,2010-06-08,9,ligeiro,Sim,Sim,Nao,120.7,1,4,54,1340
51727,2007277777,Braga,41.526169,-8.483582,A3,45.0,2,0,0,2.0,120,Berma pavimentada,Seco e limpo,Sentido único,Bom tempo,Fora da intersecção,Fora das localidades,"Noite, sem iluminação",Com inclinação,Curva,Em plena via,Despiste,SEGUNDA-FEIRA,0,1,54,2007-03-18,19,ligeiro,Nao,Nao,Sim,120.7,1,4,54,1340
51728,2011527254,Braga,41.522296000000004,-8.476353,EN(d)103-2,1.28,2,0,0,1.0,80,Berma não pavimentada,Seco e limpo,Dois sentidos,Bom tempo,Fora da intersecção,Dentro das localidades,"Noite, sem iluminação",Com inclinação,Recta,Na berma,Despiste,SÁBADO       ,0,1,54,2011-03-19,22,ligeiro,Nao,Nao,Sim,120.7,1,4,54,1340
51729,2010486651,Braga,41.531364,-8.485031,A3,45.6,1,0,0,2.0,120,Berma pavimentada,Seco e limpo,Sentido único,Bom tempo,Fora da intersecção,Fora das localidades,Aurora ou crepúsculo,Com inclinação,Curva,Em plena via,Despiste,QUARTA-FEIRA ,0,1,54,2010-08-01,7,ligeiro,Nao,Nao,Sim,120.7,1,4,54,1340
51730,2013663497,Braga,41.531094,-8.478017,EN103,35.0,1,0,0,1.0,50,Berma pavimentada,Seco e limpo,Dois sentidos,Bom tempo,Em entroncamento,Dentro das localidades,Em pleno dia,Em patamar,Recta,Em plena via,Colisão,SÁBADO       ,0,2,54,2012-11-12,10,ligeiro,Sim,Nao,Sim,120.7,1,4,54,1340
51731,2010478918,Braga,41.529548,-8.486889,EN103,34.21,1,0,0,1.0,50,Berma pavimentada,Seco e limpo,Dois sentidos,Bom tempo,Fora da intersecção,Dentro das localidades,Em pleno dia,Com inclinação,Curva,Em plena via,Colisão,DOMINGO      ,0,2,54,2010-07-18,6,ligeiro,Sim,Nao,Sim,120.7,1,4,54,1340