,COD_ACIDENTE,DISTRITO,LATITUDE,LONGITUDE,VIA,KM,QT_FLIGEIROS,QT_FGRAVES,QT_MORTOS,QT_VIAS_SENTIDO,VEL_LIM_LOCAL,BERMA_VIA,CONDICAO_ADERENCIA,FAIXA_RODAGEM,FATOR_ATMOSFERICO,INTERSECAO_VIA,LOCALIZACAO,LUMINOSIDADE,PERFIL_VIA,PLANTA_VIA,SITUACAO_ACIDENTE,TIPO_NATUREZA,DIA_SEMANA,FLAG_FERIADO,QT_VEICULOS,COD_FREGUESIA,DATA,HORA,GRAVIDADE,ERA_DIA,MAU_TEMPO,ESTRADA_SECA,DENSIDADE_TOTAL,COD_DISTRITO_INE,COD_CONCELHO_INE,COD_FREGUESIA_INE,TOTAL
51732,2011518974,Braga,41.531517,-8.475607,EN103,35.2,1,0,0,1.0,50,Berma pavimentada,Molhado,Dois sentidos,Chuva,Fora da intersecção,Dentro das localidades,Aurora ou crepúsculo,Em patamar,Recta,Em plena via,Atropelamento,SEGUNDA-FEIRA,0,1,54,2011-01-06,7,ligeiro,Nao,Sim,Nao,120.7,1,4,54,1340
51733,2007297911,Braga,41.531191,-8.477412,EN103,35.05,1,0,0,1.0,50,Berma pavimentada,Seco e limpo,Dois sentidos,Bom tempo,Em entroncamento,Dentro das localidades,Em pleno dia,Em patamar,Recta,Em plena via,Colisão,SEXTA-FEIRA  ,0,2,54,2007-10-01,7,ligeiro,Sim,Nao,Sim,120.7,1,4,54,1340
51734,2007276709,Braga,41.529703000000005,-8.485821000000001,EN103,34.3,1,0,0,1.0,50,Berma pavimentada,Seco e limpo,Sentido único,Bom tempo,Fora da intersecção,Dentro das localidades,Em pleno dia,Em patamar,Recta,Em plena via,Atropelamento,TERÇA-FEIRA  ,0,1,54,2007-03-13,8,ligeiro,Sim,Nao,Sim,120.7,1,4,54,1340
51735,2008303775,Braga,41.526169,-8.483582,A3,45.0,0,1,0,2.0,120,Berma pavimentada,Seco e limpo,Sentido único,Bom tempo,Fora da intersecção,Fora das localidades,"Noite, sem iluminação",Com inclinação,Curva,Em plena via,Despiste,SÁBADO       ,0,1,54,2007-12-26,17,ligeiro,Nao,Nao,Sim,120.7,1,4,54,1340
51736,2009387556,Braga,41.531603000000004,-8.475,EN103,35.25,1,0,0,1.0,50,Berma pavimentada,Seco e limpo,Dois sentidos,Bom tempo,Fora da intersecção,Dentro das localidades,Em pleno dia,Em patamar,Recta,Em plena via,Atropelamento,SEGUNDA-FEIRA,0,1,54,2009-05-29,9,ligeiro,Sim,Nao,Sim,120.7,1,4,54,1340
51737,2012613566,Braga,41.530273,-8.482467999999999,EN103,34.6,1,0,0,1.0,50,Berma pavimentada,Seco e limpo,Dois sentidos,Bom tempo,Fora da intersecção,Dentro das localidades,Em pleno dia,Em patamar,Recta,Em plena via,Colisão,QUINTA-FEIRA ,0,2,54,2012-04-03,9,ligeiro,Sim,Nao,Sim,120.7,1,4,54,1340
51738,2009417796,Braga,41.530755,-8.479794,EN103,34.84,1,1,1,2.0,50,Berma pavimentada,Seco e limpo,Dois sentidos,Bom tempo,Fora da intersecção,Dentro das localidades,Em pleno dia,Em patamar,Recta,Em plena via,Colisão,SEGUNDA-FEIRA,0,2,54,2009-09-26,11,grave,Sim,Nao,Sim,120.7,1,4,54,1340
51739,2009373756,Braga,41.530471,-8.481353,EN103,34.7,1,0,0,1.0,50,Sem berma ou impraticável,Seco e limpo,Dois sentidos,Bom tempo,Fora da intersecção,Dentro das localidades,Em pleno dia,Em patamar,Recta,Em plena via,Colisão,QUINTA-FEIRA ,0,2,54,2009-04-11,16,ligeiro,Sim,Nao,Sim,120.7,1,4,54,1340
51740,2010446590,Braga,41.531806,-8.473792,EN103,35.35,1,0,0,1.0,50,Sem berma ou impraticável,Molhado,Sentido único,Chuva,Em rotunda,Dentro das localidades,"Noite, com iluminação",Com inclinação,Curva,No passeio,Despiste,TERÇA-FEIRA  ,0,1,54,2010-02-22,2,ligeiro,Nao,Sim,Nao,120.7,1,4,54,1340
51741,2011555510,Braga,41.531295,-8.476809,EN103,35.1,1,0,0,1.0,50,Berma pavimentada,Seco e limpo,Dois sentidos,Bom tempo,Em entroncamento,Dentro das localidades,Em pleno dia,Em patamar,Recta,Em plena via,Colisão,SÁBADO       ,0,2,54,2011-07-22,20,ligeiro,Sim,Nao,Sim,120.7,1,4,54,1340
51742,2011555074,Braga,41.531054,-8.478205,EN103,34.98,1,0,0,1.0,50,Berma pavimentada,Seco e limpo,Dois sentidos,Bom tempo,Fora da intersecção,Dentro das localidades,Em pleno dia,Com inclinação,Recta,Na berma,Colisão,SEXTA-FEIRA  ,0,2,54,2011-07-10,17,ligeiro,Sim,Nao,Sim,120.7,1,4,54,1340
51743,2007281943,Braga,41.534292,-8.457794999999999,EN103,36.7,1,0,0,1.0,50,Berma pavimentada,Seco e limpo,Dois sentidos,Bom tempo,Fora da intersecção,Dentro das localidades,"Noite, com iluminação",Com inclinação,Recta,Em plena via,Colisão,QUARTA-FEIRA ,0,2,54,2007-05-04,23,ligeiro,Nao,Nao,Sim,120.7,1,4,54,1340
51744,2010452646,Braga,41.531408,-8.481486,A11,24.24,1,0,0,2.0,120,Berma pavimentada,Húmido,Sentido único,Chuva,Fora da intersecção,Fora das localidades,Em pleno dia,Em patamar,Curva,Em plena via,Despiste,SÁBADO       ,0,1,54,2010-03-25,8,ligeiro,Sim,Sim,Nao,120.7,1,4,54,1340
51745,2012620057,Braga,41.531110999999996,-8.477921,EN103,35.01,1,0,0,1.0,50,Berma pavimentada,Molhado,Dois sentidos,Chuva,Fora da intersecção,Dentro das localidades,Em pleno dia,Em patamar,Recta,Em plena via,Colisão,SÁBADO       ,0,3,54,2012-05-08,9,ligeiro,Sim,Sim,Nao,120.7,1,4,54,1340
51746,2013667901,Braga,41.529742,-8.485598,EN103,34.32,0,1,0,1.0,50,Sem berma ou impraticável,Seco e limpo,Dois sentidos,Bom tempo,Fora da intersecção,Dentro das localidades,"Noite, com iluminação",Em patamar,Recta,Em plena via,Atropelamento,SÁBADO       ,0,1,54,2012-12-11,18,ligeiro,Nao,Nao,Sim,120.7,1,4,54,1340
51747,2012611768,Braga,41.530074,-8.483592999999999,EN103,34.5,0,1,0,1.0,50,Berma pavimentada,Com gravilha ou areia,Dois sentidos,Bom tempo,Fora da intersecção,Dentro das localidades,"Noite, com iluminação",Em patamar,Curva,Na berma,Despiste,DOMINGO      ,0,1,54,2012-04-22,21,ligeiro,Nao,Nao,Nao,120.7,1,4,54,1340
51748,2007274148,Braga,41.533795,-8.461883,EN103,36.35,2,0,0,1.0,50,Berma pavimentada,Seco e limpo,Dois sentidos,Bom tempo,Fora da intersecção,Dentro das localidades,Em pleno dia,Com inclinação,Recta,Em plena via,Colisão,DOMINGO      ,0,3,54,2007-02-12,8,ligeiro,Sim,Nao,Sim,120.7,1,4,54,1340
51749,2007289605,Braga,41.531806,-8.473792,EN103,35.35,2,0,0,1.0,50,Berma pavimentada,Seco e limpo,Dois sentidos,Bom tempo,Fora da intersecção,Dentro das localidades,Em pleno dia,Em patamar,Recta,Em plena via,Colisão,QUINTA-FEIRA ,0,3,54,2007-07-01,16,ligeiro,Sim,Nao,Sim,120.7,1,4,54,1340
51750,2008321679,Braga,41.530671000000005,-8.480239,EN103,34.8,4,0,0,1.0,50,Berma pavimentada,Seco e limpo,Dois sentidos,Bom tempo,Fora da intersecção,Dentro das localidades,"Noite, com iluminação",Em patamar,Recta,Em plena via,Colisão,TERÇA-FEIRA  ,0,2,54,2008-03-07,20,ligeiro,Nao,Nao,Sim,120.7,1,4,54,1340
51751,2010456396,Braga,41.530273,-8.482467999999999,EN103,34.6,1,0,0,1.0,50,Berma pavimentada,Molhado,Dois sentidos,Chuva,Fora da intersecção,Dentro das localidades,Em pleno dia,Com inclinação,Recta,Em plena via,Colisão,QUINTA-FEIRA ,0,2,54,2010-04-10,11,ligeiro,Sim,Sim,Nao,120.7,1,4,54,1340
51752,2009355876,Braga,41.530074,-8.483592999999999,EN103,34.5,1,0,0,1.0,50,Berma pavimentada,Seco e limpo,Dois sentidos,Bom tempo,Fora da intersecção,Dentro das localidades,"Noite, com iluminação",Em patamar,Recta,Em plena via,Colisão,SEGUNDA-FEIRA,0,3,54,2009-01-13,20,ligeiro,Nao,Nao,Sim,120.7,1,4,54,1340
51753,2010423998,Braga,41.583135,-8.554723,A3,54.2,1,0,0,2.0,120,Berma pavimentada,Seco e limpo,Sentido único,Bom tempo,Fora da intersecção,Fora das localidades,Em pleno dia,Com inclinação,Curva,Em plena via,Colisão,QUARTA-FEIRA ,0,2,54,2009-10-26,11,ligeiro,Sim,Nao,Sim,120.7,1,4,54,1340
51754,2012583021,Braga,41.534292,-8.457794999999999,EN103,36.7,1,0,0,1.0,50,Sem berma ou impraticável,Húmido,Dois sentidos,Bom tempo,Em cruzamento,Dentro das localidades,Em pleno dia,Com inclinação,Curva,Em plena via,Atropelamento,TERÇA-FEIRA  ,0,1,54,2011-11-21,9,ligeiro,Sim,Nao,Nao,120.7,1,4,54,1340
51755,2007295598,Braga,41.530981,-8.47857,EN103,34.95,1,0,0,2.0,50,Berma pavimentada,Seco e limpo,Dois sentidos,Bom tempo,Fora da intersecção,Dentro das localidades,Em pleno dia,Em patamar,Recta,Em plena via,Colisão,TERÇA-FEIRA  ,0,2,54,2007-09-06,18,ligeiro,Sim,Nao,Sim,120.7,1,4,54,1340
51756,2010457463,Braga,41.531898,-8.473186,EN103,35.4,2,0,0,1.0,50,Berma pavimentada,Seco e limpo,Dois sentidos,Bom tempo,Em rotunda,Dentro das localidades,Em pleno dia,Em patamar,Recta,No passeio,Despiste,DOMINGO      ,0,1,54,2010-04-29,6,ligeiro,Sim,Nao,Sim,120.7,1,4,54,1340
51757,2007295603,Braga,41.534473999999996,-8.457175,EN103,36.76,2,0,0,1.0,50,Berma pavimentada,Seco e limpo,Dois sentidos,Bom tempo,Fora da intersecção,Dentro das localidades,Em pleno dia,Em patamar,Recta,Em plena via,Colisão,QUINTA-FEIRA ,0,2,54,2007-09-02,18,ligeiro,Sim,Nao,Sim,120.7,1,4,54,1340
51758,2007286527,Braga,41.462508,-8.352638,ER310,16.92,0,1,0,1.0,50,Sem berma ou impraticável,Seco e limpo,Dois sentidos,Bom tempo,Fora da intersecção,Dentro das localidades,Em pleno dia,Em patamar,Recta,Na berma,Atropelamento,TERÇA-FEIRA  ,0,1,73,2007-06-18,18,ligeiro,Sim,Nao,Sim,117.9,1,5,73,1222
51759,2008310648,Braga,41.463959,-8.35082,ER310,16.7,3,0,0,2.0,50,NÃO DEFINIDO,Seco e limpo,Dois sentidos,Bom tempo,Em cruzamento,Dentro das localidades,Em pleno dia,Em patamar,Recta,Em plena via,Colisão,QUINTA-FEIRA ,0,2,73,2008-02-14,15,ligeiro,Sim,Nao,Sim,117.9,1,5,73,1222
51760,2008328778,Braga,41.467743,-8.352471000000001,ER310,16.25,1,0,0,1.0,50,Berma pavimentada,Seco e limpo,Dois sentidos,Bom tempo,Em entroncamento,Dentro das localidades,Em pleno dia,Em patamar,Recta,Em plena via,Colisão,DOMINGO      ,0,2,73,2008-05-07,7,ligeiro,Sim,Nao,Sim,117.9,1,5,73,1222
51761,2009351461,Braga,41.463959,-8.35082,ER310,16.7,1,0,0,1.0,50,Sem berma ou impraticável,Húmido,Dois sentidos,Bom tempo,Em cruzamento,Dentro das localidades,"Noite, com iluminação",Em patamar,Recta,Em plena via,Colisão,TERÇA-FEIRA  ,0,2,73,2008-12-22,18,ligeiro,Nao,Nao,Nao,117.9,1,5,73,1222
51762,2011503567,Braga,41.476651000000004,-8.354144,ER310,15.19,0,1,0,1.0,50,Berma não pavimentada,Molhado,Dois sentidos,Chuva,Fora da intersecção,Dentro das localidades,"Noite, com iluminação",Em patamar,Curva,Em plena via,Atropelamento,QUARTA-FEIRA ,0,1,73,2010-11-17,18,ligeiro,Nao,Sim,Nao,117.9,1,5,73,1222
51763,2011511024,Braga,41.540215,-8.641886999999999,EN103,17.9,1,0,0,2.0,90,Berma pavimentada,Seco e limpo,Dois sentidos,Nevoeiro,Fora da intersecção,Dentro das localidades,"Noite, com iluminação",Com inclinação,Recta,Em plena via,Colisão,QUINTA-FEIRA ,0,2,73,2011-02-12,4,ligeiro,Nao,Sim,Sim,117.9,1,5,73,1222
51764,2011568424,Braga,41.463248,-8.351564,ER310,16.8,1,0,0,1.0,50,Berma pavimentada,Seco e limpo,Dois sentidos,Bom tempo,Fora da intersecção,Dentro das localidades,Em pleno dia,Em patamar,Recta,Em plena via,Colisão,DOMINGO      ,0,2,73,2011-09-07,11,ligeiro,Sim,Nao,Sim,117.9,1,5,73,1222
51765,2012597483,Braga,41.540648,-8.642897,EN103,17.8,1,0,0,1.0,50,Berma pavimentada,Húmido,Sentido único,Bom tempo,Fora da intersecção,Dentro das localidades,"Noite, sem iluminação",Com inclinação,Recta,Na berma,Despiste,TERÇA-FEIRA  ,0,1,73,2012-01-06,19,ligeiro,Nao,Nao,Nao,117.9,1,5,73,1222
51766,2012618124,Braga,41.47298,-8.353072000000001,ER310,15.6,3,0,0,1.0,50,Sem berma ou impraticável,Seco e limpo,Dois sentidos,Bom tempo,Fora da intersecção,Dentro das localidades,Em pleno dia,Com inclinação,Recta,Em plena via,Colisão,SEXTA-FEIRA  ,0,2,73,2012-05-30,20,ligeiro,Sim,Nao,Sim,117.9,1,5,73,1222
51767,2012638663,Braga,41.532573,-8.639427,EN103,18.86,2,0,0,1.0,50,Berma pavimentada,Seco e limpo,Sentido único,Bom tempo,Fora da intersecção,Dentro das localidades,Em pleno dia,Em patamar,Curva,Em plena via,Colisão,SEXTA-FEIRA  ,0,2,73,2012-08-12,12,ligeiro,Sim,Nao,Sim,117.9,1,5,73,1222
51768,2009366732,Braga,41.467743,-8.352471000000001,ER310,16.25,1,0,0,1.0,50,Berma pavimentada,Com água acumulada na faixa de rodagem,Dois sentidos,Chuva,Fora da intersecção,Dentro das localidades,"Noite, com iluminação",Em patamar,Curva,Em plena via,Despiste,DOMINGO      ,0,1,73,2009-03-04,23,ligeiro,Nao,Sim,Nao,117.9,1,5,73,1222
51769,2007282252,Braga,41.469576,-8.353907000000001,ER310,16.0,3,0,0,1.0,50,Berma pavimentada,Seco e limpo,Dois sentidos,Bom tempo,NÃO DEFINIDO,Dentro das localidades,Em pleno dia,Em patamar,Recta,Em plena via,Despiste,SÁBADO       ,0,2,73,2007-05-12,9,ligeiro,Sim,Nao,Sim,117.9,1,5,73,1222
51770,2007294579,Braga,41.472721,-8.352952,ER310,15.63,1,0,0,1.0,50,Sem berma ou impraticável,Seco e limpo,Dois sentidos,Bom tempo,Em cruzamento,Dentro das localidades,Em pleno dia,Em patamar,Recta,Em plena via,Colisão,SEXTA-FEIRA  ,0,2,73,2007-09-08,15,ligeiro,Sim,Nao,Sim,117.9,1,5,73,1222
51771,2009409793,Braga,41.472088,-8.352848,ER310,15.7,1,0,0,1.0,50,Berma pavimentada,Seco e limpo,Dois sentidos,Bom tempo,Fora da intersecção,Dentro das localidades,Em pleno dia,Em patamar,Recta,Em plena via,Despiste,DOMINGO      ,0,1,73,2009-08-05,11,ligeiro,Sim,Nao,Sim,117.9,1,5,73,1222
51772,2011517135,Braga,41.533522,-8.638912,EN103,18.75,2,0,0,1.0,50,Berma pavimentada,Seco e limpo,Dois sentidos,Bom tempo,Fora da intersecção,Dentro das localidades,Em pleno dia,Com inclinação,Curva,Na berma,Despiste,QUARTA-FEIRA ,0,1,73,2011-01-19,15,ligeiro,Sim,Nao,Sim,117.9,1,5,73,1222
51773,2008337389,Braga,41.47298,-8.353072000000001,ER310,15.6,1,0,0,1.0,50,Sem berma ou impraticável,Molhado,Dois sentidos,Chuva,Fora da intersecção,Dentro das localidades,Em pleno dia,Em patamar,Recta,Em plena via,Atropelamento,SÁBADO       ,0,1,73,2008-08-11,14,ligeiro,Sim,Sim,Nao,117.9,1,5,73,1222
51774,2011524875,Braga,41.539716999999996,-8.640938,EN103,18.0,4,0,0,1.0,50,Berma pavimentada,Seco e limpo,Dois sentidos,Bom tempo,Fora da intersecção,Dentro das localidades,Em pleno dia,Em patamar,Recta,Em plena via,Colisão,QUINTA-FEIRA ,0,3,73,2011-02-06,17,ligeiro,Sim,Nao,Sim,117.9,1,5,73,1222
51775,2012608186,Braga,41.542970000000004,-8.6462,EN103,17.4,1,0,0,1.0,50,Sem berma ou impraticável,Seco e limpo,Dois sentidos,Bom tempo,Fora da intersecção,Dentro das localidades,"Noite, sem iluminação",Com inclinação,Curva,Em plena via,Colisão,SEXTA-FEIRA  ,0,2,73,2012-03-17,5,ligeiro,Nao,Nao,Sim,117.9,1,5,73,1222
51776,2013657003,Braga,41.469121,-8.353842,ER310,16.05,1,0,0,1.0,50,Berma não pavimentada,Seco e limpo,Dois sentidos,Bom tempo,Fora da intersecção,Dentro das localidades,Em pleno dia,Em patamar,Recta,Na berma,Despiste,SÁBADO       ,0,1,73,2012-10-15,15,ligeiro,Sim,Nao,Sim,117.9,1,5,73,1222
51777,2012638687,Braga,41.477424,-8.354017,ER310,15.1,1,0,0,1.0,50,Sem berma ou impraticável,Seco e limpo,Dois sentidos,Bom tempo,Fora da intersecção,Dentro das localidades,Em pleno dia,Em patamar,Recta,Em plena via,Colisão,QUARTA-FEIRA ,0,2,73,2012-08-16,13,ligeiro,Sim,Nao,Sim,117.9,1,5,73,1222
51778,2013657002,Braga,41.471185,-8.352934,ER310,15.8,1,0,0,1.0,50,Berma pavimentada,Molhado,Sentido único,Chuva,Fora da intersecção,Dentro das localidades,"Noite, com iluminação",Em patamar,Recta,Na berma,Despiste,SEXTA-FEIRA  ,0,1,73,2012-10-14,6,ligeiro,Nao,Sim,Nao,117.9,1,5,73,1222
51779,2012600493,Braga,41.542207,-8.645631,EN103,17.5,2,0,0,1.0,50,Berma pavimentada,Seco e limpo,Dois sentidos,Bom tempo,Fora da intersecção,Dentro das localidades,"Noite, sem iluminação",Com inclinação,Recta,Em plena via,Colisão,SÁBADO       ,0,2,73,2012-02-07,20,ligeiro,Nao,Nao,Sim,117.9,1,5,73,1222
51780,2010428079,Braga,41.466558,-8.351560000000001,ER310,16.4,1,0,0,1.0,50,Berma pavimentada,Húmido,Dois sentidos,Chuva,Fora da intersecção,Dentro das localidades,"Noite, com iluminação",Em patamar,Curva,Em plena via,Despiste,DOMINGO      ,0,1,73,2009-11-10,21,ligeiro,Nao,Sim,Nao,117.9,1,5,73,1222
51781,2011500182,Braga,41.472544,-8.352888,ER310,15.65,2,0,0,1.0,50,Berma não pavimentada,Molhado,Dois sentidos,Chuva,Fora da intersecção,Dentro das localidades,"Noite, com iluminação",Em patamar,Curva,Em plena via,Colisão,TERÇA-FEIRA  ,0,2,73,2010-10-30,6,ligeiro,Nao,Sim,Nao,117.9,1,5,73,1222
51782,2007275718,Braga,41.463959,-8.35082,ER310,16.7,1,0,0,1.0,50,Berma não pavimentada,Seco e limpo,Dois sentidos,Bom tempo,NÃO DEFINIDO,Dentro das localidades,Em pleno dia,Em patamar,Curva,Na berma,Atropelamento,TERÇA-FEIRA  ,0,1,73,2007-02-08,8,ligeiro,Sim,Nao,Sim,117.9,1,5,73,1222
51783,2010477743,Braga,41.462931,-8.352001,ER310,16.85,2,0,0,1.0,50,Berma pavimentada,Seco e limpo,Dois sentidos,Bom tempo,Em entroncamento,Dentro das localidades,Em pleno dia,Em patamar,Recta,Em plena via,Colisão,SEXTA-FEIRA  ,0,2,73,2010-07-05,7,ligeiro,Sim,Nao,Sim,117.9,1,5,73,1222
51784,2007299740,Braga,41.421824,-8.491259,ER206,24.1,1,0,0,1.0,50,Berma pavimentada,Seco e limpo,Dois sentidos,Bom tempo,Fora da intersecção,Dentro das localidades,Em pleno dia,Em patamar,Recta,Em plena via,Colisão,SÁBADO       ,0,3,41,2007-10-19,13,ligeiro,Sim,Nao,Sim,196.4,1,3,41,1602
51785,2008321688,Braga,41.422288,-8.490225,ER206,24.2,1,0,0,1.0,50,Berma pavimentada,Molhado,Dois sentidos,Chuva,Em entroncamento,Dentro das localidades,"Noite, com iluminação",Em patamar,Recta,Em plena via,Colisão,SÁBADO       ,0,2,41,2008-03-10,18,ligeiro,Nao,Sim,Nao,196.4,1,3,41,1602
51786,2008337409,Braga,41.422288,-8.490225,ER206,24.2,1,0,0,1.0,50,Berma pavimentada,Seco e limpo,Dois sentidos,Bom tempo,Fora da intersecção,Dentro das localidades,Aurora ou crepúsculo,Em patamar,Recta,Em plena via,Colisão,DOMINGO      ,0,2,41,2008-08-06,20,ligeiro,Nao,Nao,Sim,196.4,1,3,41,1602
51788,2008327931,Braga,41.422288,-8.490225,ER206,24.2,1,0,0,1.0,50,Berma pavimentada,Seco e limpo,Dois sentidos,Bom tempo,Em entroncamento,Dentro das localidades,Em pleno dia,Em patamar,Recta,Em plena via,Atropelamento,DOMINGO      ,1,1,41,2008-05-01,16,ligeiro,Sim,Nao,Sim,196.4,1,3,41,1602
51789,2008328786,Braga,41.421824,-8.491259,ER206,24.1,1,0,0,1.0,50,Berma pavimentada,Molhado,Dois sentidos,Chuva,Fora da intersecção,Dentro das localidades,"Noite, com iluminação",Em patamar,Recta,Em plena via,Colisão,TERÇA-FEIRA  ,0,2,41,2008-05-14,1,ligeiro,Nao,Sim,Nao,196.4,1,3,41,1602
51791,2008328351,Braga,41.422666,-8.489142,ER206,24.3,1,0,0,1.0,50,Berma pavimentada,Seco e limpo,Dois sentidos,Bom tempo,Em entroncamento,Dentro das localidades,Em pleno dia,Em patamar,Curva,Em plena via,Colisão,DOMINGO      ,1,2,41,2008-05-01,17,ligeiro,Sim,Nao,Sim,196.4,1,3,41,1602
51797,2011523872,Braga,41.422666,-8.489142,ER206,24.3,2,0,0,1.0,50,Berma pavimentada,Seco e limpo,Dois sentidos,Bom tempo,Em entroncamento,Dentro das localidades,Em pleno dia,Em patamar,Recta,Em plena via,Colisão,QUINTA-FEIRA ,0,2,41,2011-02-23,17,ligeiro,Sim,Nao,Sim,196.4,1,3,41,1602
51798,2011545237,Braga,41.422896,-8.494388,A3,31.43,0,1,0,2.0,120,Berma pavimentada,Seco e limpo,Sentido único,Bom tempo,Fora da intersecção,Fora das localidades,Em pleno dia,Em patamar,Curva,Em plena via,Despiste,QUARTA-FEIRA ,0,1,41,2011-06-21,19,ligeiro,Sim,Nao,Sim,196.4,1,3,41,1602
51799,2011573883,Braga,41.421824,-8.491259,ER206,24.1,1,0,0,1.0,50,Berma pavimentada,Seco e limpo,Sentido único,Bom tempo,Fora da intersecção,Dentro das localidades,Em pleno dia,Em patamar,Recta,Em plena via,Colisão,QUINTA-FEIRA ,0,3,41,2011-10-03,14,ligeiro,Sim,Nao,Sim,196.4,1,3,41,1602
51800,2012597496,Braga,41.42253,-8.487957000000002,ER206,24.4,1,0,0,1.0,50,Berma pavimentada,Molhado,Dois sentidos,Chuva,Fora da intersecção,Dentro das localidades,"Noite, com iluminação",Em patamar,Recta,Em plena via,Atropelamento,SEXTA-FEIRA  ,0,1,41,2012-01-14,19,ligeiro,Nao,Sim,Nao,196.4,1,3,41,1602
51801,2012597826,Braga,41.421184999999994,-8.492654,ER206,23.95,1,0,0,1.0,50,Sem berma ou impraticável,Seco e limpo,Dois sentidos,Bom tempo,Fora da intersecção,Dentro das localidades,"Noite, com iluminação",Em patamar,Recta,Em plena via,Colisão,QUINTA-FEIRA ,0,2,41,2012-01-30,20,ligeiro,Nao,Nao,Sim,196.4,1,3,41,1602
51802,2012583118,Braga,41.422288,-8.490225,ER206,24.2,1,0,0,1.0,50,Sem berma ou impraticável,Seco e limpo,Dois sentidos,Bom tempo,Em entroncamento,Dentro das localidades,"Noite, com iluminação",Em patamar,Recta,Em plena via,Colisão,SÁBADO       ,0,2,41,2011-11-30,21,ligeiro,Nao,Nao,Sim,196.4,1,3,41,1602
51804,2012608970,Braga,41.42253,-8.487957000000002,ER206,24.4,1,0,0,1.0,50,Berma pavimentada,Seco e limpo,Dois sentidos,Bom tempo,Em entroncamento,Dentro das localidades,"Noite, com iluminação",Em patamar,Curva,No passeio,Despiste,DOMINGO      ,0,1,41,2012-03-02,20,ligeiro,Nao,Nao,Sim,196.4,1,3,41,1602
51805,2012631589,Braga,41.42253,-8.487957000000002,ER206,24.4,2,0,0,1.0,50,Berma pavimentada,Seco e limpo,Dois sentidos,Bom tempo,Fora da intersecção,Dentro das localidades,Em pleno dia,Em patamar,Recta,Em plena via,Colisão,SEGUNDA-FEIRA,0,4,41,2012-07-23,16,ligeiro,Sim,Nao,Sim,196.4,1,3,41,1602
51806,2013669753,Braga,41.422346999999995,-8.487423,ER206,24.45,1,0,0,1.0,50,Berma não pavimentada,Molhado,Dois sentidos,Chuva,Fora da intersecção,Dentro das localidades,"Noite, sem iluminação",Em patamar,Curva,Na berma,Despiste,QUARTA-FEIRA ,0,1,41,2012-12-31,21,ligeiro,Nao,Sim,Nao,196.4,1,3,41,1602
51810,2008306144,Braga,41.421353,-8.492288,ER206,24.0,1,0,0,1.0,50,Berma não pavimentada,Seco e limpo,Dois sentidos,Bom tempo,Fora da intersecção,Fora das localidades,Aurora ou crepúsculo,Em patamar,Recta,Em plena via,Colisão,TERÇA-FEIRA  ,0,2,41,2007-12-23,5,ligeiro,Nao,Nao,Sim,196.4,1,3,41,1602
51812,2009400507,Braga,41.421824,-8.491259,ER206,24.1,1,0,0,2.0,40,Berma pavimentada,Seco e limpo,Dois sentidos,Bom tempo,Em entroncamento,Dentro das localidades,Em pleno dia,Em patamar,Recta,Em plena via,Colisão,SEGUNDA-FEIRA,0,2,41,2009-07-25,7,ligeiro,Sim,Nao,Sim,196.4,1,3,41,1602
51813,2012589945,Braga,41.421824,-8.491259,ER206,24.1,1,0,0,1.0,50,Berma pavimentada,Seco e limpo,Dois sentidos,Bom tempo,Fora da intersecção,Dentro das localidades,Em pleno dia,Em patamar,Recta,Em plena via,Colisão,DOMINGO      ,0,2,41,2011-12-07,14,ligeiro,Sim,Nao,Sim,196.4,1,3,41,1602
51816,2011547941,Braga,41.422666,-8.489142,ER206,24.3,1,0,0,2.0,50,Sem berma ou impraticável,Seco e limpo,Dois sentidos,Bom tempo,Em entroncamento,Dentro das localidades,Em pleno dia,Em patamar,Recta,Em plena via,Colisão,DOMINGO      ,0,2,41,2011-06-02,16,ligeiro,Sim,Nao,Sim,196.4,1,3,41,1602
51818,2011555087,Braga,41.421029,-8.487241000000001,ER206,24.6,1,0,0,1.0,50,Berma pavimentada,Seco e limpo,Dois sentidos,Bom tempo,Fora da intersecção,Dentro das localidades,Em pleno dia,Em patamar,Curva,Em plena via,Despiste,SÁBADO       ,0,1,41,2011-07-05,11,ligeiro,Sim,Nao,Sim,196.4,1,3,41,1602
51819,2008323665,Braga,41.422666,-8.489142,ER206,24.3,1,0,0,1.0,50,Berma pavimentada,Molhado,Dois sentidos,Chuva,Em entroncamento,Dentro das localidades,"Noite, com iluminação",Em patamar,Curva,No passeio,Despiste,SEGUNDA-FEIRA,0,1,41,2008-04-20,5,ligeiro,Nao,Sim,Nao,196.4,1,3,41,1602
51820,2009394659,Braga,41.421824,-8.491259,ER206,24.1,1,0,0,2.0,50,Sem berma ou impraticável,Seco e limpo,Dois sentidos,Bom tempo,Fora da intersecção,Dentro das localidades,Em pleno dia,Em patamar,Recta,Em plena via,Colisão,SEGUNDA-FEIRA,0,2,41,2009-07-08,9,ligeiro,Sim,Nao,Sim,196.4,1,3,41,1602