,COD_ACIDENTE,DISTRITO,LATITUDE,LONGITUDE,VIA,KM,QT_FLIGEIROS,QT_FGRAVES,QT_MORTOS,QT_VIAS_SENTIDO,VEL_LIM_LOCAL,BERMA_VIA,CONDICAO_ADERENCIA,FAIXA_RODAGEM,FATOR_ATMOSFERICO,INTERSECAO_VIA,LOCALIZACAO,LUMINOSIDADE,PERFIL_VIA,PLANTA_VIA,SITUACAO_ACIDENTE,TIPO_NATUREZA,DIA_SEMANA,FLAG_FERIADO,QT_VEICULOS,COD_FREGUESIA,DATA,HORA,GRAVIDADE,ERA_DIA,MAU_TEMPO,ESTRADA_SECA,DENSIDADE_TOTAL,COD_DISTRITO_INE,COD_CONCELHO_INE,COD_FREGUESIA_INE,TOTAL
51821,2009389512,Braga,41.422346999999995,-8.487423,ER206,24.45,2,0,0,1.0,50,Berma pavimentada,Molhado,Dois sentidos,Chuva,Fora da intersecção,Dentro das localidades,Aurora ou crepúsculo,Em patamar,Recta,Na berma,Despiste,SÁBADO       ,0,2,41,2009-06-08,9,ligeiro,Nao,Sim,Nao,196.4,1,3,41,1602
51822,2010496270,Braga,41.422056,-8.490742,ER206,24.15,1,0,0,1.0,50,Sem berma ou impraticável,Seco e limpo,Dois sentidos,Bom tempo,Fora da intersecção,Dentro das localidades,Em pleno dia,Em patamar,Recta,Em plena via,Colisão,SEGUNDA-FEIRA,0,3,41,2010-10-12,17,ligeiro,Sim,Nao,Sim,196.4,1,3,41,1602
51824,2010470388,Braga,41.422666,-8.489142,ER206,24.3,1,0,0,1.0,50,Berma pavimentada,Seco e limpo,Dois sentidos,Bom tempo,Em entroncamento,Dentro das localidades,Em pleno dia,Em patamar,Recta,Em plena via,Colisão,SEXTA-FEIRA  ,0,2,41,2010-06-12,18,ligeiro,Sim,Nao,Sim,196.4,1,3,41,1602
51825,2007271443,Braga,41.422288,-8.490225,ER206,24.2,2,0,0,1.0,50,Berma pavimentada,Seco e limpo,Dois sentidos,Bom tempo,Em entroncamento,Dentro das localidades,"Noite, com iluminação",Em patamar,Recta,Em plena via,Colisão,QUARTA-FEIRA ,0,2,41,2007-01-05,18,ligeiro,Nao,Nao,Sim,196.4,1,3,41,1602
51827,2012583115,Braga,41.422288,-8.490225,ER206,24.2,4,0,0,1.0,50,Sem berma ou impraticável,Seco e limpo,Dois sentidos,Bom tempo,Fora da intersecção,Dentro das localidades,Em pleno dia,Em patamar,Recta,Em plena via,Colisão,SEGUNDA-FEIRA,0,2,41,2011-11-26,12,ligeiro,Sim,Nao,Sim,196.4,1,3,41,1602
51829,2011572013,Braga,41.424995,-8.495489,A3,31.68,2,2,0,2.0,120,Berma pavimentada,Com água acumulada na faixa de rodagem,Sentido único,Chuva,Fora da intersecção,Fora das localidades,"Noite, sem iluminação",Em patamar,Recta,Em plena via,Colisão,SEGUNDA-FEIRA,0,2,41,2011-10-23,23,ligeiro,Nao,Sim,Nao,196.4,1,3,41,1602
51833,2007280326,Braga,41.61707,-8.552622999999999,A3,58.1,1,0,0,2.0,120,Berma pavimentada,Seco e limpo,Sentido único,Bom tempo,Fora da intersecção,Fora das localidades,"Noite, sem iluminação",Em patamar,Recta,Em plena via,Colisão,QUINTA-FEIRA ,0,2,41,2007-04-18,21,ligeiro,Nao,Nao,Sim,196.4,1,3,41,1602
51837,2010424070,Braga,41.420581,-8.487184,ER206,24.65,2,0,0,1.0,50,Berma não pavimentada,Seco e limpo,Dois sentidos,Bom tempo,Fora da intersecção,Dentro das localidades,Em pleno dia,Em patamar,Curva,Em plena via,Despiste,DOMINGO      ,0,1,41,2009-10-29,16,ligeiro,Sim,Nao,Sim,196.4,1,3,41,1602
51838,2010441997,Braga,41.422288,-8.490225,ER206,24.2,1,0,0,1.0,50,Berma pavimentada,Molhado,Dois sentidos,Chuva,Em cruzamento,Dentro das localidades,"Noite, com iluminação",Em patamar,Recta,Em plena via,Atropelamento,SEXTA-FEIRA  ,0,1,41,2010-01-10,18,ligeiro,Nao,Sim,Nao,196.4,1,3,41,1602
51840,2012602477,Braga,41.421353,-8.492288,ER206,24.0,0,1,0,1.0,50,Sem berma ou impraticável,Seco e limpo,Sentido único,Bom tempo,Fora da intersecção,Dentro das localidades,"Noite, com iluminação",Em patamar,Recta,Em plena via,Atropelamento,SEGUNDA-FEIRA,0,1,41,2012-02-20,19,ligeiro,Nao,Nao,Sim,196.4,1,3,41,1602
51841,2008326725,Braga,41.422593,-8.494269000000001,A3,31.39,3,1,0,2.0,120,Berma pavimentada,Seco e limpo,Sentido único,Bom tempo,Fora da intersecção,Fora das localidades,Em pleno dia,Em patamar,Curva,Em plena via,Colisão,TERÇA-FEIRA  ,0,2,41,2008-05-31,12,ligeiro,Sim,Nao,Sim,196.4,1,3,41,1602
51842,2012579589,Braga,41.421824,-8.491259,ER206,24.1,1,0,0,1.0,50,Berma pavimentada,Molhado,Dois sentidos,Chuva,Fora da intersecção,Dentro das localidades,"Noite, com iluminação",Em patamar,Recta,Em plena via,Atropelamento,DOMINGO      ,0,1,41,2011-11-14,21,ligeiro,Nao,Sim,Nao,196.4,1,3,41,1602
51844,2012579594,Braga,41.422666,-8.489142,ER206,24.3,2,0,0,1.0,50,Berma pavimentada,Molhado,Dois sentidos,Chuva,Em entroncamento,Dentro das localidades,"Noite, com iluminação",Em patamar,Recta,Em plena via,Colisão,DOMINGO      ,0,6,41,2011-11-08,20,ligeiro,Nao,Sim,Nao,196.4,1,3,41,1602
51846,2007294069,Braga,41.429389,-8.337894,A7,37.68,2,0,0,2.0,60,Berma pavimentada,Seco e limpo,Sentido único,Bom tempo,Fora da intersecção,Fora das localidades,Em pleno dia,Com inclinação,Curva,Na berma,Despiste,SÁBADO       ,0,1,57,2007-08-23,16,ligeiro,Sim,Nao,Sim,44.9,1,4,57,1257
51847,2008306131,Braga,41.651463,-8.434655000000001,EN101,78.5,1,0,0,1.0,50,NÃO DEFINIDO,Seco e limpo,Dois sentidos,Bom tempo,Fora da intersecção,Dentro das localidades,Em pleno dia,Em patamar,Recta,Em plena via,Atropelamento,QUINTA-FEIRA ,0,1,57,2007-12-19,7,ligeiro,Sim,Nao,Sim,44.9,1,4,57,1257
51848,2008304482,Braga,41.427918,-8.331405,A7,38.28,1,0,0,4.0,120,Berma pavimentada,Húmido,Sentido único,Nevoeiro,Fora da intersecção,Fora das localidades,"Noite, com iluminação",Com inclinação,Curva,Em plena via,Despiste,TERÇA-FEIRA  ,0,1,57,2007-12-06,2,ligeiro,Nao,Sim,Nao,44.9,1,4,57,1257
51849,2008319534,Braga,41.478112,-8.482638,EN14,37.8,0,1,0,1.0,50,Berma não pavimentada,Molhado,Dois sentidos,Chuva,Fora da intersecção,Dentro das localidades,"Noite, sem iluminação",Com inclinação,Recta,Em plena via,Atropelamento,SEXTA-FEIRA  ,0,1,57,2008-03-09,1,ligeiro,Nao,Sim,Nao,44.9,1,4,57,1257
51850,2008321382,Braga,41.429389,-8.337894,A7,37.68,1,0,0,2.0,120,Berma pavimentada,Seco e limpo,Sentido único,Bom tempo,Fora da intersecção,Fora das localidades,Em pleno dia,Com inclinação,Curva,Em plena via,Colisão,SEXTA-FEIRA  ,0,2,57,2008-03-20,12,ligeiro,Sim,Nao,Sim,44.9,1,4,57,1257
51851,2009400533,Braga,41.429389,-8.337894,A7,37.68,1,0,0,2.0,80,Berma pavimentada,Seco e limpo,Sentido único,Bom tempo,Em ramo de ligação - saída,Fora das localidades,"Noite, com iluminação",Com inclinação,Curva,Na berma,Despiste,TERÇA-FEIRA  ,0,1,57,2009-07-15,23,ligeiro,Nao,Nao,Sim,44.9,1,4,57,1257
51852,2009389472,Braga,41.429407,-8.337946,A7,37.67,2,0,0,2.0,90,Berma pavimentada,Molhado,Sentido único,Chuva,Em ramo de ligação - saída,Fora das localidades,Em pleno dia,Em patamar,Curva,Em plena via,Despiste,QUARTA-FEIRA ,0,1,57,2009-06-06,8,ligeiro,Sim,Sim,Nao,44.9,1,4,57,1257
51853,2009389524,Braga,41.637494000000004,-8.433641999999999,EN101,80.1,1,0,0,1.0,50,Berma não pavimentada,Molhado,Dois sentidos,Chuva,Em entroncamento,Dentro das localidades,"Noite, com iluminação",Em patamar,Recta,Em plena via,Colisão,SÁBADO       ,0,2,57,2009-06-08,23,ligeiro,Nao,Sim,Nao,44.9,1,4,57,1257
51854,2009409775,Braga,41.429389,-8.337894,A7,37.68,2,0,0,2.0,60,Berma pavimentada,Molhado,Sentido único,Chuva,Fora da intersecção,Fora das localidades,Em pleno dia,Com inclinação,Curva,Na berma,Despiste,TERÇA-FEIRA  ,0,1,57,2009-08-01,10,ligeiro,Sim,Sim,Nao,44.9,1,4,57,1257
51855,2010424083,Braga,41.64583,-8.435824,EN101,79.15,1,0,0,1.0,50,Berma pavimentada,Seco e limpo,Dois sentidos,Bom tempo,Fora da intersecção,Dentro das localidades,"Noite, com iluminação",Em patamar,Recta,Em plena via,Colisão,SEXTA-FEIRA  ,0,3,57,2009-10-16,21,ligeiro,Nao,Nao,Sim,44.9,1,4,57,1257
51856,2010432526,Braga,41.429389,-8.337894,A7,37.68,1,0,0,2.0,60,Berma pavimentada,Molhado,Sentido único,Chuva,Fora da intersecção,Fora das localidades,"Noite, com iluminação",Com inclinação,Curva,Em plena via,Despiste,QUINTA-FEIRA ,0,1,57,2009-12-28,18,ligeiro,Nao,Sim,Nao,44.9,1,4,57,1257
51857,2010442044,Braga,41.429389,-8.337894,A7,37.68,1,0,0,2.0,90,Berma pavimentada,Molhado,Sentido único,Chuva,Em ramo de ligação - saída,Fora das localidades,Em pleno dia,Com inclinação,Curva,Em plena via,Despiste,QUINTA-FEIRA ,0,1,57,2010-01-04,12,ligeiro,Sim,Sim,Nao,44.9,1,4,57,1257
51858,2010452662,Braga,41.429389,-8.337894,A7,37.68,1,0,0,2.0,70,Berma pavimentada,Húmido,Sentido único,Chuva,Fora da intersecção,Fora das localidades,Em pleno dia,Com inclinação,Curva,Em plena via,Despiste,SÁBADO       ,0,1,57,2010-03-31,7,ligeiro,Sim,Sim,Nao,44.9,1,4,57,1257
51859,2010441962,Braga,41.429389,-8.337894,A7,37.68,1,0,0,2.0,70,Berma pavimentada,Molhado,Sentido único,Chuva,Em ramo de ligação - entrada,Fora das localidades,Em pleno dia,Com inclinação,Curva,Em plena via,Despiste,QUINTA-FEIRA ,0,1,57,2010-01-15,14,ligeiro,Sim,Sim,Nao,44.9,1,4,57,1257
51860,2010446592,Braga,41.429389,-8.337894,A7,37.68,1,0,0,2.0,70,Berma pavimentada,Húmido,Sentido único,Vento Forte,Fora da intersecção,Fora das localidades,Em pleno dia,Com inclinação,Curva,Em plena via,Despiste,QUARTA-FEIRA ,0,1,57,2010-02-23,13,ligeiro,Sim,Sim,Nao,44.9,1,4,57,1257
51861,2010453760,Braga,41.637494000000004,-8.433641999999999,EN101,80.1,1,0,0,1.0,50,Berma pavimentada,Molhado,Dois sentidos,Chuva,Fora da intersecção,Dentro das localidades,Em pleno dia,Em patamar,Recta,Em plena via,Colisão,QUINTA-FEIRA ,0,2,57,2010-03-01,13,ligeiro,Sim,Sim,Nao,44.9,1,4,57,1257
51862,2011517124,Braga,41.429389,-8.337894,A7,37.68,1,0,0,2.0,90,Berma pavimentada,Molhado,Sentido único,Chuva,Fora da intersecção,Fora das localidades,"Noite, com iluminação",Em patamar,Curva,Em plena via,Despiste,TERÇA-FEIRA  ,0,1,57,2011-01-18,17,ligeiro,Nao,Sim,Nao,44.9,1,4,57,1257
51863,2011527222,Braga,41.429389,-8.337894,A7,37.68,2,0,0,2.0,60,Berma pavimentada,Molhado,Sentido único,Chuva,Fora da intersecção,Fora das localidades,Em pleno dia,Em patamar,Curva,Em plena via,Despiste,SÁBADO       ,0,1,57,2011-03-30,15,ligeiro,Sim,Sim,Nao,44.9,1,4,57,1257
51864,2011527218,Braga,41.429389,-8.337894,A7,37.68,1,0,0,2.0,70,Berma pavimentada,Molhado,Sentido único,Chuva,Fora da intersecção,Fora das localidades,Em pleno dia,Com inclinação,Curva,Em plena via,Despiste,QUINTA-FEIRA ,0,1,57,2011-03-28,7,ligeiro,Sim,Sim,Nao,44.9,1,4,57,1257
51865,2011523826,Braga,41.639409,-8.434697,EN101,79.87,1,0,0,1.0,50,Berma não pavimentada,Seco e limpo,Dois sentidos,Bom tempo,Em cruzamento,Dentro das localidades,Em pleno dia,Em patamar,Recta,Em plena via,Colisão,QUARTA-FEIRA ,0,2,57,2011-02-28,18,ligeiro,Sim,Nao,Sim,44.9,1,4,57,1257
51866,2011529697,Braga,41.429389,-8.337894,A7,37.68,3,0,0,2.0,60,Berma pavimentada,Molhado,Sentido único,Chuva,Em ramo de ligação - saída,Fora das localidades,Em pleno dia,Com inclinação,Curva,Na berma,Despiste,TERÇA-FEIRA  ,0,1,57,2011-04-19,9,ligeiro,Sim,Sim,Nao,44.9,1,4,57,1257
51867,2011542753,Braga,41.432327,-8.336161,A11,44.6,4,0,0,3.0,120,Berma pavimentada,Molhado,Sentido único,Chuva,Em via de aceleração,Fora das localidades,Em pleno dia,Com inclinação,Curva,Em plena via,Despiste,QUINTA-FEIRA ,0,1,57,2011-05-30,8,ligeiro,Sim,Sim,Nao,44.9,1,4,57,1257
51868,2011563945,Braga,41.429389,-8.337894,A7,37.68,1,0,0,2.0,120,Berma pavimentada,Húmido,Sentido único,Chuva,Fora da intersecção,Fora das localidades,Em pleno dia,Em patamar,Curva,Em plena via,Despiste,QUARTA-FEIRA ,0,1,57,2011-08-06,13,ligeiro,Sim,Sim,Nao,44.9,1,4,57,1257
51869,2012597607,Braga,41.640885,-8.43524,EN101,79.7,1,0,0,1.0,50,Berma pavimentada,Molhado,Sentido único,Chuva,Fora da intersecção,Dentro das localidades,Aurora ou crepúsculo,Com inclinação,Recta,Em plena via,Colisão,SEXTA-FEIRA  ,0,2,57,2012-01-14,18,ligeiro,Nao,Sim,Nao,44.9,1,4,57,1257
51870,2012579195,Braga,41.429389,-8.337894,A7,37.68,1,0,0,2.0,90,Berma pavimentada,Com água acumulada na faixa de rodagem,Sentido único,Chuva,Fora da intersecção,Fora das localidades,Em pleno dia,Com inclinação,Curva,Na berma,Despiste,SEGUNDA-FEIRA,0,1,57,2011-11-15,9,ligeiro,Sim,Sim,Nao,44.9,1,4,57,1257
51871,2012579520,Braga,41.429389,-8.337894,A7,37.68,2,0,0,2.0,80,Berma pavimentada,Molhado,Sentido único,Chuva,Fora da intersecção,Fora das localidades,Em pleno dia,Em patamar,Curva,Em plena via,Despiste,SÁBADO       ,0,1,57,2011-11-13,14,ligeiro,Sim,Sim,Nao,44.9,1,4,57,1257
51872,2012579574,Braga,41.429389,-8.337894,A7,37.68,2,0,0,2.0,90,Berma pavimentada,Húmido,Sentido único,Chuva,Fora da intersecção,Fora das localidades,Em pleno dia,Com inclinação,Curva,Em plena via,Despiste,DOMINGO      ,0,1,57,2011-11-03,7,ligeiro,Sim,Sim,Nao,44.9,1,4,57,1257
51873,2012612563,Braga,41.429389,-8.337894,A7,37.68,1,0,0,2.0,90,Berma pavimentada,Molhado,Sentido único,Chuva,Fora da intersecção,Fora das localidades,Em pleno dia,Em patamar,Curva,Em plena via,Despiste,TERÇA-FEIRA  ,0,1,57,2012-04-18,13,ligeiro,Sim,Sim,Nao,44.9,1,4,57,1257
51874,2012612761,Braga,41.641791999999995,-8.435249,EN101,79.6,1,0,0,1.0,50,Berma pavimentada,Molhado,Dois sentidos,Chuva,Fora da intersecção,Dentro das localidades,Em pleno dia,Em patamar,Recta,Em plena via,Colisão,TERÇA-FEIRA  ,0,2,57,2012-04-18,14,ligeiro,Sim,Sim,Nao,44.9,1,4,57,1257
51875,2012636868,Braga,41.429389,-8.337894,A7,37.68,1,0,0,2.0,60,Berma pavimentada,Molhado,Sentido único,Chuva,Fora da intersecção,Fora das localidades,"Noite, sem iluminação",Em patamar,Curva,Em plena via,Despiste,DOMINGO      ,0,1,57,2012-08-14,21,ligeiro,Nao,Sim,Nao,44.9,1,4,57,1257
51876,2013671606,Braga,41.429452000000005,-8.338446000000001,A7,37.63,1,0,0,2.0,60,Berma pavimentada,Molhado,Sentido único,Chuva,Fora da intersecção,Fora das localidades,Em pleno dia,Em patamar,Curva,Em plena via,Despiste,TERÇA-FEIRA  ,0,1,57,2012-12-13,8,ligeiro,Sim,Sim,Nao,44.9,1,4,57,1257
51877,2013669711,Braga,41.429389,-8.337894,A7,37.68,1,0,0,2.0,60,Berma pavimentada,Molhado,Sentido único,Chuva,Em ramo de ligação - entrada,Fora das localidades,Em pleno dia,Com inclinação,Curva,Em plena via,Despiste,SEGUNDA-FEIRA,0,1,57,2012-12-18,15,ligeiro,Sim,Sim,Nao,44.9,1,4,57,1257
51878,2013664920,Braga,41.429389,-8.337894,A7,37.68,1,0,0,2.0,60,Berma pavimentada,Molhado,Sentido único,Chuva,Fora da intersecção,Fora das localidades,Em pleno dia,Com inclinação,Curva,Em plena via,Despiste,SEXTA-FEIRA  ,0,1,57,2012-11-17,14,ligeiro,Sim,Sim,Nao,44.9,1,4,57,1257
51879,2009389604,Braga,41.646710999999996,-8.436113,EN101,79.05,1,0,0,1.0,50,Berma pavimentada,Seco e limpo,Dois sentidos,Bom tempo,Fora da intersecção,Dentro das localidades,Em pleno dia,Em patamar,Recta,Em plena via,Colisão,SEGUNDA-FEIRA,0,3,57,2009-06-27,12,ligeiro,Sim,Nao,Sim,44.9,1,4,57,1257
51880,2007288478,Braga,41.651292,-8.434737,EN101,78.52,2,0,0,1.0,50,Berma pavimentada,Seco e limpo,Dois sentidos,Bom tempo,Fora da intersecção,Dentro das localidades,"Noite, com iluminação",NÃO DEFINIDO,NÃO DEFINIDO,Em plena via,Colisão,SÁBADO       ,0,2,57,2007-07-08,23,ligeiro,Nao,Nao,Sim,44.9,1,4,57,1257
51881,2012589895,Braga,41.429389,-8.337894,A7,37.68,1,0,0,2.0,90,Berma pavimentada,Molhado,Sentido único,Bom tempo,Em ramo de ligação - entrada,Fora das localidades,Em pleno dia,Em patamar,Curva,Em plena via,Despiste,SEGUNDA-FEIRA,0,1,57,2011-12-02,8,ligeiro,Sim,Nao,Nao,44.9,1,4,57,1257
51882,2011529061,Braga,41.640615000000004,-8.435216,EN101,79.73,2,0,0,1.0,50,Berma pavimentada,Seco e limpo,Dois sentidos,Bom tempo,Fora da intersecção,Dentro das localidades,Em pleno dia,Em patamar,Recta,Em plena via,Colisão,QUINTA-FEIRA ,0,2,57,2011-03-06,16,ligeiro,Sim,Nao,Sim,44.9,1,4,57,1257
51883,2011540680,Braga,41.429377,-8.338709,A7,37.6,1,0,0,2.0,120,Berma pavimentada,Seco e limpo,Sentido único,Bom tempo,Fora da intersecção,Fora das localidades,Em pleno dia,Com inclinação,Curva,Em plena via,Despiste,DOMINGO      ,0,1,57,2011-05-04,12,ligeiro,Sim,Nao,Sim,44.9,1,4,57,1257
51884,2013671602,Braga,41.429389,-8.337894,A7,37.68,3,0,0,2.0,60,Berma pavimentada,Molhado,Sentido único,Chuva,Fora da intersecção,Fora das localidades,Em pleno dia,Em patamar,Curva,Em plena via,Despiste,DOMINGO      ,0,1,57,2012-12-06,16,ligeiro,Sim,Sim,Nao,44.9,1,4,57,1257
51885,2007297891,Braga,41.648035,-8.436236,EN101,78.9,1,0,0,1.0,50,Berma pavimentada,Seco e limpo,Dois sentidos,Bom tempo,Fora da intersecção,Dentro das localidades,Em pleno dia,Em patamar,Recta,Em plena via,Colisão,DOMINGO      ,0,2,57,2007-10-14,15,ligeiro,Sim,Nao,Sim,44.9,1,4,57,1257
51886,2013669713,Braga,41.429389,-8.337894,A7,37.68,1,0,0,2.0,60,Berma pavimentada,Molhado,Sentido único,Chuva,Em ramo de ligação - saída,Fora das localidades,Em pleno dia,Com inclinação,Curva,Em plena via,Despiste,SEXTA-FEIRA  ,0,1,57,2012-12-21,8,ligeiro,Sim,Sim,Nao,44.9,1,4,57,1257
51887,2011562095,Braga,41.429389,-8.337894,A7,37.68,2,0,0,2.0,120,Berma não pavimentada,Seco e limpo,Sentido único,Bom tempo,Fora da intersecção,Fora das localidades,Em pleno dia,Em patamar,Curva,Em plena via,Despiste,SEXTA-FEIRA  ,0,1,57,2011-08-19,17,ligeiro,Sim,Nao,Sim,44.9,1,4,57,1257
51888,2011529046,Braga,41.429389,-8.337894,A7,37.68,1,0,0,2.0,60,Berma pavimentada,Molhado,Sentido único,Bom tempo,Fora da intersecção,Fora das localidades,Em pleno dia,Com inclinação,Curva,Em plena via,Despiste,DOMINGO      ,0,1,57,2011-03-14,7,ligeiro,Sim,Nao,Nao,44.9,1,4,57,1257
51889,2008308018,Braga,41.647284,-8.436297,EN101,78.99,1,0,0,1.0,50,Berma não pavimentada,Seco e limpo,Dois sentidos,Bom tempo,Em cruzamento,Dentro das localidades,Em pleno dia,Em patamar,Recta,Em plena via,Colisão,TERÇA-FEIRA  ,0,2,57,2008-01-26,11,ligeiro,Sim,Nao,Sim,44.9,1,4,57,1257
51890,2011505896,Braga,41.642697999999996,-8.435285,EN101,79.5,1,0,0,1.0,50,Berma pavimentada,Seco e limpo,Dois sentidos,Bom tempo,Em rotunda,Fora das localidades,Em pleno dia,Em patamar,Recta,Em plena via,Despiste,SEGUNDA-FEIRA,0,1,57,2010-11-04,12,ligeiro,Sim,Nao,Sim,44.9,1,4,57,1257
51891,2007276677,Braga,41.428896,-8.338992,A7,37.54,1,0,0,2.0,90,Berma pavimentada,Húmido,Sentido único,Chuva,Em ramo de ligação - entrada,Fora das localidades,Em pleno dia,Em patamar,Curva,Em plena via,Despiste,TERÇA-FEIRA  ,0,1,57,2007-03-02,7,ligeiro,Sim,Sim,Nao,44.9,1,4,57,1257
51892,2007276704,Braga,41.428814,-8.339025999999999,A7,37.53,1,0,0,2.0,90,Berma pavimentada,Seco e limpo,Sentido único,Bom tempo,Em ramo de ligação - entrada,Fora das localidades,Em pleno dia,Com inclinação,Curva,Em plena via,Despiste,QUINTA-FEIRA ,0,1,57,2007-03-15,16,ligeiro,Sim,Nao,Sim,44.9,1,4,57,1257
51893,2012612557,Braga,41.479006,-8.482082,EN14,37.9,1,0,0,1.0,50,Berma pavimentada,Seco e limpo,Dois sentidos,Bom tempo,Fora da intersecção,Dentro das localidades,Em pleno dia,Em patamar,Recta,Em plena via,Despiste,SEXTA-FEIRA  ,0,1,57,2012-04-26,18,ligeiro,Sim,Nao,Sim,44.9,1,4,57,1257
51894,2010496297,Braga,41.641791999999995,-8.435249,EN101,79.6,1,0,0,1.0,50,Berma pavimentada,Seco e limpo,Dois sentidos,Bom tempo,Fora da intersecção,Dentro das localidades,Em pleno dia,Com inclinação,Recta,Em plena via,Colisão,SÁBADO       ,0,3,57,2010-10-11,14,ligeiro,Sim,Nao,Sim,44.9,1,4,57,1257
51895,2010456971,Braga,41.432327,-8.336161,A11,44.6,1,0,0,3.0,120,Berma pavimentada,Molhado,Sentido único,Chuva,Fora da intersecção,Fora das localidades,Em pleno dia,Em patamar,Recta,Em plena via,Despiste,SEXTA-FEIRA  ,0,1,57,2010-04-22,11,ligeiro,Sim,Sim,Nao,44.9,1,4,57,1257
51896,2008333602,Braga,41.650183,-8.435269,EN101,78.65,1,0,0,1.0,50,Berma pavimentada,Molhado,Dois sentidos,Chuva,Fora da intersecção,Dentro das localidades,Em pleno dia,Em patamar,Recta,Em plena via,Atropelamento,DOMINGO      ,0,1,57,2008-07-31,11,ligeiro,Sim,Sim,Nao,44.9,1,4,57,1257
51897,2010446593,Braga,41.429389,-8.337894,A7,37.68,1,0,0,2.0,70,Berma pavimentada,Molhado,Sentido único,Chuva,Fora da intersecção,Fora das localidades,Em pleno dia,Com inclinação,Curva,Em plena via,Despiste,QUARTA-FEIRA ,0,1,57,2010-02-23,16,ligeiro,Sim,Sim,Nao,44.9,1,4,57,1257
51898,2009358506,Braga,41.429389,-8.337894,A7,37.68,1,0,0,2.0,70,Berma pavimentada,Seco e limpo,Dois sentidos,Bom tempo,Fora da intersecção,Fora das localidades,Em pleno dia,Com inclinação,Curva,Em plena via,Despiste,SÁBADO       ,0,1,57,2009-02-26,17,ligeiro,Sim,Nao,Sim,44.9,1,4,57,1257
51899,2010442850,Braga,41.641791999999995,-8.435249,EN101,79.6,1,0,0,1.0,50,Berma pavimentada,Seco e limpo,Dois sentidos,Bom tempo,Em entroncamento,Dentro das localidades,"Noite, sem iluminação",Com inclinação,Recta,Em plena via,Colisão,QUINTA-FEIRA ,0,2,57,2010-01-04,22,ligeiro,Nao,Nao,Sim,44.9,1,4,57,1257
51900,2010456377,Braga,41.429389,-8.337894,A7,37.68,1,0,0,2.0,60,Berma pavimentada,Molhado,Sentido único,Bom tempo,Em ramo de ligação - saída,Fora das localidades,Em pleno dia,Com inclinação,Curva,Em plena via,Despiste,DOMINGO      ,0,1,57,2010-04-12,14,ligeiro,Sim,Nao,Nao,44.9,1,4,57,1257
51901,2013656217,Braga,41.429389,-8.337894,A7,37.68,3,0,0,2.0,60,Berma pavimentada,Molhado,Sentido único,Chuva,Fora da intersecção,Fora das localidades,"Noite, com iluminação",Com inclinação,Curva,Em plena via,Despiste,SEXTA-FEIRA  ,0,1,57,2012-10-31,23,ligeiro,Nao,Sim,Nao,44.9,1,4,57,1257
51902,2011518984,Braga,41.429389,-8.337894,A7,37.68,1,0,0,2.0,60,Berma pavimentada,Seco e limpo,Sentido único,Bom tempo,Fora da intersecção,Fora das localidades,Em pleno dia,Em patamar,Curva,Em plena via,Despiste,QUARTA-FEIRA ,0,1,57,2011-01-13,15,ligeiro,Sim,Nao,Sim,44.9,1,4,57,1257
51903,2009355864,Braga,41.429389,-8.337894,A7,37.68,1,0,0,2.0,90,Berma pavimentada,Húmido,Sentido único,Chuva,Fora da intersecção,Fora das localidades,Em pleno dia,Com inclinação,Curva,Em plena via,Despiste,DOMINGO      ,1,1,57,2009-01-01,16,ligeiro,Sim,Sim,Nao,44.9,1,4,57,1257
51904,2009358132,Braga,41.420908000000004,-8.340961,A7,36.6,1,0,0,2.0,120,Berma pavimentada,Molhado,Sentido único,Chuva,Fora da intersecção,Fora das localidades,Em pleno dia,Com inclinação,Curva,Em plena via,Despiste,SÁBADO       ,0,1,57,2009-01-23,14,ligeiro,Sim,Sim,Nao,44.9,1,4,57,1257
51905,2012626714,Braga,41.429389,-8.337894,A7,37.68,1,0,0,2.0,60,Berma pavimentada,Molhado,Sentido único,Chuva,Fora da intersecção,Fora das localidades,Em pleno dia,Com inclinação,Curva,Em plena via,Despiste,QUARTA-FEIRA ,0,1,57,2012-06-20,14,ligeiro,Sim,Sim,Nao,44.9,1,4,57,1257
51906,2012631551,Braga,41.644507,-8.435405000000001,EN101,79.3,1,0,0,1.0,50,Berma não pavimentada,Seco e limpo,Dois sentidos,Bom tempo,Fora da intersecção,Dentro das localidades,"Noite, com iluminação",Com inclinação,Recta,Em plena via,Colisão,SEXTA-FEIRA  ,0,2,57,2012-07-26,22,ligeiro,Nao,Nao,Sim,44.9,1,4,57,1257
51907,2012628477,Braga,41.429389,-8.337894,A7,37.68,1,0,0,2.0,90,Berma pavimentada,Molhado,Sentido único,Chuva,Em ramo de ligação - entrada,Fora das localidades,Em pleno dia,Com inclinação,Curva,Na berma,Despiste,SEGUNDA-FEIRA,0,1,57,2012-06-02,18,ligeiro,Sim,Sim,Nao,44.9,1,4,57,1257
51908,2011567905,Braga,41.429389,-8.337894,A7,37.68,1,0,0,2.0,60,Berma pavimentada,Molhado,Sentido único,Chuva,Fora da intersecção,Fora das localidades,Em pleno dia,Em patamar,Curva,Em plena via,Despiste,QUINTA-FEIRA ,0,1,57,2011-09-10,16,ligeiro,Sim,Sim,Nao,44.9,1,4,57,1257