,COD_ACIDENTE,DISTRITO,LATITUDE,LONGITUDE,VIA,KM,QT_FLIGEIROS,QT_FGRAVES,QT_MORTOS,QT_VIAS_SENTIDO,VEL_LIM_LOCAL,BERMA_VIA,CONDICAO_ADERENCIA,FAIXA_RODAGEM,FATOR_ATMOSFERICO,INTERSECAO_VIA,LOCALIZACAO,LUMINOSIDADE,PERFIL_VIA,PLANTA_VIA,SITUACAO_ACIDENTE,TIPO_NATUREZA,DIA_SEMANA,FLAG_FERIADO,QT_VEICULOS,COD_FREGUESIA,DATA,HORA,GRAVIDADE,ERA_DIA,MAU_TEMPO,ESTRADA_SECA,DENSIDADE_TOTAL,COD_DISTRITO_INE,COD_CONCELHO_INE,COD_FREGUESIA_INE,TOTAL
51909,2012600561,Braga,41.638360999999996,-8.433987,EN101,80.0,1,0,0,1.0,50,Sem berma ou impraticável,Seco e limpo,Dois sentidos,Bom tempo,Fora da intersecção,Dentro das localidades,"Noite, com iluminação",Em patamar,Recta,Em plena via,Despiste,QUINTA-FEIRA ,0,1,57,2012-02-22,3,ligeiro,Nao,Nao,Sim,44.9,1,4,57,1257
51910,2011574157,Braga,41.656746000000005,-8.429108,EN308,35.95,1,0,0,1.0,50,Berma não pavimentada,Molhado,Dois sentidos,Chuva,Fora da intersecção,Dentro das localidades,Em pleno dia,Com inclinação,Curva,Em plena via,Despiste,QUARTA-FEIRA ,0,1,57,2011-10-24,10,ligeiro,Sim,Sim,Nao,44.9,1,4,57,1257
51911,2012614118,Braga,41.429452000000005,-8.338446000000001,A7,37.63,1,0,0,2.0,100,Berma não pavimentada,Húmido,Sentido único,Bom tempo,Em ramo de ligação - entrada,Fora das localidades,Em pleno dia,Em patamar,Curva,Em plena via,Colisão,SEXTA-FEIRA  ,0,2,57,2012-04-15,8,ligeiro,Sim,Nao,Nao,44.9,1,4,57,1257
51912,2011555098,Braga,41.654581,-8.432388000000001,EN101,78.1,1,0,0,1.0,50,Sem berma ou impraticável,Seco e limpo,Dois sentidos,Bom tempo,Fora da intersecção,Dentro das localidades,"Noite, sem iluminação",Em patamar,Recta,No passeio,Despiste,SEXTA-FEIRA  ,0,1,57,2011-07-04,23,ligeiro,Nao,Nao,Sim,44.9,1,4,57,1257
51913,2007287114,Braga,41.429118,-8.336905,A11,45.23,1,0,0,2.0,120,Berma pavimentada,Seco e limpo,Sentido único,Bom tempo,Fora da intersecção,Fora das localidades,Em pleno dia,Com inclinação,Recta,Na berma,Despiste,SÁBADO       ,0,1,57,2007-06-21,9,ligeiro,Sim,Nao,Sim,44.9,1,4,57,1257
51914,2012628479,Braga,41.429389,-8.337894,A7,37.68,1,0,0,2.0,120,Berma pavimentada,Molhado,Sentido único,Chuva,Fora da intersecção,Fora das localidades,Em pleno dia,Com inclinação,Curva,Na berma,Despiste,SÁBADO       ,0,1,57,2012-06-06,7,ligeiro,Sim,Sim,Nao,44.9,1,4,57,1257
51915,2009372008,Braga,41.642697999999996,-8.435285,EN101,79.5,0,0,1,1.0,50,Berma pavimentada,Seco e limpo,Dois sentidos,Bom tempo,Em rotunda,Dentro das localidades,Aurora ou crepúsculo,Em patamar,Recta,Em plena via,Colisão,QUINTA-FEIRA ,0,2,57,2009-03-19,5,ligeiro,Nao,Nao,Sim,44.9,1,4,57,1257
51916,2008348477,Braga,41.637494000000004,-8.433641999999999,EN101,80.1,1,0,0,1.0,50,Berma pavimentada,Molhado,Dois sentidos,Chuva,Fora da intersecção,Dentro das localidades,Em pleno dia,Em patamar,Recta,Em plena via,Colisão,TERÇA-FEIRA  ,0,2,57,2008-11-07,9,ligeiro,Sim,Sim,Nao,44.9,1,4,57,1257
51917,2011529048,Braga,41.432327,-8.336161,A11,44.6,2,0,0,2.0,120,Berma pavimentada,Molhado,Sentido único,Chuva,Fora da intersecção,Fora das localidades,Em pleno dia,Em patamar,Recta,Em plena via,Colisão,DOMINGO      ,0,2,57,2011-03-14,15,ligeiro,Sim,Sim,Nao,44.9,1,4,57,1257
51918,2011555082,Braga,41.428993,-8.338947000000001,A7,37.55,5,0,0,2.0,120,Berma pavimentada,Seco e limpo,Sentido único,Bom tempo,Fora da intersecção,Fora das localidades,Em pleno dia,Em patamar,Curva,Em plena via,Despiste,SÁBADO       ,0,1,57,2011-07-11,5,ligeiro,Sim,Nao,Sim,44.9,1,4,57,1257
51919,2010456367,Braga,41.642697999999996,-8.435285,EN101,79.5,1,0,0,1.0,50,Berma pavimentada,Seco e limpo,Dois sentidos,Bom tempo,Em rotunda,Dentro das localidades,Em pleno dia,Em patamar,Recta,Em plena via,Colisão,TERÇA-FEIRA  ,0,2,57,2010-04-14,8,ligeiro,Sim,Nao,Sim,44.9,1,4,57,1257
51920,2011573819,Braga,41.653545,-8.433562,EN101,78.25,1,0,0,1.0,50,Berma pavimentada,Seco e limpo,Dois sentidos,Bom tempo,Fora da intersecção,Dentro das localidades,Em pleno dia,Em patamar,Recta,No passeio,Colisão,SEXTA-FEIRA  ,0,2,57,2011-10-15,18,ligeiro,Sim,Nao,Sim,44.9,1,4,57,1257
51921,2007287870,Braga,41.647064,-8.436226,EN101,79.01,0,1,0,1.0,50,Berma pavimentada,Seco e limpo,Dois sentidos,Bom tempo,Fora da intersecção,Dentro das localidades,Em pleno dia,Em patamar,Recta,Em plena via,Atropelamento,QUINTA-FEIRA ,0,1,57,2007-07-12,16,ligeiro,Sim,Nao,Sim,44.9,1,4,57,1257
51922,2010432522,Braga,41.431855,-8.336592,A11,44.68,1,0,0,2.0,120,Berma pavimentada,"Com gelo, geada ou neve",Sentido único,Granizo,Fora da intersecção,Fora das localidades,Em pleno dia,Com inclinação,Curva,Em plena via,Despiste,DOMINGO      ,0,1,57,2009-12-31,16,ligeiro,Sim,Sim,Nao,44.9,1,4,57,1257
51923,2008312329,Braga,41.643330999999996,-8.435339,EN101,79.43,1,0,0,1.0,50,Berma pavimentada,Húmido,Dois sentidos,Bom tempo,Fora da intersecção,Dentro das localidades,"Noite, com iluminação",Em patamar,Curva,Em plena via,Despiste,QUARTA-FEIRA ,0,1,57,2008-02-02,0,ligeiro,Nao,Nao,Nao,44.9,1,4,57,1257
51924,2010468565,Braga,41.428896,-8.338992,A7,37.54,1,0,0,2.0,60,Berma pavimentada,Molhado,Sentido único,Chuva,Fora da intersecção,Fora das localidades,Em pleno dia,Com inclinação,Curva,Na berma,Despiste,SEGUNDA-FEIRA,0,1,57,2010-06-09,9,ligeiro,Sim,Sim,Nao,44.9,1,4,57,1257
51925,2011567894,Braga,41.429389,-8.337894,A7,37.68,1,0,0,2.0,70,Berma pavimentada,Molhado,Sentido único,Chuva,Fora da intersecção,Fora das localidades,Em pleno dia,Em patamar,Curva,Em plena via,Despiste,SEGUNDA-FEIRA,0,1,57,2011-09-02,9,ligeiro,Sim,Sim,Nao,44.9,1,4,57,1257
51926,2012591774,Braga,41.429389,-8.337894,A7,37.68,1,0,0,2.0,60,Berma pavimentada,Molhado,Sentido único,Chuva,Em ramo de ligação - saída,Fora das localidades,Em pleno dia,Com inclinação,Curva,Em plena via,Despiste,QUARTA-FEIRA ,0,1,57,2011-12-20,15,ligeiro,Sim,Sim,Nao,44.9,1,4,57,1257
51927,2011529591,Braga,41.429389,-8.337894,A7,37.68,1,0,0,2.0,90,Berma pavimentada,Molhado,Sentido único,Chuva,Fora da intersecção,Fora das localidades,Em pleno dia,Com inclinação,Curva,Em plena via,Despiste,SEXTA-FEIRA  ,0,1,57,2011-04-21,18,ligeiro,Sim,Sim,Nao,44.9,1,4,57,1257
51928,2010430259,Braga,41.429389,-8.337894,A7,37.68,1,0,0,2.0,60,Berma pavimentada,Molhado,Sentido único,Chuva,Fora da intersecção,Fora das localidades,Em pleno dia,Com inclinação,Curva,Na berma,Despiste,SEGUNDA-FEIRA,0,1,57,2009-11-16,14,ligeiro,Sim,Sim,Nao,44.9,1,4,57,1257
51929,2012589901,Braga,41.429389,-8.337894,A7,37.68,1,0,0,2.0,90,Berma pavimentada,Molhado,Dois sentidos,Bom tempo,Em ramo de ligação - saída,Fora das localidades,Em pleno dia,Com inclinação,Curva,Em plena via,Despiste,SÁBADO       ,0,1,57,2011-12-06,8,ligeiro,Sim,Nao,Nao,44.9,1,4,57,1257
51930,2010486637,Braga,41.647861,-8.436299,EN101,78.92,1,0,0,1.0,50,Berma pavimentada,Seco e limpo,Dois sentidos,Bom tempo,Fora da intersecção,Dentro das localidades,Em pleno dia,Em patamar,Recta,Em plena via,Colisão,TERÇA-FEIRA  ,0,2,57,2010-08-06,11,ligeiro,Sim,Nao,Sim,44.9,1,4,57,1257
51931,2011529590,Braga,41.429389,-8.337894,A7,37.68,3,0,0,2.0,60,Berma pavimentada,Molhado,Sentido único,Chuva,Fora da intersecção,Fora das localidades,Em pleno dia,Em patamar,Curva,Em plena via,Despiste,SEXTA-FEIRA  ,0,1,57,2011-04-21,17,ligeiro,Sim,Sim,Nao,44.9,1,4,57,1257
51932,2011555512,Braga,41.645548,-8.435732000000002,EN101,79.18,1,0,0,1.0,50,Sem berma ou impraticável,Seco e limpo,Dois sentidos,Bom tempo,Fora da intersecção,Dentro das localidades,Em pleno dia,Em patamar,Recta,Em plena via,Colisão,QUINTA-FEIRA ,0,2,57,2011-07-20,11,ligeiro,Sim,Nao,Sim,44.9,1,4,57,1257
51933,2009349479,Braga,41.649927000000005,-8.435392,EN101,78.68,1,0,0,1.0,50,Sem berma ou impraticável,Molhado,Dois sentidos,Chuva,Fora da intersecção,Dentro das localidades,Aurora ou crepúsculo,Em patamar,Recta,Em plena via,Atropelamento,QUARTA-FEIRA ,0,1,57,2008-11-30,17,ligeiro,Nao,Sim,Nao,44.9,1,4,57,1257
51934,2013669709,Braga,41.429452000000005,-8.338446000000001,A7,37.63,1,0,0,2.0,60,Berma pavimentada,Húmido,Sentido único,Chuva,Fora da intersecção,Fora das localidades,"Noite, com iluminação",Com inclinação,Curva,Em plena via,Despiste,SÁBADO       ,0,1,57,2012-12-16,23,ligeiro,Nao,Sim,Nao,44.9,1,4,57,1257
51935,2009358728,Braga,41.433206,-8.335342,A11,44.45,1,0,0,3.0,120,Berma pavimentada,Com água acumulada na faixa de rodagem,Sentido único,Chuva,Fora da intersecção,Fora das localidades,Em pleno dia,Em patamar,Recta,Em plena via,Despiste,SEGUNDA-FEIRA,0,1,57,2009-02-05,13,ligeiro,Sim,Sim,Nao,44.9,1,4,57,1257
51936,2010446033,Braga,41.429389,-8.337894,A7,37.68,1,0,0,2.0,70,Berma pavimentada,Molhado,Sentido único,Bom tempo,Em ramo de ligação - saída,Fora das localidades,Em pleno dia,Com inclinação,Curva,Em plena via,Despiste,SEXTA-FEIRA  ,0,1,57,2010-02-08,7,ligeiro,Sim,Nao,Nao,44.9,1,4,57,1257
51937,2008337341,Braga,41.652337,-8.434337,EN101,78.4,1,0,0,1.0,50,Berma pavimentada,Seco e limpo,Dois sentidos,Bom tempo,Fora da intersecção,Dentro das localidades,Em pleno dia,Em patamar,Recta,Em plena via,Colisão,QUINTA-FEIRA ,0,2,57,2008-08-09,12,ligeiro,Sim,Nao,Sim,44.9,1,4,57,1257
51938,2012619944,Braga,41.429389,-8.337894,A7,37.68,2,0,0,2.0,90,Berma pavimentada,Molhado,Sentido único,Chuva,Em ramo de ligação - entrada,Fora das localidades,Em pleno dia,Em patamar,Curva,Em plena via,Despiste,QUINTA-FEIRA ,0,1,57,2012-05-07,15,ligeiro,Sim,Sim,Nao,44.9,1,4,57,1257
51939,2011514510,Braga,41.429389,-8.337894,A7,37.68,1,0,0,2.0,70,Berma pavimentada,Húmido,Sentido único,Bom tempo,Fora da intersecção,Fora das localidades,Em pleno dia,Em patamar,Curva,Em plena via,Despiste,TERÇA-FEIRA  ,0,1,57,2010-12-09,9,ligeiro,Sim,Nao,Nao,44.9,1,4,57,1257
51940,2012583023,Braga,41.429389,-8.337894,A7,37.68,1,0,0,2.0,90,Berma pavimentada,Molhado,Sentido único,Bom tempo,Em ramo de ligação - saída,Fora das localidades,"Noite, com iluminação",Com inclinação,Curva,Em plena via,Colisão,TERÇA-FEIRA  ,0,2,57,2011-11-21,18,ligeiro,Nao,Nao,Nao,44.9,1,4,57,1257
51941,2008302180,Braga,41.429389,-8.337894,A7,37.68,1,0,0,2.0,60,Berma pavimentada,Seco e limpo,Sentido único,Bom tempo,Em ramo de ligação - entrada,Fora das localidades,Em pleno dia,Com inclinação,Curva,Na berma,Despiste,QUARTA-FEIRA ,0,1,57,2007-11-25,14,ligeiro,Sim,Nao,Sim,44.9,1,4,57,1257
51942,2011519229,Braga,41.429389,-8.337894,A7,37.68,1,0,0,2.0,80,Berma pavimentada,Molhado,Sentido único,Chuva,Fora da intersecção,Fora das localidades,Em pleno dia,Em Lomba,Curva,Em plena via,Despiste,SEXTA-FEIRA  ,0,1,57,2011-01-04,11,ligeiro,Sim,Sim,Nao,44.9,1,4,57,1257
51943,2007294607,Braga,41.56588,-8.664914,EN103,14.2,1,0,0,1.0,50,Berma não pavimentada,Seco e limpo,Dois sentidos,Bom tempo,Fora da intersecção,Dentro das localidades,Em pleno dia,Com inclinação,Recta,Em plena via,Colisão,SEGUNDA-FEIRA,0,3,89,2007-09-05,8,ligeiro,Sim,Nao,Sim,721.0,1,7,89,1403
51944,2007295033,Braga,41.568343,-8.677046,EN103,13.0,0,2,0,1.0,50,Sem berma ou impraticável,Seco e limpo,Dois sentidos,Bom tempo,Fora da intersecção,Dentro das localidades,"Noite, sem iluminação",Com inclinação,Recta,Em plena via,Despiste,QUINTA-FEIRA ,0,1,89,2007-09-30,1,ligeiro,Nao,Nao,Sim,721.0,1,7,89,1403
51945,2008301966,Braga,41.566418,-8.665853,EN103,14.1,1,0,0,1.0,50,Berma não pavimentada,Molhado,Dois sentidos,Chuva,Fora da intersecção,Dentro das localidades,Em pleno dia,Com inclinação,Curva,Na berma,Despiste,TERÇA-FEIRA  ,0,1,89,2007-11-19,10,ligeiro,Sim,Sim,Nao,721.0,1,7,89,1403
51946,2008341700,Braga,41.566418,-8.665853,EN103,14.1,3,0,0,1.0,90,Sem berma ou impraticável,Molhado,Dois sentidos,Chuva,Fora da intersecção,Fora das localidades,Em pleno dia,Com inclinação,Curva,Em plena via,Colisão,TERÇA-FEIRA  ,0,2,89,2008-09-05,14,ligeiro,Sim,Sim,Nao,721.0,1,7,89,1403
51947,2009353539,Braga,41.56792,-8.677467,EN103,12.94,1,1,0,1.0,50,Sem berma ou impraticável,Molhado,Dois sentidos,Chuva,Fora da intersecção,Fora das localidades,"Noite, sem iluminação",Com inclinação,Curva,Na berma,Despiste,QUARTA-FEIRA ,0,1,89,2008-12-28,2,ligeiro,Nao,Sim,Nao,721.0,1,7,89,1403
51948,2009353544,Braga,41.567514,-8.677999,EN103,12.88,1,1,0,1.0,50,Berma pavimentada,"Com gelo, geada ou neve",Dois sentidos,Neve,Fora da intersecção,Dentro das localidades,"Noite, sem iluminação",Com inclinação,Curva,Na berma,Despiste,DOMINGO      ,0,1,89,2008-12-26,5,ligeiro,Nao,Sim,Nao,721.0,1,7,89,1403
51949,2009351512,Braga,41.566055,-8.671282000000001,EN103,13.6,1,0,0,1.0,50,Berma pavimentada,Molhado,Dois sentidos,Chuva,Em entroncamento,Dentro das localidades,Em pleno dia,Com inclinação,Curva,Em plena via,Despiste,SÁBADO       ,0,1,89,2008-12-31,18,ligeiro,Sim,Sim,Nao,721.0,1,7,89,1403
51950,2009400538,Braga,41.567655,-8.677777,EN103,12.9,1,0,0,1.0,50,Sem berma ou impraticável,Molhado,Dois sentidos,Chuva,Fora da intersecção,Dentro das localidades,Em pleno dia,Com inclinação,Curva,Em plena via,Despiste,QUINTA-FEIRA ,0,1,89,2009-07-22,13,ligeiro,Sim,Sim,Nao,721.0,1,7,89,1403
51951,2009389475,Braga,41.568512,-8.676836999999999,EN103,13.03,4,0,0,2.0,90,Berma pavimentada,Molhado,Dois sentidos,Chuva,Fora da intersecção,Fora das localidades,Em pleno dia,Com inclinação,Curva,Em plena via,Colisão,QUINTA-FEIRA ,0,3,89,2009-06-07,14,ligeiro,Sim,Sim,Nao,721.0,1,7,89,1403
51952,2010433072,Braga,41.568366,-8.674982,EN103,13.2,1,0,0,1.0,50,Sem berma ou impraticável,Molhado,Dois sentidos,Chuva,Fora da intersecção,Fora das localidades,Em pleno dia,Com inclinação,Curva,Na berma,Despiste,DOMINGO      ,0,1,89,2009-12-14,15,ligeiro,Sim,Sim,Nao,721.0,1,7,89,1403
51953,2010452710,Braga,41.568133,-8.677259,EN103,12.97,1,0,0,1.0,90,Berma não pavimentada,Molhado,Dois sentidos,Chuva,Fora da intersecção,Fora das localidades,Em pleno dia,Com inclinação,Recta,Na berma,Despiste,SÁBADO       ,0,1,89,2010-03-31,10,ligeiro,Sim,Sim,Nao,721.0,1,7,89,1403
51954,2010446620,Braga,41.566418,-8.665853,EN103,14.1,1,0,0,2.0,50,Sem berma ou impraticável,Húmido,Dois sentidos,Chuva,Fora da intersecção,Dentro das localidades,Em pleno dia,Com inclinação,Curva,Em plena via,Despiste,QUARTA-FEIRA ,0,2,89,2010-02-23,11,ligeiro,Sim,Sim,Nao,721.0,1,7,89,1403
51955,2011523809,Braga,41.566286,-8.665631,EN103,14.12,1,0,0,2.0,50,Berma pavimentada,Seco e limpo,Dois sentidos,Bom tempo,Fora da intersecção,Dentro das localidades,Em pleno dia,Com inclinação,Recta,Na berma,Despiste,QUINTA-FEIRA ,0,1,89,2011-02-06,15,ligeiro,Sim,Nao,Sim,721.0,1,7,89,1403
51956,2011539844,Braga,41.568638,-8.675460000000001,EN103,13.15,2,0,0,1.0,50,Berma não pavimentada,Com óleo,Dois sentidos,Chuva,Fora da intersecção,Dentro das localidades,Em pleno dia,Com inclinação,Curva,Em plena via,Despiste,QUARTA-FEIRA ,1,1,89,2011-05-01,15,ligeiro,Sim,Sim,Nao,721.0,1,7,89,1403
51957,2011561961,Braga,41.568366,-8.674982,EN103,13.2,1,0,0,1.0,50,Sem berma ou impraticável,Molhado,Dois sentidos,Chuva,Fora da intersecção,Dentro das localidades,Em pleno dia,Em patamar,Curva,Em plena via,Despiste,TERÇA-FEIRA  ,0,1,89,2011-08-22,9,ligeiro,Sim,Sim,Nao,721.0,1,7,89,1403
51958,2012589903,Braga,41.56843,-8.676938999999999,EN103,13.01,1,0,0,1.0,90,Berma pavimentada,Molhado,Dois sentidos,Chuva,Fora da intersecção,Fora das localidades,Em pleno dia,Com inclinação,Curva,Em plena via,Despiste,QUINTA-FEIRA ,0,1,89,2011-12-10,9,ligeiro,Sim,Sim,Nao,721.0,1,7,89,1403
51959,2012636965,Braga,41.568343,-8.677046,EN103,13.0,2,0,0,1.0,50,Berma não pavimentada,Seco e limpo,Dois sentidos,Bom tempo,Fora da intersecção,Dentro das localidades,Em pleno dia,Com inclinação,Recta,Na berma,Despiste,QUINTA-FEIRA ,0,1,89,2012-08-06,7,ligeiro,Sim,Nao,Sim,721.0,1,7,89,1403
51960,2010423393,Braga,41.568752,-8.676034,EN103,13.1,1,0,0,2.0,50,Sem berma ou impraticável,Molhado,Dois sentidos,Chuva,Fora da intersecção,Dentro das localidades,Em pleno dia,Com inclinação,Curva,Em plena via,Despiste,SEXTA-FEIRA  ,1,1,89,2009-10-05,9,ligeiro,Sim,Sim,Nao,721.0,1,7,89,1403
51961,2012644994,Braga,41.562653000000005,-8.659282000000001,EN103,14.8,3,0,0,1.0,50,Berma pavimentada,Seco e limpo,Sentido único,Bom tempo,Fora da intersecção,Dentro das localidades,Em pleno dia,Com inclinação,Recta,Em plena via,Colisão,SEGUNDA-FEIRA,0,3,89,2012-09-12,12,ligeiro,Sim,Nao,Sim,721.0,1,7,89,1403
51962,2011529606,Braga,41.566367,-8.671781,EN103,13.55,2,0,0,2.0,50,Berma não pavimentada,Húmido,Dois sentidos,Chuva,Fora da intersecção,Dentro das localidades,Em pleno dia,Em patamar,Recta,Em plena via,Colisão,TERÇA-FEIRA  ,0,2,89,2011-04-19,18,ligeiro,Sim,Sim,Nao,721.0,1,7,89,1403
51963,2012608682,Braga,41.568251000000004,-8.674797,EN103,13.22,1,0,0,1.0,50,Sem berma ou impraticável,Molhado,Dois sentidos,Nevoeiro,Fora da intersecção,Dentro das localidades,Em pleno dia,Em patamar,Curva,Em plena via,Despiste,QUARTA-FEIRA ,0,1,89,2012-03-04,11,ligeiro,Sim,Sim,Nao,721.0,1,7,89,1403
51964,2010463514,Braga,41.568752,-8.676034,EN103,13.1,1,0,0,1.0,50,Sem berma ou impraticável,Seco e limpo,Dois sentidos,Bom tempo,Fora da intersecção,Dentro das localidades,Em pleno dia,Com inclinação,Curva,Em plena via,Colisão,QUARTA-FEIRA ,0,2,89,2010-05-02,13,ligeiro,Sim,Nao,Sim,721.0,1,7,89,1403
51965,2008333552,Braga,41.565678000000005,-8.670224000000001,EN103,13.7,1,0,0,1.0,50,Sem berma ou impraticável,Molhado,Dois sentidos,Chuva,Fora da intersecção,Dentro das localidades,Em pleno dia,Com inclinação,Curva,Na berma,Despiste,TERÇA-FEIRA  ,0,1,89,2008-07-04,16,ligeiro,Sim,Sim,Nao,721.0,1,7,89,1403
51966,2011561943,Braga,41.568712,-8.675678999999999,EN103,13.13,1,0,0,1.0,50,Berma não pavimentada,Húmido,Dois sentidos,Chuva,Fora da intersecção,Dentro das localidades,Em pleno dia,Em patamar,Curva,Em plena via,Despiste,SÁBADO       ,0,1,89,2011-08-31,6,ligeiro,Sim,Sim,Nao,721.0,1,7,89,1403
51967,2007283677,Braga,41.567369,-8.67884,EN103,12.8,1,0,0,1.0,50,Berma não pavimentada,Seco e limpo,Dois sentidos,Bom tempo,Fora da intersecção,Dentro das localidades,"Noite, sem iluminação",Em patamar,Curva,Na berma,Despiste,TERÇA-FEIRA  ,0,1,89,2007-05-20,0,ligeiro,Nao,Nao,Sim,721.0,1,7,89,1403
51968,2010453856,Braga,41.566418,-8.665853,EN103,14.1,1,0,0,1.0,50,Sem berma ou impraticável,Molhado,Dois sentidos,Chuva,Fora da intersecção,Dentro das localidades,Em pleno dia,Com inclinação,Curva,Na berma,Despiste,QUINTA-FEIRA ,0,1,89,2010-03-07,12,ligeiro,Sim,Sim,Nao,721.0,1,7,89,1403
51969,2007293647,Braga,41.566733,-8.666922,EN103,14.0,2,0,0,2.0,50,Berma não pavimentada,Seco e limpo,Dois sentidos,Bom tempo,Fora da intersecção,Dentro das localidades,Em pleno dia,Com inclinação,Curva,Em plena via,Colisão,TERÇA-FEIRA  ,0,2,89,2007-08-31,19,ligeiro,Sim,Nao,Sim,721.0,1,7,89,1403
51970,2008323885,Braga,41.566418,-8.665853,EN103,14.1,1,0,0,1.0,50,Sem berma ou impraticável,Molhado,Dois sentidos,Chuva,Fora da intersecção,Dentro das localidades,"Noite, sem iluminação",Em patamar,Curva,Em plena via,Despiste,SEXTA-FEIRA  ,0,1,89,2008-04-18,23,ligeiro,Nao,Sim,Nao,721.0,1,7,89,1403
51971,2013669749,Braga,41.568512,-8.676836999999999,EN103,13.03,3,0,0,1.0,50,Sem berma ou impraticável,Molhado,Dois sentidos,Chuva,Fora da intersecção,Dentro das localidades,Em pleno dia,Com inclinação,Curva,Em plena via,Colisão,QUARTA-FEIRA ,0,2,89,2012-12-31,12,ligeiro,Sim,Sim,Nao,721.0,1,7,89,1403
51972,2012636951,Braga,41.567655,-8.677777,EN103,12.9,1,0,0,1.0,50,Berma não pavimentada,Seco e limpo,Dois sentidos,Bom tempo,Fora da intersecção,Dentro das localidades,Em pleno dia,Em patamar,Recta,Em plena via,Colisão,SEGUNDA-FEIRA,0,2,89,2012-08-09,8,ligeiro,Sim,Nao,Sim,721.0,1,7,89,1403
51973,2009350441,Braga,41.566055,-8.671282000000001,EN103,13.6,1,0,0,1.0,50,Sem berma ou impraticável,Molhado,Dois sentidos,Chuva,Fora da intersecção,Dentro das localidades,Em pleno dia,Com inclinação,Curva,Em plena via,Despiste,SÁBADO       ,0,1,89,2008-11-04,12,ligeiro,Sim,Sim,Nao,721.0,1,7,89,1403
51974,2010468617,Braga,41.568712,-8.675678999999999,EN103,13.13,3,0,0,1.0,50,Berma pavimentada,Molhado,Dois sentidos,Chuva,Fora da intersecção,Dentro das localidades,Em pleno dia,Em patamar,Curva,Em plena via,Colisão,SEGUNDA-FEIRA,0,2,89,2010-06-09,14,ligeiro,Sim,Sim,Nao,721.0,1,7,89,1403
51975,2012591650,Braga,41.563679,-8.661208,EN103,14.6,2,0,0,1.0,50,Berma não pavimentada,Seco e limpo,Sentido único,Bom tempo,Em rotunda,Dentro das localidades,"Noite, com iluminação",Em patamar,Curva,Na berma,Despiste,SEGUNDA-FEIRA,0,1,89,2011-12-24,23,ligeiro,Nao,Nao,Sim,721.0,1,7,89,1403
51976,2007278517,Braga,41.566619,-8.667492,EN103,13.95,1,0,0,1.0,50,Berma não pavimentada,Molhado,Sentido único,Chuva,Fora da intersecção,Dentro das localidades,Em pleno dia,Em patamar,Curva,Na berma,Despiste,TERÇA-FEIRA  ,0,1,89,2007-03-30,14,ligeiro,Sim,Sim,Nao,721.0,1,7,89,1403
51977,2007286860,Braga,41.563679,-8.661208,EN103,14.6,3,0,0,1.0,50,Berma pavimentada,Molhado,Dois sentidos,Chuva,Em via de desaceleração,Dentro das localidades,Em pleno dia,Com inclinação,Curva,Na berma,Despiste,SEGUNDA-FEIRA,0,1,89,2007-06-17,19,ligeiro,Sim,Sim,Nao,721.0,1,7,89,1403
51978,2010456964,Braga,41.563679,-8.661208,EN103,14.6,3,0,0,1.0,50,Sem berma ou impraticável,Seco e limpo,Dois sentidos,Bom tempo,Em cruzamento,Fora das localidades,Em pleno dia,Em patamar,Recta,Em plena via,Colisão,QUARTA-FEIRA ,0,3,89,2010-04-20,7,ligeiro,Sim,Nao,Sim,721.0,1,7,89,1403
51979,2008319675,Braga,41.567886,-8.677503999999999,EN103,12.94,1,1,0,1.0,50,Berma não pavimentada,Húmido,Dois sentidos,Chuva,Em via de aceleração,Dentro das localidades,Em pleno dia,Em patamar,Recta,Em plena via,Despiste,DOMINGO      ,0,1,89,2008-03-22,12,ligeiro,Sim,Sim,Nao,721.0,1,7,89,1403
51980,2011574284,Braga,41.568723999999996,-8.676389,EN103,13.07,1,0,0,1.0,90,Sem berma ou impraticável,Molhado,Dois sentidos,Chuva,Fora da intersecção,Fora das localidades,"Noite, sem iluminação",Com inclinação,Curva,Em plena via,Despiste,QUINTA-FEIRA ,0,1,89,2011-10-31,20,ligeiro,Nao,Sim,Nao,721.0,1,7,89,1403
51981,2009400539,Braga,41.566418,-8.665853,EN103,14.1,3,0,0,1.0,50,Sem berma ou impraticável,Molhado,Dois sentidos,Chuva,Fora da intersecção,Dentro das localidades,"Noite, sem iluminação",Com inclinação,Curva,Em plena via,Despiste,QUINTA-FEIRA ,0,1,89,2009-07-22,23,ligeiro,Nao,Sim,Nao,721.0,1,7,89,1403
51982,2008323889,Braga,41.568752,-8.676034,EN103,13.1,2,0,0,1.0,50,Sem berma ou impraticável,Molhado,Dois sentidos,Chuva,Fora da intersecção,Dentro das localidades,Em pleno dia,Com inclinação,Curva,Em plena via,Colisão,SEXTA-FEIRA  ,0,2,89,2008-04-18,8,ligeiro,Sim,Sim,Nao,721.0,1,7,89,1403
51983,2007295640,Braga,41.575542999999996,-8.520230999999999,ER205,33.8,1,0,0,1.0,50,Sem berma ou impraticável,Seco e limpo,Dois sentidos,Bom tempo,NÃO DEFINIDO,Dentro das localidades,Em pleno dia,Com inclinação,Curva,Em plena via,Despiste,SEXTA-FEIRA  ,0,1,82,2007-09-25,9,ligeiro,Sim,Nao,Sim,150.8,1,6,82,2312