,COD_ACIDENTE,DISTRITO,LATITUDE,LONGITUDE,VIA,KM,QT_FLIGEIROS,QT_FGRAVES,QT_MORTOS,QT_VIAS_SENTIDO,VEL_LIM_LOCAL,BERMA_VIA,CONDICAO_ADERENCIA,FAIXA_RODAGEM,FATOR_ATMOSFERICO,INTERSECAO_VIA,LOCALIZACAO,LUMINOSIDADE,PERFIL_VIA,PLANTA_VIA,SITUACAO_ACIDENTE,TIPO_NATUREZA,DIA_SEMANA,FLAG_FERIADO,QT_VEICULOS,COD_FREGUESIA,DATA,HORA,GRAVIDADE,ERA_DIA,MAU_TEMPO,ESTRADA_SECA,DENSIDADE_TOTAL,COD_DISTRITO_INE,COD_CONCELHO_INE,COD_FREGUESIA_INE,TOTAL
51984,2008321672,Braga,41.577998,-8.517688,ER205,34.2,1,0,0,1.0,50,Berma pavimentada,Seco e limpo,Dois sentidos,Bom tempo,Em entroncamento,Dentro das localidades,Em pleno dia,Em patamar,Recta,Em plena via,Colisão,QUARTA-FEIRA ,0,2,82,2008-03-02,14,ligeiro,Sim,Nao,Sim,150.8,1,6,82,2312
51985,2010446619,Braga,41.583556,-8.510503,ER205,35.15,1,0,0,1.0,50,Berma pavimentada,Seco e limpo,Dois sentidos,Bom tempo,Fora da intersecção,Dentro das localidades,Em pleno dia,Em patamar,Curva,Em plena via,Colisão,SEXTA-FEIRA  ,0,2,82,2010-02-19,9,ligeiro,Sim,Nao,Sim,150.8,1,6,82,2312
51986,2010463505,Braga,41.584676,-8.50887,ER205,35.35,1,0,0,1.0,50,Berma não pavimentada,Seco e limpo,Dois sentidos,Bom tempo,Em cruzamento,Dentro das localidades,"Noite, com iluminação",Em patamar,Recta,Em plena via,Colisão,SEXTA-FEIRA  ,0,2,82,2010-05-15,20,ligeiro,Nao,Nao,Sim,150.8,1,6,82,2312
51987,2011529058,Braga,41.584676,-8.50887,ER205,35.35,1,0,0,1.0,50,Berma pavimentada,Seco e limpo,Dois sentidos,Bom tempo,Fora da intersecção,Dentro das localidades,Em pleno dia,Em patamar,Recta,Na berma,Atropelamento,TERÇA-FEIRA  ,0,1,82,2011-03-10,8,ligeiro,Sim,Nao,Sim,150.8,1,6,82,2312
51988,2011547949,Braga,41.581752,-8.515830000000001,ER205,34.65,1,0,0,1.0,50,Berma não pavimentada,Seco e limpo,Dois sentidos,Bom tempo,Fora da intersecção,Dentro das localidades,Em pleno dia,Em patamar,Recta,Na berma,Despiste,DOMINGO      ,0,1,82,2011-06-02,11,ligeiro,Sim,Nao,Sim,150.8,1,6,82,2312
51989,2012645482,Braga,41.577998,-8.517688,ER205,34.2,2,0,0,1.0,50,Sem berma ou impraticável,Molhado,Dois sentidos,Chuva,Fora da intersecção,Dentro das localidades,Em pleno dia,Em patamar,Recta,Em plena via,Colisão,SEXTA-FEIRA  ,0,3,82,2012-09-21,9,ligeiro,Sim,Sim,Nao,150.8,1,6,82,2312
51990,2007289613,Braga,41.58508,-8.508307,ER205,35.42,1,0,0,1.0,50,Berma pavimentada,Seco e limpo,Dois sentidos,Bom tempo,Em cruzamento,Dentro das localidades,Em pleno dia,Em Lomba,Recta,Em plena via,Colisão,SEXTA-FEIRA  ,0,2,82,2007-07-13,20,ligeiro,Sim,Nao,Sim,150.8,1,6,82,2312
51991,2008337410,Braga,41.581337,-8.516042,ER205,34.6,2,0,0,1.0,50,Berma não pavimentada,Seco e limpo,Dois sentidos,Bom tempo,Fora da intersecção,Dentro das localidades,Em pleno dia,Em patamar,Recta,Em plena via,Colisão,SEGUNDA-FEIRA,0,2,82,2008-08-07,7,ligeiro,Sim,Nao,Sim,150.8,1,6,82,2312
51992,2011524877,Braga,41.575579,-8.519103999999999,ER205,33.9,1,0,0,1.0,50,Berma pavimentada,Seco e limpo,Dois sentidos,Bom tempo,Fora da intersecção,Dentro das localidades,Em pleno dia,Em patamar,Recta,Na berma,Colisão,SEGUNDA-FEIRA,0,3,82,2011-02-09,16,ligeiro,Sim,Nao,Sim,150.8,1,6,82,2312
51993,2013663499,Braga,41.573276,-8.522024,ER205,33.45,1,0,0,1.0,40,Sem berma ou impraticável,Seco e limpo,Dois sentidos,Bom tempo,Em cruzamento,Dentro das localidades,Em pleno dia,Em patamar,Recta,Em plena via,Colisão,DOMINGO      ,0,2,82,2012-11-13,12,ligeiro,Sim,Nao,Sim,150.8,1,6,82,2312
51994,2012608185,Braga,41.580898,-8.516173,ER205,34.55,1,0,0,1.0,50,Berma não pavimentada,Seco e limpo,Dois sentidos,Bom tempo,Fora da intersecção,Dentro das localidades,"Noite, sem iluminação",Em patamar,Curva,Na berma,Despiste,SEXTA-FEIRA  ,0,1,82,2012-03-17,4,ligeiro,Nao,Nao,Sim,150.8,1,6,82,2312
51995,2012600562,Braga,41.585219,-8.508028999999999,ER205,35.45,2,0,0,1.0,50,Berma pavimentada,Seco e limpo,Dois sentidos,Bom tempo,Fora da intersecção,Dentro das localidades,Em pleno dia,Em patamar,Recta,Em plena via,Colisão,SEGUNDA-FEIRA,0,2,82,2012-02-20,14,ligeiro,Sim,Nao,Sim,150.8,1,6,82,2312
51996,2011523850,Braga,41.575542999999996,-8.520230999999999,ER205,33.8,1,0,0,1.0,50,Sem berma ou impraticável,Molhado,Dois sentidos,Chuva,Fora da intersecção,Dentro das localidades,"Noite, sem iluminação",Em patamar,Recta,Em plena via,Colisão,TERÇA-FEIRA  ,0,2,82,2011-02-16,17,ligeiro,Nao,Sim,Nao,150.8,1,6,82,2312
51997,2007275723,Braga,41.573035,-8.522515,ER205,33.4,1,0,0,1.0,50,Berma não pavimentada,Seco e limpo,Dois sentidos,Bom tempo,Fora da intersecção,Dentro das localidades,Em pleno dia,Em patamar,Recta,Em plena via,Despiste,SÁBADO       ,0,1,82,2007-02-05,9,ligeiro,Sim,Nao,Sim,150.8,1,6,82,2312
51998,2008306152,Braga,41.572311,-8.523988000000001,ER205,33.25,1,0,0,1.0,90,Berma não pavimentada,Seco e limpo,Dois sentidos,Bom tempo,Fora da intersecção,Dentro das localidades,Em pleno dia,Em patamar,Recta,Em plena via,Colisão,SÁBADO       ,0,2,82,2007-12-26,13,ligeiro,Sim,Nao,Sim,150.8,1,6,82,2312
51999,2008306160,Braga,41.595077,-8.629911,ER204,17.35,1,0,0,1.0,80,Berma não pavimentada,Seco e limpo,Dois sentidos,Bom tempo,Fora da intersecção,Dentro das localidades,"Noite, com iluminação",Em patamar,Curva,Em plena via,Colisão,DOMINGO      ,0,2,76,2007-12-21,18,ligeiro,Nao,Nao,Sim,71.8,1,5,76,993
52000,2009353020,Braga,41.594711,-8.630232000000001,ER204,17.4,1,0,0,1.0,50,Sem berma ou impraticável,Molhado,Dois sentidos,Chuva,Fora da intersecção,Dentro das localidades,"Noite, com iluminação",Com inclinação,Curva,Em parque de estacionamento,Colisão,QUINTA-FEIRA ,0,2,76,2008-12-07,0,ligeiro,Nao,Sim,Nao,71.8,1,5,76,993
52001,2009394638,Braga,41.594711,-8.630232000000001,ER204,17.4,2,0,0,1.0,50,Berma não pavimentada,Seco e limpo,Dois sentidos,Bom tempo,Fora da intersecção,Dentro das localidades,Em pleno dia,Com inclinação,Curva,Em plena via,Colisão,SEGUNDA-FEIRA,0,2,76,2009-07-14,10,ligeiro,Sim,Nao,Sim,71.8,1,5,76,993
52002,2012613108,Braga,41.595856,-8.630975999999999,ER204,17.22,4,0,0,1.0,50,Berma pavimentada,Molhado,Dois sentidos,Chuva,Fora da intersecção,Dentro das localidades,Em pleno dia,Com inclinação,Recta,Em plena via,Colisão,DOMINGO      ,0,2,76,2012-04-11,19,ligeiro,Sim,Sim,Nao,71.8,1,5,76,993
52003,2007299423,Braga,41.594711,-8.630232000000001,ER204,17.4,0,1,0,1.0,50,Berma pavimentada,Com gravilha ou areia,Dois sentidos,Bom tempo,Fora da intersecção,Dentro das localidades,Em pleno dia,Com inclinação,Curva,Na berma,Despiste,QUINTA-FEIRA ,0,1,76,2007-10-28,11,ligeiro,Sim,Nao,Nao,71.8,1,5,76,993
52004,2010433699,Braga,41.591606,-8.631181,ER204,17.8,1,0,0,1.0,50,Sem berma ou impraticável,Seco e limpo,Dois sentidos,Bom tempo,Fora da intersecção,Dentro das localidades,Em pleno dia,Em patamar,Curva,Em plena via,Colisão,TERÇA-FEIRA  ,0,2,76,2009-12-10,16,ligeiro,Sim,Nao,Sim,71.8,1,5,76,993
52005,2012618127,Braga,41.590703999999995,-8.631153999999999,ER204,17.9,3,0,0,1.0,50,Berma pavimentada,Seco e limpo,Dois sentidos,Bom tempo,Fora da intersecção,Dentro das localidades,Em pleno dia,Em patamar,Recta,Em plena via,Colisão,QUINTA-FEIRA ,0,3,76,2012-05-29,14,ligeiro,Sim,Nao,Sim,71.8,1,5,76,993
52006,2010463499,Braga,41.594711,-8.630232000000001,ER204,17.4,1,0,0,1.0,50,Berma pavimentada,Molhado,Dois sentidos,Chuva,Fora da intersecção,Dentro das localidades,Em pleno dia,Com inclinação,Curva,No passeio,Despiste,SÁBADO       ,0,1,76,2010-05-10,9,ligeiro,Sim,Sim,Nao,71.8,1,5,76,993
52007,2011549097,Braga,41.597417,-8.630872,ER204,17.04,1,0,0,1.0,50,Berma pavimentada,Molhado,Dois sentidos,Chuva,Fora da intersecção,Dentro das localidades,Em pleno dia,Com inclinação,Curva,Em plena via,Colisão,SEXTA-FEIRA  ,0,3,76,2011-06-17,17,ligeiro,Sim,Sim,Nao,71.8,1,5,76,993
52008,2010452713,Braga,41.593872,-8.630336,ER204,17.5,1,0,0,2.0,50,Berma não pavimentada,Molhado,Dois sentidos,Chuva,Em via de desaceleração,Dentro das localidades,Em pleno dia,Com inclinação,Curva,Em plena via,Colisão,DOMINGO      ,0,2,76,2010-03-20,11,ligeiro,Sim,Sim,Nao,71.8,1,5,76,993
52009,2010477679,Braga,41.597737,-8.631067999999999,ER204,17.0,2,0,0,1.0,50,Berma pavimentada,Seco e limpo,Dois sentidos,Bom tempo,Fora da intersecção,Dentro das localidades,Em pleno dia,Com inclinação,Curva,Em plena via,Colisão,SEXTA-FEIRA  ,0,2,76,2010-07-11,12,ligeiro,Sim,Nao,Sim,71.8,1,5,76,993
52010,2008306151,Braga,41.574181,-8.631851,ER204,19.85,1,0,0,2.0,50,Sem berma ou impraticável,Seco e limpo,Dois sentidos,Bom tempo,Em cruzamento,Dentro das localidades,"Noite, sem iluminação",Com inclinação,Recta,Em plena via,Atropelamento,SÁBADO       ,0,1,79,2007-12-26,19,ligeiro,Nao,Nao,Sim,350.1,1,6,79,1439
52011,2008322049,Braga,41.569544,-8.629594,ER204,20.4,1,0,0,1.0,50,Berma pavimentada,Seco e limpo,Dois sentidos,Bom tempo,Em cruzamento,Dentro das localidades,Em pleno dia,Em patamar,Recta,Em plena via,Colisão,TERÇA-FEIRA  ,0,2,79,2008-03-01,11,ligeiro,Sim,Nao,Sim,350.1,1,6,79,1439
52012,2012579535,Braga,41.574603,-8.632072,ER204,19.8,2,0,0,1.0,50,Sem berma ou impraticável,Com água acumulada na faixa de rodagem,Dois sentidos,Chuva,Em cruzamento,Dentro das localidades,Aurora ou crepúsculo,Em patamar,Recta,Em plena via,Colisão,DOMINGO      ,0,2,79,2011-11-03,13,ligeiro,Nao,Sim,Nao,350.1,1,6,79,1439
52013,2012579600,Braga,41.564657000000004,-8.62792,ER204,21.0,1,0,0,1.0,50,Berma não pavimentada,Molhado,Dois sentidos,Chuva,Em entroncamento,Dentro das localidades,Em pleno dia,Em patamar,Curva,Em plena via,Colisão,SEGUNDA-FEIRA,0,2,79,2011-11-15,11,ligeiro,Sim,Sim,Nao,350.1,1,6,79,1439
52014,2012613099,Braga,41.569962,-8.629802,ER204,20.35,1,0,0,1.0,50,Berma pavimentada,Seco e limpo,Dois sentidos,Bom tempo,Em cruzamento,Dentro das localidades,"Noite, com iluminação",Em patamar,Recta,Em plena via,Colisão,TERÇA-FEIRA  ,0,3,79,2012-04-01,0,ligeiro,Nao,Nao,Sim,350.1,1,6,79,1439
52015,2013663509,Braga,41.567832,-8.628599000000001,ER204,20.61,2,0,0,1.0,50,Berma pavimentada,Seco e limpo,Dois sentidos,Bom tempo,Fora da intersecção,Dentro das localidades,Em pleno dia,Em patamar,Recta,Em plena via,Colisão,TERÇA-FEIRA  ,0,3,79,2012-11-09,12,ligeiro,Sim,Nao,Sim,350.1,1,6,79,1439
52019,2010428156,Braga,41.457088,-8.566103,EN204,30.15,1,0,0,1.0,50,Berma pavimentada,Molhado,Dois sentidos,Chuva,Fora da intersecção,Dentro das localidades,Em pleno dia,Em patamar,Recta,Em plena via,Colisão,TERÇA-FEIRA  ,0,2,51,2009-11-28,16,ligeiro,Sim,Sim,Nao,3.9,1,4,51,103
52021,2012632544,Braga,41.456692,-8.565833,EN204,30.2,1,0,0,1.0,50,Berma pavimentada,Seco e limpo,Dois sentidos,Bom tempo,Fora da intersecção,Dentro das localidades,Em pleno dia,Em patamar,Recta,Em plena via,Despiste,SEXTA-FEIRA  ,0,1,51,2012-07-15,19,ligeiro,Sim,Nao,Sim,3.9,1,4,51,103
52022,2010446584,Braga,41.457484,-8.566372,EN204,30.1,1,0,0,1.0,50,Berma pavimentada,Seco e limpo,Dois sentidos,Bom tempo,Fora da intersecção,Dentro das localidades,Em pleno dia,Em patamar,Recta,Em plena via,Colisão,DOMINGO      ,0,2,51,2010-02-26,17,ligeiro,Sim,Nao,Sim,3.9,1,4,51,103
52025,2009349170,Braga,41.459081,-8.567457000000001,EN204,29.9,1,0,0,1.0,50,Berma pavimentada,Molhado,Dois sentidos,Chuva,Fora da intersecção,Dentro das localidades,"Noite, com iluminação",Em patamar,Recta,Em plena via,Atropelamento,SEGUNDA-FEIRA,0,1,51,2008-11-28,19,ligeiro,Nao,Sim,Nao,3.9,1,4,51,103
52029,2008326703,Braga,41.525822999999995,-8.634580999999999,EN103,19.77,0,0,1,1.0,90,Berma pavimentada,Seco e limpo,Dois sentidos,Nevoeiro,Fora da intersecção,Fora das localidades,Em pleno dia,Em patamar,Recta,Em plena via,Colisão,SÁBADO       ,0,2,75,2008-05-06,7,ligeiro,Sim,Sim,Sim,1260.3,1,5,75,4960
52030,2009367548,Braga,41.52756,-8.647378,EN103-1,2.37,1,0,0,1.0,50,Berma pavimentada,Seco e limpo,Dois sentidos,Bom tempo,Em cruzamento,Dentro das localidades,Em pleno dia,Com inclinação,Recta,Em plena via,Colisão,DOMINGO      ,0,3,75,2009-03-10,14,ligeiro,Sim,Nao,Sim,1260.3,1,5,75,4960
52031,2009367483,Braga,41.525835,-8.651949,EN103-1,2.83,1,0,0,1.0,50,Berma não pavimentada,Molhado,Dois sentidos,Chuva,Em entroncamento,Dentro das localidades,Em pleno dia,Em patamar,Recta,Em plena via,Colisão,TERÇA-FEIRA  ,0,2,75,2009-03-06,8,ligeiro,Sim,Sim,Nao,1260.3,1,5,75,4960
52032,2010462809,Braga,41.527673,-8.636635,EN103,19.5,3,3,0,1.0,50,Berma pavimentada,Seco e limpo,Dois sentidos,Bom tempo,Fora da intersecção,Dentro das localidades,Em pleno dia,Em patamar,Recta,Em plena via,Colisão,SEGUNDA-FEIRA,0,2,75,2010-05-23,7,ligeiro,Sim,Nao,Sim,1260.3,1,5,75,4960
52033,2011519180,Braga,41.529751,-8.64413,EN103-1,2.0,1,0,0,1.0,50,Sem berma ou impraticável,Húmido,Sentido único,Chuva,Em rotunda,Dentro das localidades,Em pleno dia,Em patamar,Curva,Em plena via,Colisão,TERÇA-FEIRA  ,0,2,75,2011-01-07,14,ligeiro,Sim,Sim,Nao,1260.3,1,5,75,4960
52034,2011567602,Braga,41.525822999999995,-8.634580999999999,EN103,19.77,1,0,0,1.0,50,Berma pavimentada,Seco e limpo,Dois sentidos,Bom tempo,Fora da intersecção,Dentro das localidades,Em pleno dia,Em patamar,Recta,Em plena via,Colisão,SÁBADO       ,0,3,75,2011-09-23,16,ligeiro,Sim,Nao,Sim,1260.3,1,5,75,4960
52035,2011573822,Braga,41.527494,-8.647458,EN103-1,2.38,1,0,0,1.0,50,Berma pavimentada,Seco e limpo,Dois sentidos,Bom tempo,Em cruzamento,Dentro das localidades,"Noite, com iluminação",Em patamar,Recta,Em plena via,Colisão,TERÇA-FEIRA  ,0,2,75,2011-10-01,21,ligeiro,Nao,Nao,Sim,1260.3,1,5,75,4960
52036,2010464606,Braga,41.524504,-8.633357,EN103,19.95,1,0,0,1.0,50,Berma pavimentada,Molhado,Dois sentidos,Chuva,Fora da intersecção,Dentro das localidades,Em pleno dia,Com inclinação,Recta,Na berma,Despiste,TERÇA-FEIRA  ,0,1,75,2010-05-29,8,ligeiro,Sim,Sim,Nao,1260.3,1,5,75,4960
52037,2012591647,Braga,41.526666,-8.635461,EN103,19.65,1,0,0,1.0,90,Berma pavimentada,Seco e limpo,Dois sentidos,Bom tempo,Fora da intersecção,Dentro das localidades,Em pleno dia,Em patamar,Recta,Na berma,Colisão,SEGUNDA-FEIRA,0,2,75,2011-12-24,13,ligeiro,Sim,Nao,Sim,1260.3,1,5,75,4960
52038,2007300587,Braga,41.524875,-8.633688000000001,EN103,19.9,1,0,0,1.0,50,Berma pavimentada,Seco e limpo,Dois sentidos,Bom tempo,Fora da intersecção,Dentro das localidades,"Noite, com iluminação",Em patamar,Recta,Em plena via,Despiste,SEGUNDA-FEIRA,1,1,75,2007-11-01,19,ligeiro,Nao,Nao,Sim,1260.3,1,5,75,4960
52039,2012645481,Braga,41.530035,-8.639336,EN103,19.15,3,0,0,1.0,50,Berma pavimentada,Seco e limpo,Sentido único,Bom tempo,Fora da intersecção,Dentro das localidades,Em pleno dia,Em patamar,Curva,Em plena via,Colisão,SÁBADO       ,0,2,75,2012-09-16,19,ligeiro,Sim,Nao,Sim,1260.3,1,5,75,4960
52040,2011516139,Braga,41.530693,-8.639697,EN103,19.07,1,1,0,1.0,50,Berma não pavimentada,Seco e limpo,Sentido único,Bom tempo,Em entroncamento,Dentro das localidades,Em pleno dia,Em patamar,Curva,Na berma,Colisão,QUARTA-FEIRA ,0,2,75,2011-01-30,11,ligeiro,Sim,Nao,Sim,1260.3,1,5,75,4960
52041,2008336762,Braga,41.528325,-8.637449,EN103,19.4,1,1,0,1.0,50,Berma pavimentada,Seco e limpo,Dois sentidos,Bom tempo,Fora da intersecção,Dentro das localidades,Em pleno dia,Em patamar,Recta,Em plena via,Colisão,SEGUNDA-FEIRA,0,2,75,2008-08-01,16,ligeiro,Sim,Nao,Sim,1260.3,1,5,75,4960
52042,2007278019,Braga,41.527673,-8.636635,EN103,19.5,1,0,0,1.0,90,Berma pavimentada,Seco e limpo,Dois sentidos,Bom tempo,Fora da intersecção,Fora das localidades,Em pleno dia,Em patamar,Recta,Em plena via,Colisão,SEXTA-FEIRA  ,0,2,75,2007-03-10,10,ligeiro,Sim,Nao,Sim,1260.3,1,5,75,4960
52043,2013671638,Braga,41.528017,-8.646821000000001,EN103-1,2.3,1,0,0,1.0,50,Berma não pavimentada,Húmido,Dois sentidos,Bom tempo,Fora da intersecção,Dentro das localidades,"Noite, sem iluminação",Com inclinação,Curva,Em plena via,Colisão,QUARTA-FEIRA ,1,2,75,2012-12-08,2,ligeiro,Nao,Nao,Nao,1260.3,1,5,75,4960
52044,2012644042,Braga,41.527012,-8.635836999999999,EN103,19.6,0,0,1,1.0,80,Berma pavimentada,Seco e limpo,Dois sentidos,Bom tempo,Fora da intersecção,Fora das localidades,Em pleno dia,Em patamar,Recta,Em plena via,Colisão,SEGUNDA-FEIRA,0,2,75,2012-09-01,11,ligeiro,Sim,Nao,Sim,1260.3,1,5,75,4960
52045,2009349491,Braga,41.528017,-8.646821000000001,EN103-1,2.3,1,0,0,1.0,50,Berma pavimentada,Molhado,Dois sentidos,Chuva,Fora da intersecção,Dentro das localidades,"Noite, com iluminação",Em patamar,Recta,Em plena via,Atropelamento,SEGUNDA-FEIRA,0,1,75,2008-11-28,19,ligeiro,Nao,Sim,Nao,1260.3,1,5,75,4960
52046,2008331584,Braga,41.526669,-8.648353,EN103-1,2.5,1,0,0,1.0,50,Berma não pavimentada,Seco e limpo,Dois sentidos,Bom tempo,Em cruzamento,Dentro das localidades,Em pleno dia,Em patamar,Recta,Em plena via,Colisão,QUARTA-FEIRA ,0,2,75,2008-06-01,13,ligeiro,Sim,Nao,Sim,1260.3,1,5,75,4960
52047,2010452581,Braga,41.530846999999994,-8.641562,EN103-1,1.75,2,0,0,1.0,90,Sem berma ou impraticável,Húmido,Dois sentidos,Chuva,Fora da intersecção,Fora das localidades,Em pleno dia,Em patamar,Curva,Em plena via,Colisão,SÁBADO       ,0,2,75,2010-03-03,8,ligeiro,Sim,Sim,Nao,1260.3,1,5,75,4960
52048,2008321996,Braga,41.442058,-8.399738000000001,ER206,33.5,1,0,0,1.0,50,Sem berma ou impraticável,Molhado,Dois sentidos,Chuva,Em cruzamento,Dentro das localidades,Em pleno dia,Em patamar,Recta,Em plena via,Colisão,SÁBADO       ,0,2,72,2008-03-10,13,ligeiro,Sim,Sim,Nao,399.1,1,5,72,4817
52049,2008338441,Braga,41.442063,-8.399657000000001,ER206,33.51,1,0,0,1.0,50,Berma pavimentada,Seco e limpo,Dois sentidos,Bom tempo,Fora da intersecção,Dentro das localidades,Em pleno dia,Em patamar,Recta,Em plena via,Colisão,DOMINGO      ,0,2,72,2008-08-23,13,ligeiro,Sim,Nao,Sim,399.1,1,5,72,4817
52050,2008329031,Braga,41.555816,-8.564698,ER205,28.75,2,0,0,1.0,50,Berma pavimentada,Seco e limpo,Dois sentidos,Bom tempo,Em entroncamento,Dentro das localidades,Em pleno dia,Em patamar,Recta,Em plena via,Colisão,TERÇA-FEIRA  ,0,2,72,2008-05-03,19,ligeiro,Sim,Nao,Sim,399.1,1,5,72,4817
52051,2009367466,Braga,41.556281,-8.563024,ER205,28.9,1,0,0,1.0,50,Berma não pavimentada,Seco e limpo,Dois sentidos,Bom tempo,Em cruzamento,Dentro das localidades,Em pleno dia,Em patamar,Recta,Em plena via,Atropelamento,QUINTA-FEIRA ,0,1,72,2009-03-02,17,ligeiro,Sim,Nao,Sim,399.1,1,5,72,4817
52052,2009394637,Braga,41.557928000000004,-8.555530000000001,ER205,29.6,1,0,0,1.0,50,Berma pavimentada,Seco e limpo,Dois sentidos,Bom tempo,Fora da intersecção,Dentro das localidades,Em pleno dia,Em patamar,Recta,Em plena via,Colisão,DOMINGO      ,0,2,72,2009-07-13,20,ligeiro,Sim,Nao,Sim,399.1,1,5,72,4817
52053,2010423408,Braga,41.555352,-8.566371,ER205,28.6,3,0,0,1.0,50,Berma pavimentada,Húmido,Dois sentidos,Chuva,Fora da intersecção,Dentro das localidades,"Noite, com iluminação",Em patamar,Recta,Em plena via,Colisão,QUINTA-FEIRA ,0,2,72,2009-10-04,0,ligeiro,Nao,Sim,Nao,399.1,1,5,72,4817
52054,2010491488,Braga,41.555662,-8.565256,ER205,28.7,1,0,0,1.0,50,Berma pavimentada,Seco e limpo,Dois sentidos,Bom tempo,Fora da intersecção,Dentro das localidades,Em pleno dia,Em patamar,Recta,Em plena via,Colisão,QUINTA-FEIRA ,0,2,72,2010-08-02,10,ligeiro,Sim,Nao,Sim,399.1,1,5,72,4817
52055,2011513874,Braga,41.555236,-8.566882000000001,ER205,28.56,1,0,0,2.0,50,Berma pavimentada,Seco e limpo,Dois sentidos,Bom tempo,Em entroncamento,Dentro das localidades,Em pleno dia,Em patamar,Curva,Em plena via,Colisão,SÁBADO       ,0,2,72,2010-12-18,12,ligeiro,Sim,Nao,Sim,399.1,1,5,72,4817
52056,2012612575,Braga,41.555226,-8.566939999999999,ER205,28.55,1,0,0,1.0,50,Berma não pavimentada,Molhado,Dois sentidos,Chuva,Em entroncamento,Dentro das localidades,Em pleno dia,Em patamar,Curva,Em plena via,Colisão,QUINTA-FEIRA ,1,2,72,2012-04-25,11,ligeiro,Sim,Sim,Nao,399.1,1,5,72,4817
52057,2013662890,Braga,41.442081,-8.399155,ER206,33.55,0,1,0,1.0,50,Berma pavimentada,Seco e limpo,Dois sentidos,Bom tempo,Em cruzamento,Dentro das localidades,"Noite, com iluminação",Com inclinação,Curva,Em plena via,Colisão,SEXTA-FEIRA  ,0,2,72,2012-11-28,17,ligeiro,Nao,Nao,Sim,399.1,1,5,72,4817
52058,2009373790,Braga,41.556219,-8.563248,ER205,28.88,2,0,0,1.0,50,Berma pavimentada,Seco e limpo,Dois sentidos,Bom tempo,Fora da intersecção,Dentro das localidades,Em pleno dia,Em patamar,Recta,Em plena via,Colisão,SEGUNDA-FEIRA,1,2,72,2009-04-25,16,ligeiro,Sim,Nao,Sim,399.1,1,5,72,4817
52059,2009357507,Braga,41.556281,-8.563024,ER205,28.9,1,0,0,1.0,50,Berma não pavimentada,Molhado,Dois sentidos,Chuva,Fora da intersecção,Dentro das localidades,"Noite, com iluminação",Com inclinação,Recta,Em plena via,Atropelamento,QUINTA-FEIRA ,0,1,72,2009-01-27,18,ligeiro,Nao,Sim,Nao,399.1,1,5,72,4817
52060,2013657015,Braga,41.556917999999996,-8.56148,ER205,29.05,1,0,0,1.0,50,Berma pavimentada,Seco e limpo,Dois sentidos,Bom tempo,Em entroncamento,Dentro das localidades,Em pleno dia,Em patamar,Recta,Em plena via,Colisão,QUINTA-FEIRA ,0,2,72,2012-10-02,16,ligeiro,Sim,Nao,Sim,399.1,1,5,72,4817
52061,2012631580,Braga,41.557719,-8.556678,ER205,29.5,1,0,0,1.0,50,Berma pavimentada,Seco e limpo,Dois sentidos,Bom tempo,Fora da intersecção,Dentro das localidades,Em pleno dia,Em patamar,Curva,Em plena via,Colisão,SEGUNDA-FEIRA,0,2,72,2012-07-23,14,ligeiro,Sim,Nao,Sim,399.1,1,5,72,4817
52062,2012600495,Braga,41.556805,-8.561663000000001,ER205,29.03,1,0,0,1.0,50,Sem berma ou impraticável,Seco e limpo,Dois sentidos,Bom tempo,Em entroncamento,Dentro das localidades,Aurora ou crepúsculo,Em patamar,Recta,Em plena via,Colisão,DOMINGO      ,0,2,72,2012-02-08,20,ligeiro,Nao,Nao,Sim,399.1,1,5,72,4817
52063,2010482447,Braga,41.556638,-8.561939,ER205,29.0,1,1,0,1.0,50,Sem berma ou impraticável,Seco e limpo,Dois sentidos,Bom tempo,Em entroncamento,Dentro das localidades,Em pleno dia,Em patamar,Curva,Em plena via,Colisão,TERÇA-FEIRA  ,0,2,72,2010-08-17,13,ligeiro,Sim,Nao,Sim,399.1,1,5,72,4817
52064,2008301672,Braga,41.559718,-8.55327,ER205,29.89,0,4,0,1.0,50,Sem berma ou impraticável,Seco e limpo,Dois sentidos,Bom tempo,Fora da intersecção,Dentro das localidades,Em pleno dia,Em patamar,Recta,Em plena via,Colisão,SÁBADO       ,0,2,72,2007-11-16,13,ligeiro,Sim,Nao,Sim,399.1,1,5,72,4817
52065,2011527217,Braga,41.555971,-8.56414,ER205,28.8,1,0,0,1.0,50,Berma pavimentada,Húmido,Dois sentidos,Chuva,Fora da intersecção,Dentro das localidades,"Noite, com iluminação",Em patamar,Recta,Em plena via,Colisão,TERÇA-FEIRA  ,0,2,72,2011-03-27,2,ligeiro,Nao,Sim,Nao,399.1,1,5,72,4817
52066,2012628855,Braga,41.555971,-8.56414,ER205,28.8,2,0,0,1.0,50,Berma pavimentada,Seco e limpo,Dois sentidos,Bom tempo,Fora da intersecção,Dentro das localidades,Em pleno dia,Em patamar,Recta,Em plena via,Colisão,SEXTA-FEIRA  ,0,2,72,2012-06-16,18,ligeiro,Sim,Nao,Sim,399.1,1,5,72,4817
52067,2012618178,Braga,41.556297,-8.562969,ER205,28.91,2,0,0,1.0,50,Berma pavimentada,Seco e limpo,Dois sentidos,Bom tempo,Fora da intersecção,Dentro das localidades,Em pleno dia,Em patamar,Recta,Em plena via,Atropelamento,QUARTA-FEIRA ,0,1,72,2012-05-23,17,ligeiro,Sim,Nao,Sim,399.1,1,5,72,4817