,COD_ACIDENTE,DISTRITO,LATITUDE,LONGITUDE,VIA,KM,QT_FLIGEIROS,QT_FGRAVES,QT_MORTOS,QT_VIAS_SENTIDO,VEL_LIM_LOCAL,BERMA_VIA,CONDICAO_ADERENCIA,FAIXA_RODAGEM,FATOR_ATMOSFERICO,INTERSECAO_VIA,LOCALIZACAO,LUMINOSIDADE,PERFIL_VIA,PLANTA_VIA,SITUACAO_ACIDENTE,TIPO_NATUREZA,DIA_SEMANA,FLAG_FERIADO,QT_VEICULOS,COD_FREGUESIA,DATA,HORA,GRAVIDADE,ERA_DIA,MAU_TEMPO,ESTRADA_SECA,DENSIDADE_TOTAL,COD_DISTRITO_INE,COD_CONCELHO_INE,COD_FREGUESIA_INE,TOTAL
52068,2011524876,Braga,41.555662,-8.565256,ER205,28.7,1,0,0,1.0,50,Berma pavimentada,Molhado,Sentido único,Chuva,Fora da intersecção,Dentro das localidades,Aurora ou crepúsculo,Em patamar,Recta,Em plena via,Colisão,SÁBADO       ,0,4,72,2011-02-08,17,ligeiro,Nao,Sim,Nao,399.1,1,5,72,4817
52069,2009373289,Braga,41.555507,-8.565814,ER205,28.65,3,0,0,1.0,50,Berma pavimentada,Seco e limpo,Dois sentidos,Bom tempo,Fora da intersecção,Dentro das localidades,Em pleno dia,Em patamar,Recta,Em plena via,Colisão,QUINTA-FEIRA ,0,2,72,2009-04-05,9,ligeiro,Sim,Nao,Sim,399.1,1,5,72,4817
52070,2010452706,Braga,41.556281,-8.563024,ER205,28.9,1,0,0,1.0,50,Berma pavimentada,Seco e limpo,Dois sentidos,Bom tempo,Fora da intersecção,Dentro das localidades,Em pleno dia,Em patamar,Recta,Em plena via,Colisão,QUARTA-FEIRA ,0,3,72,2010-03-23,8,ligeiro,Sim,Nao,Sim,399.1,1,5,72,4817
52071,2008332063,Braga,41.520821000000005,-8.604957,EN103,23.1,2,0,0,1.0,50,Berma pavimentada,Seco e limpo,Sentido único,Bom tempo,Em entroncamento,Dentro das localidades,Em pleno dia,Com inclinação,Curva,Em plena via,Colisão,TERÇA-FEIRA  ,0,2,65,2008-06-06,16,ligeiro,Sim,Nao,Sim,205.7,1,5,65,7354
52072,2008330098,Braga,41.521388,-8.603595,EN103,23.23,1,0,0,1.0,50,Berma pavimentada,Seco e limpo,Sentido único,Bom tempo,Em entroncamento,Dentro das localidades,Em pleno dia,Com inclinação,Curva,Em plena via,Colisão,TERÇA-FEIRA  ,0,2,65,2008-06-23,13,ligeiro,Sim,Nao,Sim,205.7,1,5,65,7354
52073,2008344025,Braga,41.522768,-8.598132000000001,EN103,23.72,1,0,0,1.0,50,Berma pavimentada,Seco e limpo,Dois sentidos,Bom tempo,Fora da intersecção,Dentro das localidades,Em pleno dia,Em patamar,Recta,Em plena via,Colisão,DOMINGO      ,0,3,65,2008-10-13,13,ligeiro,Sim,Nao,Sim,205.7,1,5,65,7354
52074,2009399648,Braga,41.526869,-8.581415,A11,15.3,1,0,0,2.0,120,Berma pavimentada,Com água acumulada na faixa de rodagem,Sentido único,Chuva,Fora da intersecção,Fora das localidades,Em pleno dia,Em patamar,Recta,Em plena via,Despiste,QUINTA-FEIRA ,0,1,65,2009-07-22,19,ligeiro,Sim,Sim,Nao,205.7,1,5,65,7354
52075,2009394634,Braga,41.522428999999995,-8.600676,EN103,23.5,2,0,0,1.0,50,Berma pavimentada,Seco e limpo,Dois sentidos,Bom tempo,Fora da intersecção,Dentro das localidades,Em pleno dia,Em patamar,Curva,No passeio,Despiste,TERÇA-FEIRA  ,0,1,65,2009-07-09,8,ligeiro,Sim,Nao,Sim,205.7,1,5,65,7354
52076,2010456957,Braga,41.522886,-8.597138000000001,EN103,23.8,3,0,0,2.0,50,Berma pavimentada,Seco e limpo,Dois sentidos,Bom tempo,Fora da intersecção,Dentro das localidades,Em pleno dia,Em patamar,Recta,Em plena via,Colisão,SEGUNDA-FEIRA,0,2,65,2010-04-30,8,ligeiro,Sim,Nao,Sim,205.7,1,5,65,7354
52077,2010477719,Braga,41.522746999999995,-8.598321,EN103,23.7,3,0,0,1.0,50,Berma pavimentada,Seco e limpo,Dois sentidos,Bom tempo,Fora da intersecção,Dentro das localidades,Em pleno dia,Em patamar,Recta,Em plena via,Colisão,TERÇA-FEIRA  ,0,2,65,2010-07-14,9,ligeiro,Sim,Nao,Sim,205.7,1,5,65,7354
52078,2010486070,Braga,41.521675,-8.602849,EN103,23.3,1,0,0,1.0,50,Berma pavimentada,Seco e limpo,Dois sentidos,Bom tempo,Fora da intersecção,Dentro das localidades,Em pleno dia,Em patamar,Curva,Em plena via,Despiste,SÁBADO       ,0,1,65,2010-08-26,15,ligeiro,Sim,Nao,Sim,205.7,1,5,65,7354
52079,2011500356,Braga,41.522267,-8.601234,EN103,23.45,1,0,0,1.0,90,Sem berma ou impraticável,Seco e limpo,Dois sentidos,Bom tempo,Fora da intersecção,Fora das localidades,"Noite, sem iluminação",Com inclinação,Recta,Em plena via,Colisão,SEXTA-FEIRA  ,0,2,65,2010-10-21,20,ligeiro,Nao,Nao,Sim,205.7,1,5,65,7354
52080,2011519177,Braga,41.522886,-8.597138000000001,EN103,23.8,1,0,0,1.0,50,Sem berma ou impraticável,Molhado,Dois sentidos,Chuva,Fora da intersecção,Dentro das localidades,Em pleno dia,Em patamar,Recta,Em plena via,Colisão,SEXTA-FEIRA  ,0,3,65,2011-01-04,11,ligeiro,Sim,Sim,Nao,205.7,1,5,65,7354
52081,2011555081,Braga,41.520821000000005,-8.604957,EN103,23.1,1,0,0,1.0,50,Berma pavimentada,Molhado,Dois sentidos,Chuva,Fora da intersecção,Dentro das localidades,Em pleno dia,Com inclinação,Curva,Em plena via,Colisão,QUARTA-FEIRA ,0,2,65,2011-07-08,13,ligeiro,Sim,Sim,Nao,205.7,1,5,65,7354
52082,2012583102,Braga,41.522815,-8.597729,EN103,23.75,4,0,0,1.0,90,Berma pavimentada,Seco e limpo,Dois sentidos,Bom tempo,Fora da intersecção,Fora das localidades,Em pleno dia,Em patamar,Recta,Em plena via,Colisão,SÁBADO       ,0,2,65,2011-11-19,10,ligeiro,Sim,Nao,Sim,205.7,1,5,65,7354
52083,2012608624,Braga,41.520821000000005,-8.604957,EN103,23.1,1,0,0,1.0,50,Berma pavimentada,Seco e limpo,Dois sentidos,Bom tempo,Fora da intersecção,Dentro das localidades,Em pleno dia,Com inclinação,Curva,Em plena via,Despiste,QUARTA-FEIRA ,0,1,65,2012-03-10,15,ligeiro,Sim,Nao,Sim,205.7,1,5,65,7354
52084,2012636974,Braga,41.522746999999995,-8.598321,EN103,23.7,2,0,0,1.0,50,Berma pavimentada,Molhado,Dois sentidos,Chuva,Fora da intersecção,Dentro das localidades,Em pleno dia,Em patamar,Recta,Em plena via,Colisão,DOMINGO      ,0,2,65,2012-08-14,15,ligeiro,Sim,Sim,Nao,205.7,1,5,65,7354
52085,2010486977,Braga,41.522886,-8.597138000000001,EN103,23.8,2,0,0,1.0,50,Berma pavimentada,Seco e limpo,Dois sentidos,Bom tempo,Fora da intersecção,Dentro das localidades,Em pleno dia,Em patamar,Recta,Em plena via,Colisão,TERÇA-FEIRA  ,0,2,65,2010-08-06,17,ligeiro,Sim,Nao,Sim,205.7,1,5,65,7354
52086,2012637164,Braga,41.522746999999995,-8.598321,EN103,23.7,4,0,0,1.0,50,Berma pavimentada,Seco e limpo,Dois sentidos,Bom tempo,Fora da intersecção,Dentro das localidades,Em pleno dia,Em patamar,Recta,Em plena via,Colisão,SEXTA-FEIRA  ,0,2,65,2012-08-01,9,ligeiro,Sim,Nao,Sim,205.7,1,5,65,7354
52087,2010491481,Braga,41.522428999999995,-8.600676,EN103,23.5,1,0,0,1.0,50,Berma pavimentada,Seco e limpo,Dois sentidos,Bom tempo,Fora da intersecção,Dentro das localidades,Em pleno dia,Em patamar,Recta,Em plena via,Despiste,SEGUNDA-FEIRA,0,1,65,2010-09-14,17,ligeiro,Sim,Nao,Sim,205.7,1,5,65,7354
52088,2009400496,Braga,41.521873,-8.602311,EN103,23.35,1,0,0,1.0,50,Berma pavimentada,Seco e limpo,Dois sentidos,Bom tempo,Em via de aceleração,Dentro das localidades,Em pleno dia,Com inclinação,Recta,Em plena via,Colisão,SEGUNDA-FEIRA,0,1,65,2009-07-31,17,ligeiro,Sim,Nao,Sim,205.7,1,5,65,7354
52089,2010479422,Braga,41.522746999999995,-8.598321,EN103,23.7,2,0,0,2.0,50,Berma pavimentada,Seco e limpo,Dois sentidos,Bom tempo,Fora da intersecção,Dentro das localidades,Em pleno dia,Em patamar,Recta,Em plena via,Colisão,DOMINGO      ,0,2,65,2010-07-29,17,ligeiro,Sim,Nao,Sim,205.7,1,5,65,7354
52090,2008348407,Braga,41.521174,-8.604122,EN103,23.18,1,0,0,1.0,50,Berma pavimentada,Molhado,Dois sentidos,Nevoeiro,Fora da intersecção,Dentro das localidades,Aurora ou crepúsculo,Com inclinação,Curva,Em plena via,Despiste,TERÇA-FEIRA  ,0,1,65,2008-11-07,6,ligeiro,Nao,Sim,Nao,205.7,1,5,65,7354
52091,2009360837,Braga,41.522071000000004,-8.601772,EN103,23.4,1,0,0,1.0,50,Berma pavimentada,Seco e limpo,Sentido único,Bom tempo,Em ramo de ligação - saída,Dentro das localidades,Em pleno dia,Com inclinação,Recta,Em plena via,Colisão,SEXTA-FEIRA  ,0,2,65,2009-02-20,14,ligeiro,Sim,Nao,Sim,205.7,1,5,65,7354
52092,2008304484,Braga,41.5247,-8.586661,A11,14.8,1,0,0,2.0,120,Berma pavimentada,Seco e limpo,Sentido único,Bom tempo,Fora da intersecção,Fora das localidades,Em pleno dia,Com inclinação,Curva,Em plena via,Despiste,DOMINGO      ,0,1,65,2007-12-04,15,ligeiro,Sim,Nao,Sim,205.7,1,5,65,7354
52093,2013656220,Braga,41.522886,-8.597138000000001,EN103,23.8,1,0,0,1.0,50,Berma pavimentada,Seco e limpo,Dois sentidos,Bom tempo,Fora da intersecção,Dentro das localidades,Em pleno dia,Em patamar,Recta,Em plena via,Colisão,QUARTA-FEIRA ,0,2,65,2012-10-18,18,ligeiro,Sim,Nao,Sim,205.7,1,5,65,7354
52094,2010424118,Braga,41.52292,-8.596548,EN103,23.85,3,0,0,1.0,50,Berma pavimentada,Seco e limpo,Dois sentidos,Bom tempo,Fora da intersecção,Dentro das localidades,Em pleno dia,Em patamar,Recta,Em plena via,Colisão,SEGUNDA-FEIRA,0,3,65,2009-10-13,16,ligeiro,Sim,Nao,Sim,205.7,1,5,65,7354
52095,2010468623,Braga,41.522886,-8.597138000000001,EN103,23.8,1,0,0,1.0,50,Berma pavimentada,Seco e limpo,Dois sentidos,Bom tempo,Fora da intersecção,Dentro das localidades,Em pleno dia,Em patamar,Recta,Em plena via,Colisão,SEGUNDA-FEIRA,0,4,65,2010-06-15,12,ligeiro,Sim,Nao,Sim,205.7,1,5,65,7354
52096,2010452632,Braga,41.522071000000004,-8.601772,EN103,23.4,2,0,0,1.0,60,Berma pavimentada,Seco e limpo,Sentido único,Bom tempo,Fora da intersecção,Fora das localidades,Em pleno dia,Com inclinação,Recta,Em plena via,Colisão,SEGUNDA-FEIRA,0,3,65,2010-03-21,16,ligeiro,Sim,Nao,Sim,205.7,1,5,65,7354
52097,2009389618,Braga,41.52418,-8.590187,A11,14.5,1,0,0,2.0,120,Berma pavimentada,Húmido,Sentido único,Chuva,Fora da intersecção,Fora das localidades,Em pleno dia,Com inclinação,Curva,Em plena via,Despiste,SÁBADO       ,0,1,65,2009-06-25,8,ligeiro,Sim,Sim,Nao,205.7,1,5,65,7354
52098,2012579193,Braga,41.525997,-8.583491,A11,15.1,1,0,0,2.0,120,Berma pavimentada,Molhado,Sentido único,Chuva,Fora da intersecção,Fora das localidades,Em pleno dia,Com inclinação,Recta,Na berma,Despiste,SEGUNDA-FEIRA,0,1,65,2011-11-15,15,ligeiro,Sim,Sim,Nao,205.7,1,5,65,7354
52099,2009416784,Braga,41.522746999999995,-8.598321,EN103,23.7,2,0,0,1.0,50,Berma pavimentada,Seco e limpo,Dois sentidos,Bom tempo,Em cruzamento,Dentro das localidades,Em pleno dia,Em patamar,Curva,Em plena via,Colisão,QUARTA-FEIRA ,0,2,65,2009-09-22,10,ligeiro,Sim,Nao,Sim,205.7,1,5,65,7354
52100,2008333838,Braga,41.533768,-8.720353999999999,EN103-1,9.0,1,0,0,1.0,50,Sem berma ou impraticável,Seco e limpo,Dois sentidos,Bom tempo,Fora da intersecção,Dentro das localidades,Em pleno dia,Com inclinação,Curva,Em plena via,Colisão,QUINTA-FEIRA ,0,2,86,2008-07-17,10,ligeiro,Sim,Nao,Sim,511.1,1,6,86,2784
52101,2009351514,Braga,41.533996,-8.722708,EN103-1,9.2,1,0,0,1.0,50,Berma não pavimentada,Húmido,Dois sentidos,Nevoeiro,Fora da intersecção,Dentro das localidades,"Noite, sem iluminação",Em patamar,Recta,Em plena via,Atropelamento,QUARTA-FEIRA ,0,1,86,2008-12-28,4,ligeiro,Nao,Sim,Nao,511.1,1,6,86,2784
52102,2011519181,Braga,41.532488,-8.714951,EN103-1,8.5,1,0,0,1.0,50,Sem berma ou impraticável,Húmido,Dois sentidos,Chuva,Em entroncamento,Dentro das localidades,"Noite, com iluminação",Em patamar,Recta,Em plena via,Colisão,TERÇA-FEIRA  ,0,2,86,2011-01-07,20,ligeiro,Nao,Sim,Nao,511.1,1,6,86,2784
52103,2011567606,Braga,41.532485,-8.715069999999999,EN103-1,8.51,1,0,0,1.0,50,Berma não pavimentada,Seco e limpo,Dois sentidos,Bom tempo,Fora da intersecção,Dentro das localidades,Em pleno dia,Em patamar,Recta,Em plena via,Despiste,DOMINGO      ,0,1,86,2011-09-29,9,ligeiro,Sim,Nao,Sim,511.1,1,6,86,2784
52104,2009394657,Braga,41.530424,-8.732044,EN103-1,10.1,1,0,0,1.0,50,Berma pavimentada,Seco e limpo,Dois sentidos,Bom tempo,Em entroncamento,Dentro das localidades,Em pleno dia,Em patamar,Recta,Em plena via,Colisão,QUARTA-FEIRA ,0,2,86,2009-07-10,7,ligeiro,Sim,Nao,Sim,511.1,1,6,86,2784
52105,2011512190,Braga,41.532443,-8.725226,EN103-1,9.5,1,0,0,1.0,50,Berma pavimentada,Seco e limpo,Dois sentidos,Bom tempo,Fora da intersecção,Dentro das localidades,"Noite, com iluminação",Em patamar,Curva,Em plena via,Colisão,SEGUNDA-FEIRA,0,3,86,2010-12-31,18,ligeiro,Nao,Nao,Sim,511.1,1,6,86,2784
52106,2011547933,Braga,41.532425,-8.716744,EN103-1,8.65,1,0,0,1.0,50,Berma pavimentada,Seco e limpo,Dois sentidos,Bom tempo,Fora da intersecção,Dentro das localidades,"Noite, sem iluminação",Com inclinação,Curva,Na berma,Despiste,SEGUNDA-FEIRA,0,1,86,2011-06-08,23,ligeiro,Nao,Nao,Sim,511.1,1,6,86,2784
52107,2013656971,Braga,41.530424,-8.732044,EN103-1,10.1,1,0,0,1.0,50,Berma pavimentada,Seco e limpo,Dois sentidos,Bom tempo,Fora da intersecção,Dentro das localidades,Em pleno dia,Com inclinação,Recta,Em plena via,Colisão,DOMINGO      ,0,2,86,2012-10-10,18,ligeiro,Sim,Nao,Sim,511.1,1,6,86,2784
52108,2009373732,Braga,41.533768,-8.720353999999999,EN103-1,9.0,1,0,0,1.0,50,Sem berma ou impraticável,Húmido,Dois sentidos,Bom tempo,Fora da intersecção,Fora das localidades,"Noite, sem iluminação",Com inclinação,Recta,Em plena via,Despiste,QUINTA-FEIRA ,0,1,86,2009-04-11,1,ligeiro,Nao,Nao,Nao,511.1,1,6,86,2784
52109,2009373454,Braga,41.533768,-8.720353999999999,EN103-1,9.0,1,0,0,1.0,50,Sem berma ou impraticável,Seco e limpo,Dois sentidos,Bom tempo,Fora da intersecção,Dentro das localidades,"Noite, sem iluminação",Com inclinação,Curva,Em plena via,Colisão,SÁBADO       ,0,2,86,2009-04-18,21,ligeiro,Nao,Nao,Sim,511.1,1,6,86,2784
52110,2010491515,Braga,41.531117,-8.728455,EN103-1,9.8,1,0,0,1.0,50,Sem berma ou impraticável,Seco e limpo,Dois sentidos,Bom tempo,Fora da intersecção,Dentro das localidades,Em pleno dia,Em patamar,Recta,Na berma,Despiste,QUINTA-FEIRA ,0,1,86,2010-09-11,16,ligeiro,Sim,Nao,Sim,511.1,1,6,86,2784
52111,2010477714,Braga,41.533889,-8.72153,EN103-1,9.1,1,0,0,1.0,50,Berma pavimentada,Seco e limpo,Dois sentidos,Bom tempo,Fora da intersecção,Dentro das localidades,"Noite, sem iluminação",Em patamar,Recta,Em plena via,Colisão,QUINTA-FEIRA ,0,2,86,2010-07-10,22,ligeiro,Nao,Nao,Sim,511.1,1,6,86,2784
52112,2009383209,Braga,41.533471999999996,-8.719235000000001,EN103-1,8.9,1,0,0,1.0,50,Berma pavimentada,Húmido,Dois sentidos,Bom tempo,Fora da intersecção,Dentro das localidades,Em pleno dia,Com inclinação,Curva,Em plena via,Despiste,DOMINGO      ,0,1,86,2009-05-17,13,ligeiro,Sim,Nao,Nao,511.1,1,6,86,2784
52113,2011500390,Braga,41.531811,-8.726149000000001,EN103-1,9.6,1,0,0,1.0,50,Berma pavimentada,Seco e limpo,Dois sentidos,Bom tempo,Em entroncamento,Dentro das localidades,Em pleno dia,Em patamar,Recta,Em plena via,Colisão,DOMINGO      ,0,3,86,2010-10-17,15,ligeiro,Sim,Nao,Sim,511.1,1,6,86,2784
52114,2010477718,Braga,41.533889,-8.72153,EN103-1,9.1,1,0,0,1.0,50,Berma pavimentada,Seco e limpo,Dois sentidos,Bom tempo,Fora da intersecção,Dentro das localidades,Em pleno dia,Em patamar,Recta,Em plena via,Colisão,SEGUNDA-FEIRA,0,2,86,2010-07-13,13,ligeiro,Sim,Nao,Sim,511.1,1,6,86,2784
52115,2009390939,Braga,41.533996,-8.722708,EN103-1,9.2,1,0,0,1.0,50,Sem berma ou impraticável,Molhado,Dois sentidos,Chuva,Fora da intersecção,Dentro das localidades,"Noite, sem iluminação",Com inclinação,Recta,Em plena via,Despiste,SÁBADO       ,0,1,86,2009-06-25,0,ligeiro,Nao,Sim,Nao,511.1,1,6,86,2784
52116,2008304775,Braga,41.533297,-8.718975,EN103-1,8.87,1,0,0,1.0,80,Berma pavimentada,Molhado,Dois sentidos,Chuva,Fora da intersecção,Fora das localidades,Em pleno dia,Com inclinação,Recta,Em plena via,Colisão,QUARTA-FEIRA ,1,2,86,2007-12-01,13,ligeiro,Sim,Sim,Nao,511.1,1,6,86,2784
52117,2008329162,Braga,41.559348,-8.452516000000001,EN(d)205-4,12.4,1,0,0,1.0,50,Sem berma ou impraticável,Seco e limpo,Dois sentidos,Bom tempo,Fora da intersecção,Dentro das localidades,Em pleno dia,Em patamar,Recta,Em plena via,Atropelamento,QUARTA-FEIRA ,0,1,53,2008-05-20,16,ligeiro,Sim,Nao,Sim,26.9,1,4,53,382
52118,2009351799,Braga,41.420709,-8.624413,ER206,12.8,1,0,0,1.0,50,Berma pavimentada,Seco e limpo,Dois sentidos,Bom tempo,Em entroncamento,Dentro das localidades,"Noite, com iluminação",Com inclinação,Recta,Em plena via,Colisão,SEGUNDA-FEIRA,0,2,53,2008-12-10,21,ligeiro,Nao,Nao,Sim,26.9,1,4,53,382
52119,2011567898,Braga,41.421105,-8.629145,ER206,12.4,2,0,0,1.0,50,Sem berma ou impraticável,Seco e limpo,Dois sentidos,Bom tempo,Fora da intersecção,Dentro das localidades,Em pleno dia,Em patamar,Recta,Em plena via,Colisão,QUINTA-FEIRA ,0,2,53,2011-09-04,16,ligeiro,Sim,Nao,Sim,26.9,1,4,53,382
52120,2012583104,Braga,41.420709,-8.624413,ER206,12.8,1,0,0,1.0,50,Sem berma ou impraticável,Seco e limpo,Dois sentidos,Bom tempo,Fora da intersecção,Dentro das localidades,Em pleno dia,Em patamar,Recta,Em plena via,Atropelamento,QUARTA-FEIRA ,0,1,53,2011-11-22,15,ligeiro,Sim,Nao,Sim,26.9,1,4,53,382
52121,2012608692,Braga,41.420709,-8.624413,ER206,12.8,1,0,0,2.0,50,Berma pavimentada,Seco e limpo,Dois sentidos,Bom tempo,Em entroncamento,Dentro das localidades,"Noite, sem iluminação",Em patamar,Recta,Em plena via,Colisão,SÁBADO       ,0,2,53,2012-03-12,19,ligeiro,Nao,Nao,Sim,26.9,1,4,53,382
52122,2013671600,Braga,41.421490999999996,-8.618642999999999,ER206,13.3,1,0,0,1.0,50,Berma não pavimentada,Seco e limpo,Dois sentidos,Bom tempo,Fora da intersecção,Dentro das localidades,Em pleno dia,Com inclinação,Curva,Em plena via,Colisão,QUARTA-FEIRA ,1,2,53,2012-12-08,14,ligeiro,Sim,Nao,Sim,26.9,1,4,53,382
52123,2008307352,Braga,41.42074,-8.622027000000001,ER206,13.0,1,0,1,1.0,50,Sem berma ou impraticável,Húmido,Dois sentidos,Chuva,Fora da intersecção,Dentro das localidades,"Noite, com iluminação",Em patamar,Recta,Na berma,Despiste,TERÇA-FEIRA  ,0,1,53,2008-01-09,21,ligeiro,Nao,Sim,Nao,26.9,1,4,53,382
52124,2012608691,Braga,41.420449,-8.630911,ER206,12.23,2,0,0,1.0,50,Berma não pavimentada,Seco e limpo,Dois sentidos,Bom tempo,Fora da intersecção,Dentro das localidades,Em pleno dia,Em patamar,Recta,Em plena via,Colisão,SÁBADO       ,0,2,53,2012-03-12,16,ligeiro,Sim,Nao,Sim,26.9,1,4,53,382
52125,2010433729,Braga,41.559533,-8.453174,EN(d)205-4,12.46,1,0,0,1.0,50,Sem berma ou impraticável,Seco e limpo,Dois sentidos,Bom tempo,Fora da intersecção,Dentro das localidades,Em pleno dia,Com inclinação,Curva,Em plena via,Atropelamento,QUARTA-FEIRA ,0,1,53,2009-12-11,8,ligeiro,Sim,Nao,Sim,26.9,1,4,53,382
52126,2013671599,Braga,41.420395,-8.631007,ER206,12.22,1,0,0,1.0,50,Berma pavimentada,Seco e limpo,Dois sentidos,Bom tempo,Em entroncamento,Dentro das localidades,Em pleno dia,Com inclinação,Recta,Em plena via,Colisão,QUARTA-FEIRA ,1,2,53,2012-12-08,10,ligeiro,Sim,Nao,Sim,26.9,1,4,53,382
52127,2011561963,Braga,41.42074,-8.622027000000001,ER206,13.0,1,0,0,1.0,50,Sem berma ou impraticável,Seco e limpo,Dois sentidos,Bom tempo,Fora da intersecção,Dentro das localidades,Em pleno dia,Com inclinação,Recta,Em plena via,Colisão,SEGUNDA-FEIRA,0,3,53,2011-08-21,14,ligeiro,Sim,Nao,Sim,26.9,1,4,53,382
52128,2008303865,Braga,41.420709,-8.624413,ER206,12.8,1,0,0,1.0,50,Berma pavimentada,Seco e limpo,Dois sentidos,Bom tempo,Em entroncamento,Dentro das localidades,Em pleno dia,Em Lomba,Recta,Em plena via,Colisão,SÁBADO       ,0,2,53,2007-12-20,8,ligeiro,Sim,Nao,Sim,26.9,1,4,53,382
52129,2011505296,Braga,41.669399,-8.458152,EN308,32.0,1,0,0,1.0,50,Berma pavimentada,Molhado,Dois sentidos,Chuva,Fora da intersecção,Dentro das localidades,Em pleno dia,Em patamar,Recta,Na berma,Despiste,DOMINGO      ,0,1,53,2010-11-15,14,ligeiro,Sim,Sim,Nao,26.9,1,4,53,382
52130,2008301484,Braga,41.418655,-8.634053,ER206,11.9,1,0,0,1.0,50,Sem berma ou impraticável,Seco e limpo,Dois sentidos,Bom tempo,Fora da intersecção,Dentro das localidades,Em pleno dia,Com inclinação,Recta,Em plena via,Colisão,QUARTA-FEIRA ,0,2,53,2007-11-08,8,ligeiro,Sim,Nao,Sim,26.9,1,4,53,382
52131,2009351536,Braga,41.420287,-8.631197,ER206,12.2,2,0,0,1.0,50,Berma não pavimentada,Seco e limpo,Dois sentidos,Bom tempo,Em cruzamento,Fora das localidades,"Noite, com iluminação",Em patamar,Recta,Em plena via,Colisão,SEXTA-FEIRA  ,0,2,53,2008-12-24,17,ligeiro,Nao,Nao,Sim,26.9,1,4,53,382
52132,2011518975,Braga,41.559634,-8.453368,EN(d)205-4,12.48,1,0,0,1.0,50,Sem berma ou impraticável,Molhado,Dois sentidos,Chuva,Fora da intersecção,Dentro das localidades,Em pleno dia,Com inclinação,Recta,Em plena via,Colisão,SEGUNDA-FEIRA,0,2,53,2011-01-06,8,ligeiro,Sim,Sim,Nao,26.9,1,4,53,382
52133,2010423409,Braga,41.670286,-8.459987,EN308,31.8,1,0,0,2.0,50,Sem berma ou impraticável,Molhado,Dois sentidos,Chuva,Fora da intersecção,Dentro das localidades,Em pleno dia,Em patamar,Curva,Em plena via,Colisão,SÁBADO       ,0,2,53,2009-10-06,13,ligeiro,Sim,Sim,Nao,26.9,1,4,53,382
52134,2009389525,Braga,41.668245,-8.457402,EN308,32.15,1,0,0,1.0,50,Sem berma ou impraticável,Húmido,Dois sentidos,Chuva,Em entroncamento,Dentro das localidades,Em pleno dia,Em patamar,Curva,Em plena via,Colisão,TERÇA-FEIRA  ,0,2,53,2009-06-05,8,ligeiro,Sim,Sim,Nao,26.9,1,4,53,382
52135,2009418036,Braga,41.420287,-8.631197,ER206,12.2,1,0,0,1.0,50,Berma não pavimentada,Seco e limpo,Dois sentidos,Bom tempo,Em entroncamento,Dentro das localidades,Em pleno dia,Com inclinação,Recta,Em plena via,Colisão,TERÇA-FEIRA  ,0,2,53,2009-09-10,15,ligeiro,Sim,Nao,Sim,26.9,1,4,53,382
52136,2011568960,Braga,41.425886,-8.30483,EN105,44.0,0,1,0,1.0,50,Sem berma ou impraticável,Húmido,Dois sentidos,Bom tempo,Fora da intersecção,Dentro das localidades,"Noite, com iluminação",Com inclinação,Curva,Em plena via,Despiste,SÁBADO       ,0,1,71,2011-11-19,2,ligeiro,Nao,Nao,Nao,152.3,1,5,71,1924
52137,2008342573,Braga,41.422662,-8.300847000000001,EN105,43.5,1,0,0,1.0,50,Berma pavimentada,Seco e limpo,Sentido único,Bom tempo,Em rotunda,Dentro das localidades,Em pleno dia,Em patamar,Curva,Em plena via,Colisão,SÁBADO       ,0,2,71,2008-09-25,13,ligeiro,Sim,Nao,Sim,152.3,1,5,71,1924
52138,2007271423,Braga,41.421088,-8.301581,EN105,43.3,2,0,0,1.0,50,Berma pavimentada,Seco e limpo,Dois sentidos,Bom tempo,Fora da intersecção,Dentro das localidades,Em pleno dia,Em patamar,Recta,Em plena via,Colisão,SEGUNDA-FEIRA,0,3,71,2007-01-09,12,ligeiro,Sim,Nao,Sim,152.3,1,5,71,1924
52139,2007281797,Braga,41.403189000000005,-8.264066999999999,A7,45.18,1,2,0,4.0,90,Berma pavimentada,Húmido,Sentido único,Nevoeiro,Fora da intersecção,Fora das localidades,"Noite, sem iluminação",Com inclinação,Curva,Em plena via,Despiste,SÁBADO       ,0,1,64,2007-05-07,4,ligeiro,Nao,Sim,Nao,1025.7,1,5,64,9157
52140,2010446011,Braga,41.403788,-8.259828,A7,45.54,1,0,0,4.0,120,Berma pavimentada,Húmido,Sentido único,Chuva,Fora da intersecção,Fora das localidades,Em pleno dia,Com inclinação,Curva,Em plena via,Colisão,DOMINGO      ,0,2,64,2010-02-04,12,ligeiro,Sim,Sim,Nao,1025.7,1,5,64,9157
52141,2007286538,Braga,41.406288,-8.278952,A7,43.85,0,1,0,3.0,120,Berma pavimentada,Molhado,Sentido único,Chuva,Fora da intersecção,Fora das localidades,Em pleno dia,Em patamar,Recta,Em plena via,Despiste,DOMINGO      ,0,1,69,2007-06-16,19,ligeiro,Sim,Sim,Nao,1328.7,1,5,69,9099